GUID,Level,Book,GrammarPoint,CleanGrammarPoint,Connection,MeaningCN,ExplanationCN,ExampleJP,ExampleCN,SimilarGrammar,FunctionCategory,SourceBatch,SourcePageImage,SourceType,Confidence,ReviewStatus,NoiseReason,Tags
ed876bfa735cad9f,Minna,大家的日语（第二版）初级2学习辅导书3A出版社,～ さん,～ さん,接续：～ さん。按原书条目和句中词形使用。,表示「さん」这一语法形式或助词用法,用于练习「～ さん」在句中的形式和基本功能；具体语义需结合前后文判断。,この文では（さん）の使い方を確認します。,这句话用于确认“～ さん”的用法。,同类或相近表达请结合原书相似语法页复习。,形式/用法,batch_01,大家的日语（第二版）初级2学习辅导书3A出版社__part_01-22.png,body_heading,50,auto_completed,,jp_grammar Minna 大家的日语_第二版_初级2学习辅导书3A出版社 batch_01 kept_needs_explanation auto_completed
b47c6727f6bfd9ba,Minna,大家的日语（第二版）初级2学习辅导书3A出版社,～ から,～ から,普通形 + か,因为；从,可表示原因，也可表示时间或空间起点。,彼が来る（か）分かりません。,不知道他是否会来。,同类或相近表达请结合原书相似语法页复习。,原因/起点,batch_01,大家的日语（第二版）初级2学习辅导书3A出版社__part_01-23.png,body_heading,50,auto_enriched,,jp_grammar Minna 大家的日语_第二版_初级2学习辅导书3A出版社 batch_01 auto_enriched auto_completed
71eaa81a31d52004,Minna,大家的日语（第二版）初级2学习辅导书3A出版社,形容詞の ( 代替名詞使用的 「 の 」 ),形容詞の(代替,普通形 + の,名词化；所属；说明,可表示所属、名词化，或替代前面提到的名词。,走る（の）が好きです。,我喜欢跑步。,同类或相近表达请结合原书相似语法页复习。,名词化/助词,batch_01,大家的日语（第二版）初级2学习辅导书3A出版社__part_01-23.png,body_heading,30,auto_completed,,jp_grammar Minna 大家的日语_第二版_初级2学习辅导书3A出版社 batch_01 kept_needs_explanation auto_completed
7e28f7ec2085f42a,N2,日语蓝宝书_N2,～ あげく ( に ),～ あげく(に),接续：～ あげく(に)。按原书条目和句中词形使用。,结果，最后,表示经过一段过程或反复之后，最后出现某个结果。多用于不理想的结果。,この文では（あげく(に)）の使い方を確認します。,这句话用于确认“～ あげく(に)”的用法。,同类或相近表达请结合原书相似语法页复习。,结果,batch_01,日语蓝宝书_N2__part_01-11.png,toc_or_heading,50,auto_enriched,,jp_grammar N2 日语蓝宝书_N2 batch_01 auto_enriched auto_completed
d2dfb15e8ff0e532,N2,日语蓝宝书_N2,～ あまり ( に ),～ あまり(に),接续：～ あまり(に)。按原书条目和句中词形使用。,过于...而,表示程度过高，由此引出后面的状态或结果。,この文では（あまり(に)）の使い方を確認します。,这句话用于确认“～ あまり(に)”的用法。,同类或相近表达请结合原书相似语法页复习。,程度/原因,batch_01,日语蓝宝书_N2__part_01-11.png,toc_or_heading,50,auto_enriched,,jp_grammar N2 日语蓝宝书_N2 batch_01 auto_enriched auto_completed
c9502eb51ea333e9,N2,日语蓝宝书_N2,～ 以上 ( は ),～ 以上(は),接续：～ 以上(は)。按原书条目和句中词形使用。,既然...就,表示在前项事实成立的前提下，后项是说话人认为当然的判断或义务。,この文では（以上(は)）の使い方を確認します。,这句话用于确认“～ 以上(は)”的用法。,同类或相近表达请结合原书相似语法页复习。,条件/判断,batch_01,日语蓝宝书_N2__part_01-11.png,toc_or_heading,50,auto_enriched,,jp_grammar N2 日语蓝宝书_N2 batch_01 auto_enriched auto_completed
a4c072210f5e6c9b,N2,日语蓝宝书_N2,～ 上で ( は ),～ 上で(は),接续：～ 上で(は)。按原书条目和句中词形使用。,在...之后；在...方面,表示先完成前项再做后项，也可表示从某个方面来看。,この文では（上で(は)）の使い方を確認します。,这句话用于确认“～ 上で(は)”的用法。,同类或相近表达请结合原书相似语法页复习。,时间/范围,batch_01,日语蓝宝书_N2__part_01-11.png,toc_or_heading,50,auto_enriched,,jp_grammar N2 日语蓝宝书_N2 batch_01 auto_enriched auto_completed
22b8c970fa2b55ef,N2,日语蓝宝书_N2,～ 上は,～ 上は,接续：～ 上は。按原书条目和句中词形使用。,既然...就,表示既然事情已经到了前项这种情况，就必须采取后项态度或行动。,この文では（上は）の使い方を確認します。,这句话用于确认“～ 上は”的用法。,同类或相近表达请结合原书相似语法页复习。,条件/义务,batch_01,日语蓝宝书_N2__part_01-11.png,toc_or_heading,50,auto_enriched,,jp_grammar N2 日语蓝宝书_N2 batch_01 auto_enriched auto_completed
7b9ae6b292009012,N2,日语蓝宝书_N2,～ うちに,～ うちに,接续：～ うちに。按原书条目和句中词形使用。,趁着...；在...期间,表示在某状态没有改变之前做某事，或在某期间内发生变化。,この文では（うちに）の使い方を確認します。,这句话用于确认“～ うちに”的用法。,同类或相近表达请结合原书相似语法页复习。,时间,batch_01,日语蓝宝书_N2__part_01-11.png,toc_or_heading,50,auto_enriched,,jp_grammar N2 日语蓝宝书_N2 batch_01 auto_enriched auto_completed
702e847b7d32662f,N2,日语蓝宝书_N2,～ うちは ～ ( よ ) うではないか / ( よ ) うじゃないか,～ うちは,接续：～ うちは。按原书条目和句中词形使用。,在...期间,表示某状态持续的期间内发生或应该做某事。,この文では（うちは）の使い方を確認します。,这句话用于确认“～ うちは”的用法。,同类或相近表达请结合原书相似语法页复习。,时间,batch_01,日语蓝宝书_N2__part_01-11.png,toc_or_heading,50,auto_enriched,,jp_grammar N2 日语蓝宝书_N2 batch_01 auto_enriched auto_completed
9463626be664958f,N2,日语蓝宝书_N2,～ うちは ～ ( よ ) うではないか / ( よ ) うじゃないか,～(よ)うではないか/(よ)うじゃないか,普通形 + か,让我们...吧,表示号召、提议大家一起做某事，书面或演说语气较强。,彼が来る（か）分かりません。,不知道他是否会来。,同类或相近表达请结合原书相似语法页复习。,劝诱,batch_01,日语蓝宝书_N2__part_01-11.png,toc_or_heading,60,auto_enriched,,jp_grammar N2 日语蓝宝书_N2 batch_01 auto_enriched auto_completed
782a5d2e785765f4,N2,日语蓝宝书_N2,～ 得る,～ 得る,接续：～ 得る。按原书条目和句中词形使用。,可能...,表示理论上或实际上可能发生。读作「うる」或「える」。,この文では（得る）の使い方を確認します。,这句话用于确认“～ 得る”的用法。,同类或相近表达请结合原书相似语法页复习。,可能,batch_01,日语蓝宝书_N2__part_01-11.png,toc_or_heading,50,auto_enriched,,jp_grammar N2 日语蓝宝书_N2 batch_01 auto_enriched auto_completed
3b1c0e899e7b2d5c,N2,日语蓝宝书_N2,～ 得ない,～ 得ない,接续：～ 得ない。按原书条目和句中词形使用。,不可能...,表示没有发生的可能。读作「えない」。,この文では（得ない）の使い方を確認します。,这句话用于确认“～ 得ない”的用法。,同类或相近表达请结合原书相似语法页复习。,可能/否定,batch_01,日语蓝宝书_N2__part_01-11.png,toc_or_heading,50,auto_enriched,,jp_grammar N2 日语蓝宝书_N2 batch_01 auto_enriched auto_completed
1dd2232fdd4994c0,N2,日语蓝宝书_N2,～ おかげで / おかげだ,～ おかげで/おかげだ,普通形 + か,多亏；幸亏,表示由于前项原因而得到好的结果，有时也可反讽。,彼が来る（か）分かりません。,不知道他是否会来。,同类或相近表达请结合原书相似语法页复习。,原因,batch_01,日语蓝宝书_N2__part_01-11.png,toc_or_heading,50,auto_enriched,,jp_grammar N2 日语蓝宝书_N2 batch_01 auto_enriched auto_completed
f5afb1fd72d8c0cd,N2,日语蓝宝书_N2,～ 恐れがある,～ 恐れがある,名詞 + が / 普通形 + が,有...的恐怕/可能,表示可能发生不好的事情，语气较正式。,値段は高い（が）、品質はいい。,价格高，但是质量好。,同类或相近表达请结合原书相似语法页复习。,可能/担心,batch_01,日语蓝宝书_N2__part_01-11.png,toc_or_heading,50,auto_enriched,,jp_grammar N2 日语蓝宝书_N2 batch_01 auto_enriched auto_completed
2098fb577c524ab7,N2,日语蓝宝书_N2,～ 甲斐がある / 甲斐がない / 甲斐もなく . ～ がきっかけで / がきっかけになって / をきっかけに ( して ) / をきっかけとして,～ 甲斐がある/甲斐がない/甲斐もなく .,名詞 + が / 普通形 + が,值得；有无效果,表示付出的努力、行为是否有价值或相应结果。,値段は高い（が）、品質はいい。,价格高，但是质量好。,同类或相近表达请结合原书相似语法页复习。,价值,batch_01,日语蓝宝书_N2__part_01-11.png,toc_or_heading,60,auto_enriched,,jp_grammar N2 日语蓝宝书_N2 batch_01 auto_enriched auto_completed
b6240af2ce84107d,N2,日语蓝宝书_N2,～ 甲斐がある / 甲斐がない / 甲斐もなく . ～ がきっかけで / がきっかけになって / をきっかけに ( して ) / をきっかけとして,～ がきっかけで/がきっかけになって/をきっかけに(して)/をきっかけとして,名詞 + として,以...为契机,表示某事成为后项行为、变化或认识的起点。,彼は代表（として）、会議に出た。,他作为代表出席了会议。,同类或相近表达请结合原书相似语法页复习。,契机,batch_01,日语蓝宝书_N2__part_01-11.png,toc_or_heading,60,auto_enriched,,jp_grammar N2 日语蓝宝书_N2 batch_01 auto_enriched auto_completed
3e18153382ad3e18,N2,日语蓝宝书_N2,～ が契機で / が契機になって / を契機に ( して ) / を契機として,～ が契機で/が契機になって/を契機に(して)/を契機として,名詞 + として,以...为契机,表示某事成为后项变化或行动的起点。,彼は代表（として）、会議に出た。,他作为代表出席了会议。,同类或相近表达请结合原书相似语法页复习。,契机,batch_01,日语蓝宝书_N2__part_01-11.png,toc_or_heading,60,auto_enriched,,jp_grammar N2 日语蓝宝书_N2 batch_01 auto_enriched auto_completed
4c98598a5156a5fd,N2,日语蓝宝书_N2,～ 限り ( は ) / 限りでは / ない限り,～ 限り(は)/限りでは/ない限り,接续：～ 限り(は)/限りでは/ない限り。按原书条目和句中词形使用。,只要；据...范围,可表示条件范围、持续范围或根据某信息判断。,この文では（限り(は)）の使い方を確認します。,这句话用于确认“～ 限り(は)/限りでは/ない限り”的用法。,同类或相近表达请结合原书相似语法页复习。,范围/条件,batch_01,日语蓝宝书_N2__part_01-11.png,toc_or_heading,50,auto_enriched,,jp_grammar N2 日语蓝宝书_N2 batch_01 auto_enriched auto_completed
6453b38ce034be71,N2,日语蓝宝书_N2,～ かけだ / かけの / かける,～ かけだ/かけの/かける,普通形 + か,刚做到一半；快要...,表示动作开始后尚未完成的状态。,彼が来る（か）分かりません。,不知道他是否会来。,同类或相近表达请结合原书相似语法页复习。,阶段,batch_01,日语蓝宝书_N2__part_01-11.png,toc_or_heading,50,auto_enriched,,jp_grammar N2 日语蓝宝书_N2 batch_01 auto_enriched auto_completed
329414f174fbf7b7,N2,日语蓝宝书_N2,～ がたい,～ がたい,人を表す名詞 + がた,难以...,表示从心理或事实角度很难做到。,先生（がた）に相談します。,向各位老师商量。,同类或相近表达请结合原书相似语法页复习。,困难,batch_01,日语蓝宝书_N2__part_01-11.png,toc_or_heading,50,auto_enriched,,jp_grammar N2 日语蓝宝书_N2 batch_01 auto_enriched auto_completed
d4b24647692289c7,N2,日语蓝宝书_N2,～ がちだ / がちの / がちな,～ がちだ/がちの/がちな,名詞 + が / 普通形 + が,容易...；常常...,表示容易出现某种倾向，多用于不好的情况。,値段は高い（が）、品質はいい。,价格高，但是质量好。,同类或相近表达请结合原书相似语法页复习。,倾向,batch_01,日语蓝宝书_N2__part_01-11.png,toc_or_heading,50,auto_enriched,,jp_grammar N2 日语蓝宝书_N2 batch_01 auto_enriched auto_completed
84dfa8ca1918022f,N2,日语蓝宝书_N2,～ かというと / かといえば,～ かというと/かといえば,名詞 + という,要说是否...的话,用于提出并回答一个判断，常接否定或补充说明。,田中さん（という）人から電話がありました。,有个叫田中的人打来了电话。,同类或相近表达请结合原书相似语法页复习。,说明,batch_01,日语蓝宝书_N2__part_01-12.png,toc_or_heading,50,auto_enriched,,jp_grammar N2 日语蓝宝书_N2 batch_01 auto_enriched auto_completed
b38c38c932b049a7,N2,日语蓝宝书_N2,～ かと思えば ～ か ～ ないかのうちに ～ か何か ～ かねない ～ かねる . ～ かのようだ / かのような / かのように ～ からいいようなものの,～ かと思えば,普通形 + か,刚以为...却；有时...有时...,表示前后情况快速变化，或列举对比性情况。,彼が来る（か）分かりません。,不知道他是否会来。,同类或相近表达请结合原书相似语法页复习。,变化/对比,batch_01,日语蓝宝书_N2__part_01-12.png,toc_or_heading,50,auto_enriched,,jp_grammar N2 日语蓝宝书_N2 batch_01 auto_enriched auto_completed
ac5bbdd66bb77b3d,N2,日语蓝宝书_N2,～ かと思えば ～ か ～ ないかのうちに ～ か何か ～ かねない ～ かねる . ～ かのようだ / かのような / かのように ～ からいいようなものの,～ か,普通形 + か,是否；或者；疑问,表示疑问、不确定或选择。,彼が来る（か）分かりません。,不知道他是否会来。,同类或相近表达请结合原书相似语法页复习。,疑问/选择,batch_01,日语蓝宝书_N2__part_01-12.png,toc_or_heading,50,auto_completed,,jp_grammar N2 日语蓝宝书_N2 batch_01 kept_needs_explanation auto_completed
dc5d8b4d80a88240,N2,日语蓝宝书_N2,～ かと思えば ～ か ～ ないかのうちに ～ か何か ～ かねない ～ かねる . ～ かのようだ / かのような / かのように ～ からいいようなものの,～ ないかのうちに,普通形 + か,刚...就...,表示前项刚发生或尚未完全结束时，后项紧接着发生。,彼が来る（か）分かりません。,不知道他是否会来。,同类或相近表达请结合原书相似语法页复习。,时间,batch_01,日语蓝宝书_N2__part_01-12.png,toc_or_heading,50,auto_enriched,,jp_grammar N2 日语蓝宝书_N2 batch_01 auto_enriched auto_completed
8beffae229c1db4a,N2,日语蓝宝书_N2,～ かと思えば ～ か ～ ないかのうちに ～ か何か ～ かねない ～ かねる . ～ かのようだ / かのような / かのように ～ からいいようなものの,～ か何か,普通形 + か,...之类的,表示不确定地举出一个例子。,彼が来る（か）分かりません。,不知道他是否会来。,同类或相近表达请结合原书相似语法页复习。,举例,batch_01,日语蓝宝书_N2__part_01-12.png,toc_or_heading,50,auto_enriched,,jp_grammar N2 日语蓝宝书_N2 batch_01 auto_enriched auto_completed
81a8bdb6a344d80d,N2,日语蓝宝书_N2,～ かと思えば ～ か ～ ないかのうちに ～ か何か ～ かねない ～ かねる . ～ かのようだ / かのような / かのように ～ からいいようなものの,～ かねない,普通形 + か,很可能会...,表示有可能发生不好的事情。,彼が来る（か）分かりません。,不知道他是否会来。,同类或相近表达请结合原书相似语法页复习。,可能/担心,batch_01,日语蓝宝书_N2__part_01-12.png,toc_or_heading,50,auto_enriched,,jp_grammar N2 日语蓝宝书_N2 batch_01 auto_enriched auto_completed
27bd8860521a7fed,N2,日语蓝宝书_N2,～ かと思えば ～ か ～ ないかのうちに ～ か何か ～ かねない ～ かねる . ～ かのようだ / かのような / かのように ～ からいいようなものの,～ かねる .,普通形 + か,难以；不能,表示由于心理、立场或情况而难以做某事，语气委婉。,彼が来る（か）分かりません。,不知道他是否会来。,同类或相近表达请结合原书相似语法页复习。,困难/委婉,batch_01,日语蓝宝书_N2__part_01-12.png,toc_or_heading,50,auto_enriched,,jp_grammar N2 日语蓝宝书_N2 batch_01 auto_enriched auto_completed
9a922da5fcd5e102,N2,日语蓝宝书_N2,～ かと思えば ～ か ～ ないかのうちに ～ か何か ～ かねない ～ かねる . ～ かのようだ / かのような / かのように ～ からいいようなものの,～ かのようだ/かのような/かのように,普通形 + か,好像...一样,表示实际上不是那样，但看起来像那样。,彼が来る（か）分かりません。,不知道他是否会来。,同类或相近表达请结合原书相似语法页复习。,比喻/样态,batch_01,日语蓝宝书_N2__part_01-12.png,toc_or_heading,65,auto_enriched,,jp_grammar N2 日语蓝宝书_N2 batch_01 auto_enriched auto_completed
4052c355ad729836,N2,日语蓝宝书_N2,～ かと思えば ～ か ～ ないかのうちに ～ か何か ～ かねない ～ かねる . ～ かのようだ / かのような / かのように ～ からいいようなものの,～ からいいようなものの,普通形 + からいいようなものの,幸亏...否则,表示由于有前项这种有利条件，才没有出现更糟糕的结果。,今回は友人が助けてくれた（からいいようなものの）、一人では無理だった。,这次幸亏朋友帮忙，否则一个人是不行的。,同类或相近表达请结合原书相似语法页复习。,评价/转折,batch_01,日语蓝宝书_N2__part_01-12.png,toc_or_heading,65,auto_completed,,jp_grammar N2 日语蓝宝书_N2 batch_01 kept_needs_explanation auto_completed
712a16d56cd40d77,N2,日语蓝宝书_N2,～ からいうと / からいえば / からいったら / からいって,～ からいうと/からいえば/からいったら/からいって,普通形 + か,从...来说,表示从某个立场、角度或依据来判断。,彼が来る（か）分かりません。,不知道他是否会来。,同类或相近表达请结合原书相似语法页复习。,立场/判断,batch_01,日语蓝宝书_N2__part_01-12.png,toc_or_heading,60,auto_enriched,,jp_grammar N2 日语蓝宝书_N2 batch_01 auto_enriched auto_completed
5986e96430a42cb3,N2,日语蓝宝书_N2,～ からこそ ～ からして,～ からこそ,普通形 + か,正是；才是,强调某人、某事、某时机正是重点。,彼が来る（か）分かりません。,不知道他是否会来。,同类或相近表达请结合原书相似语法页复习。,强调,batch_01,日语蓝宝书_N2__part_01-12.png,toc_or_heading,50,auto_enriched,,jp_grammar N2 日语蓝宝书_N2 batch_01 auto_enriched auto_completed
6174f596d0cd9943,N2,日语蓝宝书_N2,～ からこそ ～ からして,～ からして,普通形 + か,单从...来看,举出一个代表性例子，暗示其他方面也同样如此。,彼が来る（か）分かりません。,不知道他是否会来。,同类或相近表达请结合原书相似语法页复习。,举例/判断,batch_01,日语蓝宝书_N2__part_01-12.png,toc_or_heading,50,auto_enriched,,jp_grammar N2 日语蓝宝书_N2 batch_01 auto_enriched auto_completed
d04815fd0ba8c457,N2,日语蓝宝书_N2,～ からすると / からすれば,～ からすると/からすれば,普通形 + か,从...来看,表示以某信息、立场或情况为依据进行判断。,彼が来る（か）分かりません。,不知道他是否会来。,同类或相近表达请结合原书相似语法页复习。,判断,batch_01,日语蓝宝书_N2__part_01-12.png,toc_or_heading,50,auto_enriched,,jp_grammar N2 日语蓝宝书_N2 batch_01 auto_enriched auto_completed
41705b2e58a863e6,N2,日语蓝宝书_N2,～ からといって ～ からには,～ からといって,普通形 + か,虽说...也不能...,表示不能仅以前项为理由就得出后项结论。,彼が来る（か）分かりません。,不知道他是否会来。,同类或相近表达请结合原书相似语法页复习。,让步,batch_01,日语蓝宝书_N2__part_01-12.png,toc_or_heading,50,auto_enriched,,jp_grammar N2 日语蓝宝书_N2 batch_01 auto_enriched auto_completed
3f11e7f289399671,N2,日语蓝宝书_N2,～ からといって ～ からには,～ からには,普通形 + か,既然...就,表示既然前项已经成立，后项就是应有的态度、责任或判断。,彼が来る（か）分かりません。,不知道他是否会来。,同类或相近表达请结合原书相似语法页复习。,条件/义务,batch_01,日语蓝宝书_N2__part_01-12.png,toc_or_heading,50,auto_enriched,,jp_grammar N2 日语蓝宝书_N2 batch_01 auto_enriched auto_completed
3e501f87cc991215,N2,日语蓝宝书_N2,～ から見ると / から見れば / から見て / から見ても,～ から見ると/から見れば/から見て/から見ても,普通形 + か,从...来看,表示从某个角度观察或判断。,彼が来る（か）分かりません。,不知道他是否会来。,同类或相近表达请结合原书相似语法页复习。,判断,batch_01,日语蓝宝书_N2__part_01-12.png,toc_or_heading,60,auto_enriched,,jp_grammar N2 日语蓝宝书_N2 batch_01 auto_enriched auto_completed
4b65ff3304cddce2,N2,日语蓝宝书_N2,～ 代わりに,～ 代わりに,普通形 / 名詞の + わりに,代替；作为交换,表示替代前项，或用后项作为补偿、交换。,値段の（わりに）、品質がいい。,按价格来说，质量不错。,同类或相近表达请结合原书相似语法页复习。,替代/交换,batch_01,日语蓝宝书_N2__part_01-12.png,toc_or_heading,50,auto_enriched,,jp_grammar N2 日语蓝宝书_N2 batch_01 auto_enriched auto_completed
4a20eb449af56fdd,N2,日语蓝宝书_N2,～ 気味,～ 気味,接续：～ 気味。按原书条目和句中词形使用。,有点...,表示稍微带有某种不太好的倾向。,この文では（気味）の使い方を確認します。,这句话用于确认“～ 気味”的用法。,同类或相近表达请结合原书相似语法页复习。,倾向,batch_01,日语蓝宝书_N2__part_01-12.png,toc_or_heading,50,auto_enriched,,jp_grammar N2 日语蓝宝书_N2 batch_01 auto_enriched auto_completed
fd1d1ed4d3f30d13,N2,日语蓝宝书_N2,(). ～ きり / きりだ,～ きり/きりだ,接续：～ きり/きりだ。按原书条目和句中词形使用。,自从...以后就一直...,表示某动作后，状态持续不变，常带有之后没有再发生的意思。,この文では（きり）の使い方を確認します。,这句话用于确认“～ きり/きりだ”的用法。,同类或相近表达请结合原书相似语法页复习。,时间/持续,batch_01,日语蓝宝书_N2__part_01-12.png,toc_or_heading,50,auto_enriched,,jp_grammar N2 日语蓝宝书_N2 batch_01 auto_enriched auto_completed
c936dea418ac0cc1,N2,日语蓝宝书_N2,～ きる / きれる / きれない ～ くせに / くせして,～ きる/きれる/きれない,接续：～ きる/きれる/きれない。按原书条目和句中词形使用。,完全...；能/不能...完,表示动作彻底完成、可以完全做完或无法完全做完。,この文では（きる）の使い方を確認します。,这句话用于确认“～ きる/きれる/きれない”的用法。,同类或相近表达请结合原书相似语法页复习。,完成,batch_01,日语蓝宝书_N2__part_01-12.png,toc_or_heading,50,auto_enriched,,jp_grammar N2 日语蓝宝书_N2 batch_01 auto_enriched auto_completed
6000bdba41251fda,N2,日语蓝宝书_N2,～ きる / きれる / きれない ～ くせに / くせして,～ くせに/くせして,接续：～ くせに/くせして。按原书条目和句中词形使用。,明明...却,表示责备或不满，认为后项与前项不相称。,この文では（くせに）の使い方を確認します。,这句话用于确认“～ くせに/くせして”的用法。,同类或相近表达请结合原书相似语法页复习。,逆接/责备,batch_01,日语蓝宝书_N2__part_01-12.png,toc_or_heading,65,auto_enriched,,jp_grammar N2 日语蓝宝书_N2 batch_01 auto_enriched auto_completed
88df3f77497f92ba,N2,日语蓝宝书_N2,～ くらい / ぐらい,～ くらい/ぐらい,接续：～ くらい/ぐらい。按原书条目和句中词形使用。,大约；程度到...,表示大致数量、程度，或举出极端程度。,この文では（くらい）の使い方を確認します。,这句话用于确认“～ くらい/ぐらい”的用法。,同类或相近表达请结合原书相似语法页复习。,程度,batch_01,日语蓝宝书_N2__part_01-12.png,toc_or_heading,50,auto_enriched,,jp_grammar N2 日语蓝宝书_N2 batch_01 auto_enriched auto_completed
4398e185c8e29551,N2,日语蓝宝书_N2,ことからことだ,ことからことだ,名詞 / 普通形 + とか,应该...；最好...,用于提出忠告或说明重要做法。,週末は映画（とか）買い物（とか）をします。,周末看电影啦购物啦。,同类或相近表达请结合原书相似语法页复习。,建议,batch_01,日语蓝宝书_N2__part_01-12.png,toc_or_heading,30,needs_manual_review,,jp_grammar N2 日语蓝宝书_N2 batch_01 needs_manual_review auto_completed
ca27a03d1814e8e2,N2,日语蓝宝书_N2,ことだから,ことだから,普通形 + か,应该...；最好...,用于提出忠告或说明重要做法。,彼が来る（か）分かりません。,不知道他是否会来。,同类或相近表达请结合原书相似语法页复习。,建议,batch_01,日语蓝宝书_N2__part_01-12.png,toc_or_heading,30,needs_manual_review,,jp_grammar N2 日语蓝宝书_N2 batch_01 needs_manual_review auto_completed
3d2f59222f987215,N2,日语蓝宝书_N2,ことは ～ が,ことは,接续：ことは。按原书条目和句中词形使用。,表示「ことは」这一语法形式或助词用法,用于练习「ことは」在句中的形式和基本功能；具体语义需结合前后文判断。,この文では（ことは）の使い方を確認します。,这句话用于确认“ことは”的用法。,同类或相近表达请结合原书相似语法页复习。,形式/用法,batch_01,日语蓝宝书_N2__part_01-12.png,toc_or_heading,30,auto_completed,,jp_grammar N2 日语蓝宝书_N2 batch_01 kept_needs_explanation auto_completed
7113446c49629288,N2,日语蓝宝书_N2,ことは ～ が,～ が,名詞 + が / 普通形 + が,但是；主语标记,可表示主语，也可连接前后相反或铺垫内容。,値段は高い（が）、品質はいい。,价格高，但是质量好。,同类或相近表达请结合原书相似语法页复习。,助词/逆接,batch_01,日语蓝宝书_N2__part_01-12.png,toc_or_heading,50,auto_completed,,jp_grammar N2 日语蓝宝书_N2 batch_01 kept_needs_explanation auto_completed
7ddf78cb2e363f5d,N2,日语蓝宝书_N2,ことはない,ことはない,接续：ことはない。按原书条目和句中词形使用。,没必要...,表示不需要做某事，用于安慰或建议。,この文では（ことはない）の使い方を確認します。,这句话用于确认“ことはない”的用法。,同类或相近表达请结合原书相似语法页复习。,不必要,batch_01,日语蓝宝书_N2__part_01-12.png,toc_or_heading,30,needs_manual_review,,jp_grammar N2 日语蓝宝书_N2 batch_01 needs_manual_review auto_completed
3a1486a52b3be809,N2,日语蓝宝书_N2,～ 際 ( は ) / 際に ( は ),～ 際(は)/際に(は),接续：～ 際(は)/際に(は)。按原书条目和句中词形使用。,在...的时候；借...之际,表示某个特殊时间或场合，语气较正式。,この文では（際(は)）の使い方を確認します。,这句话用于确认“～ 際(は)/際に(は)”的用法。,同类或相近表达请结合原书相似语法页复习。,时间/场合,batch_01,日语蓝宝书_N2__part_01-13.png,toc_or_heading,50,auto_enriched,,jp_grammar N2 日语蓝宝书_N2 batch_01 auto_enriched auto_completed
122eac802e754b3d,N2,日语蓝宝书_N2,～ 最中 ( に ) / 最中だ,～ 最中(に)/最中だ,接续：～ 最中(に)/最中だ。按原书条目和句中词形使用。,正在...的时候,表示某动作正在进行的中途。,この文では（最中(に)）の使い方を確認します。,这句话用于确认“～ 最中(に)/最中だ”的用法。,同类或相近表达请结合原书相似语法页复习。,时间,batch_01,日语蓝宝书_N2__part_01-13.png,toc_or_heading,50,auto_enriched,,jp_grammar N2 日语蓝宝书_N2 batch_01 auto_enriched auto_completed
b6ad2bdd96a354bf,N2,日语蓝宝书_N2,～ ざるを得ない,～ ざるを得ない,接续：～ ざるを得ない。按原书条目和句中词形使用。,不得不...,表示虽然不愿意，但由于情况所迫只能这样做。,この文では（ざるを得ない）の使い方を確認します。,这句话用于确认“～ ざるを得ない”的用法。,同类或相近表达请结合原书相似语法页复习。,义务/无奈,batch_01,日语蓝宝书_N2__part_01-13.png,toc_or_heading,50,auto_enriched,,jp_grammar N2 日语蓝宝书_N2 batch_01 auto_enriched auto_completed
6f1ec321c5325955,N2,日语蓝宝书_N2,～ 次第 / 次第だ / 次第で,～ 次第/次第だ/次第で,接续：～ 次第/次第だ/次第で。按原书条目和句中词形使用。,一...就；取决于,可表示前项一完成就做后项，也可表示事情取决于某条件。,この文では（次第）の使い方を確認します。,这句话用于确认“～ 次第/次第だ/次第で”的用法。,同类或相近表达请结合原书相似语法页复习。,时间/条件,batch_01,日语蓝宝书_N2__part_01-13.png,toc_or_heading,50,auto_enriched,,jp_grammar N2 日语蓝宝书_N2 batch_01 auto_enriched auto_completed
974f76b8aa978995,N2,日语蓝宝书_N2,～ 上 / 上は / 上も,～ 上/上は/上も,名詞 + も,既然...就,表示既然事情已经到了前项这种情况，就必须采取后项态度或行动。,私（も）行きます。,我也去。,同类或相近表达请结合原书相似语法页复习。,条件/义务,batch_01,日语蓝宝书_N2__part_01-13.png,toc_or_heading,50,auto_enriched,,jp_grammar N2 日语蓝宝书_N2 batch_01 auto_enriched auto_completed
6fa9e76ee37420d7,N2,日语蓝宝书_N2,～ 末 ( に ) / 末の,～ 末(に)/末の,普通形 + の,经过...之后,表示经过长时间或复杂过程后得出某结果。,走る（の）が好きです。,我喜欢跑步。,同类或相近表达请结合原书相似语法页复习。,结果,batch_01,日语蓝宝书_N2__part_01-13.png,toc_or_heading,50,auto_enriched,,jp_grammar N2 日语蓝宝书_N2 batch_01 auto_enriched auto_completed
30292479ee9d93b2,N2,日语蓝宝书_N2,～ ずにすむ / ないですむ / なくてすむ,～ ずにすむ/ないですむ/なくてすむ,動詞ない形去ない + ずに,不用...也可以；避免了...,表示没有做某事也解决了，或避免了不好的情况。,朝ご飯を食べ（ずに）、学校へ行った。,没吃早饭就去了学校。,同类或相近表达请结合原书相似语法页复习。,不必要/避免,batch_01,日语蓝宝书_N2__part_01-13.png,toc_or_heading,60,auto_enriched,,jp_grammar N2 日语蓝宝书_N2 batch_01 auto_enriched auto_completed
d477472169a4cf4e,N2,日语蓝宝书_N2,～ ずにはいられない / ないではいられない,～ ずにはいられない/ないではいられない,動詞ない形去ない + ずに,不由得...；忍不住...,表示情感或身体反应强烈，无法抑制。,朝ご飯を食べ（ずに）、学校へ行った。,没吃早饭就去了学校。,同类或相近表达请结合原书相似语法页复习。,自然反应,batch_01,日语蓝宝书_N2__part_01-13.png,toc_or_heading,60,auto_enriched,,jp_grammar N2 日语蓝宝书_N2 batch_01 auto_enriched auto_completed
401d4c134a0a2557,N2,日语蓝宝书_N2,～ せいで / せいか / せいだ / せいにする ・ ～ たいばかりに / ほしいばかりに,～ せいで/せいか/せいだ/せいにする,名詞 + にする,都怪；因为,表示不好的结果由前项原因造成。,昼ご飯はカレー（にする）。,午饭决定吃咖喱。,同类或相近表达请结合原书相似语法页复习。,原因,batch_01,日语蓝宝书_N2__part_01-13.png,toc_or_heading,50,auto_enriched,,jp_grammar N2 日语蓝宝书_N2 batch_01 auto_enriched auto_completed
13310d0db7239866,N2,日语蓝宝书_N2,～ せいで / せいか / せいだ / せいにする ・ ～ たいばかりに / ほしいばかりに,～ たいばかりに/ほしいばかりに,動詞ます形 + たい,正因为...才,表示由于前项原因导致不理想结果，带后悔语气。,日本へ行き（たい）です。,我想去日本。,同类或相近表达请结合原书相似语法页复习。,原因,batch_01,日语蓝宝书_N2__part_01-13.png,toc_or_heading,75,auto_enriched,,jp_grammar N2 日语蓝宝书_N2 batch_01 auto_enriched auto_completed
cd9d2cd149704ad7,N2,日语蓝宝书_N2,～ だけ / だけあって / だけに / だけのことはある,～ だけ/だけあって/だけに/だけのことはある,普通形 + の,不愧是；值得,表示与前项评价相称，确实有相应价值。,走る（の）が好きです。,我喜欢跑步。,同类或相近表达请结合原书相似语法页复习。,评价,batch_01,日语蓝宝书_N2__part_01-13.png,toc_or_heading,75,auto_enriched,,jp_grammar N2 日语蓝宝书_N2 batch_01 auto_enriched auto_completed
f5d4d6166f7927f4,N2,日语蓝宝书_N2,たとえ ～ ても ～ たところ,～ ても,動詞て形 / い形容詞くて + も,即使...也,表示让步条件。,雨が降っ（ても）、行きます。,即使下雨也去。,同类或相近表达请结合原书相似语法页复习。,让步,batch_01,日语蓝宝书_N2__part_01-13.png,toc_or_heading,50,auto_completed,,jp_grammar N2 日语蓝宝书_N2 batch_01 kept_needs_explanation auto_completed
6d4d7d9fb4de9bff,N2,日语蓝宝书_N2,たとえ ～ ても ～ たところ,～ たところ,接续：～ たところ。按原书条目和句中词形使用。,即使...也；刚...,可表示做了前项后发现某结果，也可表示逆接条件。,この文では（たところ）の使い方を確認します。,这句话用于确认“～ たところ”的用法。,同类或相近表达请结合原书相似语法页复习。,时间/逆接,batch_01,日语蓝宝书_N2__part_01-13.png,toc_or_heading,65,auto_enriched,,jp_grammar N2 日语蓝宝书_N2 batch_01 auto_enriched auto_completed
4d7723c16bdea903,N2,日语蓝宝书_N2,～ たところが,～ たところが,名詞 + が / 普通形 + が,即使...也；刚...,可表示做了前项后发现某结果，也可表示逆接条件。,値段は高い（が）、品質はいい。,价格高，但是质量好。,同类或相近表达请结合原书相似语法页复习。,时间/逆接,batch_01,日语蓝宝书_N2__part_01-13.png,toc_or_heading,65,auto_enriched,,jp_grammar N2 日语蓝宝书_N2 batch_01 auto_enriched auto_completed
01be3fac181085e3,N2,日语蓝宝书_N2,～ たとたん ( に ),～ たとたん(に),接续：～ たとたん(に)。按原书条目和句中词形使用。,刚一...就,表示前项刚发生，后项立刻发生，多为意外情况。,この文では（たとたん(に)）の使い方を確認します。,这句话用于确认“～ たとたん(に)”的用法。,同类或相近表达请结合原书相似语法页复习。,时间,batch_01,日语蓝宝书_N2__part_01-13.png,toc_or_heading,50,auto_enriched,,jp_grammar N2 日语蓝宝书_N2 batch_01 auto_enriched auto_completed
3bc1261ea18056e3,N2,日语蓝宝书_N2,～ たばかり,～ たばかり,普通形 + か,刚刚；光是,可表示动作刚完成，也可表示限定或偏向。,彼が来る（か）分かりません。,不知道他是否会来。,同类或相近表达请结合原书相似语法页复习。,时间/限定,batch_01,日语蓝宝书_N2__part_01-13.png,toc_or_heading,65,auto_enriched,,jp_grammar N2 日语蓝宝书_N2 batch_01 auto_enriched auto_completed
796c3c750b507480,N2,日语蓝宝书_N2,～ たびに,～ たびに,動詞辞書形 / 名詞の + たびに,每当...就,表示每次发生前项时，都会发生后项。,この歌を聞く（たびに）、学生時代を思い出す。,每次听这首歌都会想起学生时代。,同类或相近表达请结合原书相似语法页复习。,时间/反复,batch_01,日语蓝宝书_N2__part_01-13.png,toc_or_heading,50,auto_enriched,,jp_grammar N2 日语蓝宝书_N2 batch_01 auto_enriched auto_completed
ceee97e785245ff7,N2,日语蓝宝书_N2,～ だらけ,～ だらけ,名詞 + だらけ,满是...；净是...,表示不好的东西很多，到处都是。,服が泥（だらけ）になった。,衣服满是泥。,同类或相近表达请结合原书相似语法页复习。,数量/负面,batch_01,日语蓝宝书_N2__part_01-13.png,toc_or_heading,50,auto_completed,,jp_grammar N2 日语蓝宝书_N2 batch_01 kept_needs_explanation auto_completed
cd2b77f55e8be9cd,N2,日语蓝宝书_N2,～ ついでに,～ ついでに,接续：～ ついでに。按原书条目和句中词形使用。,顺便,表示利用做某事的机会顺便做另一件事。,この文では（ついでに）の使い方を確認します。,这句话用于确认“～ ついでに”的用法。,同类或相近表达请结合原书相似语法页复习。,附带,batch_01,日语蓝宝书_N2__part_01-13.png,toc_or_heading,50,auto_enriched,,jp_grammar N2 日语蓝宝书_N2 batch_01 auto_enriched auto_completed
1aabcb390f1ef77a,N2,日语蓝宝书_N2,～ っこなし,～ っこなし,動詞ます形 + っこない / っこなし,绝不可能...,口语，表示强烈否定某事发生的可能性。,そんな難しい問題は分かり（っこない）。,那么难的问题绝不可能懂。,同类或相近表达请结合原书相似语法页复习。,可能/否定,batch_01,日语蓝宝书_N2__part_01-13.png,toc_or_heading,50,auto_completed,,jp_grammar N2 日语蓝宝书_N2 batch_01 kept_needs_explanation auto_completed
043afb8d1021ccf0,N2,日语蓝宝书_N2,～ つつ / つつも,～ つつ/つつも,動詞ます形 + つつも,虽然...但是,书面语，表示一边承认前项，一边出现相反后项。,悪いと知り（つつも）、やめられない。,虽然知道不好，却停不下来。,同类或相近表达请结合原书相似语法页复习。,逆接,batch_01,日语蓝宝书_N2__part_01-13.png,toc_or_heading,50,auto_completed,,jp_grammar N2 日语蓝宝书_N2 batch_01 kept_needs_explanation auto_completed
486100dd912cb564,N2,日语蓝宝书_N2,～ つつある,～ つつある,動詞ます形 + つつある,正在逐渐...,表示某变化正在持续发展。,景気は回復し（つつある）。,经济正在逐渐恢复。,同类或相近表达请结合原书相似语法页复习。,变化,batch_01,日语蓝宝书_N2__part_01-13.png,toc_or_heading,50,auto_completed,,jp_grammar N2 日语蓝宝书_N2 batch_01 kept_needs_explanation auto_completed
54f9a5652b88b967,N2,日语蓝宝书_N2,～ っぽい,～ っぽい,接续：～ っぽい。按原书条目和句中词形使用。,有点...；容易...,表示带有某种倾向、感觉或性质。,この文では（っぽい）の使い方を確認します。,这句话用于确认“～ っぽい”的用法。,同类或相近表达请结合原书相似语法页复习。,性质,batch_01,日语蓝宝书_N2__part_01-13.png,toc_or_heading,50,auto_enriched,,jp_grammar N2 日语蓝宝书_N2 batch_01 auto_enriched auto_completed
d6707760ef363eae,N2,日语蓝宝书_N2,～ つもり,～ つもり,名詞 + も,打算；自以为,表示计划、意图，或说话人主观认为如此。,私（も）行きます。,我也去。,同类或相近表达请结合原书相似语法页复习。,意志/判断,batch_01,日语蓝宝书_N2__part_01-13.png,toc_or_heading,65,auto_enriched,,jp_grammar N2 日语蓝宝书_N2 batch_01 auto_enriched auto_completed
0af2ee5233422bad,N2,日语蓝宝书_N2,～ つもりで,～ つもりで,名詞 + も,打算；自以为,表示计划、意图，或说话人主观认为如此。,私（も）行きます。,我也去。,同类或相近表达请结合原书相似语法页复习。,意志/判断,batch_01,日语蓝宝书_N2__part_01-13.png,toc_or_heading,65,auto_enriched,,jp_grammar N2 日语蓝宝书_N2 batch_01 auto_enriched auto_completed
7d97a7d8b13b1487,N2,日语蓝宝书_N2,～ て以来,～ て以来,接续：～ て以来。按原书条目和句中词形使用。,自从...以来,表示从过去某时点到现在一直持续。,この文では（て以来）の使い方を確認します。,这句话用于确认“～ て以来”的用法。,同类或相近表达请结合原书相似语法页复习。,时间/持续,batch_01,日语蓝宝书_N2__part_01-14.png,toc_or_heading,50,auto_enriched,,jp_grammar N2 日语蓝宝书_N2 batch_01 auto_enriched auto_completed
a2e6074b586fd0af,N2,日语蓝宝书_N2,～ てからでないと / てからでなければ,～ てからでないと/てからでなければ,動詞て形 + からでないと / からでなければ,不...之后就不能,表示必须先完成前项，后项才可能成立。,実物を見（てからでないと）、決められません。,不看过实物之后，就不能决定。,同类或相近表达请结合原书相似语法页复习。,条件/顺序,batch_01,日语蓝宝书_N2__part_01-14.png,toc_or_heading,60,auto_completed,,jp_grammar N2 日语蓝宝书_N2 batch_01 kept_needs_explanation auto_completed
0c0bdcda74c0bfcf,N2,日语蓝宝书_N2,～ てしようがない / てしようがない,～ てしようがない/てしようがない,動詞て形 / い形容詞くて / な形容詞で + しようがない,非常...；...得不得了,表示感情或感觉强烈到无法控制。,試験の結果が気になっ（てしようがない）。,非常在意考试结果。,同类或相近表达请结合原书相似语法页复习。,程度,batch_01,日语蓝宝书_N2__part_01-14.png,toc_or_heading,75,auto_completed,,jp_grammar N2 日语蓝宝书_N2 batch_01 kept_needs_explanation auto_completed
5afb88da2c8f9311,N2,日语蓝宝书_N2,～ てたまらない,～ てたまらない,動詞て形 / い形容詞くて / な形容詞で + たまらない,非常...；...得受不了,表示感情、感觉或欲望非常强烈。,家族に会いたく（てたまらない）。,非常想见家人。,同类或相近表达请结合原书相似语法页复习。,程度,batch_01,日语蓝宝书_N2__part_01-14.png,toc_or_heading,50,auto_completed,,jp_grammar N2 日语蓝宝书_N2 batch_01 kept_needs_explanation auto_completed
fc58acd97a6a3049,N2,日语蓝宝书_N2,( ). ～ てでも,～ てでも,動詞て形 + でも,即使...也要,表示为了达成目的，即使采取极端手段也在所不惜。,徹夜し（てでも）、この仕事を終わらせたい。,即使熬夜，也想完成这项工作。,同类或相近表达请结合原书相似语法页复习。,让步/意志,batch_01,日语蓝宝书_N2__part_01-14.png,toc_or_heading,50,auto_completed,,jp_grammar N2 日语蓝宝书_N2 batch_01 kept_needs_explanation auto_completed
02f6e2110bf8e856,N2,日语蓝宝书_N2,～ てはいられない,～ てはいられない,動詞て形 + はいられない,不能继续...；不能老是...,表示情况紧迫，不能维持前项状态。,時間がないので、休ん（ではいられない）。,因为没时间，不能再休息了。,同类或相近表达请结合原书相似语法页复习。,状态/紧迫,batch_01,日语蓝宝书_N2__part_01-14.png,toc_or_heading,50,auto_completed,,jp_grammar N2 日语蓝宝书_N2 batch_01 kept_needs_explanation auto_completed
d0c1a121e061108f,N2,日语蓝宝书_N2,～ てばかりはいられない / てばかりもいられない,～ てばかりはいられない/てばかりもいられない,普通形 + か,刚刚；光是,可表示动作刚完成，也可表示限定或偏向。,彼が来る（か）分かりません。,不知道他是否会来。,同类或相近表达请结合原书相似语法页复习。,时间/限定,batch_01,日语蓝宝书_N2__part_01-14.png,toc_or_heading,75,auto_enriched,,jp_grammar N2 日语蓝宝书_N2 batch_01 auto_enriched auto_completed
523564c428336446,N2,日语蓝宝书_N2,～ てはじめて ～ ということだ,～ てはじめて,動詞て形 + はじめて,在...之后才,表示做了前项之后，才第一次意识到或发生后项。,一人で暮らし（てはじめて）、親のありがたさが分かった。,一个人生活后，才明白父母的可贵。,同类或相近表达请结合原书相似语法页复习。,时间/发现,batch_01,日语蓝宝书_N2__part_01-14.png,toc_or_heading,50,auto_completed,,jp_grammar N2 日语蓝宝书_N2 batch_01 kept_needs_explanation auto_completed
9acc74257998771b,N2,日语蓝宝书_N2,～ てはじめて ～ ということだ,～ ということだ,普通形 + ということ,应该...；最好...,用于提出忠告或说明重要做法。,彼が来ない（ということ）は、忙しいのだろう。,他不来这件事，说明大概很忙吧。,同类或相近表达请结合原书相似语法页复习。,建议,batch_01,日语蓝宝书_N2__part_01-14.png,toc_or_heading,65,auto_enriched,,jp_grammar N2 日语蓝宝书_N2 batch_01 auto_enriched auto_completed
4e706a82efda71b2,N2,日语蓝宝书_N2,～ というものではない / というものでもない,～ というものではない/というものでもない,名詞 + という,因为...,表示原因理由，语气比から更客观、柔和。,田中さん（という）人から電話がありました。,有个叫田中的人打来了电话。,同类或相近表达请结合原书相似语法页复习。,原因,batch_01,日语蓝宝书_N2__part_01-14.png,toc_or_heading,75,auto_enriched,,jp_grammar N2 日语蓝宝书_N2 batch_01 auto_enriched auto_completed
c1be089dbeda1acb,N2,日语蓝宝书_N2,～ というより,～ というより,普通形 + というより,与其说...不如说,用于修正前面的说法，提出更恰当的表达。,彼は忙しい（というより）、疲れすぎている。,与其说他忙，不如说他太累了。,同类或相近表达请结合原书相似语法页复习。,说明/修正,batch_01,日语蓝宝书_N2__part_01-14.png,toc_or_heading,50,auto_completed,,jp_grammar N2 日语蓝宝书_N2 batch_01 kept_needs_explanation auto_completed
8733125b98e023dc,N2,日语蓝宝书_N2,～ といっても ～ とおり ( に ) / どおり ( に ),～ といっても,動詞て形 / い形容詞くて + も,虽说...但其实...,对前项表达进行补充限定，说明程度并没有想象中那么高。,雨が降っ（ても）、行きます。,即使下雨也去。,同类或相近表达请结合原书相似语法页复习。,让步/限定,batch_01,日语蓝宝书_N2__part_01-14.png,toc_or_heading,50,auto_enriched,,jp_grammar N2 日语蓝宝书_N2 batch_01 auto_enriched auto_completed
723715390d446b2a,N2,日语蓝宝书_N2,～ といっても ～ とおり ( に ) / どおり ( に ),～ とおり(に)/どおり(に),接续：～ とおり(に)/どおり(に)。按原书条目和句中词形使用。,按照...；如...那样,表示后项按照前项所示的内容、方法或状态进行。,この文では（とおり(に)）の使い方を確認します。,这句话用于确认“～ とおり(に)/どおり(に)”的用法。,同类或相近表达请结合原书相似语法页复习。,依据,batch_01,日语蓝宝书_N2__part_01-14.png,toc_or_heading,50,auto_enriched,,jp_grammar N2 日语蓝宝书_N2 batch_01 auto_enriched auto_completed
1baa2b2badc37d76,N2,日语蓝宝书_N2,～ とか,～ とか,名詞 / 普通形 + とか,...啦...啦；听说...,口语中用于列举，或表示传闻。,週末は映画（とか）買い物（とか）をします。,周末看电影啦购物啦。,同类或相近表达请结合原书相似语法页复习。,列举/传闻,batch_01,日语蓝宝书_N2__part_01-14.png,toc_or_heading,50,auto_completed,,jp_grammar N2 日语蓝宝书_N2 batch_01 kept_needs_explanation auto_completed
006e9811608a1b32,N2,日语蓝宝书_N2,～ どころか ～ ところだった,～ どころか,普通形 / 名詞 + どころか,别说...就连；不但不...反而,表示实际情况与前项程度相差很大，常用于强调。,漢字（どころか）、ひらがなもまだ読めません。,别说汉字了，连平假名还读不了。,同类或相近表达请结合原书相似语法页复习。,递进/反差,batch_01,日语蓝宝书_N2__part_01-14.png,toc_or_heading,50,auto_completed,,jp_grammar N2 日语蓝宝书_N2 batch_01 kept_needs_explanation auto_completed
f845c45af68fb0eb,N2,日语蓝宝书_N2,～ どころか ～ ところだった,～ ところだった,動詞辞書形 + ところだった,差点儿...,表示某事几乎发生但最后没有发生。,もう少しで電車に乗り遅れる（ところだった）。,差一点就赶不上电车了。,同类或相近表达请结合原书相似语法页复习。,临界,batch_01,日语蓝宝书_N2__part_01-14.png,toc_or_heading,65,auto_completed,,jp_grammar N2 日语蓝宝书_N2 batch_01 kept_needs_explanation auto_completed
279c019e30d08d17,N2,日语蓝宝书_N2,～ どころではない / どころではなく ・ ～ ところに / ところへ,～ どころではない/どころではなく,接续：～ どころではない/どころではなく。按原书条目和句中词形使用。,不是...的时候；哪能...,表示由于某种情况，根本没有余裕做前项。,この文では（どころではない）の使い方を確認します。,这句话用于确认“～ どころではない/どころではなく”的用法。,同类或相近表达请结合原书相似语法页复习。,否定/状态,batch_01,日语蓝宝书_N2__part_01-14.png,toc_or_heading,60,auto_enriched,,jp_grammar N2 日语蓝宝书_N2 batch_01 auto_enriched auto_completed
023b2562813ea16e,N2,日语蓝宝书_N2,～ どころではない / どころではなく ・ ～ ところに / ところへ,～ ところに/ところへ,接续：～ ところに/ところへ。按原书条目和句中词形使用。,正在...的时候,表示某动作或状态发生的时间点，后项多为突然发生的事情。,この文では（ところに）の使い方を確認します。,这句话用于确认“～ ところに/ところへ”的用法。,同类或相近表达请结合原书相似语法页复习。,时间,batch_01,日语蓝宝书_N2__part_01-14.png,toc_or_heading,65,auto_enriched,,jp_grammar N2 日语蓝宝书_N2 batch_01 auto_enriched auto_completed
410f5a6745e20fac,N2,日语蓝宝书_N2,～ ところを,～ ところを,動詞普通形 / い形容詞 / な形容詞な / 名詞の + ところを,在...的时候却；正当...之际,表示在某种场面下发生后项，多用于感谢、道歉或打扰。,お忙しい（ところを）、来てくださってありがとうございます。,您百忙之中前来，非常感谢。,同类或相近表达请结合原书相似语法页复习。,场面,batch_01,日语蓝宝书_N2__part_01-14.png,toc_or_heading,65,auto_completed,,jp_grammar N2 日语蓝宝书_N2 batch_01 kept_needs_explanation auto_completed
e37d345605c8b6d6,N2,日语蓝宝书_N2,としか言いようがない,としか言いようがない,普通形 + か,只；仅,与否定搭配，表示数量或范围少。,彼が来る（か）分かりません。,不知道他是否会来。,同类或相近表达请结合原书相似语法页复习。,限定,batch_01,日语蓝宝书_N2__part_01-14.png,toc_or_heading,30,needs_manual_review,,jp_grammar N2 日语蓝宝书_N2 batch_01 needs_manual_review auto_completed
977cd08290438a2d,N2,日语蓝宝书_N2,～ としたら / とすると / とすれば,～ としたら/とすると/とすれば,動詞ば形 / い形容詞ければ + ば,如果...的话,表示假定条件。,時間があれ（ば）、行きます。,如果有时间就去。,同类或相近表达请结合原书相似语法页复习。,假定,batch_01,日语蓝宝书_N2__part_01-14.png,toc_or_heading,60,auto_enriched,,jp_grammar N2 日语蓝宝书_N2 batch_01 auto_enriched auto_completed
63c6097e96034550,N2,日语蓝宝书_N2,～ とともに,～ とともに,名詞 + も,和...一起；随着...,可表示共同动作，也可表示两个变化同步发生。,私（も）行きます。,我也去。,同类或相近表达请结合原书相似语法页复习。,并列/变化,batch_01,日语蓝宝书_N2__part_01-14.png,toc_or_heading,50,auto_enriched,,jp_grammar N2 日语蓝宝书_N2 batch_01 auto_enriched auto_completed
6ac4311323755a63,N2,日语蓝宝书_N2,かぎ ～ とは限らない,～ とは限らない,接续：～ とは限らない。按原书条目和句中词形使用。,不一定...,表示不能断定总是如此。,この文では（とは限らない）の使い方を確認します。,这句话用于确认“～ とは限らない”的用法。,同类或相近表达请结合原书相似语法页复习。,部分否定,batch_01,日语蓝宝书_N2__part_01-14.png,toc_or_heading,50,auto_enriched,,jp_grammar N2 日语蓝宝书_N2 batch_01 auto_enriched auto_completed
d02719e8a9f9b0e8,N2,日语蓝宝书_N2,～ ないことには,～ ないことには,動詞ない形 + ことには,如果不...就不...,表示前项不成立，后项就无法成立。,実際に使ってみ（ないことには）、良さは分からない。,不实际用一下，就不知道好不好。,同类或相近表达请结合原书相似语法页复习。,条件,batch_01,日语蓝宝书_N2__part_01-14.png,toc_or_heading,65,auto_completed,,jp_grammar N2 日语蓝宝书_N2 batch_01 kept_needs_explanation auto_completed
0ea7b5d6a7fa7256,N2,日语蓝宝书_N2,～ に限って / に限り,～ に限って/に限り,接续：～ に限って/に限り。按原书条目和句中词形使用。,偏偏；唯独,表示特别限定某对象，常带意外或责备语气。,この文では（に限って）の使い方を確認します。,这句话用于确认“～ に限って/に限り”的用法。,同类或相近表达请结合原书相似语法页复习。,限定,batch_01,日语蓝宝书_N2__part_01-15.png,body_heading,60,auto_enriched,,jp_grammar N2 日语蓝宝书_N2 batch_01 auto_enriched auto_completed
d5791dbd4ff0692e,N2,日语蓝宝书_N2,( ) . かぎに限るにかけては / にかけても,(). かぎに限るにかけては/にかけても,普通形 + か,在...方面,表示在某方面特别优秀、突出或值得评价。,彼が来る（か）分かりません。,不知道他是否会来。,同类或相近表达请结合原书相似语法页复习。,范围/评价,batch_01,日语蓝宝书_N2__part_01-15.png,body_heading,25,needs_manual_review,,jp_grammar N2 日语蓝宝书_N2 batch_01 needs_manual_review auto_completed
b9b02a6fe4fc980b,N2,日语蓝宝书_N2,～ に従って / に従い ～ に先立って / に先立ち ・ ～ にしたら / にすれは / にしても,～ に従って/に従い,接续：～ に従って/に従い。按原书条目和句中词形使用。,随着；按照,表示随着前项变化后项也变化，或按规则行动。,この文では（に従って）の使い方を確認します。,这句话用于确认“～ に従って/に従い”的用法。,同类或相近表达请结合原书相似语法页复习。,变化/依据,batch_01,日语蓝宝书_N2__part_01-15.png,body_heading,60,auto_enriched,,jp_grammar N2 日语蓝宝书_N2 batch_01 auto_enriched auto_completed
5c00f65b7a06c576,N2,日语蓝宝书_N2,～ に従って / に従い ～ に先立って / に先立ち ・ ～ にしたら / にすれは / にしても,～ に先立って/に先立ち,名詞 / 動詞辞書形 + に先立って,在...之前；先于...,表示在重要事情开始之前先做某事。,出発（に先立って）、資料を確認した。,出发之前确认了资料。,同类或相近表达请结合原书相似语法页复习。,时间/准备,batch_01,日语蓝宝书_N2__part_01-15.png,body_heading,60,auto_completed,,jp_grammar N2 日语蓝宝书_N2 batch_01 kept_needs_explanation auto_completed
9f70b314a4406057,N2,日语蓝宝书_N2,～ に従って / に従い ～ に先立って / に先立ち ・ ～ にしたら / にすれは / にしても,～ にしたら/にすれは/にしても,動詞て形 / い形容詞くて + も,即使...也,表示让步条件。,雨が降っ（ても）、行きます。,即使下雨也去。,同类或相近表达请结合原书相似语法页复习。,让步,batch_01,日语蓝宝书_N2__part_01-15.png,body_heading,60,auto_completed,,jp_grammar N2 日语蓝宝书_N2 batch_01 kept_needs_explanation auto_completed
ec867739450763bc,N2,日语蓝宝书_N2,こしてはこしても / にせよ / にしろ,こしてはこしても/にせよ/にしろ,動詞て形 / い形容詞くて + も,即使...也,表示让步条件。,雨が降っ（ても）、行きます。,即使下雨也去。,同类或相近表达请结合原书相似语法页复习。,让步,batch_01,日语蓝宝书_N2__part_01-15.png,body_heading,25,auto_completed,,jp_grammar N2 日语蓝宝书_N2 batch_01 kept_needs_explanation auto_completed
3718bf12f832f61f,N2,日语蓝宝书_N2,～ につき ～ に ) 星し 、 なし 、 ～ に沿って / に沿った,～ につき,名詞 + につき,因为...；每...,可表示原因、告示理由，也可表示比例单位。,工事中（につき）、通行できません。,因施工中，不能通行。,同类或相近表达请结合原书相似语法页复习。,原因/比例,batch_01,日语蓝宝书_N2__part_01-15.png,body_heading,50,auto_completed,,jp_grammar N2 日语蓝宝书_N2 batch_01 kept_needs_explanation auto_completed
9e2f1833bad56bc7,N2,日语蓝宝书_N2,～ につき ～ に ) 星し 、 なし 、 ～ に沿って / に沿った,～ に)星し、なし、～ に沿って/に沿った,接续：～ に)星し、なし、～ に沿って/に沿った。按原书条目和句中词形使用。,沿着；按照,表示按照方针、路线、计划等进行。,この文では（に)星し、なし、～ に沿って）の使い方を確認します。,这句话用于确认“～ に)星し、なし、～ に沿って/に沿った”的用法。,同类或相近表达请结合原书相似语法页复习。,依据,batch_01,日语蓝宝书_N2__part_01-15.png,body_heading,60,auto_enriched,,jp_grammar N2 日语蓝宝书_N2 batch_01 auto_enriched auto_completed
65e01baa42cef2cc,N2,日语蓝宝书_N2,～ につけ / につけては / につけても,～ につけ/につけては/につけても,動詞辞書形 + につけ,每当...就；无论...还是,表示每次遇到某事都会产生后项感情，或列举对立情况。,この写真を見る（につけ）、故郷を思い出す。,每当看到这张照片，就想起故乡。,同类或相近表达请结合原书相似语法页复习。,时间/列举,batch_01,日语蓝宝书_N2__part_01-16.png,toc_or_heading,60,auto_completed,,jp_grammar N2 日语蓝宝书_N2 batch_01 kept_needs_explanation auto_completed
f4c0a2bcd0ecd130,N2,日语蓝宝书_N2,～ に伴って / に伴い / に伴う,～ に伴って/に伴い/に伴う,名詞 / 動詞辞書形 + に伴って,随着...；伴随...,表示前项变化发生时，后项也随之变化。,人口が増える（に伴って）、交通量も増えた。,随着人口增加，交通量也增加了。,同类或相近表达请结合原书相似语法页复习。,变化,batch_01,日语蓝宝书_N2__part_01-16.png,toc_or_heading,60,auto_completed,,jp_grammar N2 日语蓝宝书_N2 batch_01 kept_needs_explanation auto_completed
835fe314a006a9cb,N2,日语蓝宝书_N2,～ に反して / に反し / に反する,～ に反して/に反し/に反する,接续：～ に反して/に反し/に反する。按原书条目和句中词形使用。,与...相反,表示后项与预想、期待、规则等相反。,この文では（に反して）の使い方を確認します。,这句话用于确认“～ に反して/に反し/に反する”的用法。,同类或相近表达请结合原书相似语法页复习。,逆接,batch_01,日语蓝宝书_N2__part_01-16.png,toc_or_heading,60,auto_enriched,,jp_grammar N2 日语蓝宝书_N2 batch_01 auto_enriched auto_completed
9ceb267c48729cc6,N2,日语蓝宝书_N2,～ はもちろん / はもとより,～ はもちろん/はもとより,名詞 + はもちろん,不用说...；当然...,表示前项当然如此，后项也同样成立。,日本語（はもちろん）、英語も話せます。,日语不用说，英语也会说。,同类或相近表达请结合原书相似语法页复习。,递进,batch_01,日语蓝宝书_N2__part_01-16.png,toc_or_heading,50,auto_completed,,jp_grammar N2 日语蓝宝书_N2 batch_01 kept_needs_explanation auto_completed
39aa04f7dac52073,N2,日语蓝宝书_N2,～ ば ～ ほど ・ ・ ～ は別として ・ ～ はともかく ( として ) ～ ばかりに,～ ば,動詞ば形 / い形容詞ければ + ば,如果...；一...就,表示条件。,時間があれ（ば）、行きます。,如果有时间就去。,同类或相近表达请结合原书相似语法页复习。,条件,batch_01,日语蓝宝书_N2__part_01-16.png,toc_or_heading,50,auto_completed,,jp_grammar N2 日语蓝宝书_N2 batch_01 kept_needs_explanation auto_completed
4f18c86f3c75f156,N2,日语蓝宝书_N2,～ ば ～ ほど ・ ・ ～ は別として ・ ～ はともかく ( として ) ～ ばかりに,～ ほど・,接续：～ ほど・。按原书条目和句中词形使用。,程度；越...越...,表示程度、比较基准或递进变化。,この文では（ほど）の使い方を確認します。,这句话用于确认“～ ほど・”的用法。,同类或相近表达请结合原书相似语法页复习。,程度/比较,batch_01,日语蓝宝书_N2__part_01-16.png,toc_or_heading,50,auto_enriched,,jp_grammar N2 日语蓝宝书_N2 batch_01 auto_enriched auto_completed
1316e00dda716ed1,N2,日语蓝宝书_N2,～ ば ～ ほど ・ ・ ～ は別として ・ ～ はともかく ( として ) ～ ばかりに,～ は別として,名詞 + は別として,暂且不论...,表示先把前项排除在讨论之外，再谈后项。,値段（は別として）、品質はとてもいい。,价格暂且不论，质量很好。,同类或相近表达请结合原书相似语法页复习。,话题,batch_01,日语蓝宝书_N2__part_01-16.png,toc_or_heading,50,auto_completed,,jp_grammar N2 日语蓝宝书_N2 batch_01 kept_needs_explanation auto_completed
b6d21f88dae122bd,N2,日语蓝宝书_N2,～ ば ～ ほど ・ ・ ～ は別として ・ ～ はともかく ( として ) ～ ばかりに,～ はともかく(として)～ ばかりに,名詞 + として,正因为...才,表示由于前项原因导致不理想结果，带后悔语气。,彼は代表（として）、会議に出た。,他作为代表出席了会议。,同类或相近表达请结合原书相似语法页复习。,原因,batch_01,日语蓝宝书_N2__part_01-16.png,toc_or_heading,65,auto_enriched,,jp_grammar N2 日语蓝宝书_N2 batch_01 auto_enriched auto_completed
98176348adb2c262,N2,日语蓝宝书_N2,～ まま ( に ),～ まま(に),接续：～ まま(に)。按原书条目和句中词形使用。,保持...状态,表示前项状态不变，直接进行后项或持续下去。,この文では（まま(に)）の使い方を確認します。,这句话用于确认“～ まま(に)”的用法。,同类或相近表达请结合原书相似语法页复习。,状态持续,batch_01,日语蓝宝书_N2__part_01-16.png,toc_or_heading,50,auto_enriched,,jp_grammar N2 日语蓝宝书_N2 batch_01 auto_enriched auto_completed
a4f0af236049db4e,N2,日语蓝宝书_N2,～ もかまわず,～ もかまわず,名詞 + もかまわず,不顾...；不管...,表示不顾前项情况继续做后项。,雨（もかまわず）、試合は続いた。,不顾下雨，比赛继续了。,同类或相近表达请结合原书相似语法页复习。,无视/让步,batch_01,日语蓝宝书_N2__part_01-17.png,body_heading,50,auto_completed,,jp_grammar N2 日语蓝宝书_N2 batch_01 kept_needs_explanation auto_completed
0a861648a0c6a826,N2,日语蓝宝书_N2,( ) . ～ ものの,～ ものの,普通形 + ものの,虽然...但是,表示承认前项事实，但后项与预期不同。,免許は取った（ものの）、まだ運転に自信がない。,虽然拿到了驾照，但还没有驾驶信心。,同类或相近表达请结合原书相似语法页复习。,逆接,batch_01,日语蓝宝书_N2__part_01-17.png,body_heading,65,auto_completed,,jp_grammar N2 日语蓝宝书_N2 batch_01 kept_needs_explanation auto_completed
6851e3d7e51d76e5,N2,日语蓝宝书_N2,～ をもとに ( して ),～ をもとに(して),名詞 + をもとに,以...为基础,表示以后项为依据或素材进行创作、判断。,実話（をもとに）、映画が作られた。,电影是以真实故事为基础制作的。,同类或相近表达请结合原书相似语法页复习。,依据,batch_01,日语蓝宝书_N2__part_01-17.png,body_heading,50,auto_completed,,jp_grammar N2 日语蓝宝书_N2 batch_01 kept_needs_explanation auto_completed
fb6622e254c73683,N2,日语蓝宝书_N2,～ を問わず / は問わず,～ を問わず/は問わず,接续：～ を問わず/は問わず。按原书条目和句中词形使用。,不论...,表示不把前项作为限制条件。,この文では（を問わず）の使い方を確認します。,这句话用于确认“～ を問わず/は問わず”的用法。,同类或相近表达请结合原书相似语法页复习。,无条件,batch_01,日语蓝宝书_N2__part_01-17.png,body_heading,50,auto_enriched,,jp_grammar N2 日语蓝宝书_N2 batch_01 auto_enriched auto_completed
3b09bcb24c5051ab,N2,日语蓝宝书_N2,～ を通じて / を通して ・ ・ ～ を中心に / を中心にして / を中心として,～ を通じて/を通して・,接续：～ を通じて/を通して・。按原书条目和句中词形使用。,通过；整个期间,表示手段媒介，或在整个时间范围内。,この文では（を通じて）の使い方を確認します。,这句话用于确认“～ を通じて/を通して・”的用法。,同类或相近表达请结合原书相似语法页复习。,手段/期间,batch_01,日语蓝宝书_N2__part_01-17.png,body_heading,60,auto_enriched,,jp_grammar N2 日语蓝宝书_N2 batch_01 auto_enriched auto_completed
340828646d8b90f2,N2,日语蓝宝书_N2,～ を通じて / を通して ・ ・ ～ を中心に / を中心にして / を中心として,～ を中心に/を中心にして/を中心として,名詞 + を中心に,以...为中心,表示围绕某人、某事物展开。,駅前（を中心に）、店が増えている。,以车站前为中心，店铺正在增加。,同类或相近表达请结合原书相似语法页复习。,范围/中心,batch_01,日语蓝宝书_N2__part_01-17.png,body_heading,60,auto_completed,,jp_grammar N2 日语蓝宝书_N2 batch_01 kept_needs_explanation auto_completed
2fa62dfe1a7f3a33,N2,日语蓝宝书_N2,～ わりに / わりには ・ ・ ～ わけにはいかない / わけにもいかない,～ わりに/わりには・,普通形 / 名詞の + わりに,虽然...却；比起...算是,表示按前项标准来看，后项程度出乎意料。,値段の（わりに）、品質がいい。,按价格来说，质量不错。,同类或相近表达请结合原书相似语法页复习。,评价/逆接,batch_01,日语蓝宝书_N2__part_01-17.png,body_heading,50,auto_completed,,jp_grammar N2 日语蓝宝书_N2 batch_01 kept_needs_explanation auto_completed
0dec4cb4b1b94979,N2,日语蓝宝书_N2,～ わりに / わりには ・ ・ ～ わけにはいかない / わけにもいかない,～ わけにはいかない/わけにもいかない,動詞辞書形 + わけにはいかない,不能...；不可以...,表示从常识、责任或心理上不能做某事。,大事な会議なので、休む（わけにはいかない）。,因为是重要会议，不能休息。,同类或相近表达请结合原书相似语法页复习。,禁止/责任,batch_01,日语蓝宝书_N2__part_01-17.png,body_heading,75,auto_completed,,jp_grammar N2 日语蓝宝书_N2 batch_01 kept_needs_explanation auto_completed
52b8f58dc1ab05a3,N2,日语蓝宝书_N2,～ あまり ( に ) 動辞書形 / ナ形語幹ーな / 名ーの + あまり ( に ),～ あまり(に)動,辞書形/ナ形語幹な/名の+あまり(に),过于...而,表示程度过高，由此引出后面的状态或结果。,この文では（あまり(に)動）の使い方を確認します。,这句话用于确认“～ あまり(に)動”的用法。,同类或相近表达请结合原书相似语法页复习。,程度/原因,batch_01,日语蓝宝书_N2__part_01-19.png,body_heading,50,auto_enriched,,jp_grammar N2 日语蓝宝书_N2 batch_01 auto_enriched auto_completed
fa77ed25e33fef8f,N2,日语蓝宝书_N2,～ 以主 ( は ),～ 以主(は),接续：～ 以主(は)。按原书条目和句中词形使用。,表示「以主(は)」这一语法形式或助词用法,用于练习「～ 以主(は)」在句中的形式和基本功能；具体语义需结合前后文判断。,この文では（以主(は)）の使い方を確認します。,这句话用于确认“～ 以主(は)”的用法。,同类或相近表达请结合原书相似语法页复习。,形式/用法,batch_01,日语蓝宝书_N2__part_01-19.png,body_heading,50,auto_completed,,jp_grammar N2 日语蓝宝书_N2 batch_01 kept_needs_explanation auto_completed
e1c25c4c0a990e8e,N2,日语蓝宝书_N2,ナ形語幹 / 名+である+以上 ( は ) 接続動 / ナ形 / イ形の名詞修飾形+以上 ( は ),ナ形語幹/名+である+以上(は),名詞修飾形+以上(は),既然...就,表示在前项事实成立的前提下，后项是说话人认为当然的判断或义务。,この文では（ナ形語幹）の使い方を確認します。,这句话用于确认“ナ形語幹/名+である+以上(は)”的用法。,同类或相近表达请结合原书相似语法页复习。,条件/判断,batch_01,日语蓝宝书_N2__part_01-19.png,body_heading,25,needs_manual_review,,jp_grammar N2 日语蓝宝书_N2 batch_01 needs_manual_review auto_completed
8d680cd973129bc8,N2,日语蓝宝书_N2,"き与 「 ～ 以上 」 的用法相詞 , “ 既然 ・ ・ ・ ・ ・ ・ ” 的浯气比 「 ～ 以上 」 更強烈 。","き与「～ 以上」的用法相詞 , “ 既然・・・・・・” 的語气比「～ 以上」更強烈。","接续：き与「～ 以上」的用法相詞 , “ 既然・・・・・・” 的語气比「～ 以上」更強烈。。按原书条目和句中词形使用。",既然...就,表示在前项事实成立的前提下，后项是说话人认为当然的判断或义务。,"この文では（き与「～ 以上」的用法相詞 , “ 既然・・・・・・” 的語气比「～ 以上」更強烈）の使い方を確認します。","这句话用于确认“き与「～ 以上」的用法相詞 , “ 既然・・・・・・” 的語气比「～ 以上」更強烈。”的用法。",同类或相近表达请结合原书相似语法页复习。,条件/判断,batch_01,日语蓝宝书_N2__part_01-21.png,toc_or_heading,20,needs_manual_review,,jp_grammar N2 日语蓝宝书_N2 batch_01 needs_manual_review auto_completed
ed47564df4ae0749,N2,日语蓝宝书_N2,～ うちは動普通形 / イ形 + うちは,～ うちは動,普通形/イ形+うちは,在...期间,表示某状态持续的期间内发生或应该做某事。,この文では（うちは動）の使い方を確認します。,这句话用于确认“～ うちは動”的用法。,同类或相近表达请结合原书相似语法页复习。,时间,batch_01,日语蓝宝书_N2__part_01-22.png,body_heading,50,auto_enriched,,jp_grammar N2 日语蓝宝书_N2 batch_01 auto_enriched auto_completed
413265197cfda4c5,N2,日语蓝宝书_N2,～ ( よ ) うではないか ( よ ) うしゃないか動意向形+ではないか / じゃないか,～(よ)うではないか(よ)うしゃないか動意向形+ではないか/じゃないか,普通形 + か,让我们...吧,表示号召、提议大家一起做某事，书面或演说语气较强。,彼が来る（か）分かりません。,不知道他是否会来。,同类或相近表达请结合原书相似语法页复习。,劝诱,batch_01,日语蓝宝书_N2__part_01-23.png,body_heading,90,auto_enriched,,jp_grammar N2 日语蓝宝书_N2 batch_01 auto_enriched auto_completed
ea8e28bccae6c591,N2,日语蓝宝书_N2,小学生のうちをていあんさいよう,小学生のうちをていあんさいよう,普通形 + の,名词化；所属；说明,可表示所属、名词化，或替代前面提到的名词。,走る（の）が好きです。,我喜欢跑步。,同类或相近表达请结合原书相似语法页复习。,名词化/助词,batch_01,日语蓝宝书_N2__part_01-24.png,body_heading,30,auto_completed,,jp_grammar N2 日语蓝宝书_N2 batch_01 kept_needs_explanation auto_completed
8a5727000d47f6b5,N2,日语蓝宝书_N2,考え ) 、 セキュリティーソフトは欠かせないものだ,考え)、セキュリティーソフトは欠かせないものだ,普通形 + のだ / んだ,说明原因/强调判断,用于说明背景、理由或强调说话人的判断。,今日は学校へ行かない（んだ）。,今天不去学校。,同类或相近表达请结合原书相似语法页复习。,说明,batch_01,日语蓝宝书_N2__part_01-24.png,body_heading,30,auto_completed,,jp_grammar N2 日语蓝宝书_N2 batch_01 kept_needs_explanation auto_completed
567639760a23e672,N2,日语蓝宝书_N2,故障したことがない,故障したことがない,名詞 + が / 普通形 + が,但是；主语标记,可表示主语，也可连接前后相反或铺垫内容。,値段は高い（が）、品質はいい。,价格高，但是质量好。,同类或相近表达请结合原书相似语法页复习。,助词/逆接,batch_01,日语蓝宝书_N2__part_01-26.png,body_heading,30,auto_completed,,jp_grammar N2 日语蓝宝书_N2 batch_01 kept_needs_explanation auto_completed
f2daf7ade89ade0b,N2,日语蓝宝书_N2,帰るようにしてください,帰るようにしてください,接续：帰るようにしてください。按原书条目和句中词形使用。,请...,用于请求对方做某事。,この文では（帰るようにしてください）の使い方を確認します。,这句话用于确认“帰るようにしてください”的用法。,同类或相近表达请结合原书相似语法页复习。,请求,batch_01,日语蓝宝书_N2__part_01-26.png,body_heading,30,needs_manual_review,,jp_grammar N2 日语蓝宝书_N2 batch_01 needs_manual_review auto_completed
da7b0736e486b734,N2,日语蓝宝书_N2,自立したばかりに,自立したばかりに,普通形 + か,正因为...才,表示由于前项原因导致不理想结果，带后悔语气。,彼が来る（か）分かりません。,不知道他是否会来。,同类或相近表达请结合原书相似语法页复习。,原因,batch_01,日语蓝宝书_N2__part_01-26.png,body_heading,30,needs_manual_review,,jp_grammar N2 日语蓝宝书_N2 batch_01 needs_manual_review auto_completed
60ddd11cc9b54d25,N2,日语蓝宝书_N2,わけでこ亠め,わけでこ亠め,接续：わけでこ亠め。按原书条目和句中词形使用。,表示「わけでこ亠め」这一语法形式或助词用法,用于练习「わけでこ亠め」在句中的形式和基本功能；具体语义需结合前后文判断。,この文では（わけでこ亠め）の使い方を確認します。,这句话用于确认“わけでこ亠め”的用法。,同类或相近表达请结合原书相似语法页复习。,形式/用法,batch_01,日语蓝宝书_N2__part_01-26.png,body_heading,30,auto_completed,,jp_grammar N2 日语蓝宝书_N2 batch_01 kept_needs_explanation auto_completed
9c3121abb07f102e,N3,日语蓝宝书_N3,～ 間 / 間に,～ 間/間に,動詞普通形 / 名詞の + 間に,在...期间；趁...,表示在某段时间范围内发生或完成后项。,子どもが寝ている（間に）、掃除をした。,趁孩子睡着的时候打扫了卫生。,同类或相近表达请结合原书相似语法页复习。,时间,batch_01,日语蓝宝书_N3__part_01-11.png,body_heading,50,auto_completed,,jp_grammar N3 日语蓝宝书_N3 batch_01 kept_needs_explanation auto_completed
96ddbd57a843cf0a,N3,日语蓝宝书_N3,～ いし 、 / よい,～ いし、/よい,接续：～ いし、/よい。按原书条目和句中词形使用。,表示「いし」这一语法形式或助词用法,用于练习「～ いし、/よい」在句中的形式和基本功能；具体语义需结合前后文判断。,この文では（いし）の使い方を確認します。,这句话用于确认“～ いし、/よい”的用法。,同类或相近表达请结合原书相似语法页复习。,形式/用法,batch_01,日语蓝宝书_N3__part_01-11.png,body_heading,50,auto_completed,,jp_grammar N3 日语蓝宝书_N3 batch_01 kept_needs_explanation auto_completed
ecc583517f492aea,N3,日语蓝宝书_N3,～ 以上 ( は ),～ 以上(は),接续：～ 以上(は)。按原书条目和句中词形使用。,既然...就,表示在前项事实成立的前提下，后项是说话人认为当然的判断或义务。,この文では（以上(は)）の使い方を確認します。,这句话用于确认“～ 以上(は)”的用法。,同类或相近表达请结合原书相似语法页复习。,条件/判断,batch_01,日语蓝宝书_N3__part_01-11.png,body_heading,50,auto_enriched,,jp_grammar N3 日语蓝宝书_N3 batch_01 auto_enriched auto_completed
17ceee880bed0fb1,N3,日语蓝宝书_N3,～ 上 ( に ),～ 上(に),接续：～ 上(に)。按原书条目和句中词形使用。,表示「上(に)」这一语法形式或助词用法,用于练习「～ 上(に)」在句中的形式和基本功能；具体语义需结合前后文判断。,この文では（上(に)）の使い方を確認します。,这句话用于确认“～ 上(に)”的用法。,同类或相近表达请结合原书相似语法页复习。,形式/用法,batch_01,日语蓝宝书_N3__part_01-11.png,body_heading,50,auto_completed,,jp_grammar N3 日语蓝宝书_N3 batch_01 kept_needs_explanation auto_completed
df2b5fbc61039541,N3,日语蓝宝书_N3,～ 上で / 上での,～ 上で/上での,普通形 + の,在...之后；在...方面,表示先完成前项再做后项，也可表示从某个方面来看。,走る（の）が好きです。,我喜欢跑步。,同类或相近表达请结合原书相似语法页复习。,时间/范围,batch_01,日语蓝宝书_N3__part_01-11.png,body_heading,50,auto_enriched,,jp_grammar N3 日语蓝宝书_N3 batch_01 auto_enriched auto_completed
772f0dabd0b7587d,N3,日语蓝宝书_N3,～ 上で ( は ) / 上での ・ ～ うちに / うちは,～ 上で(は)/上での,普通形 + の,在...之后；在...方面,表示先完成前项再做后项，也可表示从某个方面来看。,走る（の）が好きです。,我喜欢跑步。,同类或相近表达请结合原书相似语法页复习。,时间/范围,batch_01,日语蓝宝书_N3__part_01-11.png,body_heading,50,auto_enriched,,jp_grammar N3 日语蓝宝书_N3 batch_01 auto_enriched auto_completed
5394fb2ca76b649d,N3,日语蓝宝书_N3,～ 上で ( は ) / 上での ・ ～ うちに / うちは,～ うちに/うちは,接续：～ うちに/うちは。按原书条目和句中词形使用。,趁着...；在...期间,表示在某状态没有改变之前做某事，或在某期间内发生变化。,この文では（うちに）の使い方を確認します。,这句话用于确认“～ うちに/うちは”的用法。,同类或相近表达请结合原书相似语法页复习。,时间,batch_01,日语蓝宝书_N3__part_01-11.png,body_heading,50,auto_enriched,,jp_grammar N3 日语蓝宝书_N3 batch_01 auto_enriched auto_completed
95b92e62798cc2c4,N3,日语蓝宝书_N3,(). ～ おかげで / おかげだ,～ おかげで/おかげだ,普通形 + か,多亏；幸亏,表示由于前项原因而得到好的结果，有时也可反讽。,彼が来る（か）分かりません。,不知道他是否会来。,同类或相近表达请结合原书相似语法页复习。,原因,batch_01,日语蓝宝书_N3__part_01-11.png,body_heading,50,auto_enriched,,jp_grammar N3 日语蓝宝书_N3 batch_01 auto_enriched auto_completed
22b480dc370f8e7b,N3,日语蓝宝书_N3,～ おきにおそ,～ おきにおそ,数量詞 + おきに,每隔...,表示按一定间隔反复发生。,一日（おきに）、ジョギングをしている。,每隔一天慢跑。,同类或相近表达请结合原书相似语法页复习。,间隔,batch_01,日语蓝宝书_N3__part_01-11.png,body_heading,50,auto_completed,,jp_grammar N3 日语蓝宝书_N3 batch_01 kept_needs_explanation auto_completed
58ec002ba3087de4,N3,日语蓝宝书_N3,～ 恐れがある,～ 恐れがある,名詞 + が / 普通形 + が,有...的恐怕/可能,表示可能发生不好的事情，语气较正式。,値段は高い（が）、品質はいい。,价格高，但是质量好。,同类或相近表达请结合原书相似语法页复习。,可能/担心,batch_01,日语蓝宝书_N3__part_01-11.png,body_heading,50,auto_enriched,,jp_grammar N3 日语蓝宝书_N3 batch_01 auto_enriched auto_completed
f807fbad6fb554f6,N3,日语蓝宝书_N3,～ がする ～ がたい,～ がする,名詞 + がする,有...的感觉/声音/气味,表示感官感受到某种声音、气味、味道或感觉。,台所からいい匂い（がする）。,厨房传来好闻的味道。,同类或相近表达请结合原书相似语法页复习。,感官,batch_01,日语蓝宝书_N3__part_01-11.png,body_heading,50,auto_completed,,jp_grammar N3 日语蓝宝书_N3 batch_01 kept_needs_explanation auto_completed
f6e080749a8b9173,N3,日语蓝宝书_N3,～ がする ～ がたい,～ がたい,人を表す名詞 + がた,难以...,表示从心理或事实角度很难做到。,先生（がた）に相談します。,向各位老师商量。,同类或相近表达请结合原书相似语法页复习。,困难,batch_01,日语蓝宝书_N3__part_01-11.png,body_heading,50,auto_enriched,,jp_grammar N3 日语蓝宝书_N3 batch_01 auto_enriched auto_completed
cc34ad66d7c7b9df,N3,日语蓝宝书_N3,～ がちだ / がちで / がちの / がちな,～ がちだ/がちで/がちの/がちな,名詞 + が / 普通形 + が,容易...；常常...,表示容易出现某种倾向，多用于不好的情况。,値段は高い（が）、品質はいい。,价格高，但是质量好。,同类或相近表达请结合原书相似语法页复习。,倾向,batch_01,日语蓝宝书_N3__part_01-11.png,body_heading,50,auto_enriched,,jp_grammar N3 日语蓝宝书_N3 batch_01 auto_enriched auto_completed
67304bb86ed3afa3,N3,日语蓝宝书_N3,～ かどうか / か ～ か何か,～ かどうか/か,普通形 + か,是否...,表示不确定，需要确认是还是不是。,彼が来る（か）分かりません。,不知道他是否会来。,同类或相近表达请结合原书相似语法页复习。,疑问,batch_01,日语蓝宝书_N3__part_01-11.png,body_heading,50,auto_enriched,,jp_grammar N3 日语蓝宝书_N3 batch_01 auto_enriched auto_completed
07590a8499ef196d,N3,日语蓝宝书_N3,～ かどうか / か ～ か何か,～ か何か,普通形 + か,...之类的,表示不确定地举出一个例子。,彼が来る（か）分かりません。,不知道他是否会来。,同类或相近表达请结合原书相似语法页复习。,举例,batch_01,日语蓝宝书_N3__part_01-11.png,body_heading,50,auto_enriched,,jp_grammar N3 日语蓝宝书_N3 batch_01 auto_enriched auto_completed
30c70ad2cc6edcac,N3,日语蓝宝书_N3,～ かもしれない,～ かもしれない,普通形 + か,也许；可能,表示可能性不高但不能排除。,彼が来る（か）分かりません。,不知道他是否会来。,同类或相近表达请结合原书相似语法页复习。,推量,batch_01,日语蓝宝书_N3__part_01-11.png,body_heading,50,auto_enriched,,jp_grammar N3 日语蓝宝书_N3 batch_01 auto_enriched auto_completed
4ca250ecc63b09bb,N3,日语蓝宝书_N3,～ から ～ から言うと / から言えば / から言って,～ から,普通形 + か,因为；从,可表示原因，也可表示时间或空间起点。,彼が来る（か）分かりません。,不知道他是否会来。,同类或相近表达请结合原书相似语法页复习。,原因/起点,batch_01,日语蓝宝书_N3__part_01-11.png,body_heading,50,auto_enriched,,jp_grammar N3 日语蓝宝书_N3 batch_01 auto_enriched auto_completed
a5acc69b03365fc9,N3,日语蓝宝书_N3,～ から ～ から言うと / から言えば / から言って,～ から言うと/から言えば/から言って,普通形 + か,是否；或者；疑问,表示疑问、不确定或选择。,彼が来る（か）分かりません。,不知道他是否会来。,同类或相近表达请结合原书相似语法页复习。,疑问/选择,batch_01,日语蓝宝书_N3__part_01-11.png,body_heading,50,auto_completed,,jp_grammar N3 日语蓝宝书_N3 batch_01 kept_needs_explanation auto_completed
1b91d3efd1be76ed,N3,日语蓝宝书_N3,～ からして,～ からして,普通形 + か,单从...来看,举出一个代表性例子，暗示其他方面也同样如此。,彼が来る（か）分かりません。,不知道他是否会来。,同类或相近表达请结合原书相似语法页复习。,举例/判断,batch_01,日语蓝宝书_N3__part_01-11.png,body_heading,50,auto_enriched,,jp_grammar N3 日语蓝宝书_N3 batch_01 auto_enriched auto_completed
781f53bb00120a73,N3,日语蓝宝书_N3,～ からすると / からすれば,～ からすると/からすれば,普通形 + か,从...来看,表示以某信息、立场或情况为依据进行判断。,彼が来る（か）分かりません。,不知道他是否会来。,同类或相近表达请结合原书相似语法页复习。,判断,batch_01,日语蓝宝书_N3__part_01-11.png,body_heading,50,auto_enriched,,jp_grammar N3 日语蓝宝书_N3 batch_01 auto_enriched auto_completed
316e9d87cd88baab,N3,日语蓝宝书_N3,～ から ～ にかけて,～ にかけて,普通形 + か,在...方面,表示在某方面特别优秀、突出或值得评价。,彼が来る（か）分かりません。,不知道他是否会来。,同类或相近表达请结合原书相似语法页复习。,范围/评价,batch_01,日语蓝宝书_N3__part_01-12.png,body_heading,50,auto_enriched,,jp_grammar N3 日语蓝宝书_N3 batch_01 auto_enriched auto_completed
2cf5871923ac9c76,N3,日语蓝宝书_N3,～ から見ると / から見れば / から見て,～ から見ると/から見れば/から見て,普通形 + か,从...来看,表示从某个角度观察或判断。,彼が来る（か）分かりません。,不知道他是否会来。,同类或相近表达请结合原书相似语法页复习。,判断,batch_01,日语蓝宝书_N3__part_01-12.png,body_heading,50,auto_enriched,,jp_grammar N3 日语蓝宝书_N3 batch_01 auto_enriched auto_completed
bd6e708115087c2f,N3,日语蓝宝书_N3,～ がる,～ がる,い形容詞語幹 / な形容詞語幹 + がる,表现出...的样子,用于第三人称表现出的感情或感觉。,弟は犬を怖（がる）。,弟弟表现得害怕狗。,同类或相近表达请结合原书相似语法页复习。,样态,batch_01,日语蓝宝书_N3__part_01-12.png,body_heading,50,auto_completed,,jp_grammar N3 日语蓝宝书_N3 batch_01 kept_needs_explanation auto_completed
748b076be6e21e94,N3,日语蓝宝书_N3,～ 代わりに,～ 代わりに,普通形 / 名詞の + わりに,代替；作为交换,表示替代前项，或用后项作为补偿、交换。,値段の（わりに）、品質がいい。,按价格来说，质量不错。,同类或相近表达请结合原书相似语法页复习。,替代/交换,batch_01,日语蓝宝书_N3__part_01-12.png,body_heading,50,auto_enriched,,jp_grammar N3 日语蓝宝书_N3 batch_01 auto_enriched auto_completed
f51a911f5d1dece2,N3,日语蓝宝书_N3,～ 気味,～ 気味,接续：～ 気味。按原书条目和句中词形使用。,有点...,表示稍微带有某种不太好的倾向。,この文では（気味）の使い方を確認します。,这句话用于确认“～ 気味”的用法。,同类或相近表达请结合原书相似语法页复习。,倾向,batch_01,日语蓝宝书_N3__part_01-12.png,body_heading,50,auto_enriched,,jp_grammar N3 日语蓝宝书_N3 batch_01 auto_enriched auto_completed
419f37c689c04b37,N3,日语蓝宝书_N3,～ きる / きれる / きれない,～ きる/きれる/きれない,接续：～ きる/きれる/きれない。按原书条目和句中词形使用。,完全...；能/不能...完,表示动作彻底完成、可以完全做完或无法完全做完。,この文では（きる）の使い方を確認します。,这句话用于确认“～ きる/きれる/きれない”的用法。,同类或相近表达请结合原书相似语法页复习。,完成,batch_01,日语蓝宝书_N3__part_01-12.png,body_heading,50,auto_enriched,,jp_grammar N3 日语蓝宝书_N3 batch_01 auto_enriched auto_completed
6903e65cbcc7b95f,N3,日语蓝宝书_N3,～ くせに ～ くらい / ぐらい,～ くせに,接续：～ くせに。按原书条目和句中词形使用。,明明...却,表示责备或不满，认为后项与前项不相称。,この文では（くせに）の使い方を確認します。,这句话用于确认“～ くせに”的用法。,同类或相近表达请结合原书相似语法页复习。,逆接/责备,batch_01,日语蓝宝书_N3__part_01-12.png,body_heading,65,auto_enriched,,jp_grammar N3 日语蓝宝书_N3 batch_01 auto_enriched auto_completed
10da0bec76aef15b,N3,日语蓝宝书_N3,～ くせに ～ くらい / ぐらい,～ くらい/ぐらい,接续：～ くらい/ぐらい。按原书条目和句中词形使用。,大约；程度到...,表示大致数量、程度，或举出极端程度。,この文では（くらい）の使い方を確認します。,这句话用于确认“～ くらい/ぐらい”的用法。,同类或相近表达请结合原书相似语法页复习。,程度,batch_01,日语蓝宝书_N3__part_01-12.png,body_heading,50,auto_enriched,,jp_grammar N3 日语蓝宝书_N3 batch_01 auto_enriched auto_completed
7062625d24501c54,N3,日语蓝宝书_N3,こ / そ / あことがある / こともある,こ/そ/あことがある/こともある,名詞 + が / 普通形 + が,有时会；曾经,接现在形时表示有时发生；接た形时表示曾有过某经历。,値段は高い（が）、品質はいい。,价格高，但是质量好。,同类或相近表达请结合原书相似语法页复习。,经验/频率,batch_01,日语蓝宝书_N3__part_01-12.png,body_heading,30,needs_manual_review,,jp_grammar N3 日语蓝宝书_N3 batch_01 needs_manual_review auto_completed
8f2106763f4949e2,N3,日语蓝宝书_N3,ことができる,ことができる,動詞辞書形 + ことができる,能够...,表示能力或客观可能。,日本語でメールを書く（ことができる）。,能够用日语写邮件。,同类或相近表达请结合原书相似语法页复习。,可能,batch_01,日语蓝宝书_N3__part_01-12.png,body_heading,30,auto_completed,,jp_grammar N3 日语蓝宝书_N3 batch_01 kept_needs_explanation auto_completed
9c861591078da8c7,N3,日语蓝宝书_N3,ことに,ことに,感情形容詞 + ことに,令人...的是,表示说话人对后项事实的评价或感情。,うれしい（ことに）、全員が合格した。,令人高兴的是，全员都合格了。,同类或相近表达请结合原书相似语法页复习。,评价,batch_01,日语蓝宝书_N3__part_01-12.png,body_heading,30,auto_completed,,jp_grammar N3 日语蓝宝书_N3 batch_01 kept_needs_explanation auto_completed
b40d0657d273a7c0,N3,日语蓝宝书_N3,ことにする,ことにする,感情形容詞 + ことに,决定...,表示说话人或主语主动决定做某事。,うれしい（ことに）、全員が合格した。,令人高兴的是，全员都合格了。,同类或相近表达请结合原书相似语法页复习。,决定,batch_01,日语蓝宝书_N3__part_01-12.png,body_heading,30,needs_manual_review,,jp_grammar N3 日语蓝宝书_N3 batch_01 needs_manual_review auto_completed
a5a359e430597d2d,N3,日语蓝宝书_N3,ことになる,ことになる,感情形容詞 + ことに,变成；结果是,表示由外部情况决定，或推导出的结果。,うれしい（ことに）、全員が合格した。,令人高兴的是，全员都合格了。,同类或相近表达请结合原书相似语法页复习。,结果/决定,batch_01,日语蓝宝书_N3__part_01-12.png,body_heading,30,needs_manual_review,,jp_grammar N3 日语蓝宝书_N3 batch_01 needs_manual_review auto_completed
5814dc7218b8077a,N3,日语蓝宝书_N3,ことになっている,ことになっている,感情形容詞 + ことに,规定；预定,表示规则、安排或社会习惯上已经决定。,うれしい（ことに）、全員が合格した。,令人高兴的是，全员都合格了。,同类或相近表达请结合原书相似语法页复习。,规定/安排,batch_01,日语蓝宝书_N3__part_01-12.png,body_heading,30,needs_manual_review,,jp_grammar N3 日语蓝宝书_N3 batch_01 needs_manual_review auto_completed
4eb8d4443c9fcb81,N3,日语蓝宝书_N3,ことはない / こともない,ことはない/こともない,名詞 + も,没必要...,表示不需要做某事，用于安慰或建议。,私（も）行きます。,我也去。,同类或相近表达请结合原书相似语法页复习。,不必要,batch_01,日语蓝宝书_N3__part_01-12.png,body_heading,40,needs_manual_review,,jp_grammar N3 日语蓝宝书_N3 batch_01 needs_manual_review auto_completed
cb39ab02e5d64e40,N3,日语蓝宝书_N3,～ ささいちゅう,～ ささいちゅう,接续：～ ささいちゅう。按原书条目和句中词形使用。,表示「ささいちゅう」这一语法形式或助词用法,用于练习「～ ささいちゅう」在句中的形式和基本功能；具体语义需结合前后文判断。,この文では（ささいちゅう）の使い方を確認します。,这句话用于确认“～ ささいちゅう”的用法。,同类或相近表达请结合原书相似语法页复习。,形式/用法,batch_01,日语蓝宝书_N3__part_01-12.png,body_heading,50,auto_completed,,jp_grammar N3 日语蓝宝书_N3 batch_01 kept_needs_explanation auto_completed
b3dc9a23f1c24eef,N3,日语蓝宝书_N3,～ 最中に,～ 最中に,接续：～ 最中に。按原书条目和句中词形使用。,正在...的时候,表示某动作正在进行的中途。,この文では（最中に）の使い方を確認します。,这句话用于确认“～ 最中に”的用法。,同类或相近表达请结合原书相似语法页复习。,时间,batch_01,日语蓝宝书_N3__part_01-12.png,body_heading,50,auto_enriched,,jp_grammar N3 日语蓝宝书_N3 batch_01 auto_enriched auto_completed
b5473490c48bc44d,N3,日语蓝宝书_N3,～ さえ,～ さえ,名詞 + さえ,连...都；只要...,表示举出极端例子，或表示最低条件。,名前（さえ）書ければ大丈夫です。,只要能写名字就没问题。,同类或相近表达请结合原书相似语法页复习。,强调/条件,batch_01,日语蓝宝书_N3__part_01-12.png,body_heading,50,auto_completed,,jp_grammar N3 日语蓝宝书_N3 batch_01 kept_needs_explanation auto_completed
9993490bac397eb2,N3,日语蓝宝书_N3,～ さえ ～ ば ～ ( さ ) せられる,～ ば,動詞ば形 / い形容詞ければ + ば,如果...；一...就,表示条件。,時間があれ（ば）、行きます。,如果有时间就去。,同类或相近表达请结合原书相似语法页复习。,条件,batch_01,日语蓝宝书_N3__part_01-12.png,body_heading,50,auto_completed,,jp_grammar N3 日语蓝宝书_N3 batch_01 kept_needs_explanation auto_completed
fa0b08145074b59c,N3,日语蓝宝书_N3,～ さえ ～ ば ～ ( さ ) せられる,～(さ)せられる,接续：～(さ)せられる。按原书条目和句中词形使用。,表示「(さ)せられる」这一语法形式或助词用法,用于练习「～(さ)せられる」在句中的形式和基本功能；具体语义需结合前后文判断。,この文では（(さ)せられる）の使い方を確認します。,这句话用于确认“～(さ)せられる”的用法。,同类或相近表达请结合原书相似语法页复习。,形式/用法,batch_01,日语蓝宝书_N3__part_01-12.png,body_heading,50,auto_completed,,jp_grammar N3 日语蓝宝书_N3 batch_01 kept_needs_explanation auto_completed
f148da25e2d0faf6,N3,日语蓝宝书_N3,～ しか ～ ない,～ しか,普通形 + か,只；仅,与否定搭配，表示数量或范围少。,彼が来る（か）分かりません。,不知道他是否会来。,同类或相近表达请结合原书相似语法页复习。,限定,batch_01,日语蓝宝书_N3__part_01-12.png,body_heading,50,auto_enriched,,jp_grammar N3 日语蓝宝书_N3 batch_01 auto_enriched auto_completed
9fbc571d687f7cf3,N3,日语蓝宝书_N3,～ しか ～ ない,～ ない,接续：～ ない。按原书条目和句中词形使用。,表示「ない」这一语法形式或助词用法,用于练习「～ ない」在句中的形式和基本功能；具体语义需结合前后文判断。,この文では（ない）の使い方を確認します。,这句话用于确认“～ ない”的用法。,同类或相近表达请结合原书相似语法页复习。,形式/用法,batch_01,日语蓝宝书_N3__part_01-12.png,body_heading,50,auto_completed,,jp_grammar N3 日语蓝宝书_N3 batch_01 kept_needs_explanation auto_completed
35e471633a974777,N3,日语蓝宝书_N3,～ しかないしよう,～ しかないしよう,普通形 + か,只；仅,与否定搭配，表示数量或范围少。,彼が来る（か）分かりません。,不知道他是否会来。,同类或相近表达请结合原书相似语法页复习。,限定,batch_01,日语蓝宝书_N3__part_01-12.png,body_heading,65,auto_enriched,,jp_grammar N3 日语蓝宝书_N3 batch_01 auto_enriched auto_completed
b8c76bb71d28263a,N3,日语蓝宝书_N3,～ 上 / 上は / 上の,～ 上/上は/上の,普通形 + の,既然...就,表示既然事情已经到了前项这种情况，就必须采取后项态度或行动。,走る（の）が好きです。,我喜欢跑步。,同类或相近表达请结合原书相似语法页复习。,条件/义务,batch_01,日语蓝宝书_N3__part_01-12.png,body_heading,50,auto_enriched,,jp_grammar N3 日语蓝宝书_N3 batch_01 auto_enriched auto_completed
9185e7db139112ba,N3,日语蓝宝书_N3,～ ず ( に ),～ ず(に),接续：～ ず(に)。按原书条目和句中词形使用。,表示「ず(に)」这一语法形式或助词用法,用于练习「～ ず(に)」在句中的形式和基本功能；具体语义需结合前后文判断。,この文では（ず(に)）の使い方を確認します。,这句话用于确认“～ ず(に)”的用法。,同类或相近表达请结合原书相似语法页复习。,形式/用法,batch_01,日语蓝宝书_N3__part_01-12.png,body_heading,50,auto_completed,,jp_grammar N3 日语蓝宝书_N3 batch_01 kept_needs_explanation auto_completed
29d087d5f572a588,N3,日语蓝宝书_N3,～ 末 ( に ) / 末の,～ 末(に)/末の,普通形 + の,经过...之后,表示经过长时间或复杂过程后得出某结果。,走る（の）が好きです。,我喜欢跑步。,同类或相近表达请结合原书相似语法页复习。,结果,batch_01,日语蓝宝书_N3__part_01-13.png,body_heading,50,auto_enriched,,jp_grammar N3 日语蓝宝书_N3 batch_01 auto_enriched auto_completed
f7a9836f2fec8fcc,N3,日语蓝宝书_N3,～ すぎる,～ すぎる,動詞ます形 / い形容詞語幹 / な形容詞語幹 + すぎる,过于...,表示程度超过适当范围。,この料理は辛（すぎる）。,这道菜太辣了。,同类或相近表达请结合原书相似语法页复习。,程度,batch_01,日语蓝宝书_N3__part_01-13.png,body_heading,50,auto_completed,,jp_grammar N3 日语蓝宝书_N3 batch_01 kept_needs_explanation auto_completed
7568922d308a787a,N3,日语蓝宝书_N3,～ ずとも,～ ずとも,動詞ない形去ない + ずとも,即使不...也,书面语，表示不做前项也能成立后项。,言わ（ずとも）、気持ちは伝わる。,即使不说，心意也能传达。,同类或相近表达请结合原书相似语法页复习。,让步/否定,batch_01,日语蓝宝书_N3__part_01-13.png,body_heading,50,auto_completed,,jp_grammar N3 日语蓝宝书_N3 batch_01 kept_needs_explanation auto_completed
457a036e1c3fd994,N3,日语蓝宝书_N3,～ せいで / せいだ / せいか,～ せいで/せいだ/せいか,普通形 + か,都怪；因为,表示不好的结果由前项原因造成。,彼が来る（か）分かりません。,不知道他是否会来。,同类或相近表达请结合原书相似语法页复习。,原因,batch_01,日语蓝宝书_N3__part_01-13.png,body_heading,50,auto_enriched,,jp_grammar N3 日语蓝宝书_N3 batch_01 auto_enriched auto_completed
4ad92e4582ed915a,N3,日语蓝宝书_N3,～ せる / させる,～ せる/させる,動詞使役形 + せる / させる,让...；使...,表示使役，让别人做某事或使某事发生。,先生は学生に作文を書か（せる）。,老师让学生写作文。,同类或相近表达请结合原书相似语法页复习。,使役,batch_01,日语蓝宝书_N3__part_01-13.png,body_heading,50,auto_completed,,jp_grammar N3 日语蓝宝书_N3 batch_01 kept_needs_explanation auto_completed
422e694189c57e15,N3,日语蓝宝书_N3,～ ぞ,～ ぞ,接续：～ ぞ。按原书条目和句中词形使用。,表示「ぞ」这一语法形式或助词用法,用于练习「～ ぞ」在句中的形式和基本功能；具体语义需结合前后文判断。,この文では（ぞ）の使い方を確認します。,这句话用于确认“～ ぞ”的用法。,同类或相近表达请结合原书相似语法页复习。,形式/用法,batch_01,日语蓝宝书_N3__part_01-13.png,body_heading,50,auto_completed,,jp_grammar N3 日语蓝宝书_N3 batch_01 kept_needs_explanation auto_completed
960dd70c4ffd43b4,N3,日语蓝宝书_N3,～ そうにない / そうもない / そうではない,～ そうにない/そうもない/そうではない,動詞ます形 + そうにない,看起来不会...,表示从当前情况判断不太可能发生。,雨はすぐには止み（そうにない）。,雨看起来不会马上停。,同类或相近表达请结合原书相似语法页复习。,样态/推量,batch_01,日语蓝宝书_N3__part_01-13.png,body_heading,60,auto_completed,,jp_grammar N3 日语蓝宝书_N3 batch_01 kept_needs_explanation auto_completed
e424d4865c5c9ff6,N3,日语蓝宝书_N3,～ たいものだ,～ たいものだ,動詞ます形 + たいものだ,真想...；希望...,表示强烈愿望。,いつか富士山に登り（たいものだ）。,真想有一天登上富士山。,同类或相近表达请结合原书相似语法页复习。,愿望,batch_01,日语蓝宝书_N3__part_01-13.png,body_heading,65,auto_completed,,jp_grammar N3 日语蓝宝书_N3 batch_01 kept_needs_explanation auto_completed
1887e1148ddd45f7,N3,日语蓝宝书_N3,～ 後で ～ たきり ～ ない,～ 後で,動詞た形 / 名詞の + 後で,...之后,表示完成前项后再做后项。,宿題をした（後で）、ゲームをします。,做完作业后玩游戏。,同类或相近表达请结合原书相似语法页复习。,时间,batch_01,日语蓝宝书_N3__part_01-13.png,body_heading,50,auto_completed,,jp_grammar N3 日语蓝宝书_N3 batch_01 kept_needs_explanation auto_completed
b0e827dcd7d0a5e3,N3,日语蓝宝书_N3,～ 後で ～ たきり ～ ない,～ たきり,接续：～ たきり。按原书条目和句中词形使用。,自从...以后就一直...,表示某动作后，状态持续不变，常带有之后没有再发生的意思。,この文では（たきり）の使い方を確認します。,这句话用于确认“～ たきり”的用法。,同类或相近表达请结合原书相似语法页复习。,时间/持续,batch_01,日语蓝宝书_N3__part_01-13.png,body_heading,50,auto_enriched,,jp_grammar N3 日语蓝宝书_N3 batch_01 auto_enriched auto_completed
66ae62e248f29132,N3,日语蓝宝书_N3,～ だけでなく,～ だけでなく,普通形 + だけでなく,不但...而且,表示不仅前项成立，后项也成立。,彼は英語（だけでなく）、中国語も話せる。,他不但会英语，还会中文。,同类或相近表达请结合原书相似语法页复习。,递进,batch_01,日语蓝宝书_N3__part_01-13.png,body_heading,50,auto_completed,,jp_grammar N3 日语蓝宝书_N3 batch_01 kept_needs_explanation auto_completed
342e8d1fdfe74734,N3,日语蓝宝书_N3,～ だけでは,～ だけでは,名詞 / 普通形 + だけでは,只靠...的话,表示仅凭前项条件不够。,説明を聞く（だけでは）、分かりません。,只听说明的话不明白。,同类或相近表达请结合原书相似语法页复习。,限定,batch_01,日语蓝宝书_N3__part_01-13.png,body_heading,50,auto_completed,,jp_grammar N3 日语蓝宝书_N3 batch_01 kept_needs_explanation auto_completed
dff8778d5acc2956,N3,日语蓝宝书_N3,～ たことにする ～ たつもりで,～ たことにする,感情形容詞 + ことに,决定...,表示说话人或主语主动决定做某事。,うれしい（ことに）、全員が合格した。,令人高兴的是，全员都合格了。,同类或相近表达请结合原书相似语法页复习。,决定,batch_01,日语蓝宝书_N3__part_01-13.png,body_heading,65,auto_enriched,,jp_grammar N3 日语蓝宝书_N3 batch_01 auto_enriched auto_completed
2702904703d6f212,N3,日语蓝宝书_N3,～ たことにする ～ たつもりで,～ たつもりで,名詞 + も,打算；自以为,表示计划、意图，或说话人主观认为如此。,私（も）行きます。,我也去。,同类或相近表达请结合原书相似语法页复习。,意志/判断,batch_01,日语蓝宝书_N3__part_01-13.png,body_heading,65,auto_enriched,,jp_grammar N3 日语蓝宝书_N3 batch_01 auto_enriched auto_completed
b3d65d013fe0b6b0,N3,日语蓝宝书_N3,～ だって,～ だって,名詞 + だって,就连...也；因为...,口语，用于举例强调或说明理由。,子ども（だって）、分かります。,就连孩子也懂。,同类或相近表达请结合原书相似语法页复习。,口语/强调,batch_01,日语蓝宝书_N3__part_01-13.png,body_heading,50,auto_completed,,jp_grammar N3 日语蓝宝书_N3 batch_01 kept_needs_explanation auto_completed
e80ca6915564b883,N3,日语蓝宝书_N3,たとえ / たとい ～ ても,たとえ/たとい,たとえ + 普通形 + ても,即使...,表示假设让步，常与「ても」呼应。,（たとえ）雨が降っても、行きます。,即使下雨也去。,同类或相近表达请结合原书相似语法页复习。,让步,batch_01,日语蓝宝书_N3__part_01-13.png,body_heading,25,auto_completed,,jp_grammar N3 日语蓝宝书_N3 batch_01 kept_needs_explanation auto_completed
d23ef0fb90ccd011,N3,日语蓝宝书_N3,たとえ / たとい ～ ても,～ ても,動詞て形 / い形容詞くて + も,即使...也,表示让步条件。,雨が降っ（ても）、行きます。,即使下雨也去。,同类或相近表达请结合原书相似语法页复习。,让步,batch_01,日语蓝宝书_N3__part_01-13.png,body_heading,50,auto_completed,,jp_grammar N3 日语蓝宝书_N3 batch_01 kept_needs_explanation auto_completed
af9b4fa179189f4a,N3,日语蓝宝书_N3,～ たばかりだ ～ たび ( に ),～ たばかりだ,普通形 + か,刚刚；光是,可表示动作刚完成，也可表示限定或偏向。,彼が来る（か）分かりません。,不知道他是否会来。,同类或相近表达请结合原书相似语法页复习。,时间/限定,batch_01,日语蓝宝书_N3__part_01-13.png,body_heading,65,auto_enriched,,jp_grammar N3 日语蓝宝书_N3 batch_01 auto_enriched auto_completed
521c382bbd9092ff,N3,日语蓝宝书_N3,～ たばかりだ ～ たび ( に ),～ たび(に),動詞辞書形 / 名詞の + たびに,每当...就,表示每次发生前项，就会发生后项。,この歌を聞く（たびに）、学生時代を思い出す。,每次听这首歌都会想起学生时代。,同类或相近表达请结合原书相似语法页复习。,反复/时间,batch_01,日语蓝宝书_N3__part_01-13.png,body_heading,50,auto_completed,,jp_grammar N3 日语蓝宝书_N3 batch_01 kept_needs_explanation auto_completed
8f3ec8883ddbd3a4,N3,日语蓝宝书_N3,～ たほうがいい / ないほうがいい,～ たほうがいい/ないほうがいい,名詞 + が / 普通形 + が,最好...,用于给建议或表达比较合适的做法。,値段は高い（が）、品質はいい。,价格高，但是质量好。,同类或相近表达请结合原书相似语法页复习。,建议,batch_01,日语蓝宝书_N3__part_01-13.png,body_heading,60,auto_enriched,,jp_grammar N3 日语蓝宝书_N3 batch_01 auto_enriched auto_completed
5d4a0be468464f96,N3,日语蓝宝书_N3,～ たまえ ～ ために,～ たまえ,動詞ます形 + たまえ,请...；你要...,男性或上级对下级使用的命令表达。,遠慮せずに話し（たまえ）。,不要客气，说吧。,同类或相近表达请结合原书相似语法页复习。,命令,batch_01,日语蓝宝书_N3__part_01-13.png,body_heading,50,auto_completed,,jp_grammar N3 日语蓝宝书_N3 batch_01 kept_needs_explanation auto_completed
5f4d20a3a3ff2993,N3,日语蓝宝书_N3,～ たまえ ～ ために,～ ために,接续：～ ために。按原书条目和句中词形使用。,为了；因为,表示目的，也可表示原因。,この文では（ために）の使い方を確認します。,这句话用于确认“～ ために”的用法。,同类或相近表达请结合原书相似语法页复习。,目的/原因,batch_01,日语蓝宝书_N3__part_01-13.png,body_heading,65,auto_enriched,,jp_grammar N3 日语蓝宝书_N3 batch_01 auto_enriched auto_completed
1eb3d6941e67c3d6,N3,日语蓝宝书_N3,～ たら,～ たら,接续：～ たら。按原书条目和句中词形使用。,如果...；...之后,表示条件，也可表示某动作完成后的时间。,この文では（たら）の使い方を確認します。,这句话用于确认“～ たら”的用法。,同类或相近表达请结合原书相似语法页复习。,条件/时间,batch_01,日语蓝宝书_N3__part_01-13.png,body_heading,50,auto_enriched,,jp_grammar N3 日语蓝宝书_N3 batch_01 auto_enriched auto_completed
c3c3a8696a17c6ec,N3,日语蓝宝书_N3,～ たら / ったら,～ たら/ったら,接续：～ たら/ったら。按原书条目和句中词形使用。,表示「たら」这一语法形式或助词用法,用于练习「～ たら/ったら」在句中的形式和基本功能；具体语义需结合前后文判断。,この文では（たら）の使い方を確認します。,这句话用于确认“～ たら/ったら”的用法。,同类或相近表达请结合原书相似语法页复习。,形式/用法,batch_01,日语蓝宝书_N3__part_01-13.png,body_heading,60,auto_completed,,jp_grammar N3 日语蓝宝书_N3 batch_01 kept_needs_explanation auto_completed
8b9bb2dfb94abb74,N3,日语蓝宝书_N3,～ だらけ,～ だらけ,名詞 + だらけ,满是...；净是...,表示不好的东西很多，到处都是。,服が泥（だらけ）になった。,衣服满是泥。,同类或相近表达请结合原书相似语法页复习。,数量/负面,batch_01,日语蓝宝书_N3__part_01-13.png,body_heading,50,auto_completed,,jp_grammar N3 日语蓝宝书_N3 batch_01 kept_needs_explanation auto_completed
d74f7a75e2d44c2e,N3,日语蓝宝书_N3,～ たらどうですか ～ だろうか,～ たらどうですか,動詞た形 + らどうですか,...怎么样,用于提出建议。,先生に相談し（たらどうですか）。,去和老师商量一下怎么样？,同类或相近表达请结合原书相似语法页复习。,建议,batch_01,日语蓝宝书_N3__part_01-13.png,body_heading,50,auto_completed,,jp_grammar N3 日语蓝宝书_N3 batch_01 kept_needs_explanation auto_completed
0e8c208a4297cf67,N3,日语蓝宝书_N3,～ たらどうですか ～ だろうか,～ だろうか,普通形 + だろうか,会不会...呢,表示疑问或委婉推量。,明日は晴れる（だろうか）。,明天会晴吗？,同类或相近表达请结合原书相似语法页复习。,推量/疑问,batch_01,日语蓝宝书_N3__part_01-13.png,body_heading,50,auto_completed,,jp_grammar N3 日语蓝宝书_N3 batch_01 kept_needs_explanation auto_completed
b20f54a361250b57,N3,日语蓝宝书_N3,～ ちゃう,～ ちゃう,動詞て形变化 + ちゃう,...掉了；...完了,「てしまう」的口语形式，表示完成或遗憾。,宿題を全部やっ（ちゃう）。,把作业全做完。,同类或相近表达请结合原书相似语法页复习。,完成/口语,batch_01,日语蓝宝书_N3__part_01-14.png,body_heading,50,auto_completed,,jp_grammar N3 日语蓝宝书_N3 batch_01 kept_needs_explanation auto_completed
6234d7369a98f473,N3,日语蓝宝书_N3,～ つけ,～ つけ,接续：～ つけ。按原书条目和句中词形使用。,表示「つけ」这一语法形式或助词用法,用于练习「～ つけ」在句中的形式和基本功能；具体语义需结合前后文判断。,この文では（つけ）の使い方を確認します。,这句话用于确认“～ つけ”的用法。,同类或相近表达请结合原书相似语法页复习。,形式/用法,batch_01,日语蓝宝书_N3__part_01-14.png,body_heading,50,auto_completed,,jp_grammar N3 日语蓝宝书_N3 batch_01 kept_needs_explanation auto_completed
75f350c510b68846,N3,日语蓝宝书_N3,～ って,～ って,接续：～ って。按原书条目和句中词形使用。,表示「って」这一语法形式或助词用法,用于练习「～ って」在句中的形式和基本功能；具体语义需结合前后文判断。,この文では（って）の使い方を確認します。,这句话用于确认“～ って”的用法。,同类或相近表达请结合原书相似语法页复习。,形式/用法,batch_01,日语蓝宝书_N3__part_01-14.png,body_heading,50,auto_completed,,jp_grammar N3 日语蓝宝书_N3 batch_01 kept_needs_explanation auto_completed
3f1d53742f2f3db7,N3,日语蓝宝书_N3,～ てあげる / てさしあげる / てやる,～ てあげる/てさしあげる/てやる,動詞て形 + あげる,为别人做...,表示说话人或主语为他人做某事。,友だちに本を貸し（てあげる）。,借书给朋友。,同类或相近表达请结合原书相似语法页复习。,授受,batch_01,日语蓝宝书_N3__part_01-14.png,body_heading,60,auto_completed,,jp_grammar N3 日语蓝宝书_N3 batch_01 kept_needs_explanation auto_completed
0ac999420a099a46,N3,日语蓝宝书_N3,～ てある,～ てある,接续：～ てある。按原书条目和句中词形使用。,...着；已...好,表示人为动作完成后留下的状态，常含事先准备的意思。,この文では（てある）の使い方を確認します。,这句话用于确认“～ てある”的用法。,同类或相近表达请结合原书相似语法页复习。,结果状态,batch_01,日语蓝宝书_N3__part_01-14.png,body_heading,50,auto_enriched,,jp_grammar N3 日语蓝宝书_N3 batch_01 auto_enriched auto_completed
97c0d1722e14dde2,N3,日语蓝宝书_N3,～ ていく,～ ていく,動詞て形 + いく,...下去；去...,表示动作离开说话人方向，或状态从现在持续到将来。,これからも勉強を続け（ていく）。,今后也会继续学习下去。,同类或相近表达请结合原书相似语法页复习。,方向/变化,batch_01,日语蓝宝书_N3__part_01-14.png,body_heading,50,auto_completed,,jp_grammar N3 日语蓝宝书_N3 batch_01 kept_needs_explanation auto_completed
4f0dab261cb3d555,N3,日语蓝宝书_N3,～ て以来,～ て以来,接续：～ て以来。按原书条目和句中词形使用。,自从...以来,表示从过去某时点到现在一直持续。,この文では（て以来）の使い方を確認します。,这句话用于确认“～ て以来”的用法。,同类或相近表达请结合原书相似语法页复习。,时间/持续,batch_01,日语蓝宝书_N3__part_01-14.png,body_heading,50,auto_enriched,,jp_grammar N3 日语蓝宝书_N3 batch_01 auto_enriched auto_completed
3d6229e5a999785a,N3,日语蓝宝书_N3,～ てくる,～ てくる,動詞て形 + くる,...起来；来...,表示动作朝说话人方向，或变化从过去持续到现在。,日本語が少し分かっ（てきた）。,日语渐渐懂了一些。,同类或相近表达请结合原书相似语法页复习。,方向/变化,batch_01,日语蓝宝书_N3__part_01-14.png,body_heading,50,auto_completed,,jp_grammar N3 日语蓝宝书_N3 batch_01 kept_needs_explanation auto_completed
0f70936a89bac487,N3,日语蓝宝书_N3,～ てくれる / てくださる,～ てくれる/てくださる,動詞て形 + くれる,别人为我方做...,表示别人为说话人或我方做某事。,友だちが手伝っ（てくれた）。,朋友帮了我。,同类或相近表达请结合原书相似语法页复习。,授受,batch_01,日语蓝宝书_N3__part_01-14.png,body_heading,60,auto_completed,,jp_grammar N3 日语蓝宝书_N3 batch_01 kept_needs_explanation auto_completed
80617e9c59729e8e,N3,日语蓝宝书_N3,～ てごらん,～ てごらん,接续：～ てごらん。按原书条目和句中词形使用。,试着...,用于亲近关系中建议对方试做某事。,この文では（てごらん）の使い方を確認します。,这句话用于确认“～ てごらん”的用法。,同类或相近表达请结合原书相似语法页复习。,建议,batch_01,日语蓝宝书_N3__part_01-14.png,body_heading,50,auto_enriched,,jp_grammar N3 日语蓝宝书_N3 batch_01 auto_enriched auto_completed
406752df4d197723,N3,日语蓝宝书_N3,～ てしかたがない / てしようがない / てしようがない,～ てしかたがない/てしようがない/てしようがない,動詞て形 / い形容詞くて / な形容詞で + しようがない,只；仅,与否定搭配，表示数量或范围少。,試験の結果が気になっ（てしようがない）。,非常在意考试结果。,同类或相近表达请结合原书相似语法页复习。,限定,batch_01,日语蓝宝书_N3__part_01-14.png,body_heading,75,auto_enriched,,jp_grammar N3 日语蓝宝书_N3 batch_01 auto_enriched auto_completed
a72c21c585b78222,N3,日语蓝宝书_N3,( ). ～ て済む / で済む,～ て済む/で済む,動詞て形 / 名詞で + 済む,...就解决；用...即可,表示通过前项就能解决问题或避免更坏情况。,メールで連絡し（て済む）。,用邮件联系就可以解决。,同类或相近表达请结合原书相似语法页复习。,解决,batch_01,日语蓝宝书_N3__part_01-14.png,body_heading,60,auto_completed,,jp_grammar N3 日语蓝宝书_N3 batch_01 kept_needs_explanation auto_completed
a34f0819412e6387,N3,日语蓝宝书_N3,～ てたまらない,～ てたまらない,動詞て形 / い形容詞くて / な形容詞で + たまらない,非常...；...得受不了,表示感情、感觉或欲望非常强烈。,家族に会いたく（てたまらない）。,非常想见家人。,同类或相近表达请结合原书相似语法页复习。,程度,batch_01,日语蓝宝书_N3__part_01-14.png,body_heading,50,auto_completed,,jp_grammar N3 日语蓝宝书_N3 batch_01 kept_needs_explanation auto_completed
39a81e3dbcefa56d,N3,日语蓝宝书_N3,～ てちょうだい,～ てちょうだい,動詞て形 + ちょうだい,请给我...,口语中用于请求对方做某事。,少し待っ（てちょうだい）。,请稍等一下。,同类或相近表达请结合原书相似语法页复习。,请求,batch_01,日语蓝宝书_N3__part_01-14.png,body_heading,50,auto_completed,,jp_grammar N3 日语蓝宝书_N3 batch_01 kept_needs_explanation auto_completed
8840b34d2a58cbe2,N3,日语蓝宝书_N3,～ てならない,～ てならない,動詞て形 / い形容詞くて / な形容詞で + ならない,非常...；不由得...,表示某种感情自然强烈地产生。,将来のことが心配で（ならない）。,非常担心将来的事。,同类或相近表达请结合原书相似语法页复习。,情感,batch_01,日语蓝宝书_N3__part_01-14.png,body_heading,50,auto_completed,,jp_grammar N3 日语蓝宝书_N3 batch_01 kept_needs_explanation auto_completed
f64ff3d075e48eca,N3,日语蓝宝书_N3,～ ては / では,～ ては/では,接续：～ ては/では。按原书条目和句中词形使用。,表示「ては」这一语法形式或助词用法,用于练习「～ ては/では」在句中的形式和基本功能；具体语义需结合前后文判断。,この文では（ては）の使い方を確認します。,这句话用于确认“～ ては/では”的用法。,同类或相近表达请结合原书相似语法页复习。,形式/用法,batch_01,日语蓝宝书_N3__part_01-14.png,body_heading,60,auto_completed,,jp_grammar N3 日语蓝宝书_N3 batch_01 kept_needs_explanation auto_completed
c8647ba419b29bf4,N3,日语蓝宝书_N3,～ てはいられない,～ てはいられない,動詞て形 + はいられない,不能继续...；不能老是...,表示情况紧迫，不能维持前项状态。,時間がないので、休ん（ではいられない）。,因为没时间，不能再休息了。,同类或相近表达请结合原书相似语法页复习。,状态/紧迫,batch_01,日语蓝宝书_N3__part_01-14.png,body_heading,50,auto_completed,,jp_grammar N3 日语蓝宝书_N3 batch_01 kept_needs_explanation auto_completed
a1b9b15ca033c723,N3,日语蓝宝书_N3,～ てはじめて,～ てはじめて,動詞て形 + はじめて,在...之后才,表示做了前项之后，才第一次意识到或发生后项。,一人で暮らし（てはじめて）、親のありがたさが分かった。,一个人生活后，才明白父母的可贵。,同类或相近表达请结合原书相似语法页复习。,时间/发现,batch_01,日语蓝宝书_N3__part_01-14.png,body_heading,50,auto_completed,,jp_grammar N3 日语蓝宝书_N3 batch_01 kept_needs_explanation auto_completed
53919c6b29b88745,N3,日语蓝宝书_N3,～ ではないか / じゃないか ・ ～ ( の ) ではないか,～ ではないか/じゃないか,普通形 + か,是否；或者；疑问,表示疑问、不确定或选择。,彼が来る（か）分かりません。,不知道他是否会来。,同类或相近表达请结合原书相似语法页复习。,疑问/选择,batch_01,日语蓝宝书_N3__part_01-14.png,body_heading,60,auto_completed,,jp_grammar N3 日语蓝宝书_N3 batch_01 kept_needs_explanation auto_completed
b1801abe382276b3,N3,日语蓝宝书_N3,～ ではないか / じゃないか ・ ～ ( の ) ではないか,～(の)ではないか,普通形 + か,是否；或者；疑问,表示疑问、不确定或选择。,彼が来る（か）分かりません。,不知道他是否会来。,同类或相近表达请结合原书相似语法页复习。,疑问/选择,batch_01,日语蓝宝书_N3__part_01-14.png,body_heading,50,auto_completed,,jp_grammar N3 日语蓝宝书_N3 batch_01 kept_needs_explanation auto_completed
570c3691b1d40f54,N3,日语蓝宝书_N3,～ てほしいIOO. ～ てみせる,～ てほしいIOO.,接续：～ てほしいIOO.。按原书条目和句中词形使用。,表示「てほしいIOO」这一语法形式或助词用法,用于练习「～ てほしいIOO.」在句中的形式和基本功能；具体语义需结合前后文判断。,この文では（てほしいIOO）の使い方を確認します。,这句话用于确认“～ てほしいIOO.”的用法。,同类或相近表达请结合原书相似语法页复习。,形式/用法,batch_01,日语蓝宝书_N3__part_01-14.png,body_heading,50,auto_completed,,jp_grammar N3 日语蓝宝书_N3 batch_01 kept_needs_explanation auto_completed
6d6f74e56119cb7d,N3,日语蓝宝书_N3,～ てほしいIOO. ～ てみせる,～ てみせる,動詞て形 + みせる,一定要做给你看,表示展示动作，或表达强烈决心。,次は必ず勝っ（てみせる）。,下次一定赢给你看。,同类或相近表达请结合原书相似语法页复习。,展示/决心,batch_01,日语蓝宝书_N3__part_01-14.png,body_heading,50,auto_completed,,jp_grammar N3 日语蓝宝书_N3 batch_01 kept_needs_explanation auto_completed
707e584c733de498,N3,日语蓝宝书_N3,～ てみる,～ てみる,動詞て形 + みる,试着...,表示尝试做某事。,新しい方法を試し（てみる）。,试试新的方法。,同类或相近表达请结合原书相似语法页复习。,尝试,batch_01,日语蓝宝书_N3__part_01-14.png,body_heading,50,auto_completed,,jp_grammar N3 日语蓝宝书_N3 batch_01 kept_needs_explanation auto_completed
0203b7d9953a9b02,N3,日语蓝宝书_N3,～ ても / でも 「 / 「 / ワー一 -,～ ても/でも「/「/ワー一 -,動詞て形 / い形容詞くて + も,即使...也,表示让步条件。,雨が降っ（ても）、行きます。,即使下雨也去。,同类或相近表达请结合原书相似语法页复习。,让步,batch_01,日语蓝宝书_N3__part_01-14.png,body_heading,60,auto_completed,,jp_grammar N3 日语蓝宝书_N3 batch_01 kept_needs_explanation auto_completed
dfd5f2e2d15cbda7,N3,日语蓝宝书_N3,～ というものは ～ とおり ( に ) / とおりの / どおり ( に ) / どおりの ・ ～ とか ～ とか ～ とか ～ としたら / とすれば,～ というものは,名詞 + というものは,所谓...是...,用于说明某事物的一般性质。,習慣（というものは）、簡単には変わらない。,所谓习惯，不会轻易改变。,同类或相近表达请结合原书相似语法页复习。,定义/说明,batch_01,日语蓝宝书_N3__part_01-15.png,body_heading,65,auto_completed,,jp_grammar N3 日语蓝宝书_N3 batch_01 kept_needs_explanation auto_completed
7d2b2cce94482321,N3,日语蓝宝书_N3,～ というものは ～ とおり ( に ) / とおりの / どおり ( に ) / どおりの ・ ～ とか ～ とか ～ とか ～ としたら / とすれば,～ とおり(に)/とおりの/どおり(に)/どおりの,普通形 + の,按照...；如...那样,表示后项按照前项所示的内容、方法或状态进行。,走る（の）が好きです。,我喜欢跑步。,同类或相近表达请结合原书相似语法页复习。,依据,batch_01,日语蓝宝书_N3__part_01-15.png,body_heading,50,auto_enriched,,jp_grammar N3 日语蓝宝书_N3 batch_01 auto_enriched auto_completed
326d7fad5792fb3c,N3,日语蓝宝书_N3,～ というものは ～ とおり ( に ) / とおりの / どおり ( に ) / どおりの ・ ～ とか ～ とか ～ とか ～ としたら / とすれば,～ とか,名詞 / 普通形 + とか,...啦...啦；听说...,口语中用于列举，或表示传闻。,週末は映画（とか）買い物（とか）をします。,周末看电影啦购物啦。,同类或相近表达请结合原书相似语法页复习。,列举/传闻,batch_01,日语蓝宝书_N3__part_01-15.png,body_heading,50,auto_completed,,jp_grammar N3 日语蓝宝书_N3 batch_01 kept_needs_explanation auto_completed
8d980ba28808e3ff,N3,日语蓝宝书_N3,～ というものは ～ とおり ( に ) / とおりの / どおり ( に ) / どおりの ・ ～ とか ～ とか ～ とか ～ としたら / とすれば,～ としたら/とすれば,動詞ば形 / い形容詞ければ + ば,如果...的话,表示假定条件。,時間があれ（ば）、行きます。,如果有时间就去。,同类或相近表达请结合原书相似语法页复习。,假定,batch_01,日语蓝宝书_N3__part_01-15.png,body_heading,60,auto_enriched,,jp_grammar N3 日语蓝宝书_N3 batch_01 auto_enriched auto_completed
729bf01db3b9563f,N3,日语蓝宝书_N3,～ として / としての / としては / としても ・ ～ ながら ( も ) ～ 直す,～ として/としての/としては/としても,名詞 + として,作为...,表示身份、资格、立场或用途。,彼は代表（として）、会議に出た。,他作为代表出席了会议。,同类或相近表达请结合原书相似语法页复习。,身份/资格,batch_01,日语蓝宝书_N3__part_01-15.png,body_heading,60,auto_completed,,jp_grammar N3 日语蓝宝书_N3 batch_01 kept_needs_explanation auto_completed
8a2fa7f74bc34244,N3,日语蓝宝书_N3,～ として / としての / としては / としても ・ ～ ながら ( も ) ～ 直す,～ ながら(も)～ 直す,動詞ます形 + ながら,一边...一边...,表示两个动作同时进行。,音楽を聞き（ながら）、勉強します。,一边听音乐一边学习。,同类或相近表达请结合原书相似语法页复习。,同时,batch_01,日语蓝宝书_N3__part_01-15.png,body_heading,65,auto_completed,,jp_grammar N3 日语蓝宝书_N3 batch_01 kept_needs_explanation auto_completed
27986e8e78b62133,N3,日语蓝宝书_N3,～ ないかな ～ ないで済む / ずに済む ・ ～ と ( は ) 反対に,～ ないかな,普通形 + か,是否；或者；疑问,表示疑问、不确定或选择。,彼が来る（か）分かりません。,不知道他是否会来。,同类或相近表达请结合原书相似语法页复习。,疑问/选择,batch_01,日语蓝宝书_N3__part_01-15.png,body_heading,50,auto_completed,,jp_grammar N3 日语蓝宝书_N3 batch_01 kept_needs_explanation auto_completed
5249843742cc8370,N3,日语蓝宝书_N3,～ ないかな ～ ないで済む / ずに済む ・ ～ と ( は ) 反対に,～ ないで済む/ずに済む,動詞ない形去ない + ずに,不...就...,表示没有做前项而做后项。,朝ご飯を食べ（ずに）、学校へ行った。,没吃早饭就去了学校。,同类或相近表达请结合原书相似语法页复习。,否定/伴随,batch_01,日语蓝宝书_N3__part_01-15.png,body_heading,60,auto_completed,,jp_grammar N3 日语蓝宝书_N3 batch_01 kept_needs_explanation auto_completed
6f17c27dbbc60f13,N3,日语蓝宝书_N3,～ ないかな ～ ないで済む / ずに済む ・ ～ と ( は ) 反対に,～ と(は)反対に,接续：～ と(は)反対に。按原书条目和句中词形使用。,表示「と(は)反対に」这一语法形式或助词用法,用于练习「～ と(は)反対に」在句中的形式和基本功能；具体语义需结合前后文判断。,この文では（と(は)反対に）の使い方を確認します。,这句话用于确认“～ と(は)反対に”的用法。,同类或相近表达请结合原书相似语法页复习。,形式/用法,batch_01,日语蓝宝书_N3__part_01-15.png,body_heading,50,auto_completed,,jp_grammar N3 日语蓝宝书_N3 batch_01 kept_needs_explanation auto_completed
3e5561727457b376,N3,日语蓝宝书_N3,～ とともに ～ など / なんか / なんて ～ なくてもかまわない ～ なければならない / なければいけない / なくてはならない / なくてはいけない,～ とともに,名詞 + も,和...一起；随着...,可表示共同动作，也可表示两个变化同步发生。,私（も）行きます。,我也去。,同类或相近表达请结合原书相似语法页复习。,并列/变化,batch_01,日语蓝宝书_N3__part_01-15.png,body_heading,50,auto_enriched,,jp_grammar N3 日语蓝宝书_N3 batch_01 auto_enriched auto_completed
0c95961af742ad94,N3,日语蓝宝书_N3,～ とともに ～ など / なんか / なんて ～ なくてもかまわない ～ なければならない / なければいけない / なくてはならない / なくてはいけない,～ など/なんか/なんて,普通形 + か,是否；或者；疑问,表示疑问、不确定或选择。,彼が来る（か）分かりません。,不知道他是否会来。,同类或相近表达请结合原书相似语法页复习。,疑问/选择,batch_01,日语蓝宝书_N3__part_01-15.png,body_heading,50,auto_completed,,jp_grammar N3 日语蓝宝书_N3 batch_01 kept_needs_explanation auto_completed
9dd638d0abc05db0,N3,日语蓝宝书_N3,～ とともに ～ など / なんか / なんて ～ なくてもかまわない ～ なければならない / なければいけない / なくてはならない / なくてはいけない,～ なくてもかまわない,動詞ない形 / い形容詞くなくて + もかまわない,不...也没关系,表示不做前项也可以。,名前を書か（なくてもかまわない）。,不写名字也没关系。,同类或相近表达请结合原书相似语法页复习。,许可,batch_01,日语蓝宝书_N3__part_01-15.png,body_heading,50,auto_completed,,jp_grammar N3 日语蓝宝书_N3 batch_01 kept_needs_explanation auto_completed
3d719f2035a3cad1,N3,日语蓝宝书_N3,～ とともに ～ など / なんか / なんて ～ なくてもかまわない ～ なければならない / なければいけない / なくてはならない / なくてはいけない,～ なければならない/なければいけない/なくてはならない/なくてはいけない,動詞ば形 / い形容詞ければ + ば,必须...,表示义务或必要性。,時間があれ（ば）、行きます。,如果有时间就去。,同类或相近表达请结合原书相似语法页复习。,义务,batch_01,日语蓝宝书_N3__part_01-15.png,body_heading,60,auto_enriched,,jp_grammar N3 日语蓝宝书_N3 batch_01 auto_enriched auto_completed
a18337bf8ef1c2a5,N3,日语蓝宝书_N3,～ の ～ のだ / んだ ～ ば,～ の,普通形 + の,名词化；所属；说明,可表示所属、名词化，或替代前面提到的名词。,走る（の）が好きです。,我喜欢跑步。,同类或相近表达请结合原书相似语法页复习。,名词化/助词,batch_01,日语蓝宝书_N3__part_01-16.png,body_heading,50,auto_completed,,jp_grammar N3 日语蓝宝书_N3 batch_01 kept_needs_explanation auto_completed
3279cfa8a16e7826,N3,日语蓝宝书_N3,～ の ～ のだ / んだ ～ ば,～ のだ/んだ,普通形 + のだ / んだ,说明原因/强调判断,用于说明背景、理由或强调说话人的判断。,今日は学校へ行かない（んだ）。,今天不去学校。,同类或相近表达请结合原书相似语法页复习。,说明,batch_01,日语蓝宝书_N3__part_01-16.png,body_heading,50,auto_completed,,jp_grammar N3 日语蓝宝书_N3 batch_01 kept_needs_explanation auto_completed
d10fbb177a51bc5a,N3,日语蓝宝书_N3,なにしろ ～ から ～ ならに関して ( は ) / に関しても / に関するこかわって / にかわりこおいて / における,～ ならに関して(は)/に関しても/に関するこかわって/にかわりこおいて/における,普通形 + か,是否；或者；疑问,表示疑问、不确定或选择。,彼が来る（か）分かりません。,不知道他是否会来。,同类或相近表达请结合原书相似语法页复习。,疑问/选择,batch_01,日语蓝宝书_N3__part_01-16.png,body_heading,60,auto_completed,,jp_grammar N3 日语蓝宝书_N3 batch_01 kept_needs_explanation auto_completed
c6cc63a5ba3f37dd,N3,日语蓝宝书_N3,( ). に対して / に対する / に対してのこついて / についての ・ こつれて / につれ,(). に対して/に対する/に対してのこついて/についての・こつれて/につれ,普通形 + の,对...；与...相对,表示动作、态度的对象，也可表示对比。,走る（の）が好きです。,我喜欢跑步。,同类或相近表达请结合原书相似语法页复习。,对象/对比,batch_01,日语蓝宝书_N3__part_01-16.png,body_heading,25,needs_manual_review,,jp_grammar N3 日语蓝宝书_N3 batch_01 needs_manual_review auto_completed
4f4462bda8897ea9,N3,日语蓝宝书_N3,～ ねばならない / ねばならぬ ・ ～ ぬ / ん ・ ～ によると / によれば / の話では,～ ねばならない/ねばならぬ,動詞ない形去ない + ねばならない,必须...,书面语，表示义务或必要。,明日までに提出せ（ねばならない）。,必须在明天之前提交。,同类或相近表达请结合原书相似语法页复习。,义务,batch_01,日语蓝宝书_N3__part_01-16.png,body_heading,60,auto_completed,,jp_grammar N3 日语蓝宝书_N3 batch_01 kept_needs_explanation auto_completed
ef7617efdde67c1b,N3,日语蓝宝书_N3,～ ねばならない / ねばならぬ ・ ～ ぬ / ん ・ ～ によると / によれば / の話では,～ ぬ/ん,接续：～ ぬ/ん。按原书条目和句中词形使用。,表示「ぬ」这一语法形式或助词用法,用于练习「～ ぬ/ん」在句中的形式和基本功能；具体语义需结合前后文判断。,この文では（ぬ）の使い方を確認します。,这句话用于确认“～ ぬ/ん”的用法。,同类或相近表达请结合原书相似语法页复习。,形式/用法,batch_01,日语蓝宝书_N3__part_01-16.png,body_heading,50,auto_completed,,jp_grammar N3 日语蓝宝书_N3 batch_01 kept_needs_explanation auto_completed
8db21fd378dbcf73,N3,日语蓝宝书_N3,～ ねばならない / ねばならぬ ・ ～ ぬ / ん ・ ～ によると / によれば / の話では,～ によると/によれば/の話では,動詞ば形 / い形容詞ければ + ば,据...说,表示信息来源。,時間があれ（ば）、行きます。,如果有时间就去。,同类或相近表达请结合原书相似语法页复习。,信息来源,batch_01,日语蓝宝书_N3__part_01-16.png,body_heading,50,auto_enriched,,jp_grammar N3 日语蓝宝书_N3 batch_01 auto_enriched auto_completed
2b890d29a1f16df3,N3,日语蓝宝书_N3,～ によって ( は ) / により / による ・ ・ ～ には ～ にとって ( は ) / にとっても / にとっての,～ によって(は)/により/による・,接续：～ によって(は)/により/による・。按原书条目和句中词形使用。,由于；根据；通过,可表示原因、依据、手段或被动句的动作主体。,この文では（によって(は)）の使い方を確認します。,这句话用于确认“～ によって(は)/により/による・”的用法。,同类或相近表达请结合原书相似语法页复习。,依据/原因/手段,batch_01,日语蓝宝书_N3__part_01-16.png,body_heading,60,auto_enriched,,jp_grammar N3 日语蓝宝书_N3 batch_01 auto_enriched auto_completed
ca1db1016c64135b,N3,日语蓝宝书_N3,～ によって ( は ) / により / による ・ ・ ～ には ～ にとって ( は ) / にとっても / にとっての,～ には,動詞辞書形 + には / 名詞 + には,要...就；对于...来说,表示目的所需条件，或提示对象范围。,合格する（には）、毎日練習が必要だ。,要合格，每天练习是必要的。,同类或相近表达请结合原书相似语法页复习。,条件/对象,batch_01,日语蓝宝书_N3__part_01-16.png,body_heading,50,auto_completed,,jp_grammar N3 日语蓝宝书_N3 batch_01 kept_needs_explanation auto_completed
04aafb38d20dfe03,N3,日语蓝宝书_N3,～ によって ( は ) / により / による ・ ・ ～ には ～ にとって ( は ) / にとっても / にとっての,～ にとって(は)/にとっても/にとっての,動詞て形 / い形容詞くて + も,对...来说,表示从某人或某立场来看。,雨が降っ（ても）、行きます。,即使下雨也去。,同类或相近表达请结合原书相似语法页复习。,立场,batch_01,日语蓝宝书_N3__part_01-16.png,body_heading,60,auto_enriched,,jp_grammar N3 日语蓝宝书_N3 batch_01 auto_enriched auto_completed
8da60a807294ed18,N3,日语蓝宝书_N3,～ のに ～ ばかり ～ はずだ / はずがない ～ ばかりだ,～ のに,普通形 + のに,明明...却；为了...,可表示逆接，也可表示用途或目的。,一生懸命勉強した（のに）、合格できなかった。,明明努力学习了，却没能合格。,同类或相近表达请结合原书相似语法页复习。,逆接/目的,batch_01,日语蓝宝书_N3__part_01-16.png,body_heading,50,auto_completed,,jp_grammar N3 日语蓝宝书_N3 batch_01 kept_needs_explanation auto_completed
b0d80bcee7f56ad5,N3,日语蓝宝书_N3,～ のに ～ ばかり ～ はずだ / はずがない ～ ばかりだ,～ ばかり,普通形 + か,刚刚；光是,可表示动作刚完成，也可表示限定或偏向。,彼が来る（か）分かりません。,不知道他是否会来。,同类或相近表达请结合原书相似语法页复习。,时间/限定,batch_01,日语蓝宝书_N3__part_01-16.png,body_heading,65,auto_enriched,,jp_grammar N3 日语蓝宝书_N3 batch_01 auto_enriched auto_completed
1ed77139367b24a2,N3,日语蓝宝书_N3,～ のに ～ ばかり ～ はずだ / はずがない ～ ばかりだ,～ はずだ/はずがない,名詞 + が / 普通形 + が,按理应该,根据已知事实推断某事理应如此。,値段は高い（が）、品質はいい。,价格高，但是质量好。,同类或相近表达请结合原书相似语法页复习。,推量,batch_01,日语蓝宝书_N3__part_01-16.png,body_heading,65,auto_enriched,,jp_grammar N3 日语蓝宝书_N3 batch_01 auto_enriched auto_completed
6520b19ca25464ce,N3,日语蓝宝书_N3,～ のに ～ ばかり ～ はずだ / はずがない ～ ばかりだ,～ ばかりだ,普通形 + か,刚刚；光是,可表示动作刚完成，也可表示限定或偏向。,彼が来る（か）分かりません。,不知道他是否会来。,同类或相近表达请结合原书相似语法页复习。,时间/限定,batch_01,日语蓝宝书_N3__part_01-16.png,body_heading,65,auto_enriched,,jp_grammar N3 日语蓝宝书_N3 batch_01 auto_enriched auto_completed
80076f94db0fc3f6,N3,日语蓝宝书_N3,～ ば ～ ほど ～ ぶり ～ べき / べきだ / べきではない,～ ほど,接续：～ ほど。按原书条目和句中词形使用。,程度；越...越...,表示程度、比较基准或递进变化。,この文では（ほど）の使い方を確認します。,这句话用于确认“～ ほど”的用法。,同类或相近表达请结合原书相似语法页复习。,程度/比较,batch_01,日语蓝宝书_N3__part_01-17.png,body_heading,50,auto_enriched,,jp_grammar N3 日语蓝宝书_N3 batch_01 auto_enriched auto_completed
64183a0da327ec64,N3,日语蓝宝书_N3,～ ば ～ ほど ～ ぶり ～ べき / べきだ / べきではない,～ ぶり,期間 + ぶり,时隔...；...的样子,表示隔了一段时间再次做某事，或表现出的样子。,三年（ぶり）に友人に会った。,时隔三年见到了朋友。,同类或相近表达请结合原书相似语法页复习。,时间/样态,batch_01,日语蓝宝书_N3__part_01-17.png,body_heading,50,auto_completed,,jp_grammar N3 日语蓝宝书_N3 batch_01 kept_needs_explanation auto_completed
eb61d650cce0db56,N3,日语蓝宝书_N3,～ ば ～ ほど ～ ぶり ～ べき / べきだ / べきではない,～ べき/べきだ/べきではない,接续：～ べき/べきだ/べきではない。按原书条目和句中词形使用。,应该,表示从常识、责任或道理上应当做某事。,この文では（べき）の使い方を確認します。,这句话用于确认“～ べき/べきだ/べきではない”的用法。,同类或相近表达请结合原书相似语法页复习。,义务,batch_01,日语蓝宝书_N3__part_01-17.png,body_heading,65,auto_enriched,,jp_grammar N3 日语蓝宝书_N3 batch_01 auto_enriched auto_completed
6e9afb350c707d56,N3,日语蓝宝书_N3,～ ほど ～ まで ～ までに ～ みたいだ,～ まで,名詞 + まで,到...为止；甚至,表示范围终点，也可表示极端例子。,子ども（まで）、そのニュースを知っている。,甚至孩子都知道那条新闻。,同类或相近表达请结合原书相似语法页复习。,范围/强调,batch_01,日语蓝宝书_N3__part_01-17.png,body_heading,50,auto_completed,,jp_grammar N3 日语蓝宝书_N3 batch_01 kept_needs_explanation auto_completed
c916c38686d8200f,N3,日语蓝宝书_N3,～ ほど ～ まで ～ までに ～ みたいだ,～ までに,名詞 / 動詞辞書形 + までに,在...之前,表示动作完成的期限。,金曜日（までに）、資料を出してください。,请在周五之前提交资料。,同类或相近表达请结合原书相似语法页复习。,期限,batch_01,日语蓝宝书_N3__part_01-17.png,body_heading,50,auto_completed,,jp_grammar N3 日语蓝宝书_N3 batch_01 kept_needs_explanation auto_completed
f47a238e2d9907e2,N3,日语蓝宝书_N3,～ ほど ～ まで ～ までに ～ みたいだ,～ みたいだ,動詞ます形 + たい,好像；像...,口语中表示比喻或推量。,日本へ行き（たい）です。,我想去日本。,同类或相近表达请结合原书相似语法页复习。,比喻/推量,batch_01,日语蓝宝书_N3__part_01-17.png,body_heading,50,auto_enriched,,jp_grammar N3 日语蓝宝书_N3 batch_01 auto_enriched auto_completed
742884f54c21d9e0,N3,日语蓝宝书_N3,～ やすい ～ や ～ といった ～ もの / もん ～ も ～ 向けだ / 向けに / 向けの ～ 向きだ / 向きに / 向きの,～ やすい,動詞ます形 + やすい,容易...,表示某动作容易做或某状态容易发生。,このペンは書き（やすい）。,这支笔好写。,同类或相近表达请结合原书相似语法页复习。,容易,batch_01,日语蓝宝书_N3__part_01-17.png,body_heading,50,auto_completed,,jp_grammar N3 日语蓝宝书_N3 batch_01 kept_needs_explanation auto_completed
704a9c92a84ad789,N3,日语蓝宝书_N3,～ やすい ～ や ～ といった ～ もの / もん ～ も ～ 向けだ / 向けに / 向けの ～ 向きだ / 向きに / 向きの,～ や,名詞 + や + 名詞,...和...等,用于不完全列举。,机の上に本（や）ノートがあります。,桌上有书和笔记本等。,同类或相近表达请结合原书相似语法页复习。,列举,batch_01,日语蓝宝书_N3__part_01-17.png,body_heading,50,auto_completed,,jp_grammar N3 日语蓝宝书_N3 batch_01 kept_needs_explanation auto_completed
c596ea7d769e615e,N3,日语蓝宝书_N3,～ やすい ～ や ～ といった ～ もの / もん ～ も ～ 向けだ / 向けに / 向けの ～ 向きだ / 向きに / 向きの,～ といった,接续：～ といった。按原书条目和句中词形使用。,表示「といった」这一语法形式或助词用法,用于练习「～ といった」在句中的形式和基本功能；具体语义需结合前后文判断。,この文では（といった）の使い方を確認します。,这句话用于确认“～ といった”的用法。,同类或相近表达请结合原书相似语法页复习。,形式/用法,batch_01,日语蓝宝书_N3__part_01-17.png,body_heading,50,auto_completed,,jp_grammar N3 日语蓝宝书_N3 batch_01 kept_needs_explanation auto_completed
2fd62bcb1dc48ab9,N3,日语蓝宝书_N3,～ やすい ～ や ～ といった ～ もの / もん ～ も ～ 向けだ / 向けに / 向けの ～ 向きだ / 向きに / 向きの,～ もの/もん,普通形 + の,名词化；所属；说明,可表示所属、名词化，或替代前面提到的名词。,走る（の）が好きです。,我喜欢跑步。,同类或相近表达请结合原书相似语法页复习。,名词化/助词,batch_01,日语蓝宝书_N3__part_01-17.png,body_heading,65,auto_completed,,jp_grammar N3 日语蓝宝书_N3 batch_01 kept_needs_explanation auto_completed
46924696aa03df90,N3,日语蓝宝书_N3,～ やすい ～ や ～ といった ～ もの / もん ～ も ～ 向けだ / 向けに / 向けの ～ 向きだ / 向きに / 向きの,～ も,名詞 + も,也；连...都,表示同类追加或强调极端例子。,私（も）行きます。,我也去。,同类或相近表达请结合原书相似语法页复习。,助词/强调,batch_01,日语蓝宝书_N3__part_01-17.png,body_heading,50,auto_completed,,jp_grammar N3 日语蓝宝书_N3 batch_01 kept_needs_explanation auto_completed
cb87a464419ab5ce,N3,日语蓝宝书_N3,～ やすい ～ や ～ といった ～ もの / もん ～ も ～ 向けだ / 向けに / 向けの ～ 向きだ / 向きに / 向きの,～ 向けだ/向けに/向けの,名詞 + 向け,面向...,表示以某类对象为目标。,これは子ども（向け）の本です。,这是面向儿童的书。,同类或相近表达请结合原书相似语法页复习。,对象,batch_01,日语蓝宝书_N3__part_01-17.png,body_heading,50,auto_completed,,jp_grammar N3 日语蓝宝书_N3 batch_01 kept_needs_explanation auto_completed
33268e0853c4d0d0,N3,日语蓝宝书_N3,～ やすい ～ や ～ といった ～ もの / もん ～ も ～ 向けだ / 向けに / 向けの ～ 向きだ / 向きに / 向きの,～ 向きだ/向きに/向きの,名詞 + 向き,适合...,表示适合某类人或用途。,この部屋は一人暮らし（向き）です。,这个房间适合一个人住。,同类或相近表达请结合原书相似语法页复习。,适合,batch_01,日语蓝宝书_N3__part_01-17.png,body_heading,50,auto_completed,,jp_grammar N3 日语蓝宝书_N3 batch_01 kept_needs_explanation auto_completed
f0737483438b66e5,N3,日语蓝宝书_N3,～ ( ら ) れる ( 可能恣 ) ～ ( ら ) れる ( 自悉 ),～(ら)れる(可能恣)～(ら)れる(自悉),接续：～(ら)れる(可能恣)～(ら)れる(自悉)。按原书条目和句中词形使用。,表示「(ら)れる(可能恣)～(ら)れる(自悉)」这一语法形式或助词用法,用于练习「～(ら)れる(可能恣)～(ら)れる(自悉)」在句中的形式和基本功能；具体语义需结合前后文判断。,この文では（(ら)れる(可能恣)～(ら)れる(自悉)）の使い方を確認します。,这句话用于确认“～(ら)れる(可能恣)～(ら)れる(自悉)”的用法。,同类或相近表达请结合原书相似语法页复习。,形式/用法,batch_01,日语蓝宝书_N3__part_01-17.png,body_heading,50,auto_completed,,jp_grammar N3 日语蓝宝书_N3 batch_01 kept_needs_explanation auto_completed
5abc757d20e628cc,N3,日语蓝宝书_N3,「 ～ 間注意例句,「～ 間注意例句,動詞普通形 / 名詞の + 間,在...期间,表示某动作或状态持续的整个期间。,母が料理している（間）、私は宿題をした。,妈妈做饭期间，我写了作业。,同类或相近表达请结合原书相似语法页复习。,时间,batch_01,日语蓝宝书_N3__part_01-19.png,body_heading,50,auto_completed,,jp_grammar N3 日语蓝宝书_N3 batch_01 kept_needs_explanation auto_completed
c2100b73dab9b899,N3,日语蓝宝书_N3,～ いい / よい動詞 「 ます形 」 +いい / よい,～ いい/よい,動詞「ます形」+いい/よい,表示「いい」这一语法形式或助词用法,用于练习「～ いい/よい」在句中的形式和基本功能；具体语义需结合前后文判断。,この文では（いい）の使い方を確認します。,这句话用于确认“～ いい/よい”的用法。,同类或相近表达请结合原书相似语法页复习。,形式/用法,batch_01,日语蓝宝书_N3__part_01-19.png,body_heading,50,auto_completed,,jp_grammar N3 日语蓝宝书_N3 batch_01 kept_needs_explanation auto_completed
5a90d8457f34accf,N3,日语蓝宝书_N3,～ 以主 ( は名 - 詞+である / 動詞普通形+以上 ( は ),～ 以主(は名 - 詞+である/,動詞普通形+以上(は),表示「以主(は名 - 詞+である」这一语法形式或助词用法,用于练习「～ 以主(は名 - 詞+である/」在句中的形式和基本功能；具体语义需结合前后文判断。,この文では（以主(は名 - 詞+である）の使い方を確認します。,这句话用于确认“～ 以主(は名 - 詞+である/”的用法。,同类或相近表达请结合原书相似语法页复习。,形式/用法,batch_01,日语蓝宝书_N3__part_01-19.png,body_heading,50,auto_completed,,jp_grammar N3 日语蓝宝书_N3 batch_01 kept_needs_explanation auto_completed
a6179214da77f09a,N3,日语蓝宝书_N3,) うちに 、 部屋を片付けましよう 。,うちに、部屋を片付けましよう。,接续：うちに、部屋を片付けましよう。。按原书条目和句中词形使用。,趁着...；在...期间,表示在某状态没有改变之前做某事，或在某期间内发生变化。,この文では（うちに、部屋を片付けましよう）の使い方を確認します。,这句话用于确认“うちに、部屋を片付けましよう。”的用法。,同类或相近表达请结合原书相似语法页复习。,时间,batch_01,日语蓝宝书_N3__part_01-24.png,body_heading,30,needs_manual_review,,jp_grammar N3 日语蓝宝书_N3 batch_01 needs_manual_review auto_completed
52ea28ef9fb2b56b,N3,日语蓝宝书_N3,までにように,までにように,名詞 / 動詞辞書形 + までに,为了能...；像...一样,可表示目的、愿望、变化目标或比喻。,金曜日（までに）、資料を出してください。,请在周五之前提交资料。,同类或相近表达请结合原书相似语法页复习。,目的/样态,batch_01,日语蓝宝书_N3__part_01-26.png,body_heading,30,needs_manual_review,,jp_grammar N3 日语蓝宝书_N3 batch_01 needs_manual_review auto_completed
b53570457cdde280,N3,日语蓝宝书_N3,ために,ために,接续：ために。按原书条目和句中词形使用。,为了；因为,表示目的，也可表示原因。,この文では（ために）の使い方を確認します。,这句话用于确认“ために”的用法。,同类或相近表达请结合原书相似语法页复习。,目的/原因,batch_01,日语蓝宝书_N3__part_01-26.png,body_heading,30,needs_manual_review,,jp_grammar N3 日语蓝宝书_N3 batch_01 needs_manual_review auto_completed
5f5362cfc12c0c98,N3,日语蓝宝书_N3,が決まったために,が決まったために,名詞 + が / 普通形 + が,为了；因为,表示目的，也可表示原因。,値段は高い（が）、品質はいい。,价格高，但是质量好。,同类或相近表达请结合原书相似语法页复习。,目的/原因,batch_01,日语蓝宝书_N3__part_01-26.png,body_heading,30,needs_manual_review,,jp_grammar N3 日语蓝宝书_N3 batch_01 needs_manual_review auto_completed
c4da68945a71a281,N3,日语蓝宝书_N3,することになるために,することになるために,感情形容詞 + ことに,变成；结果是,表示由外部情况决定，或推导出的结果。,うれしい（ことに）、全員が合格した。,令人高兴的是，全员都合格了。,同类或相近表达请结合原书相似语法页复习。,结果/决定,batch_01,日语蓝宝书_N3__part_01-26.png,body_heading,30,needs_manual_review,,jp_grammar N3 日语蓝宝书_N3 batch_01 needs_manual_review auto_completed
c45da25d407ab525,N3,日语蓝宝书_N3,することになる以上,することになる以上,感情形容詞 + ことに,变成；结果是,表示由外部情况决定，或推导出的结果。,うれしい（ことに）、全員が合格した。,令人高兴的是，全员都合格了。,同类或相近表达请结合原书相似语法页复习。,结果/决定,batch_01,日语蓝宝书_N3__part_01-26.png,body_heading,30,needs_manual_review,,jp_grammar N3 日语蓝宝书_N3 batch_01 needs_manual_review auto_completed
d68ef914dc7821e9,N3,日语蓝宝书_N3,あげることがある,あげることがある,名詞 + が / 普通形 + が,有时会；曾经,接现在形时表示有时发生；接た形时表示曾有过某经历。,値段は高い（が）、品質はいい。,价格高，但是质量好。,同类或相近表达请结合原书相似语法页复习。,经验/频率,batch_01,日语蓝宝书_N3__part_01-28.png,body_heading,30,needs_manual_review,,jp_grammar N3 日语蓝宝书_N3 batch_01 needs_manual_review auto_completed
0a0ea8470addd381,N5/N4,日语蓝宝书N5N4,～ こちら 「 そちら 、 あちら 、 どちら,～ こちら「そちら、あちら、どちら,こちら / そちら / あちら / どちら,这边；这位；这个,指靠近说话人的方向、场所、人或事物，是礼貌表达。,受付は（こちら）です。,接待处在这边。,同类或相近表达请结合原书相似语法页复习。,指示词,batch_01,日语蓝宝书N5N4__part_01-06.png,toc_or_heading,50,auto_completed,,jp_grammar N5_N4 日语蓝宝书N5N4 batch_01 kept_needs_explanation auto_completed
e4796bd3a355e371,N5/N4,日语蓝宝书N5N4,し形容詞筒体形 . - い形容詞敬体形,し形容詞,普通形 . - い形容詞敬体形,表示「し形容詞」这一语法形式或助词用法,用于练习「し形容詞」在句中的形式和基本功能；具体语义需结合前后文判断。,この文では（し形容詞）の使い方を確認します。,这句话用于确认“し形容詞”的用法。,同类或相近表达请结合原书相似语法页复习。,形式/用法,batch_01,日语蓝宝书N5N4__part_01-06.png,toc_or_heading,30,auto_completed,,jp_grammar N5_N4 日语蓝宝书N5N4 batch_01 kept_needs_explanation auto_completed
38728901080f2b31,N5/N4,日语蓝宝书N5N4,な形容岡敬体形 =,な形容岡敬体形 =,接续：な形容岡敬体形 =。按原书条目和句中词形使用。,表示「な形容岡敬体形 =」这一语法形式或助词用法,用于练习「な形容岡敬体形 =」在句中的形式和基本功能；具体语义需结合前后文判断。,この文では（な形容岡敬体形 =）の使い方を確認します。,这句话用于确认“な形容岡敬体形 =”的用法。,同类或相近表达请结合原书相似语法页复习。,形式/用法,batch_01,日语蓝宝书N5N4__part_01-07.png,body_heading,30,auto_completed,,jp_grammar N5_N4 日语蓝宝书N5N4 batch_01 kept_needs_explanation auto_completed
ece997b593a758cf,N5/N4,日语蓝宝书N5N4,になせ / どうして / なんで,になせ/どうして/なんで,接续：になせ/どうして/なんで。按原书条目和句中词形使用。,表示「になせ」这一语法形式或助词用法,用于练习「になせ/どうして/なんで」在句中的形式和基本功能；具体语义需结合前后文判断。,この文では（になせ）の使い方を確認します。,这句话用于确认“になせ/どうして/なんで”的用法。,同类或相近表达请结合原书相似语法页复习。,形式/用法,batch_01,日语蓝宝书N5N4__part_01-07.png,body_heading,25,auto_completed,,jp_grammar N5_N4 日语蓝宝书N5N4 batch_01 kept_needs_explanation auto_completed
a30675467d403887,N5/N4,日语蓝宝书N5N4,ても / でも ゞ,ても/でも ゞ,動詞て形 / い形容詞くて + も,即使...也,表示让步条件。,雨が降っ（ても）、行きます。,即使下雨也去。,同类或相近表达请结合原书相似语法页复习。,让步,batch_01,日语蓝宝书N5N4__part_01-08.png,body_heading,25,auto_completed,,jp_grammar N5_N4 日语蓝宝书N5N4 batch_01 kept_needs_explanation auto_completed
2f929e5f37f65eb0,N5/N4,日语蓝宝书N5N4,て / で ～,て/で,接续：て/で。按原书条目和句中词形使用。,表示「て」这一语法形式或助词用法,用于练习「て/で」在句中的形式和基本功能；具体语义需结合前后文判断。,この文では（て）の使い方を確認します。,这句话用于确认“て/で”的用法。,同类或相近表达请结合原书相似语法页复习。,形式/用法,batch_01,日语蓝宝书N5N4__part_01-08.png,body_heading,25,auto_completed,,jp_grammar N5_N4 日语蓝宝书N5N4 batch_01 kept_needs_explanation auto_completed
8242544b6ed9c6c6,N5/N4,日语蓝宝书N5N4,ながら,ながら,動詞ます形 + ながら,一边...一边...,表示两个动作同时进行。,音楽を聞き（ながら）、勉強します。,一边听音乐一边学习。,同类或相近表达请结合原书相似语法页复习。,同时,batch_01,日语蓝宝书N5N4__part_01-08.png,body_heading,30,auto_completed,,jp_grammar N5_N4 日语蓝宝书N5N4 batch_01 kept_needs_explanation auto_completed
9abf30adfa18c6cf,N5/N4,日语蓝宝书N5N4,～ たち / がた,～ たち/がた,人を表す名詞 + たち,...们,表示人的复数。,学生（たち）が教室にいます。,学生们在教室里。,同类或相近表达请结合原书相似语法页复习。,复数,batch_01,日语蓝宝书N5N4__part_01-08.png,body_heading,60,auto_completed,,jp_grammar N5_N4 日语蓝宝书N5N4 batch_01 kept_needs_explanation auto_completed
50a0f16d57a6a2aa,N5/N4,日语蓝宝书N5N4,～ てください / ないでください,～ てください/ないでください,動詞ない形 + で,请不要...,请求对方不要做某事。,傘を持た（ないで）、出かけた。,没带伞就出门了。,同类或相近表达请结合原书相似语法页复习。,请求/禁止,batch_01,日语蓝宝书N5N4__part_01-08.png,body_heading,60,auto_enriched,,jp_grammar N5_N4 日语蓝宝书N5N4 batch_01 auto_enriched auto_completed
8652d40a1c495925,N5/N4,日语蓝宝书N5N4,～ てくださいませんか / ないでくださいませんか,～ てくださいませんか/ないでくださいませんか,動詞ない形 + で,请不要...,请求对方不要做某事。,傘を持た（ないで）、出かけた。,没带伞就出门了。,同类或相近表达请结合原书相似语法页复习。,请求/禁止,batch_01,日语蓝宝书N5N4__part_01-08.png,body_heading,60,auto_enriched,,jp_grammar N5_N4 日语蓝宝书N5N4 batch_01 auto_enriched auto_completed
da8b4f169ce9ddc6,N5/N4,日语蓝宝书N5N4,～ ませんか,～ ませんか,普通形 + か,要不要...？,用于委婉邀请或提议。,彼が来る（か）分かりません。,不知道他是否会来。,同类或相近表达请结合原书相似语法页复习。,邀请,batch_01,日语蓝宝书N5N4__part_01-08.png,body_heading,50,auto_enriched,,jp_grammar N5_N4 日语蓝宝书N5N4 batch_01 auto_enriched auto_completed
e38c45a50bf3b0e5,N5/N4,日语蓝宝书N5N4,～ ましよう,～ ましよう,接续：～ ましよう。按原书条目和句中词形使用。,表示「ましよう」这一语法形式或助词用法,用于练习「～ ましよう」在句中的形式和基本功能；具体语义需结合前后文判断。,この文では（ましよう）の使い方を確認します。,这句话用于确认“～ ましよう”的用法。,同类或相近表达请结合原书相似语法页复习。,形式/用法,batch_01,日语蓝宝书N5N4__part_01-08.png,body_heading,65,auto_completed,,jp_grammar N5_N4 日语蓝宝书N5N4 batch_01 kept_needs_explanation auto_completed
1b7881d22f4111a3,N5/N4,日语蓝宝书N5N4,～ たレ 、 ・ 讐,～ たレ、・讐,接续：～ たレ、・讐。按原书条目和句中词形使用。,表示「たレ、・讐」这一语法形式或助词用法,用于练习「～ たレ、・讐」在句中的形式和基本功能；具体语义需结合前后文判断。,この文では（たレ、・讐）の使い方を確認します。,这句话用于确认“～ たレ、・讐”的用法。,同类或相近表达请结合原书相似语法页复习。,形式/用法,batch_01,日语蓝宝书N5N4__part_01-08.png,body_heading,50,auto_completed,,jp_grammar N5_N4 日语蓝宝书N5N4 batch_01 kept_needs_explanation auto_completed
c707a92735d2d9b5,N5/N4,日语蓝宝书N5N4,～ だみう / でしょテ,～ だみう/でしょテ,接续：～ だみう/でしょテ。按原书条目和句中词形使用。,表示「だみう」这一语法形式或助词用法,用于练习「～ だみう/でしょテ」在句中的形式和基本功能；具体语义需结合前后文判断。,この文では（だみう）の使い方を確認します。,这句话用于确认“～ だみう/でしょテ”的用法。,同类或相近表达请结合原书相似语法页复习。,形式/用法,batch_01,日语蓝宝书N5N4__part_01-08.png,body_heading,50,auto_completed,,jp_grammar N5_N4 日语蓝宝书N5N4 batch_01 kept_needs_explanation auto_completed
07ceafb32272e6d0,N5/N4,日语蓝宝书N5N4,～ にする / くする,～ にする/くする,名詞 + にする,决定...；使...成为,表示选择、决定，或人为改变状态。,昼ご飯はカレー（にする）。,午饭决定吃咖喱。,同类或相近表达请结合原书相似语法页复习。,决定/变化,batch_01,日语蓝宝书N5N4__part_01-08.png,body_heading,50,auto_completed,,jp_grammar N5_N4 日语蓝宝书N5N4 batch_01 kept_needs_explanation auto_completed
d39baa5e438b63a2,N5/N4,日语蓝宝书N5N4,～ になる / くなる,～ になる/くなる,名詞 / な形容詞 + になる,变成...,表示自然变化或结果。,春（になる）と、暖かくなる。,到了春天就变暖。,同类或相近表达请结合原书相似语法页复习。,变化,batch_01,日语蓝宝书N5N4__part_01-09.png,toc_or_heading,50,auto_completed,,jp_grammar N5_N4 日语蓝宝书N5N4 batch_01 kept_needs_explanation auto_completed
723b4e39b6ef290d,N5/N4,日语蓝宝书N5N4,& ～ ている,～ ている,動詞て形 + いる,正在...；处于...状态,表示动作进行、结果状态或习惯。,今、本を読ん（でいる）。,现在正在读书。,同类或相近表达请结合原书相似语法页复习。,状态/进行,batch_01,日语蓝宝书N5N4__part_01-09.png,toc_or_heading,50,auto_completed,,jp_grammar N5_N4 日语蓝宝书N5N4 batch_01 kept_needs_explanation auto_completed
78158a38852f166e,N5/N4,日语蓝宝书N5N4,～ てある,～ てある,接续：～ てある。按原书条目和句中词形使用。,...着；已...好,表示人为动作完成后留下的状态，常含事先准备的意思。,この文では（てある）の使い方を確認します。,这句话用于确认“～ てある”的用法。,同类或相近表达请结合原书相似语法页复习。,结果状态,batch_01,日语蓝宝书N5N4__part_01-09.png,toc_or_heading,50,auto_enriched,,jp_grammar N5_N4 日语蓝宝书N5N4 batch_01 auto_enriched auto_completed
f331dc4b8acf2ab2,N5/N4,日语蓝宝书N5N4,～ ないで,～ ないで,動詞ない形 + で,不...而...,表示不做前项而做后项。,傘を持た（ないで）、出かけた。,没带伞就出门了。,同类或相近表达请结合原书相似语法页复习。,否定/伴随,batch_01,日语蓝宝书N5N4__part_01-09.png,toc_or_heading,50,auto_completed,,jp_grammar N5_N4 日语蓝宝书N5N4 batch_01 kept_needs_explanation auto_completed
dfb7c049313a0dc0,N5/N4,日语蓝宝书N5N4,～ たほうがいい,～ たほうがいい,名詞 + が / 普通形 + が,最好...,用于给建议或表达比较合适的做法。,値段は高い（が）、品質はいい。,价格高，但是质量好。,同类或相近表达请结合原书相似语法页复习。,建议,batch_01,日语蓝宝书N5N4__part_01-09.png,toc_or_heading,50,auto_enriched,,jp_grammar N5_N4 日语蓝宝书N5N4 batch_01 auto_enriched auto_completed
e431d54390adbe93,N5/N4,日语蓝宝书N5N4,～ という ～,～ という,名詞 + という,叫作...；据说...,可表示名称、引用或传闻。,田中さん（という）人から電話がありました。,有个叫田中的人打来了电话。,同类或相近表达请结合原书相似语法页复习。,引用/名称,batch_01,日语蓝宝书N5N4__part_01-09.png,toc_or_heading,50,auto_completed,,jp_grammar N5_N4 日语蓝宝书N5N4 batch_01 kept_needs_explanation auto_completed
f7b31054f553b58a,N5/N4,日语蓝宝书N5N4,～ 前に ～ とき,～ 前に,接续：～ 前に。按原书条目和句中词形使用。,在...之前,表示在前项动作或时间之前做后项。,この文では（前に）の使い方を確認します。,这句话用于确认“～ 前に”的用法。,同类或相近表达请结合原书相似语法页复习。,时间,batch_01,日语蓝宝书N5N4__part_01-09.png,toc_or_heading,50,auto_enriched,,jp_grammar N5_N4 日语蓝宝书N5N4 batch_01 auto_enriched auto_completed
834116cf3c72013f,N5/N4,日语蓝宝书N5N4,～ 前に ～ とき,～ とき,接续：～ とき。按原书条目和句中词形使用。,...的时候,表示动作或状态发生的时间。,この文では（とき）の使い方を確認します。,这句话用于确认“～ とき”的用法。,同类或相近表达请结合原书相似语法页复习。,时间,batch_01,日语蓝宝书N5N4__part_01-09.png,toc_or_heading,50,auto_enriched,,jp_grammar N5_N4 日语蓝宝书N5N4 batch_01 auto_enriched auto_completed
a43d36e7b82838b5,N5/N4,日语蓝宝书N5N4,～ てから,～ てから,動詞て形 + から,...之后,表示先做前项，再做后项。,ご飯を食べ（てから）、出かけます。,吃完饭后出门。,同类或相近表达请结合原书相似语法页复习。,时间/顺序,batch_01,日语蓝宝书N5N4__part_01-09.png,toc_or_heading,50,auto_completed,,jp_grammar N5_N4 日语蓝宝书N5N4 batch_01 kept_needs_explanation auto_completed
4c9cc834fbe67278,N5/N4,日语蓝宝书N5N4,～ ( た ) あとで,～(た)あとで,接续：～(た)あとで。按原书条目和句中词形使用。,...之后,表示在某动作完成后再做另一件事。,この文では（(た)あとで）の使い方を確認します。,这句话用于确认“～(た)あとで”的用法。,同类或相近表达请结合原书相似语法页复习。,时间,batch_01,日语蓝宝书N5N4__part_01-09.png,toc_or_heading,50,auto_enriched,,jp_grammar N5_N4 日语蓝宝书N5N4 batch_01 auto_enriched auto_completed
aa3df355393a208c,N5/N4,日语蓝宝书N5N4,～ がる,～ がる,い形容詞語幹 / な形容詞語幹 + がる,表现出...的样子,用于第三人称表现出的感情或感觉。,弟は犬を怖（がる）。,弟弟表现得害怕狗。,同类或相近表达请结合原书相似语法页复习。,样态,batch_01,日语蓝宝书N5N4__part_01-09.png,toc_or_heading,50,auto_completed,,jp_grammar N5_N4 日语蓝宝书N5N4 batch_01 kept_needs_explanation auto_completed
13f0abe7fbb7e82c,N5/N4,日语蓝宝书N5N4,～ そうだ,～ そうだ,普通形 + そうだ / 動詞ます形 + そうだ,听说...；看起来...,可表示传闻，也可表示样态。,天気予報によると、明日は雨だ（そうだ）。,据天气预报说，明天有雨。,同类或相近表达请结合原书相似语法页复习。,传闻/样态,batch_01,日语蓝宝书N5N4__part_01-09.png,toc_or_heading,50,auto_completed,,jp_grammar N5_N4 日语蓝宝书N5N4 batch_01 kept_needs_explanation auto_completed
dc6728a7edfc01b6,N5/N4,日语蓝宝书N5N4,～ ようだ / ように / ような,～ ようだ/ように/ような,接续：～ ようだ/ように/ような。按原书条目和句中词形使用。,为了能...；像...一样,可表示目的、愿望、变化目标或比喻。,この文では（ようだ）の使い方を確認します。,这句话用于确认“～ ようだ/ように/ような”的用法。,同类或相近表达请结合原书相似语法页复习。,目的/样态,batch_01,日语蓝宝书N5N4__part_01-09.png,toc_or_heading,65,auto_enriched,,jp_grammar N5_N4 日语蓝宝书N5N4 batch_01 auto_enriched auto_completed
2e6102353cc956d2,N5/N4,日语蓝宝书N5N4,～ らしい,～ らしい,接续：～ らしい。按原书条目和句中词形使用。,好像；有...风格,可表示推量，也可表示具有典型特征。,この文では（らしい）の使い方を確認します。,这句话用于确认“～ らしい”的用法。,同类或相近表达请结合原书相似语法页复习。,推量/性质,batch_01,日语蓝宝书N5N4__part_01-09.png,toc_or_heading,50,auto_enriched,,jp_grammar N5_N4 日语蓝宝书N5N4 batch_01 auto_enriched auto_completed
f4678d553be391a3,N5/N4,日语蓝宝书N5N4,～ みたいだ,～ みたいだ,動詞ます形 + たい,好像；像...,口语中表示比喻或推量。,日本へ行き（たい）です。,我想去日本。,同类或相近表达请结合原书相似语法页复习。,比喻/推量,batch_01,日语蓝宝书N5N4__part_01-09.png,toc_or_heading,50,auto_enriched,,jp_grammar N5_N4 日语蓝宝书N5N4 batch_01 auto_enriched auto_completed
538a986851128caa,N5/N4,日语蓝宝书N5N4,使役助動詞 「 せる / させる 」,使役助,動詞「せる/させる」,表示「使役助」这一语法形式或助词用法,用于练习「使役助」在句中的形式和基本功能；具体语义需结合前后文判断。,この文では（使役助）の使い方を確認します。,这句话用于确认“使役助”的用法。,同类或相近表达请结合原书相似语法页复习。,形式/用法,batch_01,日语蓝宝书N5N4__part_01-09.png,toc_or_heading,30,auto_completed,,jp_grammar N5_N4 日语蓝宝书N5N4 batch_01 kept_needs_explanation auto_completed
5235064c5802d847,N5/N4,日语蓝宝书N5N4,使役被動助助詞 「 される / させられる 」,使役被動助助詞「される/させられる」,接续：使役被動助助詞「される/させられる」。按原书条目和句中词形使用。,表示「使役被動助助詞「される」这一语法形式或助词用法,用于练习「使役被動助助詞「される/させられる」」在句中的形式和基本功能；具体语义需结合前后文判断。,この文では（使役被動助助詞「される）の使い方を確認します。,这句话用于确认“使役被動助助詞「される/させられる」”的用法。,同类或相近表达请结合原书相似语法页复习。,形式/用法,batch_01,日语蓝宝书N5N4__part_01-09.png,toc_or_heading,30,auto_completed,,jp_grammar N5_N4 日语蓝宝书N5N4 batch_01 kept_needs_explanation auto_completed
6ddf55240de64ce5,N5/N4,日语蓝宝书N5N4,～ ておく / とく,～ ておく/とく,動詞て形 + おく,预先...；保持...,表示为将来做准备，或让状态保持。,旅行の前にホテルを予約し（ておく）。,旅行前先预约酒店。,同类或相近表达请结合原书相似语法页复习。,准备/保持,batch_01,日语蓝宝书N5N4__part_01-09.png,toc_or_heading,60,auto_completed,,jp_grammar N5_N4 日语蓝宝书N5N4 batch_01 kept_needs_explanation auto_completed
32b1fb71e823ba57,N5/N4,日语蓝宝书N5N4,～ ていく,～ ていく,動詞て形 + いく,...下去；去...,表示动作离开说话人方向，或状态从现在持续到将来。,これからも勉強を続け（ていく）。,今后也会继续学习下去。,同类或相近表达请结合原书相似语法页复习。,方向/变化,batch_01,日语蓝宝书N5N4__part_01-10.png,toc_or_heading,50,auto_completed,,jp_grammar N5_N4 日语蓝宝书N5N4 batch_01 kept_needs_explanation auto_completed
e76dd969dd77526f,N5/N4,日语蓝宝书N5N4,～ てくる,～ てくる,動詞て形 + くる,...起来；来...,表示动作朝说话人方向，或变化从过去持续到现在。,日本語が少し分かっ（てきた）。,日语渐渐懂了一些。,同类或相近表达请结合原书相似语法页复习。,方向/变化,batch_01,日语蓝宝书N5N4__part_01-10.png,toc_or_heading,50,auto_completed,,jp_grammar N5_N4 日语蓝宝书N5N4 batch_01 kept_needs_explanation auto_completed
e8e5d154834f5632,N5/N4,日语蓝宝书N5N4,～ てしまう / ちゃう,～ てしまう/ちゃう,動詞て形变化 + ちゃう,...掉了；...完了,「てしまう」的口语形式，表示完成或遗憾。,宿題を全部やっ（ちゃう）。,把作业全做完。,同类或相近表达请结合原书相似语法页复习。,完成/口语,batch_01,日语蓝宝书N5N4__part_01-10.png,toc_or_heading,60,auto_completed,,jp_grammar N5_N4 日语蓝宝书N5N4 batch_01 kept_needs_explanation auto_completed
999b014aeb0bcd63,N5/N4,日语蓝宝书N5N4,～ てみる,～ てみる,動詞て形 + みる,试着...,表示尝试做某事。,新しい方法を試し（てみる）。,试试新的方法。,同类或相近表达请结合原书相似语法页复习。,尝试,batch_01,日语蓝宝书N5N4__part_01-10.png,toc_or_heading,50,auto_completed,,jp_grammar N5_N4 日语蓝宝书N5N4 batch_01 kept_needs_explanation auto_completed
27c2b126e8551cbf,N5/N4,日语蓝宝书N5N4,～ ということ,～ ということ,普通形 + ということ,也就是说；...这件事,用于概括前文内容或说明结论。,彼が来ない（ということ）は、忙しいのだろう。,他不来这件事，说明大概很忙吧。,同类或相近表达请结合原书相似语法页复习。,说明/概括,batch_01,日语蓝宝书N5N4__part_01-10.png,toc_or_heading,65,auto_completed,,jp_grammar N5_N4 日语蓝宝书N5N4 batch_01 kept_needs_explanation auto_completed
87b30245bc152fb4,N5/N4,日语蓝宝书N5N4,～ の,～ の,普通形 + の,名词化；所属；说明,可表示所属、名词化，或替代前面提到的名词。,走る（の）が好きです。,我喜欢跑步。,同类或相近表达请结合原书相似语法页复习。,名词化/助词,batch_01,日语蓝宝书N5N4__part_01-10.png,toc_or_heading,50,auto_completed,,jp_grammar N5_N4 日语蓝宝书N5N4 batch_01 kept_needs_explanation auto_completed
b796e89a59c497ea,N5/N4,日语蓝宝书N5N4,～ の / んです,～ の/んです,普通形 + の,名词化；所属；说明,可表示所属、名词化，或替代前面提到的名词。,走る（の）が好きです。,我喜欢跑步。,同类或相近表达请结合原书相似语法页复习。,名词化/助词,batch_01,日语蓝宝书N5N4__part_01-10.png,toc_or_heading,50,auto_completed,,jp_grammar N5_N4 日语蓝宝书N5N4 batch_01 kept_needs_explanation auto_completed
1f032c15f5e6b59e,N5/N4,日语蓝宝书N5N4,～ から,～ から,普通形 + か,因为；从,可表示原因，也可表示时间或空间起点。,彼が来る（か）分かりません。,不知道他是否会来。,同类或相近表达请结合原书相似语法页复习。,原因/起点,batch_01,日语蓝宝书N5N4__part_01-10.png,toc_or_heading,50,auto_enriched,,jp_grammar N5_N4 日语蓝宝书N5N4 batch_01 auto_enriched auto_completed
f8e5dcd9442ad5e7,N5/N4,日语蓝宝书N5N4,～ ので,～ ので,普通形 + の,因为...,表示原因理由，语气比から更客观、柔和。,走る（の）が好きです。,我喜欢跑步。,同类或相近表达请结合原书相似语法页复习。,原因,batch_01,日语蓝宝书N5N4__part_01-10.png,toc_or_heading,50,auto_enriched,,jp_grammar N5_N4 日语蓝宝书N5N4 batch_01 auto_enriched auto_completed
f84c2c5715b9c803,N5/N4,日语蓝宝书N5N4,～ のに,～ のに,普通形 + のに,明明...却；为了...,可表示逆接，也可表示用途或目的。,一生懸命勉強した（のに）、合格できなかった。,明明努力学习了，却没能合格。,同类或相近表达请结合原书相似语法页复习。,逆接/目的,batch_01,日语蓝宝书N5N4__part_01-10.png,toc_or_heading,50,auto_completed,,jp_grammar N5_N4 日语蓝宝书N5N4 batch_01 kept_needs_explanation auto_completed
607355bfc9006707,N5/N4,日语蓝宝书N5N4,～ ても / でも,～ ても/でも,動詞て形 / い形容詞くて + も,即使...也,表示让步条件。,雨が降っ（ても）、行きます。,即使下雨也去。,同类或相近表达请结合原书相似语法页复习。,让步,batch_01,日语蓝宝书N5N4__part_01-10.png,toc_or_heading,60,auto_completed,,jp_grammar N5_N4 日语蓝宝书N5N4 batch_01 kept_needs_explanation auto_completed
40b4c41e2b29b04c,N5/N4,日语蓝宝书N5N4,～ てもいし,～ てもいし,動詞て形 / い形容詞くて + も,即使...也,表示让步条件。,雨が降っ（ても）、行きます。,即使下雨也去。,同类或相近表达请结合原书相似语法页复习。,让步,batch_01,日语蓝宝书N5N4__part_01-10.png,toc_or_heading,50,auto_completed,,jp_grammar N5_N4 日语蓝宝书N5N4 batch_01 kept_needs_explanation auto_completed
c44538542e33a828,N5/N4,日语蓝宝书N5N4,～ てもかまわない,～ てもかまわない,動詞て形 + もかまわない,...也没关系,表示许可或不介意。,少し遅れ（てもかまわない）。,稍微迟到也没关系。,同类或相近表达请结合原书相似语法页复习。,许可,batch_01,日语蓝宝书N5N4__part_01-10.png,toc_or_heading,50,auto_completed,,jp_grammar N5_N4 日语蓝宝书N5N4 batch_01 kept_needs_explanation auto_completed
8175ae7d5029ef35,N5/N4,日语蓝宝书N5N4,～ てはいけない,～ てはいけない,接续：～ てはいけない。按原书条目和句中词形使用。,不可以...,表示禁止。,この文では（てはいけない）の使い方を確認します。,这句话用于确认“～ てはいけない”的用法。,同类或相近表达请结合原书相似语法页复习。,禁止,batch_01,日语蓝宝书N5N4__part_01-10.png,toc_or_heading,50,auto_enriched,,jp_grammar N5_N4 日语蓝宝书N5N4 batch_01 auto_enriched auto_completed
457d8cc58dd2c271,N5/N4,日语蓝宝书N5N4,～ なければならない,～ なければならない,動詞ば形 / い形容詞ければ + ば,必须...,表示义务或必要性。,時間があれ（ば）、行きます。,如果有时间就去。,同类或相近表达请结合原书相似语法页复习。,义务,batch_01,日语蓝宝书N5N4__part_01-10.png,toc_or_heading,50,auto_enriched,,jp_grammar N5_N4 日语蓝宝书N5N4 batch_01 auto_enriched auto_completed
3b1a66b0e1eb23c2,N5/N4,日语蓝宝书N5N4,～ なくてもいい ・ ・ ・ 。 ・ ・ ・ ・ 一35. ～ なくてはな - らない / なくてはいけない,～ なくてもいい・・・。・・・・一35.,動詞て形 + もいい,不...也可以,表示没有必要做某事。,ここに座っ（てもいい）ですか。,可以坐这里吗？,同类或相近表达请结合原书相似语法页复习。,不必要,batch_01,日语蓝宝书N5N4__part_01-10.png,toc_or_heading,50,auto_enriched,,jp_grammar N5_N4 日语蓝宝书N5N4 batch_01 auto_enriched auto_completed
54467adb2f7c7960,N5/N4,日语蓝宝书N5N4,～ なくてもいい ・ ・ ・ 。 ・ ・ ・ ・ 一35. ～ なくてはな - らない / なくてはいけない,～ なくてはな - らない/なくてはいけない,接续：～ なくてはな - らない/なくてはいけない。按原书条目和句中词形使用。,不可以...,表示禁止。,この文では（なくてはな - らない）の使い方を確認します。,这句话用于确认“～ なくてはな - らない/なくてはいけない”的用法。,同类或相近表达请结合原书相似语法页复习。,禁止,batch_01,日语蓝宝书N5N4__part_01-10.png,toc_or_heading,60,auto_enriched,,jp_grammar N5_N4 日语蓝宝书N5N4 batch_01 auto_enriched auto_completed
857ba67e1004d87b,N5/N4,日语蓝宝书N5N4,～ すぎる,～ すぎる,動詞ます形 / い形容詞語幹 / な形容詞語幹 + すぎる,过于...,表示程度超过适当范围。,この料理は辛（すぎる）。,这道菜太辣了。,同类或相近表达请结合原书相似语法页复习。,程度,batch_01,日语蓝宝书N5N4__part_01-10.png,toc_or_heading,50,auto_completed,,jp_grammar N5_N4 日语蓝宝书N5N4 batch_01 kept_needs_explanation auto_completed
43e95f42836beced,N5/N4,日语蓝宝书N5N4,れ ～ だす,～ だす,接续：～ だす。按原书条目和句中词形使用。,表示「だす」这一语法形式或助词用法,用于练习「～ だす」在句中的形式和基本功能；具体语义需结合前后文判断。,この文では（だす）の使い方を確認します。,这句话用于确认“～ だす”的用法。,同类或相近表达请结合原书相似语法页复习。,形式/用法,batch_01,日语蓝宝书N5N4__part_01-10.png,toc_or_heading,50,auto_completed,,jp_grammar N5_N4 日语蓝宝书N5N4 batch_01 kept_needs_explanation auto_completed
91f4b35d3e3bfee9,N5/N4,日语蓝宝书N5N4,～ つづける,～ つづける,接续：～ つづける。按原书条目和句中词形使用。,表示「つづける」这一语法形式或助词用法,用于练习「～ つづける」在句中的形式和基本功能；具体语义需结合前后文判断。,この文では（つづける）の使い方を確認します。,这句话用于确认“～ つづける”的用法。,同类或相近表达请结合原书相似语法页复习。,形式/用法,batch_01,日语蓝宝书N5N4__part_01-10.png,toc_or_heading,50,auto_completed,,jp_grammar N5_N4 日语蓝宝书N5N4 batch_01 kept_needs_explanation auto_completed
5d52e81c612ad5b5,N5/N4,日语蓝宝书N5N4,～ やすい,～ やすい,動詞ます形 + やすい,容易...,表示某动作容易做或某状态容易发生。,このペンは書き（やすい）。,这支笔好写。,同类或相近表达请结合原书相似语法页复习。,容易,batch_01,日语蓝宝书N5N4__part_01-10.png,toc_or_heading,50,auto_completed,,jp_grammar N5_N4 日语蓝宝书N5N4 batch_01 kept_needs_explanation auto_completed
cf3605e4d1096e49,N5/N4,日语蓝宝书N5N4,～ がたい,～ がたい,人を表す名詞 + がた,难以...,表示从心理或事实角度很难做到。,先生（がた）に相談します。,向各位老师商量。,同类或相近表达请结合原书相似语法页复习。,困难,batch_01,日语蓝宝书N5N4__part_01-10.png,toc_or_heading,50,auto_enriched,,jp_grammar N5_N4 日语蓝宝书N5N4 batch_01 auto_enriched auto_completed
052b97ae1298ab61,N5/N4,日语蓝宝书N5N4,～ 方,～ 方,接续：～ 方。按原书条目和句中词形使用。,表示「方」这一语法形式或助词用法,用于练习「～ 方」在句中的形式和基本功能；具体语义需结合前后文判断。,この文では（方）の使い方を確認します。,这句话用于确认“～ 方”的用法。,同类或相近表达请结合原书相似语法页复习。,形式/用法,batch_01,日语蓝宝书N5N4__part_01-10.png,toc_or_heading,50,auto_completed,,jp_grammar N5_N4 日语蓝宝书N5N4 batch_01 kept_needs_explanation auto_completed
0909e7fb314d5db6,N5/N4,日语蓝宝书N5N4,～ てカ 、 ら ・ を,～ てカ、ら・を,接续：～ てカ、ら・を。按原书条目和句中词形使用。,表示「てカ、ら・を」这一语法形式或助词用法,用于练习「～ てカ、ら・を」在句中的形式和基本功能；具体语义需结合前后文判断。,この文では（てカ、ら・を）の使い方を確認します。,这句话用于确认“～ てカ、ら・を”的用法。,同类或相近表达请结合原书相似语法页复习。,形式/用法,batch_01,日语蓝宝书N5N4__part_01-10.png,toc_or_heading,50,auto_completed,,jp_grammar N5_N4 日语蓝宝书N5N4 batch_01 kept_needs_explanation auto_completed
60292cff057ac7d5,N5/N4,日语蓝宝书N5N4,～ ところ,～ ところ,接续：～ ところ。按原书条目和句中词形使用。,表示「ところ」这一语法形式或助词用法,用于练习「～ ところ」在句中的形式和基本功能；具体语义需结合前后文判断。,この文では（ところ）の使い方を確認します。,这句话用于确认“～ ところ”的用法。,同类或相近表达请结合原书相似语法页复习。,形式/用法,batch_01,日语蓝宝书N5N4__part_01-10.png,toc_or_heading,65,auto_completed,,jp_grammar N5_N4 日语蓝宝书N5N4 batch_01 kept_needs_explanation auto_completed
3073593250fe338c,N5/N4,日语蓝宝书N5N4,行 ～ ていをとごろだ,～ ていをとごろだ,接续：～ ていをとごろだ。按原书条目和句中词形使用。,表示「ていをとごろだ」这一语法形式或助词用法,用于练习「～ ていをとごろだ」在句中的形式和基本功能；具体语义需结合前后文判断。,この文では（ていをとごろだ）の使い方を確認します。,这句话用于确认“～ ていをとごろだ”的用法。,同类或相近表达请结合原书相似语法页复习。,形式/用法,batch_01,日语蓝宝书N5N4__part_01-10.png,toc_or_heading,50,auto_completed,,jp_grammar N5_N4 日语蓝宝书N5N4 batch_01 kept_needs_explanation auto_completed
17a084c12165287b,N5/N4,日语蓝宝书N5N4,～ たところだ,～ たところだ,接续：～ たところだ。按原书条目和句中词形使用。,即使...也；刚...,可表示做了前项后发现某结果，也可表示逆接条件。,この文では（たところだ）の使い方を確認します。,这句话用于确认“～ たところだ”的用法。,同类或相近表达请结合原书相似语法页复习。,时间/逆接,batch_01,日语蓝宝书N5N4__part_01-10.png,toc_or_heading,65,auto_enriched,,jp_grammar N5_N4 日语蓝宝书N5N4 batch_01 auto_enriched auto_completed
826834f9cf0f7d91,N5/N4,日语蓝宝书N5N4,～ ・ て1まかり,～・て1まかり,普通形 + か,是否；或者；疑问,表示疑问、不确定或选择。,彼が来る（か）分かりません。,不知道他是否会来。,同类或相近表达请结合原书相似语法页复习。,疑问/选择,batch_01,日语蓝宝书N5N4__part_01-11.png,body_heading,50,auto_completed,,jp_grammar N5_N4 日语蓝宝书N5N4 batch_01 kept_needs_explanation auto_completed
e4974af88e33aa5f,N5/N4,日语蓝宝书N5N4,～ ながら,～ ながら,動詞ます形 + ながら,一边...一边...,表示两个动作同时进行。,音楽を聞き（ながら）、勉強します。,一边听音乐一边学习。,同类或相近表达请结合原书相似语法页复习。,同时,batch_01,日语蓝宝书N5N4__part_01-11.png,body_heading,65,auto_completed,,jp_grammar N5_N4 日语蓝宝书N5N4 batch_01 kept_needs_explanation auto_completed
5c0e88035da2e39f,N5/N4,日语蓝宝书N5N4,～ と ～ - と,～ と,接续：～ と。按原书条目和句中词形使用。,表示「と」这一语法形式或助词用法,用于练习「～ と」在句中的形式和基本功能；具体语义需结合前后文判断。,この文では（と）の使い方を確認します。,这句话用于确认“～ と”的用法。,同类或相近表达请结合原书相似语法页复习。,形式/用法,batch_01,日语蓝宝书N5N4__part_01-11.png,body_heading,50,auto_completed,,jp_grammar N5_N4 日语蓝宝书N5N4 batch_01 kept_needs_explanation auto_completed
9b42257739cf389a,N5/N4,日语蓝宝书N5N4,～ と ～ - と,～ - と,接续：～ - と。按原书条目和句中词形使用。,表示「- と」这一语法形式或助词用法,用于练习「～ - と」在句中的形式和基本功能；具体语义需结合前后文判断。,この文では（- と）の使い方を確認します。,这句话用于确认“～ - と”的用法。,同类或相近表达请结合原书相似语法页复习。,形式/用法,batch_01,日语蓝宝书N5N4__part_01-11.png,body_heading,50,auto_completed,,jp_grammar N5_N4 日语蓝宝书N5N4 batch_01 kept_needs_explanation auto_completed
011e13e50a525fb2,N5/N4,日语蓝宝书N5N4,～ たノタたり ～ たり,～ たノタたり,接续：～ たノタたり。按原书条目和句中词形使用。,表示「たノタたり」这一语法形式或助词用法,用于练习「～ たノタたり」在句中的形式和基本功能；具体语义需结合前后文判断。,この文では（たノタたり）の使い方を確認します。,这句话用于确认“～ たノタたり”的用法。,同类或相近表达请结合原书相似语法页复习。,形式/用法,batch_01,日语蓝宝书N5N4__part_01-11.png,body_heading,50,auto_completed,,jp_grammar N5_N4 日语蓝宝书N5N4 batch_01 kept_needs_explanation auto_completed
d74272463e57e3f2,N5/N4,日语蓝宝书N5N4,～ たノタたり ～ たり,～ たり,接续：～ たり。按原书条目和句中词形使用。,表示「たり」这一语法形式或助词用法,用于练习「～ たり」在句中的形式和基本功能；具体语义需结合前后文判断。,この文では（たり）の使い方を確認します。,这句话用于确认“～ たり”的用法。,同类或相近表达请结合原书相似语法页复习。,形式/用法,batch_01,日语蓝宝书N5N4__part_01-11.png,body_heading,50,auto_completed,,jp_grammar N5_N4 日语蓝宝书N5N4 batch_01 kept_needs_explanation auto_completed
d737816b384e6dea,N5/N4,日语蓝宝书N5N4,"～ ル / し ～ , し第",～ ル/し,接续：～ ル/し。按原书条目和句中词形使用。,表示「ル」这一语法形式或助词用法,用于练习「～ ル/し」在句中的形式和基本功能；具体语义需结合前后文判断。,この文では（ル）の使い方を確認します。,这句话用于确认“～ ル/し”的用法。,同类或相近表达请结合原书相似语法页复习。,形式/用法,batch_01,日语蓝宝书N5N4__part_01-11.png,body_heading,50,auto_completed,,jp_grammar N5_N4 日语蓝宝书N5N4 batch_01 kept_needs_explanation auto_completed
3e818c0f854af528,N5/N4,日语蓝宝书N5N4,"～ ル / し ～ , し第","～ , し第","接续：～ , し第。按原书条目和句中词形使用。","表示「, し第」这一语法形式或助词用法","用于练习「～ , し第」在句中的形式和基本功能；具体语义需结合前后文判断。","この文では（, し第）の使い方を確認します。","这句话用于确认“～ , し第”的用法。",同类或相近表达请结合原书相似语法页复习。,形式/用法,batch_01,日语蓝宝书N5N4__part_01-11.png,body_heading,50,auto_completed,,jp_grammar N5_N4 日语蓝宝书N5N4 batch_01 kept_needs_explanation auto_completed
cf403e1116ec2fb9,N5/N4,日语蓝宝书N5N4,～ ほ - ど ～ ない ;,～ ほ - ど,接续：～ ほ - ど。按原书条目和句中词形使用。,表示「ほ - ど」这一语法形式或助词用法,用于练习「～ ほ - ど」在句中的形式和基本功能；具体语义需结合前后文判断。,この文では（ほ - ど）の使い方を確認します。,这句话用于确认“～ ほ - ど”的用法。,同类或相近表达请结合原书相似语法页复习。,形式/用法,batch_01,日语蓝宝书N5N4__part_01-11.png,body_heading,50,auto_completed,,jp_grammar N5_N4 日语蓝宝书N5N4 batch_01 kept_needs_explanation auto_completed
09e1c5e7a3137d28,N5/N4,日语蓝宝书N5N4,～ ほ - ど ～ ない ;,～ ない;,接续：～ ない;。按原书条目和句中词形使用。,表示「ない;」这一语法形式或助词用法,用于练习「～ ない;」在句中的形式和基本功能；具体语义需结合前后文判断。,この文では（ない;）の使い方を確認します。,这句话用于确认“～ ない;”的用法。,同类或相近表达请结合原书相似语法页复习。,形式/用法,batch_01,日语蓝宝书N5N4__part_01-11.png,body_heading,50,auto_completed,,jp_grammar N5_N4 日语蓝宝书N5N4 batch_01 kept_needs_explanation auto_completed
962d919eda97e378,N5/N4,日语蓝宝书N5N4,～ は ～ が,～ は,接续：～ は。按原书条目和句中词形使用。,表示「は」这一语法形式或助词用法,用于练习「～ は」在句中的形式和基本功能；具体语义需结合前后文判断。,この文では（は）の使い方を確認します。,这句话用于确认“～ は”的用法。,同类或相近表达请结合原书相似语法页复习。,形式/用法,batch_01,日语蓝宝书N5N4__part_01-11.png,body_heading,50,auto_completed,,jp_grammar N5_N4 日语蓝宝书N5N4 batch_01 kept_needs_explanation auto_completed
3e02ed45f6d2e40d,N5/N4,日语蓝宝书N5N4,～ は ～ が,～ が,名詞 + が / 普通形 + が,但是；主语标记,可表示主语，也可连接前后相反或铺垫内容。,値段は高い（が）、品質はいい。,价格高，但是质量好。,同类或相近表达请结合原书相似语法页复习。,助词/逆接,batch_01,日语蓝宝书N5N4__part_01-11.png,body_heading,50,auto_completed,,jp_grammar N5_N4 日语蓝宝书N5N4 batch_01 kept_needs_explanation auto_completed
da9e39f89d185636,N5/N4,日语蓝宝书N5N4,～ - でしユう,～ - でしユう,接续：～ - でしユう。按原书条目和句中词形使用。,表示「- でしユう」这一语法形式或助词用法,用于练习「～ - でしユう」在句中的形式和基本功能；具体语义需结合前后文判断。,この文では（- でしユう）の使い方を確認します。,这句话用于确认“～ - でしユう”的用法。,同类或相近表达请结合原书相似语法页复习。,形式/用法,batch_01,日语蓝宝书N5N4__part_01-11.png,body_heading,50,auto_completed,,jp_grammar N5_N4 日语蓝宝书N5N4 batch_01 kept_needs_explanation auto_completed
77d304d8b5cfedf5,N5/N4,日语蓝宝书N5N4,～ たら,～ たら,接续：～ たら。按原书条目和句中词形使用。,如果...；...之后,表示条件，也可表示某动作完成后的时间。,この文では（たら）の使い方を確認します。,这句话用于确认“～ たら”的用法。,同类或相近表达请结合原书相似语法页复习。,条件/时间,batch_01,日语蓝宝书N5N4__part_01-11.png,body_heading,50,auto_enriched,,jp_grammar N5_N4 日语蓝宝书N5N4 batch_01 auto_enriched auto_completed
c7dcd7b9ecfea140,N5/N4,日语蓝宝书N5N4,～ なら,～ なら,接续：～ なら。按原书条目和句中词形使用。,表示「なら」这一语法形式或助词用法,用于练习「～ なら」在句中的形式和基本功能；具体语义需结合前后文判断。,この文では（なら）の使い方を確認します。,这句话用于确认“～ なら”的用法。,同类或相近表达请结合原书相似语法页复习。,形式/用法,batch_01,日语蓝宝书N5N4__part_01-11.png,body_heading,50,auto_completed,,jp_grammar N5_N4 日语蓝宝书N5N4 batch_01 kept_needs_explanation auto_completed
91d6ff88116e6e44,N5/N4,日语蓝宝书N5N4,& ～ だめ / ために,～ だめ/ために,接续：～ だめ/ために。按原书条目和句中词形使用。,为了；因为,表示目的，也可表示原因。,この文では（だめ）の使い方を確認します。,这句话用于确认“～ だめ/ために”的用法。,同类或相近表达请结合原书相似语法页复习。,目的/原因,batch_01,日语蓝宝书N5N4__part_01-11.png,body_heading,65,auto_enriched,,jp_grammar N5_N4 日语蓝宝书N5N4 batch_01 auto_enriched auto_completed
8f66c6d6832177a4,N5/N4,日语蓝宝书N5N4,～ よう - ( に,～ よう -(に,接续：～ よう -(に。按原书条目和句中词形使用。,表示「よう -(に」这一语法形式或助词用法,用于练习「～ よう -(に」在句中的形式和基本功能；具体语义需结合前后文判断。,この文では（よう -(に）の使い方を確認します。,这句话用于确认“～ よう -(に”的用法。,同类或相近表达请结合原书相似语法页复习。,形式/用法,batch_01,日语蓝宝书N5N4__part_01-11.png,body_heading,65,auto_completed,,jp_grammar N5_N4 日语蓝宝书N5N4 batch_01 kept_needs_explanation auto_completed
86a58580d019187c,N5/N4,日语蓝宝书N5N4,; ～ よラに言う,～ よラに言う,接续：～ よラに言う。按原书条目和句中词形使用。,表示「よラに言う」这一语法形式或助词用法,用于练习「～ よラに言う」在句中的形式和基本功能；具体语义需结合前后文判断。,この文では（よラに言う）の使い方を確認します。,这句话用于确认“～ よラに言う”的用法。,同类或相近表达请结合原书相似语法页复习。,形式/用法,batch_01,日语蓝宝书N5N4__part_01-11.png,body_heading,50,auto_completed,,jp_grammar N5_N4 日语蓝宝书N5N4 batch_01 kept_needs_explanation auto_completed
71d836d89c314764,N5/N4,日语蓝宝书N5N4,～ よう - になる,～ よう - になる,名詞 / な形容詞 + になる,变成...,表示自然变化或结果。,春（になる）と、暖かくなる。,到了春天就变暖。,同类或相近表达请结合原书相似语法页复习。,变化,batch_01,日语蓝宝书N5N4__part_01-11.png,body_heading,65,auto_completed,,jp_grammar N5_N4 日语蓝宝书N5N4 batch_01 kept_needs_explanation auto_completed
2448bce3da803f0b,N5/N4,日语蓝宝书N5N4,～ よテにする,～ よテにする,名詞 + にする,决定...；使...成为,表示选择、决定，或人为改变状态。,昼ご飯はカレー（にする）。,午饭决定吃咖喱。,同类或相近表达请结合原书相似语法页复习。,决定/变化,batch_01,日语蓝宝书N5N4__part_01-11.png,body_heading,50,auto_completed,,jp_grammar N5_N4 日语蓝宝书N5N4 batch_01 kept_needs_explanation auto_completed
d35bd99b8bc847fd,N5/N4,日语蓝宝书N5N4,～ しか ～ ない,～ しか,普通形 + か,只；仅,与否定搭配，表示数量或范围少。,彼が来る（か）分かりません。,不知道他是否会来。,同类或相近表达请结合原书相似语法页复习。,限定,batch_01,日语蓝宝书N5N4__part_01-12.png,toc_or_heading,50,auto_enriched,,jp_grammar N5_N4 日语蓝宝书N5N4 batch_01 auto_enriched auto_completed
d201ba3e57b4fdff,N5/N4,日语蓝宝书N5N4,～ しか ～ ない,～ ない,接续：～ ない。按原书条目和句中词形使用。,表示「ない」这一语法形式或助词用法,用于练习「～ ない」在句中的形式和基本功能；具体语义需结合前后文判断。,この文では（ない）の使い方を確認します。,这句话用于确认“～ ない”的用法。,同类或相近表达请结合原书相似语法页复习。,形式/用法,batch_01,日语蓝宝书N5N4__part_01-12.png,toc_or_heading,50,auto_completed,,jp_grammar N5_N4 日语蓝宝书N5N4 batch_01 kept_needs_explanation auto_completed
a760a03cacb666be,N5/N4,日语蓝宝书N5N4,～ だけ,～ だけ,接续：～ だけ。按原书条目和句中词形使用。,只；仅,表示限定范围。,この文では（だけ）の使い方を確認します。,这句话用于确认“～ だけ”的用法。,同类或相近表达请结合原书相似语法页复习。,限定,batch_01,日语蓝宝书N5N4__part_01-12.png,toc_or_heading,50,auto_enriched,,jp_grammar N5_N4 日语蓝宝书N5N4 batch_01 auto_enriched auto_completed
543df032acefd1b7,N5/N4,日语蓝宝书N5N4,～ だけでなく,～ だけでなく,普通形 + だけでなく,不但...而且,表示不仅前项成立，后项也成立。,彼は英語（だけでなく）、中国語も話せる。,他不但会英语，还会中文。,同类或相近表达请结合原书相似语法页复习。,递进,batch_01,日语蓝宝书N5N4__part_01-12.png,toc_or_heading,50,auto_completed,,jp_grammar N5_N4 日语蓝宝书N5N4 batch_01 kept_needs_explanation auto_completed
30049aa6f26b8b41,N5/N4,日语蓝宝书N5N4,～ にする,～ にする,名詞 + にする,决定...；使...成为,表示选择、决定，或人为改变状态。,昼ご飯はカレー（にする）。,午饭决定吃咖喱。,同类或相近表达请结合原书相似语法页复习。,决定/变化,batch_01,日语蓝宝书N5N4__part_01-12.png,toc_or_heading,50,auto_completed,,jp_grammar N5_N4 日语蓝宝书N5N4 batch_01 kept_needs_explanation auto_completed
15afca68a1f47cf0,N5/N4,日语蓝宝书N5N4,& ～ にな - るを,～ にな - るを,接续：～ にな - るを。按原书条目和句中词形使用。,表示「にな - るを」这一语法形式或助词用法,用于练习「～ にな - るを」在句中的形式和基本功能；具体语义需结合前后文判断。,この文では（にな - るを）の使い方を確認します。,这句话用于确认“～ にな - るを”的用法。,同类或相近表达请结合原书相似语法页复习。,形式/用法,batch_01,日语蓝宝书N5N4__part_01-12.png,toc_or_heading,50,auto_completed,,jp_grammar N5_N4 日语蓝宝书N5N4 batch_01 kept_needs_explanation auto_completed
abff3385899e3169,N5/N4,日语蓝宝书N5N4,cr: ～ なくて,cr:～ なくて,接续：cr:～ なくて。按原书条目和句中词形使用。,表示「cr:～ なくて」这一语法形式或助词用法,用于练习「cr:～ なくて」在句中的形式和基本功能；具体语义需结合前后文判断。,この文では（cr:～ なくて）の使い方を確認します。,这句话用于确认“cr:～ なくて”的用法。,同类或相近表达请结合原书相似语法页复习。,形式/用法,batch_01,日语蓝宝书N5N4__part_01-12.png,toc_or_heading,50,auto_completed,,jp_grammar N5_N4 日语蓝宝书N5N4 batch_01 kept_needs_explanation auto_completed
c7231459f10f97e0,N5/N4,日语蓝宝书N5N4,～ かどうカ,～ かどうカ,普通形 + か,是否；或者；疑问,表示疑问、不确定或选择。,彼が来る（か）分かりません。,不知道他是否会来。,同类或相近表达请结合原书相似语法页复习。,疑问/选择,batch_01,日语蓝宝书N5N4__part_01-12.png,toc_or_heading,50,auto_completed,,jp_grammar N5_N4 日语蓝宝书N5N4 batch_01 kept_needs_explanation auto_completed
6d8b27e0b146d103,N5/N4,日语蓝宝书N5N4,～ だい / かい,～ だい/かい,普通形 + か,是否；或者；疑问,表示疑问、不确定或选择。,彼が来る（か）分かりません。,不知道他是否会来。,同类或相近表达请结合原书相似语法页复习。,疑问/选择,batch_01,日语蓝宝书N5N4__part_01-12.png,toc_or_heading,50,auto_completed,,jp_grammar N5_N4 日语蓝宝书N5N4 batch_01 kept_needs_explanation auto_completed
c36c445fbaced3fa,N5/N4,日语蓝宝书N5N4,疑詞詞+帋 ・ ・ ・ ～ ーこどがある,～ ーこどがある,名詞 + が / 普通形 + が,但是；主语标记,可表示主语，也可连接前后相反或铺垫内容。,値段は高い（が）、品質はいい。,价格高，但是质量好。,同类或相近表达请结合原书相似语法页复习。,助词/逆接,batch_01,日语蓝宝书N5N4__part_01-12.png,toc_or_heading,50,auto_completed,,jp_grammar N5_N4 日语蓝宝书N5N4 batch_01 kept_needs_explanation auto_completed
af77086edcfa30d9,N5/N4,日语蓝宝书N5N4,～ ( よ ) うと思う,～(よ)うと思う,接续：～(よ)うと思う。按原书条目和句中词形使用。,表示「(よ)うと思う」这一语法形式或助词用法,用于练习「～(よ)うと思う」在句中的形式和基本功能；具体语义需结合前后文判断。,この文では（(よ)うと思う）の使い方を確認します。,这句话用于确认“～(よ)うと思う”的用法。,同类或相近表达请结合原书相似语法页复习。,形式/用法,batch_01,日语蓝宝书N5N4__part_01-12.png,toc_or_heading,50,auto_completed,,jp_grammar N5_N4 日语蓝宝书N5N4 batch_01 kept_needs_explanation auto_completed
8e351e8791dba2f1,N5/N4,日语蓝宝书N5N4,～ あげるノさしあげる ・ ・ .,～ あげるノさしあげる・・.,接续：～ あげるノさしあげる・・.。按原书条目和句中词形使用。,表示「あげるノさしあげる」这一语法形式或助词用法,用于练习「～ あげるノさしあげる・・.」在句中的形式和基本功能；具体语义需结合前后文判断。,この文では（あげるノさしあげる）の使い方を確認します。,这句话用于确认“～ あげるノさしあげる・・.”的用法。,同类或相近表达请结合原书相似语法页复习。,形式/用法,batch_01,日语蓝宝书N5N4__part_01-12.png,toc_or_heading,50,auto_completed,,jp_grammar N5_N4 日语蓝宝书N5N4 batch_01 kept_needs_explanation auto_completed
71b4cbca5c01ff0a,N5/N4,日语蓝宝书N5N4,～ くれる / ぐださを,～ くれる/ぐださを,接续：～ くれる/ぐださを。按原书条目和句中词形使用。,表示「くれる」这一语法形式或助词用法,用于练习「～ くれる/ぐださを」在句中的形式和基本功能；具体语义需结合前后文判断。,この文では（くれる）の使い方を確認します。,这句话用于确认“～ くれる/ぐださを”的用法。,同类或相近表达请结合原书相似语法页复习。,形式/用法,batch_01,日语蓝宝书N5N4__part_01-12.png,toc_or_heading,50,auto_completed,,jp_grammar N5_N4 日语蓝宝书N5N4 batch_01 kept_needs_explanation auto_completed
bcda78a42b5d8c26,N5/N4,日语蓝宝书N5N4,た ～ てくれる / てくださる,～ てくれる/てくださる,動詞て形 + くれる,别人为我方做...,表示别人为说话人或我方做某事。,友だちが手伝っ（てくれた）。,朋友帮了我。,同类或相近表达请结合原书相似语法页复习。,授受,batch_01,日语蓝宝书N5N4__part_01-12.png,toc_or_heading,60,auto_completed,,jp_grammar N5_N4 日语蓝宝书N5N4 batch_01 kept_needs_explanation auto_completed
2a4176022821026e,N5/N4,日语蓝宝书N5N4,～ やる ～ てやる,～ やる,名詞 + や + 名詞,...和...等,用于不完全列举。,机の上に本（や）ノートがあります。,桌上有书和笔记本等。,同类或相近表达请结合原书相似语法页复习。,列举,batch_01,日语蓝宝书N5N4__part_01-12.png,toc_or_heading,50,auto_completed,,jp_grammar N5_N4 日语蓝宝书N5N4 batch_01 kept_needs_explanation auto_completed
e2bec5719f07d19b,N5/N4,日语蓝宝书N5N4,～ やる ～ てやる,～ てやる,名詞 + や + 名詞,...和...等,用于不完全列举。,机の上に本（や）ノートがあります。,桌上有书和笔记本等。,同类或相近表达请结合原书相似语法页复习。,列举,batch_01,日语蓝宝书N5N4__part_01-12.png,toc_or_heading,50,auto_completed,,jp_grammar N5_N4 日语蓝宝书N5N4 batch_01 kept_needs_explanation auto_completed
a1091c0a7847e708,N5/N4,日语蓝宝书N5N4,～ てちょうだい,～ てちょうだい,動詞て形 + ちょうだい,请给我...,口语中用于请求对方做某事。,少し待っ（てちょうだい）。,请稍等一下。,同类或相近表达请结合原书相似语法页复习。,请求,batch_01,日语蓝宝书N5N4__part_01-12.png,toc_or_heading,50,auto_completed,,jp_grammar N5_N4 日语蓝宝书N5N4 batch_01 kept_needs_explanation auto_completed
8834a830fcd35815,N5/N4,日语蓝宝书N5N4,～ させてください ～,～ させてください,接续：～ させてください。按原书条目和句中词形使用。,请...,用于请求对方做某事。,この文では（させてください）の使い方を確認します。,这句话用于确认“～ させてください”的用法。,同类或相近表达请结合原书相似语法页复习。,请求,batch_01,日语蓝宝书N5N4__part_01-12.png,toc_or_heading,50,auto_enriched,,jp_grammar N5_N4 日语蓝宝书N5N4 batch_01 auto_enriched auto_completed
b02b6ceef86ef3f4,N5/N4,日语蓝宝书N5N4,～ 召し上がる,～ 召し上がる,い形容詞語幹 / な形容詞語幹 + がる,表现出...的样子,用于第三人称表现出的感情或感觉。,弟は犬を怖（がる）。,弟弟表现得害怕狗。,同类或相近表达请结合原书相似语法页复习。,样态,batch_01,日语蓝宝书N5N4__part_01-13.png,toc_or_heading,50,auto_completed,,jp_grammar N5_N4 日语蓝宝书N5N4 batch_01 kept_needs_explanation auto_completed
f41378fde40720fb,N5/N4,日语蓝宝书N5N4,～ おっしやる,～ おっしやる,名詞 + や + 名詞,...和...等,用于不完全列举。,机の上に本（や）ノートがあります。,桌上有书和笔记本等。,同类或相近表达请结合原书相似语法页复习。,列举,batch_01,日语蓝宝书N5N4__part_01-13.png,toc_or_heading,50,auto_completed,,jp_grammar N5_N4 日语蓝宝书N5N4 batch_01 kept_needs_explanation auto_completed
6adaf1213d60f41c,N5/N4,日语蓝宝书N5N4,～ お見えになる,～ お見えになる,名詞 / な形容詞 + になる,变成...,表示自然变化或结果。,春（になる）と、暖かくなる。,到了春天就变暖。,同类或相近表达请结合原书相似语法页复习。,变化,batch_01,日语蓝宝书N5N4__part_01-13.png,toc_or_heading,50,auto_completed,,jp_grammar N5_N4 日语蓝宝书N5N4 batch_01 kept_needs_explanation auto_completed
ff88186d0d4d9587,N5/N4,日语蓝宝书N5N4,ぃ ～ いらっ = しやる ～ ございます,～ いらっ = しやる,名詞 + や + 名詞,...和...等,用于不完全列举。,机の上に本（や）ノートがあります。,桌上有书和笔记本等。,同类或相近表达请结合原书相似语法页复习。,列举,batch_01,日语蓝宝书N5N4__part_01-13.png,toc_or_heading,50,auto_completed,,jp_grammar N5_N4 日语蓝宝书N5N4 batch_01 kept_needs_explanation auto_completed
82c1bfa573d771b0,N5/N4,日语蓝宝书N5N4,ぃ ～ いらっ = しやる ～ ございます,～ ございます,接续：～ ございます。按原书条目和句中词形使用。,表示「ございます」这一语法形式或助词用法,用于练习「～ ございます」在句中的形式和基本功能；具体语义需结合前后文判断。,この文では（ございます）の使い方を確認します。,这句话用于确认“～ ございます”的用法。,同类或相近表达请结合原书相似语法页复习。,形式/用法,batch_01,日语蓝宝书N5N4__part_01-13.png,toc_or_heading,50,auto_completed,,jp_grammar N5_N4 日语蓝宝书N5N4 batch_01 kept_needs_explanation auto_completed
8d53d99840e34bd8,N5/N4,日语蓝宝书N5N4,お / ご ～ ください ・ ・ ・ -,～ ください・・・-,接续：～ ください・・・-。按原书条目和句中词形使用。,表示「ください・・・-」这一语法形式或助词用法,用于练习「～ ください・・・-」在句中的形式和基本功能；具体语义需结合前后文判断。,この文では（ください・・・-）の使い方を確認します。,这句话用于确认“～ ください・・・-”的用法。,同类或相近表达请结合原书相似语法页复习。,形式/用法,batch_01,日语蓝宝书N5N4__part_01-13.png,toc_or_heading,50,auto_completed,,jp_grammar N5_N4 日语蓝宝书N5N4 batch_01 kept_needs_explanation auto_completed
bba64f628977f87e,N5/N4,日语蓝宝书N5N4,～ なさい,～ なさい,接续：～ なさい。按原书条目和句中词形使用。,表示「なさい」这一语法形式或助词用法,用于练习「～ なさい」在句中的形式和基本功能；具体语义需结合前后文判断。,この文では（なさい）の使い方を確認します。,这句话用于确认“～ なさい”的用法。,同类或相近表达请结合原书相似语法页复习。,形式/用法,batch_01,日语蓝宝书N5N4__part_01-13.png,toc_or_heading,50,auto_completed,,jp_grammar N5_N4 日语蓝宝书N5N4 batch_01 kept_needs_explanation auto_completed
d660def5bc936da6,N5/N4,日语蓝宝书N5N4,～ ていただく,～ ていただく,接续：～ ていただく。按原书条目和句中词形使用。,表示「ていただく」这一语法形式或助词用法,用于练习「～ ていただく」在句中的形式和基本功能；具体语义需结合前后文判断。,この文では（ていただく）の使い方を確認します。,这句话用于确认“～ ていただく”的用法。,同类或相近表达请结合原书相似语法页复习。,形式/用法,batch_01,日语蓝宝书N5N4__part_01-13.png,toc_or_heading,50,auto_completed,,jp_grammar N5_N4 日语蓝宝书N5N4 batch_01 kept_needs_explanation auto_completed
751df2fa848d86ff,N5/N4,日语蓝宝书N5N4,～ ておる - お / ご ～ いたす,～ ておる - お/ご,接续：～ ておる - お/ご。按原书条目和句中词形使用。,表示「ておる - お」这一语法形式或助词用法,用于练习「～ ておる - お/ご」在句中的形式和基本功能；具体语义需结合前后文判断。,この文では（ておる - お）の使い方を確認します。,这句话用于确认“～ ておる - お/ご”的用法。,同类或相近表达请结合原书相似语法页复习。,形式/用法,batch_01,日语蓝宝书N5N4__part_01-13.png,toc_or_heading,60,auto_completed,,jp_grammar N5_N4 日语蓝宝书N5N4 batch_01 kept_needs_explanation auto_completed
675525dc4bbf5c5c,N5/N4,日语蓝宝书N5N4,～ ておる - お / ご ～ いたす,～ いたす,接续：～ いたす。按原书条目和句中词形使用。,表示「いたす」这一语法形式或助词用法,用于练习「～ いたす」在句中的形式和基本功能；具体语义需结合前后文判断。,この文では（いたす）の使い方を確認します。,这句话用于确认“～ いたす”的用法。,同类或相近表达请结合原书相似语法页复习。,形式/用法,batch_01,日语蓝宝书N5N4__part_01-13.png,toc_or_heading,50,auto_completed,,jp_grammar N5_N4 日语蓝宝书N5N4 batch_01 kept_needs_explanation auto_completed
3eb65603d902512b,N5/N4,日语蓝宝书N5N4,お / ご ～ する ・ ・ ・ ～ うかがう ～ 拝見する,～ する・・,接续：～ する・・。按原书条目和句中词形使用。,表示「する」这一语法形式或助词用法,用于练习「～ する・・」在句中的形式和基本功能；具体语义需结合前后文判断。,この文では（する）の使い方を確認します。,这句话用于确认“～ する・・”的用法。,同类或相近表达请结合原书相似语法页复习。,形式/用法,batch_01,日语蓝宝书N5N4__part_01-13.png,toc_or_heading,50,auto_completed,,jp_grammar N5_N4 日语蓝宝书N5N4 batch_01 kept_needs_explanation auto_completed
6e46d9fbd912b6bf,N5/N4,日语蓝宝书N5N4,お / ご ～ する ・ ・ ・ ～ うかがう ～ 拝見する,～ うかがう,普通形 + か,是否；或者；疑问,表示疑问、不确定或选择。,彼が来る（か）分かりません。,不知道他是否会来。,同类或相近表达请结合原书相似语法页复习。,疑问/选择,batch_01,日语蓝宝书N5N4__part_01-13.png,toc_or_heading,50,auto_completed,,jp_grammar N5_N4 日语蓝宝书N5N4 batch_01 kept_needs_explanation auto_completed
d03201f3019b4c0a,N5/N4,日语蓝宝书N5N4,お / ご ～ する ・ ・ ・ ～ うかがう ～ 拝見する,～ 拝見する,接续：～ 拝見する。按原书条目和句中词形使用。,表示「拝見する」这一语法形式或助词用法,用于练习「～ 拝見する」在句中的形式和基本功能；具体语义需结合前后文判断。,この文では（拝見する）の使い方を確認します。,这句话用于确认“～ 拝見する”的用法。,同类或相近表达请结合原书相似语法页复习。,形式/用法,batch_01,日语蓝宝书N5N4__part_01-13.png,toc_or_heading,50,auto_completed,,jp_grammar N5_N4 日语蓝宝书N5N4 batch_01 kept_needs_explanation auto_completed
72741aa421a76a2b,N5/N4,日语蓝宝书N5N4,～ お目にかかる,～ お目にかかる,普通形 + か,是否；或者；疑问,表示疑问、不确定或选择。,彼が来る（か）分かりません。,不知道他是否会来。,同类或相近表达请结合原书相似语法页复习。,疑问/选择,batch_01,日语蓝宝书N5N4__part_01-13.png,toc_or_heading,50,auto_completed,,jp_grammar N5_N4 日语蓝宝书N5N4 batch_01 kept_needs_explanation auto_completed
089c2e4af0fa377b,N5/N4,日语蓝宝书N5N4,～ 申し上げる,～ 申し上げる,接续：～ 申し上げる。按原书条目和句中词形使用。,表示「申し上げる」这一语法形式或助词用法,用于练习「～ 申し上げる」在句中的形式和基本功能；具体语义需结合前后文判断。,この文では（申し上げる）の使い方を確認します。,这句话用于确认“～ 申し上げる”的用法。,同类或相近表达请结合原书相似语法页复习。,形式/用法,batch_01,日语蓝宝书N5N4__part_01-13.png,toc_or_heading,50,auto_completed,,jp_grammar N5_N4 日语蓝宝书N5N4 batch_01 kept_needs_explanation auto_completed
556cc5768d674944,N5/N4,日语蓝宝书N5N4,～ 申す ・ ・ ～ 参る ・ ・ ～ おる,～ 申す・,接续：～ 申す・。按原书条目和句中词形使用。,表示「申す」这一语法形式或助词用法,用于练习「～ 申す・」在句中的形式和基本功能；具体语义需结合前后文判断。,この文では（申す）の使い方を確認します。,这句话用于确认“～ 申す・”的用法。,同类或相近表达请结合原书相似语法页复习。,形式/用法,batch_01,日语蓝宝书N5N4__part_01-13.png,toc_or_heading,50,auto_completed,,jp_grammar N5_N4 日语蓝宝书N5N4 batch_01 kept_needs_explanation auto_completed
953cb60c34c779c8,N5/N4,日语蓝宝书N5N4,～ 申す ・ ・ ～ 参る ・ ・ ～ おる,～ 参る・,接续：～ 参る・。按原书条目和句中词形使用。,表示「参る」这一语法形式或助词用法,用于练习「～ 参る・」在句中的形式和基本功能；具体语义需结合前后文判断。,この文では（参る）の使い方を確認します。,这句话用于确认“～ 参る・”的用法。,同类或相近表达请结合原书相似语法页复习。,形式/用法,batch_01,日语蓝宝书N5N4__part_01-13.png,toc_or_heading,50,auto_completed,,jp_grammar N5_N4 日语蓝宝书N5N4 batch_01 kept_needs_explanation auto_completed
e088603a7fcc1fdf,N5/N4,日语蓝宝书N5N4,～ 申す ・ ・ ～ 参る ・ ・ ～ おる,～ おる,接续：～ おる。按原书条目和句中词形使用。,表示「おる」这一语法形式或助词用法,用于练习「～ おる」在句中的形式和基本功能；具体语义需结合前后文判断。,この文では（おる）の使い方を確認します。,这句话用于确认“～ おる”的用法。,同类或相近表达请结合原书相似语法页复习。,形式/用法,batch_01,日语蓝宝书N5N4__part_01-13.png,toc_or_heading,50,auto_completed,,jp_grammar N5_N4 日语蓝宝书N5N4 batch_01 kept_needs_explanation auto_completed
7813bdde77ffdba5,N5/N4,日语蓝宝书N5N4,～ ではみりません,～ ではみりません,接续：～ ではみりません。按原书条目和句中词形使用。,表示「ではみりません」这一语法形式或助词用法,用于练习「～ ではみりません」在句中的形式和基本功能；具体语义需结合前后文判断。,この文では（ではみりません）の使い方を確認します。,这句话用于确认“～ ではみりません”的用法。,同类或相近表达请结合原书相似语法页复习。,形式/用法,batch_01,日语蓝宝书N5N4__part_01-15.png,body_heading,50,auto_completed,,jp_grammar N5_N4 日语蓝宝书N5N4 batch_01 kept_needs_explanation auto_completed
09ef31baa6fdb459,N5/N4,日语蓝宝书N5N4,～ ではあ ・ りませんでした,～ ではあ・りませんでした,接续：～ ではあ・りませんでした。按原书条目和句中词形使用。,表示「ではあ・りませんでした」这一语法形式或助词用法,用于练习「～ ではあ・りませんでした」在句中的形式和基本功能；具体语义需结合前后文判断。,この文では（ではあ・りませんでした）の使い方を確認します。,这句话用于确认“～ ではあ・りませんでした”的用法。,同类或相近表达请结合原书相似语法页复习。,形式/用法,batch_01,日语蓝宝书N5N4__part_01-15.png,body_heading,50,auto_completed,,jp_grammar N5_N4 日语蓝宝书N5N4 batch_01 kept_needs_explanation auto_completed
1c223aa746280cff,N5/N4,日语蓝宝书N5N4,文法敬体形 ・ 去吋 ～ でした ～ ではない,文法敬体形・去吋,接续：文法敬体形・去吋。按原书条目和句中词形使用。,表示「文法敬体形・去吋」这一语法形式或助词用法,用于练习「文法敬体形・去吋」在句中的形式和基本功能；具体语义需结合前后文判断。,この文では（文法敬体形・去吋）の使い方を確認します。,这句话用于确认“文法敬体形・去吋”的用法。,同类或相近表达请结合原书相似语法页复习。,形式/用法,batch_01,日语蓝宝书N5N4__part_01-15.png,body_heading,30,auto_completed,,jp_grammar N5_N4 日语蓝宝书N5N4 batch_01 kept_needs_explanation auto_completed
77b324aa0889ec53,N5/N4,日语蓝宝书N5N4,文法敬体形 ・ 去吋 ～ でした ～ ではない,～ でした,接续：～ でした。按原书条目和句中词形使用。,表示「でした」这一语法形式或助词用法,用于练习「～ でした」在句中的形式和基本功能；具体语义需结合前后文判断。,この文では（でした）の使い方を確認します。,这句话用于确认“～ でした”的用法。,同类或相近表达请结合原书相似语法页复习。,形式/用法,batch_01,日语蓝宝书N5N4__part_01-15.png,body_heading,50,auto_completed,,jp_grammar N5_N4 日语蓝宝书N5N4 batch_01 kept_needs_explanation auto_completed
1472056004711317,N5/N4,日语蓝宝书N5N4,文法敬体形 ・ 去吋 ～ でした ～ ではない,～ ではない,接续：～ ではない。按原书条目和句中词形使用。,表示「ではない」这一语法形式或助词用法,用于练习「～ ではない」在句中的形式和基本功能；具体语义需结合前后文判断。,この文では（ではない）の使い方を確認します。,这句话用于确认“～ ではない”的用法。,同类或相近表达请结合原书相似语法页复习。,形式/用法,batch_01,日语蓝宝书N5N4__part_01-15.png,body_heading,50,auto_completed,,jp_grammar N5_N4 日语蓝宝书N5N4 batch_01 kept_needs_explanation auto_completed
eb95055b1256f4e0,N5/N4,日语蓝宝书N5N4,"～ だった ～ ではなかった △ 3年前 、 あの人はこの会社の社長だった 。 / = 年前 , 那个人是選个公詞的急甃理",～ だった,接续：～ だった。按原书条目和句中词形使用。,表示「だった」这一语法形式或助词用法,用于练习「～ だった」在句中的形式和基本功能；具体语义需结合前后文判断。,この文では（だった）の使い方を確認します。,这句话用于确认“～ だった”的用法。,同类或相近表达请结合原书相似语法页复习。,形式/用法,batch_01,日语蓝宝书N5N4__part_01-16.png,body_heading,50,auto_completed,,jp_grammar N5_N4 日语蓝宝书N5N4 batch_01 kept_needs_explanation auto_completed
460af27c20c09e7f,N5/N4,日语蓝宝书N5N4,"～ だった ～ ではなかった △ 3年前 、 あの人はこの会社の社長だった 。 / = 年前 , 那个人是選个公詞的急甃理","～ ではなかった △ 3年前、あの人はこの会社の社長だった。/= 年前 , 那个人是選个公詞的急甃理",普通形 + か,是否；或者；疑问,表示疑问、不确定或选择。,彼が来る（か）分かりません。,不知道他是否会来。,同类或相近表达请结合原书相似语法页复习。,疑问/选择,batch_01,日语蓝宝书N5N4__part_01-16.png,body_heading,30,auto_completed,,jp_grammar N5_N4 日语蓝宝书N5N4 batch_01 kept_needs_explanation auto_completed
b0d056fe9182d20c,N5/N4,日语蓝宝书N5N4,"～ 工こちら 、 - そちら 、 、 あちらにどちら 」 一在ロ語中述可以税成イにつち 、 そっち 、 あっち 、 どらち 」 , 表","～ 工こちら、- そちら、、あちらにどちら」一在ロ語中述可以税成イにつち、そっち、あっち、どらち」, 表",こちら / そちら / あちら / どちら,这边；这位；这个,指靠近说话人的方向、场所、人或事物，是礼貌表达。,受付は（こちら）です。,接待处在这边。,同类或相近表达请结合原书相似语法页复习。,指示词,batch_01,日语蓝宝书N5N4__part_01-18.png,body_heading,50,auto_completed,,jp_grammar N5_N4 日语蓝宝书N5N4 batch_01 kept_needs_explanation auto_completed
e6877a86feb8785a,N5/N4,日语蓝宝书N5N4,～ : いぐら - いちえん,～:いぐら - いちえん,接续：～:いぐら - いちえん。按原书条目和句中词形使用。,表示「:いぐら - いちえん」这一语法形式或助词用法,用于练习「～:いぐら - いちえん」在句中的形式和基本功能；具体语义需结合前后文判断。,この文では（:いぐら - いちえん）の使い方を確認します。,这句话用于确认“～:いぐら - いちえん”的用法。,同类或相近表达请结合原书相似语法页复习。,形式/用法,batch_01,日语蓝宝书N5N4__part_01-20.png,body_heading,50,auto_completed,,jp_grammar N5_N4 日语蓝宝书N5N4 batch_01 kept_needs_explanation auto_completed
a3cd63d467ae8bfb,N5/N4,日语蓝宝书N5N4,～ 日本席子 ; 表示房回面秋,～ 日本席子;表示房回面秋,接续：～ 日本席子;表示房回面秋。按原书条目和句中词形使用。,表示「日本席子;表示房回面秋」这一语法形式或助词用法,用于练习「～ 日本席子;表示房回面秋」在句中的形式和基本功能；具体语义需结合前后文判断。,この文では（日本席子;表示房回面秋）の使い方を確認します。,这句话用于确认“～ 日本席子;表示房回面秋”的用法。,同类或相近表达请结合原书相似语法页复习。,形式/用法,batch_01,日语蓝宝书N5N4__part_01-20.png,body_heading,50,auto_completed,,jp_grammar N5_N4 日语蓝宝书N5N4 batch_01 kept_needs_explanation auto_completed
3ac341c9ba3adb78,N5/N4,日语蓝宝书N5N4,分 . 1ト分1 : 5分 ～ なんふん,～ なんふん,接续：～ なんふん。按原书条目和句中词形使用。,表示「なんふん」这一语法形式或助词用法,用于练习「～ なんふん」在句中的形式和基本功能；具体语义需结合前后文判断。,この文では（なんふん）の使い方を確認します。,这句话用于确认“～ なんふん”的用法。,同类或相近表达请结合原书相似语法页复习。,形式/用法,batch_01,日语蓝宝书N5N4__part_01-21.png,body_heading,50,auto_completed,,jp_grammar N5_N4 日语蓝宝书N5N4 batch_01 kept_needs_explanation auto_completed
c22efc9715bb3abd,Minna,大家的日语（第二版）初级2学习辅导书3A出版社,も 、 ～ ( 主句 ),も、～(主句),名詞 + も,也；连...都,表示同类追加或强调极端例子。,私（も）行きます。,我也去。,同类或相近表达请结合原书相似语法页复习。,助词/强调,batch_02,大家的日语（第二版）初级2学习辅导书3A出版社__part_02-02.png,body_heading,50,auto_completed,,jp_grammar Minna 大家的日语_第二版_初级2学习辅导书3A出版社 batch_02 kept_needs_explanation auto_completed
921efccf951880c6,Minna,大家的日语（第二版）初级2学习辅导书3A出版社,～ から来ました 。,～ から来ました。,普通形 + か,是否；或者；疑问,表示疑问、不确定或选择。,彼が来る（か）分かりません。,不知道他是否会来。,同类或相近表达请结合原书相似语法页复习。,疑问/选择,batch_02,大家的日语（第二版）初级2学习辅导书3A出版社__part_02-04.png,body_heading,50,auto_completed,,jp_grammar Minna 大家的日语_第二版_初级2学习辅导书3A出版社 batch_02 kept_needs_explanation auto_completed
6c09e5061ec1bd4a,Minna,大家的日语（第二版）初级2学习辅导书3A出版社,～ ペんへいじつ,～ ペんへいじつ,接续：～ ペんへいじつ。按原书条目和句中词形使用。,表示「ペんへいじつ」这一语法形式或助词用法,用于练习「～ ペんへいじつ」在句中的形式和基本功能；具体语义需结合前后文判断。,この文では（ペんへいじつ）の使い方を確認します。,这句话用于确认“～ ペんへいじつ”的用法。,同类或相近表达请结合原书相似语法页复习。,形式/用法,batch_02,大家的日语（第二版）初级2学习辅导书3A出版社__part_02-05.png,body_heading,50,auto_completed,,jp_grammar Minna 大家的日语_第二版_初级2学习辅导书3A出版社 batch_02 kept_needs_explanation auto_completed
54ad1c0284deefe3,Minna,大家的日语（第二版）初级2学习辅导书3A出版社,～ 会社よものく読み物 〉,～ 会社よものく読み物 〉,普通形 + の,名词化；所属；说明,可表示所属、名词化，或替代前面提到的名词。,走る（の）が好きです。,我喜欢跑步。,同类或相近表达请结合原书相似语法页复习。,名词化/助词,batch_02,大家的日语（第二版）初级2学习辅导书3A出版社__part_02-06.png,body_heading,65,auto_completed,,jp_grammar Minna 大家的日语_第二版_初级2学习辅导书3A出版社 batch_02 kept_needs_explanation auto_completed
3eb779c679ef2b25,Minna,大家的日语（第二版）初级2学习辅导书3A出版社,～ 先生 、 ～ 女士 ( 「 ～ さん 」 的尊敬語 ),～ 先生、～ 女士(「～ さん」的尊敬語),接续：～ 先生、～ 女士(「～ さん」的尊敬語)。按原书条目和句中词形使用。,表示「先生、～ 女士(「～ さん」的尊敬語)」这一语法形式或助词用法,用于练习「～ 先生、～ 女士(「～ さん」的尊敬語)」在句中的形式和基本功能；具体语义需结合前后文判断。,この文では（先生、～ 女士(「～ さん」的尊敬語)）の使い方を確認します。,这句话用于确认“～ 先生、～ 女士(「～ さん」的尊敬語)”的用法。,同类或相近表达请结合原书相似语法页复习。,形式/用法,batch_02,大家的日语（第二版）初级2学习辅导书3A出版社__part_02-06.png,body_heading,50,auto_completed,,jp_grammar Minna 大家的日语_第二版_初级2学习辅导书3A出版社 batch_02 kept_needs_explanation auto_completed
50b85c058c374e78,Minna,大家的日语（第二版）初级2学习辅导书3A出版社,～ 公詞宇宙宇宙船,～ 公詞宇宙宇宙船,接续：～ 公詞宇宙宇宙船。按原书条目和句中词形使用。,表示「公詞宇宙宇宙船」这一语法形式或助词用法,用于练习「～ 公詞宇宙宇宙船」在句中的形式和基本功能；具体语义需结合前后文判断。,この文では（公詞宇宙宇宙船）の使い方を確認します。,这句话用于确认“～ 公詞宇宙宇宙船”的用法。,同类或相近表达请结合原书相似语法页复习。,形式/用法,batch_02,大家的日语（第二版）初级2学习辅导书3A出版社__part_02-06.png,body_heading,50,auto_completed,,jp_grammar Minna 大家的日语_第二版_初级2学习辅导书3A出版社 batch_02 kept_needs_explanation auto_completed
547d4040cf0e200f,Minna,大家的日语（第二版）初级2学习辅导书3A出版社,～ ガラス製品 、 瀬戸物 、 金属製台所用品など,～ ガラス製品、瀬戸物、金属製台所用品など,接续：～ ガラス製品、瀬戸物、金属製台所用品など。按原书条目和句中词形使用。,表示「ガラス製品、瀬戸物、金属製台所用品など」这一语法形式或助词用法,用于练习「～ ガラス製品、瀬戸物、金属製台所用品など」在句中的形式和基本功能；具体语义需结合前后文判断。,この文では（ガラス製品、瀬戸物、金属製台所用品など）の使い方を確認します。,这句话用于确认“～ ガラス製品、瀬戸物、金属製台所用品など”的用法。,同类或相近表达请结合原书相似语法页复习。,形式/用法,batch_02,大家的日语（第二版）初级2学习辅导书3A出版社__part_02-08.png,body_heading,50,auto_completed,,jp_grammar Minna 大家的日语_第二版_初级2学习辅导书3A出版社 batch_02 kept_needs_explanation auto_completed
8c53ae85a23a9956,Minna,大家的日语（第二版）初级2学习辅导书3A出版社,～ 罐 、 瓶 、 塑料瓶等,～ 罐、瓶、塑料瓶等,接续：～ 罐、瓶、塑料瓶等。按原书条目和句中词形使用。,表示「罐、瓶、塑料瓶等」这一语法形式或助词用法,用于练习「～ 罐、瓶、塑料瓶等」在句中的形式和基本功能；具体语义需结合前后文判断。,この文では（罐、瓶、塑料瓶等）の使い方を確認します。,这句话用于确认“～ 罐、瓶、塑料瓶等”的用法。,同类或相近表达请结合原书相似语法页复习。,形式/用法,batch_02,大家的日语（第二版）初级2学习辅导书3A出版社__part_02-08.png,body_heading,50,auto_completed,,jp_grammar Minna 大家的日语_第二版_初级2学习辅导书3A出版社 batch_02 kept_needs_explanation auto_completed
8834555a00e132e7,Minna,大家的日语（第二版）初级2学习辅导书3A出版社,～ 教室宴会斤人 ( 「 ひと 」 的尊敬語 ) ～ 后 ( 指吋詞上 ),～ 教室宴会斤人(「ひと」的尊敬語)～ 后(指時詞上),接续：～ 教室宴会斤人(「ひと」的尊敬語)～ 后(指時詞上)。按原书条目和句中词形使用。,表示「教室宴会斤人(「ひと」的尊敬語)～ 后(指時詞上)」这一语法形式或助词用法,用于练习「～ 教室宴会斤人(「ひと」的尊敬語)～ 后(指時詞上)」在句中的形式和基本功能；具体语义需结合前后文判断。,この文では（教室宴会斤人(「ひと」的尊敬語)～ 后(指時詞上)）の使い方を確認します。,这句话用于确认“～ 教室宴会斤人(「ひと」的尊敬語)～ 后(指時詞上)”的用法。,同类或相近表达请结合原书相似语法页复习。,形式/用法,batch_02,大家的日语（第二版）初级2学习辅导书3A出版社__part_02-09.png,body_heading,50,auto_completed,,jp_grammar Minna 大家的日语_第二版_初级2学习辅导书3A出版社 batch_02 kept_needs_explanation auto_completed
bf6ab0cb65fcaf8c,Minna,大家的日语（第二版）初级2学习辅导书3A出版社,～ きようしつ / ヾ 一丁イ,～ きようしつ/ヾ 一丁イ,接续：～ きようしつ/ヾ 一丁イ。按原书条目和句中词形使用。,表示「きようしつ」这一语法形式或助词用法,用于练习「～ きようしつ/ヾ 一丁イ」在句中的形式和基本功能；具体语义需结合前后文判断。,この文では（きようしつ）の使い方を確認します。,这句话用于确认“～ きようしつ/ヾ 一丁イ”的用法。,同类或相近表达请结合原书相似语法页复习。,形式/用法,batch_02,大家的日语（第二版）初级2学习辅导书3A出版社__part_02-09.png,body_heading,65,auto_completed,,jp_grammar Minna 大家的日语_第二版_初级2学习辅导书3A出版社 batch_02 kept_needs_explanation auto_completed
d4a41a51a0d01c79,Minna,大家的日语（第二版）初级2学习辅导书3A出版社,～ 教室ほかのはっきリ,～ 教室ほかのはっきリ,普通形 + か,是否；或者；疑问,表示疑问、不确定或选择。,彼が来る（か）分かりません。,不知道他是否会来。,同类或相近表达请结合原书相似语法页复习。,疑问/选择,batch_02,大家的日语（第二版）初级2学习辅导书3A出版社__part_02-09.png,body_heading,50,auto_completed,,jp_grammar Minna 大家的日语_第二版_初级2学习辅导书3A出版社 batch_02 kept_needs_explanation auto_completed
c9adc58a0d34b463,Minna,大家的日语（第二版）初级2学习辅导书3A出版社,～ を . します : 錏驗 ),～ を . します:錏驗),接续：～ を . します:錏驗)。按原书条目和句中词形使用。,表示「を . します:錏驗)」这一语法形式或助词用法,用于练习「～ を . します:錏驗)」在句中的形式和基本功能；具体语义需结合前后文判断。,この文では（を . します:錏驗)）の使い方を確認します。,这句话用于确认“～ を . します:錏驗)”的用法。,同类或相近表达请结合原书相似语法页复习。,形式/用法,batch_02,大家的日语（第二版）初级2学习辅导书3A出版社__part_02-13.png,body_heading,50,auto_completed,,jp_grammar Minna 大家的日语_第二版_初级2学习辅导书3A出版社 batch_02 kept_needs_explanation auto_completed
bcbfd3f18202492b,Minna,大家的日语（第二版）初级2学习辅导书3A出版社,"～ 家 ( 接尾詞 , 表示々冂研究某一学","～ 家(接尾詞 , 表示々冂研究某一学","接续：～ 家(接尾詞 , 表示々冂研究某一学。按原书条目和句中词形使用。","表示「家(接尾詞 , 表示々冂研究某一学」这一语法形式或助词用法","用于练习「～ 家(接尾詞 , 表示々冂研究某一学」在句中的形式和基本功能；具体语义需结合前后文判断。","この文では（家(接尾詞 , 表示々冂研究某一学）の使い方を確認します。","这句话用于确认“～ 家(接尾詞 , 表示々冂研究某一学”的用法。",同类或相近表达请结合原书相似语法页复习。,形式/用法,batch_02,大家的日语（第二版）初级2学习辅导书3A出版社__part_02-13.png,body_heading,50,auto_completed,,jp_grammar Minna 大家的日语_第二版_初级2学习辅导书3A出版社 batch_02 kept_needs_explanation auto_completed
3ec54f4943139f2d,Minna,大家的日语（第二版）初级2学习辅导书3A出版社,"～ 机 ( 接尾詞 , 表示某神机械 )","～ 机(接尾詞 , 表示某神机械)","接续：～ 机(接尾詞 , 表示某神机械)。按原书条目和句中词形使用。","表示「机(接尾詞 , 表示某神机械)」这一语法形式或助词用法","用于练习「～ 机(接尾詞 , 表示某神机械)」在句中的形式和基本功能；具体语义需结合前后文判断。","この文では（机(接尾詞 , 表示某神机械)）の使い方を確認します。","这句话用于确认“～ 机(接尾詞 , 表示某神机械)”的用法。",同类或相近表达请结合原书相似语法页复习。,形式/用法,batch_02,大家的日语（第二版）初级2学习辅导书3A出版社__part_02-13.png,body_heading,50,auto_completed,,jp_grammar Minna 大家的日语_第二版_初级2学习辅导书3A出版社 batch_02 kept_needs_explanation auto_completed
1ebc1906c8c461ae,Minna,大家的日语（第二版）初级2学习辅导书3A出版社,～ 側ポケット網棚,～ 側ポケット網棚,接续：～ 側ポケット網棚。按原书条目和句中词形使用。,表示「側ポケット網棚」这一语法形式或助词用法,用于练习「～ 側ポケット網棚」在句中的形式和基本功能；具体语义需结合前后文判断。,この文では（側ポケット網棚）の使い方を確認します。,这句话用于确认“～ 側ポケット網棚”的用法。,同类或相近表达请结合原书相似语法页复习。,形式/用法,batch_02,大家的日语（第二版）初级2学习辅导书3A出版社__part_02-18.png,body_heading,50,auto_completed,,jp_grammar Minna 大家的日语_第二版_初级2学习辅导书3A出版社 batch_02 kept_needs_explanation auto_completed
5ad8681e4f0009d6,Minna,大家的日语（第二版）初级2学习辅导书3A出版社,～ の方西倒れます Ⅱ,～ の方西倒れます II,普通形 + の,名词化；所属；说明,可表示所属、名词化，或替代前面提到的名词。,走る（の）が好きです。,我喜欢跑步。,同类或相近表达请结合原书相似语法页复习。,名词化/助词,batch_02,大家的日语（第二版）初级2学习辅导书3A出版社__part_02-18.png,body_heading,50,auto_completed,,jp_grammar Minna 大家的日语_第二版_初级2学习辅导书3A出版社 batch_02 kept_needs_explanation auto_completed
570c84a34cb86dac,Minna,大家的日语（第二版）初级2学习辅导书3A出版社,～ 面 、 ～ 方,～ 面、～ 方,接续：～ 面、～ 方。按原书条目和句中词形使用。,表示「面、～ 方」这一语法形式或助词用法,用于练习「～ 面、～ 方」在句中的形式和基本功能；具体语义需结合前后文判断。,この文では（面、～ 方）の使い方を確認します。,这句话用于确认“～ 面、～ 方”的用法。,同类或相近表达请结合原书相似语法页复习。,形式/用法,batch_02,大家的日语（第二版）初级2学习辅导书3A出版社__part_02-18.png,body_heading,50,auto_completed,,jp_grammar Minna 大家的日语_第二版_初级2学习辅导书3A出版社 batch_02 kept_needs_explanation auto_completed
ffa9053b58e1c04d,Minna,大家的日语（第二版）初级2学习辅导书3A出版社,～ 側ロ袋不記得了 。,～ 側ロ袋不記得了。,接续：～ 側ロ袋不記得了。。按原书条目和句中词形使用。,表示「側ロ袋不記得了」这一语法形式或助词用法,用于练习「～ 側ロ袋不記得了。」在句中的形式和基本功能；具体语义需结合前后文判断。,この文では（側ロ袋不記得了）の使い方を確認します。,这句话用于确认“～ 側ロ袋不記得了。”的用法。,同类或相近表达请结合原书相似语法页复习。,形式/用法,batch_02,大家的日语（第二版）初级2学习辅导书3A出版社__part_02-18.png,body_heading,50,auto_completed,,jp_grammar Minna 大家的日语_第二版_初级2学习辅导书3A出版社 batch_02 kept_needs_explanation auto_completed
b41c528acb8e60ca,Minna,大家的日语（第二版）初级2学习辅导书3A出版社,指在 ～ 牟站前倒 、 倒下来 、 倒場,～ 牟站前倒、倒下来、倒場,接续：～ 牟站前倒、倒下来、倒場。按原书条目和句中词形使用。,表示「牟站前倒、倒下来、倒場」这一语法形式或助词用法,用于练习「～ 牟站前倒、倒下来、倒場」在句中的形式和基本功能；具体语义需结合前后文判断。,この文では（牟站前倒、倒下来、倒場）の使い方を確認します。,这句话用于确认“～ 牟站前倒、倒下来、倒場”的用法。,同类或相近表达请结合原书相似语法页复习。,形式/用法,batch_02,大家的日语（第二版）初级2学习辅导书3A出版社__part_02-18.png,body_heading,50,auto_completed,,jp_grammar Minna 大家的日语_第二版_初级2学习辅导书3A出版社 batch_02 kept_needs_explanation auto_completed
dcb9a7fd2132158a,Minna,大家的日语（第二版）初级2学习辅导书3A出版社,～ とか 、 よもの,～ とか、よもの,名詞 / 普通形 + とか,...啦...啦；听说...,口语中用于列举，或表示传闻。,週末は映画（とか）買い物（とか）をします。,周末看电影啦购物啦。,同类或相近表达请结合原书相似语法页复习。,列举/传闻,batch_02,大家的日语（第二版）初级2学习辅导书3A出版社__part_02-22.png,body_heading,65,auto_completed,,jp_grammar Minna 大家的日语_第二版_初级2学习辅导书3A出版社 batch_02 kept_needs_explanation auto_completed
a016034a80cfc40d,Minna,大家的日语（第二版）初级2学习辅导书3A出版社,～ とカく読み物 〉,～ とカく読み物 〉,接续：～ とカく読み物 〉。按原书条目和句中词形使用。,表示「とカく読み物 〉」这一语法形式或助词用法,用于练习「～ とカく読み物 〉」在句中的形式和基本功能；具体语义需结合前后文判断。,この文では（とカく読み物 〉）の使い方を確認します。,这句话用于确认“～ とカく読み物 〉”的用法。,同类或相近表达请结合原书相似语法页复习。,形式/用法,batch_02,大家的日语（第二版）初级2学习辅导书3A出版社__part_02-22.png,body_heading,50,auto_completed,,jp_grammar Minna 大家的日语_第二版_初级2学习辅导书3A出版社 batch_02 kept_needs_explanation auto_completed
8365090467038ccf,Minna,大家的日语（第二版）初级2学习辅导书3A出版社,"～ 吼 , ～ 吼 ( 表示列挙 )","～ 吼 ,","接续：～ 吼 ,。按原书条目和句中词形使用。","表示「吼 ,」这一语法形式或助词用法","用于练习「～ 吼 ,」在句中的形式和基本功能；具体语义需结合前后文判断。","この文では（吼 ,）の使い方を確認します。","这句话用于确认“～ 吼 ,”的用法。",同类或相近表达请结合原书相似语法页复习。,形式/用法,batch_02,大家的日语（第二版）初级2学习辅导书3A出版社__part_02-22.png,body_heading,50,auto_completed,,jp_grammar Minna 大家的日语_第二版_初级2学习辅导书3A出版社 batch_02 kept_needs_explanation auto_completed
538d568528b7074a,Minna,大家的日语（第二版）初级2学习辅导书3A出版社,"～ 吼 , ～ 吼 ( 表示列挙 )",～ 吼(表示列挙),接续：～ 吼(表示列挙)。按原书条目和句中词形使用。,表示「吼(表示列挙)」这一语法形式或助词用法,用于练习「～ 吼(表示列挙)」在句中的形式和基本功能；具体语义需结合前后文判断。,この文では（吼(表示列挙)）の使い方を確認します。,这句话用于确认“～ 吼(表示列挙)”的用法。,同类或相近表达请结合原书相似语法页复习。,形式/用法,batch_02,大家的日语（第二版）初级2学习辅导书3A出版社__part_02-22.png,body_heading,50,auto_completed,,jp_grammar Minna 大家的日语_第二版_初级2学习辅导书3A出版社 batch_02 kept_needs_explanation auto_completed
67637731bc47a9c6,N2,日语蓝宝书_N2,べきなので,べきなので,普通形 + の,应该,表示从常识、责任或道理上应当做某事。,走る（の）が好きです。,我喜欢跑步。,同类或相近表达请结合原书相似语法页复习。,义务,batch_02,日语蓝宝书_N2__part_02-01.png,body_heading,30,needs_manual_review,,jp_grammar N2 日语蓝宝书_N2 batch_02 needs_manual_review auto_completed
9e88120777433d1d,N2,日语蓝宝书_N2,～ 得る動ます形 + 得る,～ 得る動,ます形+得る,可能...,表示理论上或实际上可能发生。读作「うる」或「える」。,この文では（得る動）の使い方を確認します。,这句话用于确认“～ 得る動”的用法。,同类或相近表达请结合原书相似语法页复习。,可能,batch_02,日语蓝宝书_N2__part_02-02.png,toc_or_heading,50,auto_enriched,,jp_grammar N2 日语蓝宝书_N2 batch_02 auto_enriched auto_completed
1e48c1162d0a6afa,N2,日语蓝宝书_N2,～ 得ない絞常用 。,～ 得ない絞常用。,接续：～ 得ない絞常用。。按原书条目和句中词形使用。,不可能...,表示没有发生的可能。读作「えない」。,この文では（得ない絞常用）の使い方を確認します。,这句话用于确认“～ 得ない絞常用。”的用法。,同类或相近表达请结合原书相似语法页复习。,可能/否定,batch_02,日语蓝宝书_N2__part_02-02.png,toc_or_heading,50,auto_enriched,,jp_grammar N2 日语蓝宝书_N2 batch_02 auto_enriched auto_completed
413229e984feba82,N2,日语蓝宝书_N2,い . ～ おかげでおかげだ動 / ナ形 / イ形 / 名の名詞修飾形 + おかげで / おかげだ,～ おかげでおかげだ動/ナ形/イ形/名の,名詞修飾形+おかげで/おかげだ,多亏；幸亏,表示由于前项原因而得到好的结果，有时也可反讽。,彼が来る（か）分かりません。,不知道他是否会来。,同类或相近表达请结合原书相似语法页复习。,原因,batch_02,日语蓝宝书_N2__part_02-03.png,body_heading,60,auto_enriched,,jp_grammar N2 日语蓝宝书_N2 batch_02 auto_enriched auto_completed
4facbdcae7ca9cb8,N2,日语蓝宝书_N2,～ 恐れがある動辞書形 / 名ーの+恐れがある,～ 恐れがある動,辞書形/名の+恐れがある,有...的恐怕/可能,表示可能发生不好的事情，语气较正式。,値段は高い（が）、品質はいい。,价格高，但是质量好。,同类或相近表达请结合原书相似语法页复习。,可能/担心,batch_02,日语蓝宝书_N2__part_02-03.png,body_heading,50,auto_enriched,,jp_grammar N2 日语蓝宝书_N2 batch_02 auto_enriched auto_completed
e59bb6500c53b583,N2,日语蓝宝书_N2,～ 限り ( は厂限りではない限り,～ 限り(は厂限りではない限り,接续：～ 限り(は厂限りではない限り。按原书条目和句中词形使用。,只要；据...范围,可表示条件范围、持续范围或根据某信息判断。,この文では（限り(は厂限りではない限り）の使い方を確認します。,这句话用于确认“～ 限り(は厂限りではない限り”的用法。,同类或相近表达请结合原书相似语法页复习。,范围/条件,batch_02,日语蓝宝书_N2__part_02-04.png,body_heading,50,auto_enriched,,jp_grammar N2 日语蓝宝书_N2 batch_02 auto_enriched auto_completed
750318f5db7026eb,N2,日语蓝宝书_N2,～ がたい動ます形+がたい,～ がたい動,ます形+がたい,难以...,表示从心理或事实角度很难做到。,先生（がた）に相談します。,向各位老师商量。,同类或相近表达请结合原书相似语法页复习。,困难,batch_02,日语蓝宝书_N2__part_02-06.png,body_heading,50,auto_enriched,,jp_grammar N2 日语蓝宝书_N2 batch_02 auto_enriched auto_completed
58c02ed4bc787f7d,N2,日语蓝宝书_N2,試験に落ちることは,試験に落ちることは,接续：試験に落ちることは。按原书条目和句中词形使用。,表示「試験に落ちることは」这一语法形式或助词用法,用于练习「試験に落ちることは」在句中的形式和基本功能；具体语义需结合前后文判断。,この文では（試験に落ちることは）の使い方を確認します。,这句话用于确认“試験に落ちることは”的用法。,同类或相近表达请结合原书相似语法页复习。,形式/用法,batch_02,日语蓝宝书_N2__part_02-10.png,body_heading,30,auto_completed,,jp_grammar N2 日语蓝宝书_N2 batch_02 kept_needs_explanation auto_completed
20dd38d81e5abe0e,N2,日语蓝宝书_N2,大学に行かないことは,大学に行かないことは,普通形 + か,是否；或者；疑问,表示疑问、不确定或选择。,彼が来る（か）分かりません。,不知道他是否会来。,同类或相近表达请结合原书相似语法页复习。,疑问/选择,batch_02,日语蓝宝书_N2__part_02-10.png,body_heading,30,auto_completed,,jp_grammar N2 日语蓝宝书_N2 batch_02 kept_needs_explanation auto_completed
86a36e49d797aff8,N2,日语蓝宝书_N2,東大に受かることは,東大に受かることは,普通形 + か,是否；或者；疑问,表示疑问、不确定或选择。,彼が来る（か）分かりません。,不知道他是否会来。,同类或相近表达请结合原书相似语法页复习。,疑问/选择,batch_02,日语蓝宝书_N2__part_02-10.png,body_heading,30,auto_completed,,jp_grammar N2 日语蓝宝书_N2 batch_02 kept_needs_explanation auto_completed
c188638c0d1c2034,N2,日语蓝宝书_N2,成績を気にしないことは,成績を気にしないことは,接续：成績を気にしないことは。按原书条目和句中词形使用。,表示「成績を気にしないことは」这一语法形式或助词用法,用于练习「成績を気にしないことは」在句中的形式和基本功能；具体语义需结合前后文判断。,この文では（成績を気にしないことは）の使い方を確認します。,这句话用于确认“成績を気にしないことは”的用法。,同类或相近表达请结合原书相似语法页复习。,形式/用法,batch_02,日语蓝宝书_N2__part_02-10.png,body_heading,30,auto_completed,,jp_grammar N2 日语蓝宝书_N2 batch_02 kept_needs_explanation auto_completed
d048362594e86136,N2,日语蓝宝书_N2,かぎりではことから,かぎりではことから,名詞 / 普通形 + とか,...啦...啦；听说...,口语中用于列举，或表示传闻。,週末は映画（とか）買い物（とか）をします。,周末看电影啦购物啦。,同类或相近表达请结合原书相似语法页复习。,列举/传闻,batch_02,日语蓝宝书_N2__part_02-10.png,body_heading,30,auto_completed,,jp_grammar N2 日语蓝宝书_N2 batch_02 kept_needs_explanation auto_completed
7a835b395b992133,N2,日语蓝宝书_N2,ように ) パンを冷蔵庫に入れて家を出た 。,ように)パンを冷蔵庫に入れて家を出た。,接续：ように)パンを冷蔵庫に入れて家を出た。。按原书条目和句中词形使用。,为了能...；像...一样,可表示目的、愿望、变化目标或比喻。,この文では（ように)パンを冷蔵庫に入れて家を出た）の使い方を確認します。,这句话用于确认“ように)パンを冷蔵庫に入れて家を出た。”的用法。,同类或相近表达请结合原书相似语法页复习。,目的/样态,batch_02,日语蓝宝书_N2__part_02-10.png,body_heading,30,needs_manual_review,,jp_grammar N2 日语蓝宝书_N2 batch_02 needs_manual_review auto_completed
e29c3540ce67d89f,N2,日语蓝宝书_N2,～ がちだ / がちの / がちな動ます形 / 名+がちだ / がちの / がちな,～ がちだ/がちの/がちな動,ます形/名+がちだ/がちの/がちな,容易...；常常...,表示容易出现某种倾向，多用于不好的情况。,値段は高い（が）、品質はいい。,价格高，但是质量好。,同类或相近表达请结合原书相似语法页复习。,倾向,batch_02,日语蓝宝书_N2__part_02-13.png,body_heading,50,auto_enriched,,jp_grammar N2 日语蓝宝书_N2 batch_02 auto_enriched auto_completed
cef19f3b93a798c8,N2,日语蓝宝书_N2,～ か荷か,～ か荷か,普通形 + か,是否；或者；疑问,表示疑问、不确定或选择。,彼が来る（か）分かりません。,不知道他是否会来。,同类或相近表达请结合原书相似语法页复习。,疑问/选择,batch_02,日语蓝宝书_N2__part_02-16.png,body_heading,50,auto_completed,,jp_grammar N2 日语蓝宝书_N2 batch_02 kept_needs_explanation auto_completed
607aec9769abc524,N2,日语蓝宝书_N2,～ かねる動ます形 + かねる,～ かねる動,ます形+かねる,难以；不能,表示由于心理、立场或情况而难以做某事，语气委婉。,彼が来る（か）分かりません。,不知道他是否会来。,同类或相近表达请结合原书相似语法页复习。,困难/委婉,batch_02,日语蓝宝书_N2__part_02-16.png,body_heading,50,auto_enriched,,jp_grammar N2 日语蓝宝书_N2 batch_02 auto_enriched auto_completed
524754659006b33a,N2,日语蓝宝书_N2,知らないかのように,知らないかのように,普通形 + か,好像...一样,表示实际上不是那样，但看起来像那样。,彼が来る（か）分かりません。,不知道他是否会来。,同类或相近表达请结合原书相似语法页复习。,比喻/样态,batch_02,日语蓝宝书_N2__part_02-18.png,body_heading,30,needs_manual_review,,jp_grammar N2 日语蓝宝书_N2 batch_02 needs_manual_review auto_completed
7b3138996cb280a3,N2,日语蓝宝书_N2,知っているかのように,知っているかのように,動詞て形 + いる,好像...一样,表示实际上不是那样，但看起来像那样。,今、本を読ん（でいる）。,现在正在读书。,同类或相近表达请结合原书相似语法页复习。,比喻/样态,batch_02,日语蓝宝书_N2__part_02-18.png,body_heading,30,needs_manual_review,,jp_grammar N2 日语蓝宝书_N2 batch_02 needs_manual_review auto_completed
8166523333705ce2,N2,日语蓝宝书_N2,知らなかったかのように,知らなかったかのように,普通形 + か,好像...一样,表示实际上不是那样，但看起来像那样。,彼が来る（か）分かりません。,不知道他是否会来。,同类或相近表达请结合原书相似语法页复习。,比喻/样态,batch_02,日语蓝宝书_N2__part_02-18.png,body_heading,30,needs_manual_review,,jp_grammar N2 日语蓝宝书_N2 batch_02 needs_manual_review auto_completed
f7163704d78b25a5,N2,日语蓝宝书_N2,知るかのように ) 私の話を聞いていた 。,知るかのように)私の話を聞いていた。,普通形 + か,好像...一样,表示实际上不是那样，但看起来像那样。,彼が来る（か）分かりません。,不知道他是否会来。,同类或相近表达请结合原书相似语法页复习。,比喻/样态,batch_02,日语蓝宝书_N2__part_02-18.png,body_heading,30,needs_manual_review,,jp_grammar N2 日语蓝宝书_N2 batch_02 needs_manual_review auto_completed
ddba4ab2d42fdf37,N2,日语蓝宝书_N2,からよかったものの,からよかったものの,普通形 + ものの,虽然...但是,表示承认前项事实，但后项与预期不同。,免許は取った（ものの）、まだ運転に自信がない。,虽然拿到了驾照，但还没有驾驶信心。,同类或相近表达请结合原书相似语法页复习。,逆接,batch_02,日语蓝宝书_N2__part_02-19.png,body_heading,30,auto_completed,,jp_grammar N2 日语蓝宝书_N2 batch_02 kept_needs_explanation auto_completed
cf97567843f15e36,N2,日语蓝宝书_N2,つながらない ) 調べてください 。,つながらない)調べてください。,動詞ます形 + ながら,请...,用于请求对方做某事。,音楽を聞き（ながら）、勉強します。,一边听音乐一边学习。,同类或相近表达请结合原书相似语法页复习。,请求,batch_02,日语蓝宝书_N2__part_02-20.png,body_heading,30,needs_manual_review,,jp_grammar N2 日语蓝宝书_N2 batch_02 needs_manual_review auto_completed
4b48c644f64df4ad,N2,日语蓝宝书_N2,バイトに行くつもりだ,バイトに行くつもりだ,名詞 + も,打算；自以为,表示计划、意图，或说话人主观认为如此。,私（も）行きます。,我也去。,同类或相近表达请结合原书相似语法页复习。,意志/判断,batch_02,日语蓝宝书_N2__part_02-20.png,body_heading,30,needs_manual_review,,jp_grammar N2 日语蓝宝书_N2 batch_02 needs_manual_review auto_completed
2aaf804faaaea4a6,N2,日语蓝宝书_N2,先生に聞きたいことがある,先生に聞きたいことがある,動詞ます形 + たい,有时会；曾经,接现在形时表示有时发生；接た形时表示曾有过某经历。,日本へ行き（たい）です。,我想去日本。,同类或相近表达请结合原书相似语法页复习。,经验/频率,batch_02,日语蓝宝书_N2__part_02-20.png,body_heading,30,needs_manual_review,,jp_grammar N2 日语蓝宝书_N2 batch_02 needs_manual_review auto_completed
82c64164dc2b2059,N2,日语蓝宝书_N2,風邪がちものしず,風邪がちものしず,名詞 + が / 普通形 + が,容易...；常常...,表示容易出现某种倾向，多用于不好的情况。,値段は高い（が）、品質はいい。,价格高，但是质量好。,同类或相近表达请结合原书相似语法页复习。,倾向,batch_02,日语蓝宝书_N2__part_02-20.png,body_heading,30,needs_manual_review,,jp_grammar N2 日语蓝宝书_N2 batch_02 needs_manual_review auto_completed
652937d5b6fdae07,N2,日语蓝宝书_N2,徹底的に行うべきだ,徹底的に行うべきだ,接续：徹底的に行うべきだ。按原书条目和句中词形使用。,应该,表示从常识、责任或道理上应当做某事。,この文では（徹底的に行うべきだ）の使い方を確認します。,这句话用于确认“徹底的に行うべきだ”的用法。,同类或相近表达请结合原书相似语法页复习。,义务,batch_02,日语蓝宝书_N2__part_02-20.png,body_heading,30,needs_manual_review,,jp_grammar N2 日语蓝宝书_N2 batch_02 needs_manual_review auto_completed
6fffdad9380a584b,N2,日语蓝宝书_N2,ものを [ こ ] 4月に入ってから (,ものを 4月に入ってから(,動詞て形 + から,...之后,表示先做前项，再做后项。,ご飯を食べ（てから）、出かけます。,吃完饭后出门。,同类或相近表达请结合原书相似语法页复习。,时间/顺序,batch_02,日语蓝宝书_N2__part_02-20.png,body_heading,30,auto_completed,,jp_grammar N2 日语蓝宝书_N2 batch_02 kept_needs_explanation auto_completed
e448299c99664895,N2,日语蓝宝书_N2,もので,もので,普通形 + の,因为...,表示原因理由，语气比から更客观、柔和。,走る（の）が好きです。,我喜欢跑步。,同类或相近表达请结合原书相似语法页复习。,原因,batch_02,日语蓝宝书_N2__part_02-20.png,body_heading,30,needs_manual_review,,jp_grammar N2 日语蓝宝书_N2 batch_02 needs_manual_review auto_completed
d6711c96b05151f7,N2,日语蓝宝书_N2,ものだ ) かと思えば 、 寒い日が続いている 。,ものだ)かと思えば、寒い日が続いている。,普通形 + のだ / んだ,刚以为...却；有时...有时...,表示前后情况快速变化，或列举对比性情况。,今日は学校へ行かない（んだ）。,今天不去学校。,同类或相近表达请结合原书相似语法页复习。,变化/对比,batch_02,日语蓝宝书_N2__part_02-20.png,body_heading,30,needs_manual_review,,jp_grammar N2 日语蓝宝书_N2 batch_02 needs_manual_review auto_completed
dcca72734219ae65,N2,日语蓝宝书_N2,飲みながら,飲みながら,動詞ます形 + ながら,一边...一边...,表示两个动作同时进行。,音楽を聞き（ながら）、勉強します。,一边听音乐一边学习。,同类或相近表达请结合原书相似语法页复习。,同时,batch_02,日语蓝宝书_N2__part_02-21.png,body_heading,30,auto_completed,,jp_grammar N2 日语蓝宝书_N2 batch_02 kept_needs_explanation auto_completed
624cf681a00e78a2,N2,日语蓝宝书_N2,と思うはずがありません,と思うはずがありません,名詞 + が / 普通形 + が,按理应该,根据已知事实推断某事理应如此。,値段は高い（が）、品質はいい。,价格高，但是质量好。,同类或相近表达请结合原书相似语法页复习。,推量,batch_02,日语蓝宝书_N2__part_02-22.png,body_heading,30,needs_manual_review,,jp_grammar N2 日语蓝宝书_N2 batch_02 needs_manual_review auto_completed
4bb814f40a304060,N2,日语蓝宝书_N2,と思うからいいようなものの,と思うからいいようなものの,普通形 + からいいようなものの,幸亏...否则,表示由于有前项这种有利条件，才没有出现更糟糕的结果。,今回は友人が助けてくれた（からいいようなものの）、一人では無理だった。,这次幸亏朋友帮忙，否则一个人是不行的。,同类或相近表达请结合原书相似语法页复习。,评价/转折,batch_02,日语蓝宝书_N2__part_02-22.png,body_heading,30,auto_completed,,jp_grammar N2 日语蓝宝书_N2 batch_02 kept_needs_explanation auto_completed
687b65cf890051c0,N2,日语蓝宝书_N2,についていじよう,についていじよう,接续：についていじよう。按原书条目和句中词形使用。,关于...,表示谈论、调查、说明等动作涉及的主题。,この文では（についていじよう）の使い方を確認します。,这句话用于确认“についていじよう”的用法。,同类或相近表达请结合原书相似语法页复习。,主题,batch_02,日语蓝宝书_N2__part_02-22.png,body_heading,30,needs_manual_review,,jp_grammar N2 日语蓝宝书_N2 batch_02 needs_manual_review auto_completed
8b9716820c918ad4,N2,日语蓝宝书_N2,"～ 代わりに表示人物的名i詞后面 。 「 ～ から見ても 」 表示 、 、 即使从 ・ ・ ・ ・ ・ ・ 来看 ""","～ 代わりに表示人物的名i詞后面。「～ から見ても」表示、、即使从・・・・・・来看 """,普通形 / 名詞の + わりに,从...来看,表示从某个角度观察或判断。,値段の（わりに）、品質がいい。,按价格来说，质量不错。,同类或相近表达请结合原书相似语法页复习。,判断,batch_02,日语蓝宝书_N2__part_02-25.png,toc_or_heading,20,needs_manual_review,,jp_grammar N2 日语蓝宝书_N2 batch_02 needs_manual_review auto_completed
72c7cb07d7abcf78,N2,日语蓝宝书_N2,～ きり / きりだ △ 赤ちゃんが生まれてから 、 夫婦二人きりで旅行するなんて不可能だ 。 / 孩子出生以,～ きり/きりだ △ 赤ちゃんが生まれてから、夫婦二人きりで旅行するなんて不可能だ。/孩子出生以,動詞て形 + から,自从...以后就一直...,表示某动作后，状态持续不变，常带有之后没有再发生的意思。,ご飯を食べ（てから）、出かけます。,吃完饭后出门。,同类或相近表达请结合原书相似语法页复习。,时间/持续,batch_02,日语蓝宝书_N2__part_02-26.png,body_heading,30,needs_manual_review,,jp_grammar N2 日语蓝宝书_N2 batch_02 needs_manual_review auto_completed
b9b087cc2ea6db66,N3,日语蓝宝书_N3,～ おきに名 ・ 詞+おきに,～ おきに,名詞+おきに,每隔...,表示按一定间隔反复发生。,一日（おきに）、ジョギングをしている。,每隔一天慢跑。,同类或相近表达请结合原书相似语法页复习。,间隔,batch_02,日语蓝宝书_N3__part_02-01.png,body_heading,50,auto_completed,,jp_grammar N3 日语蓝宝书_N3 batch_02 kept_needs_explanation auto_completed
b1c0bf56d5ba79ca,N3,日语蓝宝书_N3,～ 恐れがある如 : △ 1ヶ月おきに行く 。 ( 2ヶ月に1回 ) / 隔ー个月去一次 。,～ 恐れがある如:△ 1ヶ月おきに行く。(2ヶ月に1回)/隔ー个月去一次。,数量詞 + おきに,有...的恐怕/可能,表示可能发生不好的事情，语气较正式。,一日（おきに）、ジョギングをしている。,每隔一天慢跑。,同类或相近表达请结合原书相似语法页复习。,可能/担心,batch_02,日语蓝宝书_N3__part_02-01.png,body_heading,20,needs_manual_review,,jp_grammar N3 日语蓝宝书_N3 batch_02 needs_manual_review auto_completed
6d54dc1ab94c6eb2,N3,日语蓝宝书_N3,～ がする等 。,～ がする等。,名詞 + がする,有...的感觉/声音/气味,表示感官感受到某种声音、气味、味道或感觉。,台所からいい匂い（がする）。,厨房传来好闻的味道。,同类或相近表达请结合原书相似语法页复习。,感官,batch_02,日语蓝宝书_N3__part_02-01.png,body_heading,50,auto_completed,,jp_grammar N3 日语蓝宝书_N3 batch_02 kept_needs_explanation auto_completed
1227c6edf8d7998a,N3,日语蓝宝书_N3,"けし 、 え 「 ～ がする 」 前面常接表示感覚 、 感受的名詞 , 如 「 におい / 香り / 音 / 寒気 / 吐き気 」 等 。",けし、え「～ がする」前面常接表示感覚、感受的,"名詞 , 如「におい/香り/音/寒気/吐き気」等",有...的感觉/声音/气味,表示感官感受到某种声音、气味、味道或感觉。,台所からいい匂い（がする）。,厨房传来好闻的味道。,同类或相近表达请结合原书相似语法页复习。,感官,batch_02,日语蓝宝书_N3__part_02-01.png,body_heading,50,auto_completed,,jp_grammar N3 日语蓝宝书_N3 batch_02 kept_needs_explanation auto_completed
201f52dcc5ff4d3c,N3,日语蓝宝书_N3,～ がたい接鎮動i詞 「 ます形 」 +がたい,～ がたい接鎮動i詞「,ます形」+がたい,难以...,表示从心理或事实角度很难做到。,先生（がた）に相談します。,向各位老师商量。,同类或相近表达请结合原书相似语法页复习。,困难,batch_02,日语蓝宝书_N3__part_02-02.png,body_heading,50,auto_enriched,,jp_grammar N3 日语蓝宝书_N3 batch_02 auto_enriched auto_completed
487df0657effc1e2,N3,日语蓝宝书_N3,ためにじゅぎよう,ためにじゅぎよう,接续：ためにじゅぎよう。按原书条目和句中词形使用。,为了；因为,表示目的，也可表示原因。,この文では（ためにじゅぎよう）の使い方を確認します。,这句话用于确认“ためにじゅぎよう”的用法。,同类或相近表达请结合原书相似语法页复习。,目的/原因,batch_02,日语蓝宝书_N3__part_02-05.png,body_heading,30,needs_manual_review,,jp_grammar N3 日语蓝宝书_N3 batch_02 needs_manual_review auto_completed
d598ee8349378c46,N3,日语蓝宝书_N3,起こるはずがない,起こるはずがない,名詞 + が / 普通形 + が,按理应该,根据已知事实推断某事理应如此。,値段は高い（が）、品質はいい。,价格高，但是质量好。,同类或相近表达请结合原书相似语法页复习。,推量,batch_02,日语蓝宝书_N3__part_02-05.png,body_heading,30,needs_manual_review,,jp_grammar N3 日语蓝宝书_N3 batch_02 needs_manual_review auto_completed
37606647e95e1408,N3,日语蓝宝书_N3,までにものつめ,までにものつめ,名詞 / 動詞辞書形 + までに,在...之前,表示动作完成的期限。,金曜日（までに）、資料を出してください。,请在周五之前提交资料。,同类或相近表达请结合原书相似语法页复习。,期限,batch_02,日语蓝宝书_N3__part_02-05.png,body_heading,30,auto_completed,,jp_grammar N3 日语蓝宝书_N3 batch_02 kept_needs_explanation auto_completed
f0f19e60422cf10b,N3,日语蓝宝书_N3,起こらないようになった,起こらないようになった,接续：起こらないようになった。按原书条目和句中词形使用。,为了能...；像...一样,可表示目的、愿望、变化目标或比喻。,この文では（起こらないようになった）の使い方を確認します。,这句话用于确认“起こらないようになった”的用法。,同类或相近表达请结合原书相似语法页复习。,目的/样态,batch_02,日语蓝宝书_N3__part_02-05.png,body_heading,30,needs_manual_review,,jp_grammar N3 日语蓝宝书_N3 batch_02 needs_manual_review auto_completed
c1a6d952df3f669c,N3,日语蓝宝书_N3,がちだ ) 火をつけるものを貸してください 。,がちだ)火をつけるものを貸してください。,名詞 + が / 普通形 + が,请...,用于请求对方做某事。,値段は高い（が）、品質はいい。,价格高，但是质量好。,同类或相近表达请结合原书相似语法页复习。,请求,batch_02,日语蓝宝书_N3__part_02-07.png,body_heading,30,needs_manual_review,,jp_grammar N3 日语蓝宝书_N3 batch_02 needs_manual_review auto_completed
6922044196ab6730,N3,日语蓝宝书_N3,出かけたことがある,出かけたことがある,普通形 + か,曾经...,表示过去有过某种经历。,彼が来る（か）分かりません。,不知道他是否会来。,同类或相近表达请结合原书相似语法页复习。,经验,batch_02,日语蓝宝书_N3__part_02-07.png,body_heading,30,needs_manual_review,,jp_grammar N3 日语蓝宝书_N3 batch_02 needs_manual_review auto_completed
c7235e8b4b821d3c,N3,日语蓝宝书_N3,出かけることにする,出かけることにする,感情形容詞 + ことに,决定...,表示说话人或主语主动决定做某事。,うれしい（ことに）、全員が合格した。,令人高兴的是，全员都合格了。,同类或相近表达请结合原书相似语法页复习。,决定,batch_02,日语蓝宝书_N3__part_02-07.png,body_heading,30,needs_manual_review,,jp_grammar N3 日语蓝宝书_N3 batch_02 needs_manual_review auto_completed
e358ce8c2068d2c4,N3,日语蓝宝书_N3,ようになっている,ようになっている,動詞て形 + いる,为了能...；像...一样,可表示目的、愿望、变化目标或比喻。,今、本を読ん（でいる）。,现在正在读书。,同类或相近表达请结合原书相似语法页复习。,目的/样态,batch_02,日语蓝宝书_N3__part_02-07.png,body_heading,30,needs_manual_review,,jp_grammar N3 日语蓝宝书_N3 batch_02 needs_manual_review auto_completed
924c11ae99759e73,N3,日语蓝宝书_N3,時間がどりよくひつよう,時間がどりよくひつよう,動詞普通形 / 名詞の + 間,在...期间,表示某动作或状态持续的整个期间。,母が料理している（間）、私は宿題をした。,妈妈做饭期间，我写了作业。,同类或相近表达请结合原书相似语法页复习。,时间,batch_02,日语蓝宝书_N3__part_02-08.png,body_heading,30,auto_completed,,jp_grammar N3 日语蓝宝书_N3 batch_02 kept_needs_explanation auto_completed
4b0d4440a15e11f4,N3,日语蓝宝书_N3,ホームスティをしながら,ホームスティをしながら,動詞ます形 + ながら,一边...一边...,表示两个动作同时进行。,音楽を聞き（ながら）、勉強します。,一边听音乐一边学习。,同类或相近表达请结合原书相似语法页复习。,同时,batch_02,日语蓝宝书_N3__part_02-09.png,body_heading,30,auto_completed,,jp_grammar N3 日语蓝宝书_N3 batch_02 kept_needs_explanation auto_completed
bf96158f43c38f27,N3,日语蓝宝书_N3,と詞じように勉強します,と詞じように勉強します,接续：と詞じように勉強します。按原书条目和句中词形使用。,为了能...；像...一样,可表示目的、愿望、变化目标或比喻。,この文では（と詞じように勉強します）の使い方を確認します。,这句话用于确认“と詞じように勉強します”的用法。,同类或相近表达请结合原书相似语法页复习。,目的/样态,batch_02,日语蓝宝书_N3__part_02-09.png,body_heading,30,needs_manual_review,,jp_grammar N3 日语蓝宝书_N3 batch_02 needs_manual_review auto_completed
0969203e0615f40e,N3,日语蓝宝书_N3,～ からすると / からすれば名 - 詞+からすると / からすれば,～ からすると/からすれば名 - 詞+からすると/からすれば,普通形 + か,从...来看,表示以某信息、立场或情况为依据进行判断。,彼が来る（か）分かりません。,不知道他是否会来。,同类或相近表达请结合原书相似语法页复习。,判断,batch_02,日语蓝宝书_N3__part_02-10.png,body_heading,50,auto_enriched,,jp_grammar N3 日语蓝宝书_N3 batch_02 auto_enriched auto_completed
3fb9f264fb38639b,N3,日语蓝宝书_N3,～ 気味接鎮税明,～ 気味接鎮税明,接续：～ 気味接鎮税明。按原书条目和句中词形使用。,有点...,表示稍微带有某种不太好的倾向。,この文では（気味接鎮税明）の使い方を確認します。,这句话用于确认“～ 気味接鎮税明”的用法。,同类或相近表达请结合原书相似语法页复习。,倾向,batch_02,日语蓝宝书_N3__part_02-13.png,body_heading,50,auto_enriched,,jp_grammar N3 日语蓝宝书_N3 batch_02 auto_enriched auto_completed
e29ae85ba8a16a6e,N3,日语蓝宝书_N3,～ くせに接鎮税明,～ くせに接鎮税明,接续：～ くせに接鎮税明。按原书条目和句中词形使用。,明明...却,表示责备或不满，认为后项与前项不相称。,この文では（くせに接鎮税明）の使い方を確認します。,这句话用于确认“～ くせに接鎮税明”的用法。,同类或相近表达请结合原书相似语法页复习。,逆接/责备,batch_02,日语蓝宝书_N3__part_02-14.png,body_heading,65,auto_enriched,,jp_grammar N3 日语蓝宝书_N3 batch_02 auto_enriched auto_completed
3f6bb3ab148073a7,N3,日语蓝宝书_N3,くせに,くせに,接续：くせに。按原书条目和句中词形使用。,明明...却,表示责备或不满，认为后项与前项不相称。,この文では（くせに）の使い方を確認します。,这句话用于确认“くせに”的用法。,同类或相近表达请结合原书相似语法页复习。,逆接/责备,batch_02,日语蓝宝书_N3__part_02-16.png,body_heading,30,needs_manual_review,,jp_grammar N3 日语蓝宝书_N3 batch_02 needs_manual_review auto_completed
1c792fa323464cb7,N3,日语蓝宝书_N3,たにんなに [ 可他人に何を言われても 、 彼女のことをイじ (,たにんなに [ 可他人に何を言われても、彼女のことをイじ(,動詞て形 / い形容詞くて + も,即使...也,表示让步条件。,雨が降っ（ても）、行きます。,即使下雨也去。,同类或相近表达请结合原书相似语法页复习。,让步,batch_02,日语蓝宝书_N3__part_02-16.png,body_heading,30,auto_completed,,jp_grammar N3 日语蓝宝书_N3 batch_02 kept_needs_explanation auto_completed
dab73bf78e03a7b7,N3,日语蓝宝书_N3,ように,ように,接续：ように。按原书条目和句中词形使用。,为了能...；像...一样,可表示目的、愿望、变化目标或比喻。,この文では（ように）の使い方を確認します。,这句话用于确认“ように”的用法。,同类或相近表达请结合原书相似语法页复习。,目的/样态,batch_02,日语蓝宝书_N3__part_02-18.png,body_heading,30,needs_manual_review,,jp_grammar N3 日语蓝宝书_N3 batch_02 needs_manual_review auto_completed
b139990511b5e41e,N3,日语蓝宝书_N3,ところによるおそ,ところによるおそ,接续：ところによるおそ。按原书条目和句中词形使用。,正在...的时候,表示某动作或状态发生的时间点，后项多为突然发生的事情。,この文では（ところによるおそ）の使い方を確認します。,这句话用于确认“ところによるおそ”的用法。,同类或相近表达请结合原书相似语法页复习。,时间,batch_02,日语蓝宝书_N3__part_02-18.png,body_heading,30,needs_manual_review,,jp_grammar N3 日语蓝宝书_N3 batch_02 needs_manual_review auto_completed
01d842830573b0f8,N3,日语蓝宝书_N3,やっていないことからして,やっていないことからして,名詞 / 普通形 + とか,单从...来看,举出一个代表性例子，暗示其他方面也同样如此。,週末は映画（とか）買い物（とか）をします。,周末看电影啦购物啦。,同类或相近表达请结合原书相似语法页复习。,举例/判断,batch_02,日语蓝宝书_N3__part_02-18.png,body_heading,30,needs_manual_review,,jp_grammar N3 日语蓝宝书_N3 batch_02 needs_manual_review auto_completed
a5366f49c4f42228,N3,日语蓝宝书_N3,やっていることからして,やっていることからして,動詞て形 + いる,单从...来看,举出一个代表性例子，暗示其他方面也同样如此。,今、本を読ん（でいる）。,现在正在读书。,同类或相近表达请结合原书相似语法页复习。,举例/判断,batch_02,日语蓝宝书_N3__part_02-18.png,body_heading,30,needs_manual_review,,jp_grammar N3 日语蓝宝书_N3 batch_02 needs_manual_review auto_completed
ab3252047bb377ae,N3,日语蓝宝书_N3,知っているくせに,知っているくせに,動詞て形 + いる,明明...却,表示责备或不满，认为后项与前项不相称。,今、本を読ん（でいる）。,现在正在读书。,同类或相近表达请结合原书相似语法页复习。,逆接/责备,batch_02,日语蓝宝书_N3__part_02-18.png,body_heading,30,needs_manual_review,,jp_grammar N3 日语蓝宝书_N3 batch_02 needs_manual_review auto_completed
6caba3a98d373f51,N3,日语蓝宝书_N3,知ることだけでなく,知ることだけでなく,普通形 + だけでなく,应该...；最好...,用于提出忠告或说明重要做法。,彼は英語（だけでなく）、中国語も話せる。,他不但会英语，还会中文。,同类或相近表达请结合原书相似语法页复习。,建议,batch_02,日语蓝宝书_N3__part_02-18.png,body_heading,30,needs_manual_review,,jp_grammar N3 日语蓝宝书_N3 batch_02 needs_manual_review auto_completed
035cf73c23c3e166,N3,日语蓝宝书_N3,問題2好きなくせに,好きなくせに,接续：好きなくせに。按原书条目和句中词形使用。,明明...却,表示责备或不满，认为后项与前项不相称。,この文では（好きなくせに）の使い方を確認します。,这句话用于确认“好きなくせに”的用法。,同类或相近表达请结合原书相似语法页复习。,逆接/责备,batch_02,日语蓝宝书_N3__part_02-19.png,body_heading,30,needs_manual_review,,jp_grammar N3 日语蓝宝书_N3 batch_02 needs_manual_review auto_completed
6804964a2f2e8070,N3,日语蓝宝书_N3,ぐらいのところにあります,ぐらいのところにあります,普通形 + の,正在...的时候,表示某动作或状态发生的时间点，后项多为突然发生的事情。,走る（の）が好きです。,我喜欢跑步。,同类或相近表达请结合原书相似语法页复习。,时间,batch_02,日语蓝宝书_N3__part_02-20.png,body_heading,30,needs_manual_review,,jp_grammar N3 日语蓝宝书_N3 batch_02 needs_manual_review auto_completed
9147dbb1dad5647c,N3,日语蓝宝书_N3,だけのところです,だけのところです,普通形 + の,名词化；所属；说明,可表示所属、名词化，或替代前面提到的名词。,走る（の）が好きです。,我喜欢跑步。,同类或相近表达请结合原书相似语法页复习。,名词化/助词,batch_02,日语蓝宝书_N3__part_02-20.png,body_heading,30,auto_completed,,jp_grammar N3 日语蓝宝书_N3 batch_02 kept_needs_explanation auto_completed
9482e254b01c79d5,N3,日语蓝宝书_N3,ほどのところに近いです,ほどのところに近いです,普通形 + の,正在...的时候,表示某动作或状态发生的时间点，后项多为突然发生的事情。,走る（の）が好きです。,我喜欢跑步。,同类或相近表达请结合原书相似语法页复习。,时间,batch_02,日语蓝宝书_N3__part_02-20.png,body_heading,30,needs_manual_review,,jp_grammar N3 日语蓝宝书_N3 batch_02 needs_manual_review auto_completed
3bfdb029c277fc3c,N3,日语蓝宝书_N3,たてものをなくしました,たてものをなくしました,動詞て形 / い形容詞くて + も,即使...也,表示让步条件。,雨が降っ（ても）、行きます。,即使下雨也去。,同类或相近表达请结合原书相似语法页复习。,让步,batch_02,日语蓝宝书_N3__part_02-20.png,body_heading,30,auto_completed,,jp_grammar N3 日语蓝宝书_N3 batch_02 kept_needs_explanation auto_completed
bf7232535d831a6c,N3,日语蓝宝书_N3,たてものがこわしました,たてものがこわしました,名詞 + が / 普通形 + が,但是；主语标记,可表示主语，也可连接前后相反或铺垫内容。,値段は高い（が）、品質はいい。,价格高，但是质量好。,同类或相近表达请结合原书相似语法页复习。,助词/逆接,batch_02,日语蓝宝书_N3__part_02-20.png,body_heading,30,auto_completed,,jp_grammar N3 日语蓝宝书_N3 batch_02 kept_needs_explanation auto_completed
99eb4290898866e3,N3,日语蓝宝书_N3,たてものをおとしました,たてものをおとしました,動詞て形 / い形容詞くて + も,即使...也,表示让步条件。,雨が降っ（ても）、行きます。,即使下雨也去。,同类或相近表达请结合原书相似语法页复习。,让步,batch_02,日语蓝宝书_N3__part_02-20.png,body_heading,30,auto_completed,,jp_grammar N3 日语蓝宝书_N3 batch_02 kept_needs_explanation auto_completed
c9994b2ac723861b,N3,日语蓝宝书_N3,たてものがなくなりました,たてものがなくなりました,名詞 + が / 普通形 + が,但是；主语标记,可表示主语，也可连接前后相反或铺垫内容。,値段は高い（が）、品質はいい。,价格高，但是质量好。,同类或相近表达请结合原书相似语法页复习。,助词/逆接,batch_02,日语蓝宝书_N3__part_02-20.png,body_heading,30,auto_completed,,jp_grammar N3 日语蓝宝书_N3 batch_02 kept_needs_explanation auto_completed
f2659af8cccc20b7,N3,日语蓝宝书_N3,彳了け [ ] 仕のことは後にして 、 今夜 (,彳了け 仕のことは後にして、今夜(,普通形 + の,名词化；所属；说明,可表示所属、名词化，或替代前面提到的名词。,走る（の）が好きです。,我喜欢跑步。,同类或相近表达请结合原书相似语法页复习。,名词化/助词,batch_02,日语蓝宝书_N3__part_02-25.png,body_heading,30,auto_completed,,jp_grammar N3 日语蓝宝书_N3 batch_02 kept_needs_explanation auto_completed
b52b45a48100dbf6,N3,日语蓝宝书_N3,もの力 、 いがいりよこう,もの力、いがいりよこう,名詞 + が / 普通形 + が,但是；主语标记,可表示主语，也可连接前后相反或铺垫内容。,値段は高い（が）、品質はいい。,价格高，但是质量好。,同类或相近表达请结合原书相似语法页复习。,助词/逆接,batch_02,日语蓝宝书_N3__part_02-25.png,body_heading,30,auto_completed,,jp_grammar N3 日语蓝宝书_N3 batch_02 kept_needs_explanation auto_completed
d22ed34210dea7b7,N3,日语蓝宝书_N3,できたことに (,できたことに(,感情形容詞 + ことに,令人...的是,表示说话人对后项事实的评价或感情。,うれしい（ことに）、全員が合格した。,令人高兴的是，全员都合格了。,同类或相近表达请结合原书相似语法页复习。,评价,batch_02,日语蓝宝书_N3__part_02-25.png,body_heading,30,auto_completed,,jp_grammar N3 日语蓝宝书_N3 batch_02 kept_needs_explanation auto_completed
3d30f72002174483,N3,日语蓝宝书_N3,なったなることに,なったなることに,感情形容詞 + ことに,令人...的是,表示说话人对后项事实的评价或感情。,うれしい（ことに）、全員が合格した。,令人高兴的是，全员都合格了。,同类或相近表达请结合原书相似语法页复习。,评价,batch_02,日语蓝宝书_N3__part_02-25.png,body_heading,30,auto_completed,,jp_grammar N3 日语蓝宝书_N3 batch_02 kept_needs_explanation auto_completed
a3e58a3920f60ca6,N3,日语蓝宝书_N3,ことに 、 彼は急用で来られなくなった 。 ( 残念 ),ことに、彼は急用で来られなくなった。(残念),感情形容詞 + ことに,令人...的是,表示说话人对后项事实的评价或感情。,うれしい（ことに）、全員が合格した。,令人高兴的是，全员都合格了。,同类或相近表达请结合原书相似语法页复习。,评价,batch_02,日语蓝宝书_N3__part_02-26.png,body_heading,30,auto_completed,,jp_grammar N3 日语蓝宝书_N3 batch_02 kept_needs_explanation auto_completed
0f11c96bd42f36fc,N3,日语蓝宝书_N3,どのしようがくせい,どのしようがくせい,名詞 + が / 普通形 + が,但是；主语标记,可表示主语，也可连接前后相反或铺垫内容。,値段は高い（が）、品質はいい。,价格高，但是质量好。,同类或相近表达请结合原书相似语法页复习。,助词/逆接,batch_02,日语蓝宝书_N3__part_02-27.png,body_heading,30,auto_completed,,jp_grammar N3 日语蓝宝书_N3 batch_02 kept_needs_explanation auto_completed
036b7ed68b14c69c,N3,日语蓝宝书_N3,ふんおく 「 プ 」 予定より15分遅れるということは 、 講演は9時45分から (,ふんおく「プ」予定より15分遅れるということは、講演は9時45分から(,普通形 + ということ,也就是说；...这件事,用于概括前文内容或说明结论。,彼が来ない（ということ）は、忙しいのだろう。,他不来这件事，说明大概很忙吧。,同类或相近表达请结合原书相似语法页复习。,说明/概括,batch_02,日语蓝宝书_N3__part_02-27.png,body_heading,30,auto_completed,,jp_grammar N3 日语蓝宝书_N3 batch_02 kept_needs_explanation auto_completed
c58d7ab2b845f64a,N3,日语蓝宝书_N3,終わるということになる,終わるということになる,感情形容詞 + ことに,变成；结果是,表示由外部情况决定，或推导出的结果。,うれしい（ことに）、全員が合格した。,令人高兴的是，全员都合格了。,同类或相近表达请结合原书相似语法页复习。,结果/决定,batch_02,日语蓝宝书_N3__part_02-27.png,body_heading,30,needs_manual_review,,jp_grammar N3 日语蓝宝书_N3 batch_02 needs_manual_review auto_completed
f6e48aea9d964977,N3,日语蓝宝书_N3,終わることができる,終わることができる,動詞辞書形 + ことができる,能够...,表示能力或客观可能。,日本語でメールを書く（ことができる）。,能够用日语写邮件。,同类或相近表达请结合原书相似语法页复习。,可能,batch_02,日语蓝宝书_N3__part_02-27.png,body_heading,30,auto_completed,,jp_grammar N3 日语蓝宝书_N3 batch_02 kept_needs_explanation auto_completed
058e7cf261209e4d,N3,日语蓝宝书_N3,始まるということになる,始まるということになる,感情形容詞 + ことに,变成；结果是,表示由外部情况决定，或推导出的结果。,うれしい（ことに）、全員が合格した。,令人高兴的是，全员都合格了。,同类或相近表达请结合原书相似语法页复习。,结果/决定,batch_02,日语蓝宝书_N3__part_02-27.png,body_heading,30,needs_manual_review,,jp_grammar N3 日语蓝宝书_N3 batch_02 needs_manual_review auto_completed
e8434cd3158c9226,N3,日语蓝宝书_N3,始まることができる,始まることができる,動詞辞書形 + ことができる,能够...,表示能力或客观可能。,日本語でメールを書く（ことができる）。,能够用日语写邮件。,同类或相近表达请结合原书相似语法页复习。,可能,batch_02,日语蓝宝书_N3__part_02-27.png,body_heading,30,auto_completed,,jp_grammar N3 日语蓝宝书_N3 batch_02 kept_needs_explanation auto_completed
ac089dcbab071a95,N3,日语蓝宝书_N3,行くことがある,行くことがある,名詞 + が / 普通形 + が,有时会；曾经,接现在形时表示有时发生；接た形时表示曾有过某经历。,値段は高い（が）、品質はいい。,价格高，但是质量好。,同类或相近表达请结合原书相似语法页复习。,经验/频率,batch_02,日语蓝宝书_N3__part_02-27.png,body_heading,30,needs_manual_review,,jp_grammar N3 日语蓝宝书_N3 batch_02 needs_manual_review auto_completed
48dc59a0af713cc6,N3,日语蓝宝书_N3,行かないことがあった,行かないことがあった,普通形 + か,是否；或者；疑问,表示疑问、不确定或选择。,彼が来る（か）分かりません。,不知道他是否会来。,同类或相近表达请结合原书相似语法页复习。,疑问/选择,batch_02,日语蓝宝书_N3__part_02-27.png,body_heading,30,auto_completed,,jp_grammar N3 日语蓝宝书_N3 batch_02 kept_needs_explanation auto_completed
c2fb01b97a2c1a47,N3,日语蓝宝书_N3,行くことにした,行くことにした,感情形容詞 + ことに,令人...的是,表示说话人对后项事实的评价或感情。,うれしい（ことに）、全員が合格した。,令人高兴的是，全员都合格了。,同类或相近表达请结合原书相似语法页复习。,评价,batch_02,日语蓝宝书_N3__part_02-27.png,body_heading,30,auto_completed,,jp_grammar N3 日语蓝宝书_N3 batch_02 kept_needs_explanation auto_completed
e9b5cc19bbc033ee,N3,日语蓝宝书_N3,行かないことにした,行かないことにした,感情形容詞 + ことに,令人...的是,表示说话人对后项事实的评价或感情。,うれしい（ことに）、全員が合格した。,令人高兴的是，全员都合格了。,同类或相近表达请结合原书相似语法页复习。,评价,batch_02,日语蓝宝书_N3__part_02-27.png,body_heading,30,auto_completed,,jp_grammar N3 日语蓝宝书_N3 batch_02 kept_needs_explanation auto_completed
5a565f5517b99028,N3,日语蓝宝书_N3,予知するようになった,予知するようになった,接续：予知するようになった。按原书条目和句中词形使用。,为了能...；像...一样,可表示目的、愿望、变化目标或比喻。,この文では（予知するようになった）の使い方を確認します。,这句话用于确认“予知するようになった”的用法。,同类或相近表达请结合原书相似语法页复习。,目的/样态,batch_02,日语蓝宝书_N3__part_02-27.png,body_heading,30,needs_manual_review,,jp_grammar N3 日语蓝宝书_N3 batch_02 needs_manual_review auto_completed
98269a6c653a2eab,N3,日语蓝宝书_N3,予知することができる,予知することができる,動詞辞書形 + ことができる,能够...,表示能力或客观可能。,日本語でメールを書く（ことができる）。,能够用日语写邮件。,同类或相近表达请结合原书相似语法页复习。,可能,batch_02,日语蓝宝书_N3__part_02-27.png,body_heading,30,auto_completed,,jp_grammar N3 日语蓝宝书_N3 batch_02 kept_needs_explanation auto_completed
3bb1ef493c8b3e12,N3,日语蓝宝书_N3,予知することにした,予知することにした,感情形容詞 + ことに,令人...的是,表示说话人对后项事实的评价或感情。,うれしい（ことに）、全員が合格した。,令人高兴的是，全员都合格了。,同类或相近表达请结合原书相似语法页复习。,评价,batch_02,日语蓝宝书_N3__part_02-27.png,body_heading,30,auto_completed,,jp_grammar N3 日语蓝宝书_N3 batch_02 kept_needs_explanation auto_completed
dae133d917122e64,N3,日语蓝宝书_N3,始まることをした,始まることをした,接续：始まることをした。按原书条目和句中词形使用。,表示「始まることをした」这一语法形式或助词用法,用于练习「始まることをした」在句中的形式和基本功能；具体语义需结合前后文判断。,この文では（始まることをした）の使い方を確認します。,这句话用于确认“始まることをした”的用法。,同类或相近表达请结合原书相似语法页复习。,形式/用法,batch_02,日语蓝宝书_N3__part_02-27.png,body_heading,30,auto_completed,,jp_grammar N3 日语蓝宝书_N3 batch_02 kept_needs_explanation auto_completed
ced8159f53a9baf8,N3,日语蓝宝书_N3,始まることになっている,始まることになっている,感情形容詞 + ことに,规定；预定,表示规则、安排或社会习惯上已经决定。,うれしい（ことに）、全員が合格した。,令人高兴的是，全员都合格了。,同类或相近表达请结合原书相似语法页复习。,规定/安排,batch_02,日语蓝宝书_N3__part_02-27.png,body_heading,30,needs_manual_review,,jp_grammar N3 日语蓝宝书_N3 batch_02 needs_manual_review auto_completed
74b601921a05c504,N3,日语蓝宝书_N3,始めることにしている,始めることにしている,感情形容詞 + ことに,令人...的是,表示说话人对后项事实的评价或感情。,うれしい（ことに）、全員が合格した。,令人高兴的是，全员都合格了。,同类或相近表达请结合原书相似语法页复习。,评价,batch_02,日语蓝宝书_N3__part_02-27.png,body_heading,30,auto_completed,,jp_grammar N3 日语蓝宝书_N3 batch_02 kept_needs_explanation auto_completed
0a33cbb45a3bdf2f,N3,日语蓝宝书_N3,出さないことにした,出さないことにした,感情形容詞 + ことに,令人...的是,表示说话人对后项事实的评价或感情。,うれしい（ことに）、全員が合格した。,令人高兴的是，全员都合格了。,同类或相近表达请结合原书相似语法页复习。,评价,batch_02,日语蓝宝书_N3__part_02-27.png,body_heading,30,auto_completed,,jp_grammar N3 日语蓝宝书_N3 batch_02 kept_needs_explanation auto_completed
62a7e0cf5838e184,N3,日语蓝宝书_N3,出られないことにした,出られないことにした,感情形容詞 + ことに,令人...的是,表示说话人对后项事实的评价或感情。,うれしい（ことに）、全員が合格した。,令人高兴的是，全员都合格了。,同类或相近表达请结合原书相似语法页复习。,评价,batch_02,日语蓝宝书_N3__part_02-27.png,body_heading,30,auto_completed,,jp_grammar N3 日语蓝宝书_N3 batch_02 kept_needs_explanation auto_completed
81120465c9822d53,N3,日语蓝宝书_N3,出さないことになった,出さないことになった,感情形容詞 + ことに,令人...的是,表示说话人对后项事实的评价或感情。,うれしい（ことに）、全員が合格した。,令人高兴的是，全员都合格了。,同类或相近表达请结合原书相似语法页复习。,评价,batch_02,日语蓝宝书_N3__part_02-27.png,body_heading,30,auto_completed,,jp_grammar N3 日语蓝宝书_N3 batch_02 kept_needs_explanation auto_completed
d0dd33456b30f5b1,N3,日语蓝宝书_N3,出られないことになった,出られないことになった,感情形容詞 + ことに,令人...的是,表示说话人对后项事实的评价或感情。,うれしい（ことに）、全員が合格した。,令人高兴的是，全员都合格了。,同类或相近表达请结合原书相似语法页复习。,评价,batch_02,日语蓝宝书_N3__part_02-27.png,body_heading,30,auto_completed,,jp_grammar N3 日语蓝宝书_N3 batch_02 kept_needs_explanation auto_completed
0b399ee52e1e1a64,N3,日语蓝宝书_N3,公園をわたしせんしつどうりよう,公園をわたしせんしつどうりよう,接续：公園をわたしせんしつどうりよう。按原书条目和句中词形使用。,表示「公園をわたしせんしつどうりよう」这一语法形式或助词用法,用于练习「公園をわたしせんしつどうりよう」在句中的形式和基本功能；具体语义需结合前后文判断。,この文では（公園をわたしせんしつどうりよう）の使い方を確認します。,这句话用于确认“公園をわたしせんしつどうりよう”的用法。,同类或相近表达请结合原书相似语法页复习。,形式/用法,batch_02,日语蓝宝书_N3__part_02-28.png,body_heading,30,auto_completed,,jp_grammar N3 日语蓝宝书_N3 batch_02 kept_needs_explanation auto_completed
2b1c49062438fd8c,N3,日语蓝宝书_N3,ことに ☆ 連れて ☆,ことに ☆ 連れて ☆,感情形容詞 + ことに,令人...的是,表示说话人对后项事实的评价或感情。,うれしい（ことに）、全員が合格した。,令人高兴的是，全员都合格了。,同类或相近表达请结合原书相似语法页复习。,评价,batch_02,日语蓝宝书_N3__part_02-28.png,body_heading,30,auto_completed,,jp_grammar N3 日语蓝宝书_N3 batch_02 kept_needs_explanation auto_completed
dd5dbace166fd15f,N3,日语蓝宝书_N3,にはことになった 。,にはことになった。,感情形容詞 + ことに,令人...的是,表示说话人对后项事实的评价或感情。,うれしい（ことに）、全員が合格した。,令人高兴的是，全员都合格了。,同类或相近表达请结合原书相似语法页复习。,评价,batch_02,日语蓝宝书_N3__part_02-28.png,body_heading,30,auto_completed,,jp_grammar N3 日语蓝宝书_N3 batch_02 kept_needs_explanation auto_completed
dde89044713d05ca,N5/N4,日语蓝宝书N5N4,ばん今日はようかです 。 あさっては (,ばん今日はようかです。あさっては(,普通形 + か,是否；或者；疑问,表示疑问、不确定或选择。,彼が来る（か）分かりません。,不知道他是否会来。,同类或相近表达请结合原书相似语法页复习。,疑问/选择,batch_02,日语蓝宝书N5N4__part_02-02.png,body_heading,30,auto_completed,,jp_grammar N5_N4 日语蓝宝书N5N4 batch_02 kept_needs_explanation auto_completed
384442a9b59873c1,N5/N4,日语蓝宝书N5N4,これ了 - ものを ～,これ了 - ものを,普通形 + の,名词化；所属；说明,可表示所属、名词化，或替代前面提到的名词。,走る（の）が好きです。,我喜欢跑步。,同类或相近表达请结合原书相似语法页复习。,名词化/助词,batch_02,日语蓝宝书N5N4__part_02-02.png,body_heading,30,auto_completed,,jp_grammar N5_N4 日语蓝宝书N5N4 batch_02 kept_needs_explanation auto_completed
0fb0c2ae11a97251,N5/N4,日语蓝宝书N5N4,ではなかった ～ 文法,～ 文法,接续：～ 文法。按原书条目和句中词形使用。,表示「文法」这一语法形式或助词用法,用于练习「～ 文法」在句中的形式和基本功能；具体语义需结合前后文判断。,この文では（文法）の使い方を確認します。,这句话用于确认“～ 文法”的用法。,同类或相近表达请结合原书相似语法页复习。,形式/用法,batch_02,日语蓝宝书N5N4__part_02-03.png,body_heading,50,auto_completed,,jp_grammar N5_N4 日语蓝宝书N5N4 batch_02 kept_needs_explanation auto_completed
3aaaeb0aaa879eec,N5/N4,日语蓝宝书N5N4,～ 押した見る見た,～ 押した見る見た,接续：～ 押した見る見た。按原书条目和句中词形使用。,表示「押した見る見た」这一语法形式或助词用法,用于练习「～ 押した見る見た」在句中的形式和基本功能；具体语义需结合前后文判断。,この文では（押した見る見た）の使い方を確認します。,这句话用于确认“～ 押した見る見た”的用法。,同类或相近表达请结合原书相似语法页复习。,形式/用法,batch_02,日语蓝宝书N5N4__part_02-07.png,body_heading,50,auto_completed,,jp_grammar N5_N4 日语蓝宝书N5N4 batch_02 kept_needs_explanation auto_completed
abcc6aa082fbc0b5,N5/N4,日语蓝宝书N5N4,～ ませんでした ( 書きませんでした ) ～ ました ( 書きました ) ～ ません ( 書きません ) ～ ます ( 書きます ),～ ませんでした(書きませんでした)～ ました(書きました)～ ません(書きません)～ ます(書きます),接续：～ ませんでした(書きませんでした)～ ました(書きました)～ ません(書きません)～ ます(書きます)。按原书条目和句中词形使用。,表示「ませんでした(書きませんでした)～ ました(書きました)～ ません(書きません)～ ます(書きます)」这一语法形式或助词用法,用于练习「～ ませんでした(書きませんでした)～ ました(書きました)～ ません(書きません)～ ます(書きます)」在句中的形式和基本功能；具体语义需结合前后文判断。,この文では（ませんでした(書きませんでした)～ ました(書きました)～ ません(書きません)～ ます(書きます)）の使い方を確認します。,这句话用于确认“～ ませんでした(書きませんでした)～ ました(書きました)～ ません(書きません)～ ます(書きます)”的用法。,同类或相近表达请结合原书相似语法页复习。,形式/用法,batch_02,日语蓝宝书N5N4__part_02-08.png,body_heading,50,auto_completed,,jp_grammar N5_N4 日语蓝宝书N5N4 batch_02 kept_needs_explanation auto_completed
4906928e383d0028,N5/N4,日语蓝宝书N5N4,～ ーー [T]- あの部屋は電気が (,～ ーー - あの部屋は電気が(,名詞 + が / 普通形 + が,但是；主语标记,可表示主语，也可连接前后相反或铺垫内容。,値段は高い（が）、品質はいい。,价格高，但是质量好。,同类或相近表达请结合原书相似语法页复习。,助词/逆接,batch_02,日语蓝宝书N5N4__part_02-11.png,body_heading,50,auto_completed,,jp_grammar N5_N4 日语蓝宝书N5N4 batch_02 kept_needs_explanation auto_completed
1ace4292a5368c37,N5/N4,日语蓝宝书N5N4,～ 知りません,～ 知りません,接续：～ 知りません。按原书条目和句中词形使用。,表示「知りません」这一语法形式或助词用法,用于练习「～ 知りません」在句中的形式和基本功能；具体语义需结合前后文判断。,この文では（知りません）の使い方を確認します。,这句话用于确认“～ 知りません”的用法。,同类或相近表达请结合原书相似语法页复习。,形式/用法,batch_02,日语蓝宝书N5N4__part_02-11.png,body_heading,50,auto_completed,,jp_grammar N5_N4 日语蓝宝书N5N4 batch_02 kept_needs_explanation auto_completed
9eeea99268721b92,N5/N4,日语蓝宝书N5N4,～ : ーになる,～:ーになる,名詞 / な形容詞 + になる,变成...,表示自然变化或结果。,春（になる）と、暖かくなる。,到了春天就变暖。,同类或相近表达请结合原书相似语法页复习。,变化,batch_02,日语蓝宝书N5N4__part_02-11.png,body_heading,50,auto_completed,,jp_grammar N5_N4 日语蓝宝书N5N4 batch_02 kept_needs_explanation auto_completed
b0c25c6f4326a3c7,N5/N4,日语蓝宝书N5N4,面白くきたな ) 汚いところでした 。,面白くきたな)汚いところでした。,接续：面白くきたな)汚いところでした。。按原书条目和句中词形使用。,表示「面白くきたな)汚いところでした」这一语法形式或助词用法,用于练习「面白くきたな)汚いところでした。」在句中的形式和基本功能；具体语义需结合前后文判断。,この文では（面白くきたな)汚いところでした）の使い方を確認します。,这句话用于确认“面白くきたな)汚いところでした。”的用法。,同类或相近表达请结合原书相似语法页复习。,形式/用法,batch_02,日语蓝宝书N5N4__part_02-18.png,body_heading,30,auto_completed,,jp_grammar N5_N4 日语蓝宝书N5N4 batch_02 kept_needs_explanation auto_completed
554686fc5d537ca2,N5/N4,日语蓝宝书N5N4,毎日詞じことをして 、 きっと (,毎日詞じことをして、きっと(,接续：毎日詞じことをして、きっと(。按原书条目和句中词形使用。,表示「毎日詞じことをして、きっと(」这一语法形式或助词用法,用于练习「毎日詞じことをして、きっと(」在句中的形式和基本功能；具体语义需结合前后文判断。,この文では（毎日詞じことをして、きっと(）の使い方を確認します。,这句话用于确认“毎日詞じことをして、きっと(”的用法。,同类或相近表达请结合原书相似语法页复习。,形式/用法,batch_02,日语蓝宝书N5N4__part_02-18.png,body_heading,30,auto_completed,,jp_grammar N5_N4 日语蓝宝书N5N4 batch_02 kept_needs_explanation auto_completed
a5ea8f8db00af171,N5/N4,日语蓝宝书N5N4,無ロな入るものはどれですか 。,無ロな入るものはどれですか。,普通形 + か,是否；或者；疑问,表示疑问、不确定或选择。,彼が来る（か）分かりません。,不知道他是否会来。,同类或相近表达请结合原书相似语法页复习。,疑问/选择,batch_02,日语蓝宝书N5N4__part_02-18.png,body_heading,30,auto_completed,,jp_grammar N5_N4 日语蓝宝书N5N4 batch_02 kept_needs_explanation auto_completed
a5df24b5a1f9f9ef,N5/N4,日语蓝宝书N5N4,"どう可用来洵詞対方的想法或事物的性貭 、 状悉等 , 回答中多会出現形容詞対其迸行説明 . 意カ “ ・ ・ ・ ・ ・ 怎久","どう可用来洵詞対方的想法或事物的性貭、状悉等 , 回答中多会出現形容詞対其迸行","接续：どう可用来洵詞対方的想法或事物的性貭、状悉等 , 回答中多会出現形容詞対其迸行。按原书条目和句中词形使用。","表示「どう可用来洵詞対方的想法或事物的性貭、状悉等 , 回答中多会出現形容詞対其迸行」这一语法形式或助词用法","用于练习「どう可用来洵詞対方的想法或事物的性貭、状悉等 , 回答中多会出現形容詞対其迸行」在句中的形式和基本功能；具体语义需结合前后文判断。","この文では（どう可用来洵詞対方的想法或事物的性貭、状悉等 , 回答中多会出現形容詞対其迸行）の使い方を確認します。","这句话用于确认“どう可用来洵詞対方的想法或事物的性貭、状悉等 , 回答中多会出現形容詞対其迸行”的用法。",同类或相近表达请结合原书相似语法页复习。,形式/用法,batch_02,日语蓝宝书N5N4__part_02-21.png,body_heading,30,auto_completed,,jp_grammar N5_N4 日语蓝宝书N5N4 batch_02 kept_needs_explanation auto_completed
92c8b0c3dd9f082d,N5/N4,日语蓝宝书N5N4,～ 注意,～ 注意,接续：～ 注意。按原书条目和句中词形使用。,表示「注意」这一语法形式或助词用法,用于练习「～ 注意」在句中的形式和基本功能；具体语义需结合前后文判断。,この文では（注意）の使い方を確認します。,这句话用于确认“～ 注意”的用法。,同类或相近表达请结合原书相似语法页复习。,形式/用法,batch_02,日语蓝宝书N5N4__part_02-21.png,body_heading,50,auto_completed,,jp_grammar N5_N4 日语蓝宝书N5N4 batch_02 kept_needs_explanation auto_completed
e1f4bb4969070069,Minna,大家的日语（第二版）初级2学习辅导书3A出版社,～ のほうすっと,～ のほうすっと,普通形 + の,名词化；所属；说明,可表示所属、名词化，或替代前面提到的名词。,走る（の）が好きです。,我喜欢跑步。,同类或相近表达请结合原书相似语法页复习。,名词化/助词,batch_03,大家的日语（第二版）初级2学习辅导书3A出版社__part_03-02.png,body_heading,50,auto_completed,,jp_grammar Minna 大家的日语_第二版_初级2学习辅导书3A出版社 batch_03 kept_needs_explanation auto_completed
2cc700e95cbe5362,Minna,大家的日语（第二版）初级2学习辅导书3A出版社,～ の方 ( 別人的 ) 孩子,～ の方(別人的)孩子,普通形 + の,名词化；所属；说明,可表示所属、名词化，或替代前面提到的名词。,走る（の）が好きです。,我喜欢跑步。,同类或相近表达请结合原书相似语法页复习。,名词化/助词,batch_03,大家的日语（第二版）初级2学习辅导书3A出版社__part_03-02.png,body_heading,50,auto_completed,,jp_grammar Minna 大家的日语_第二版_初级2学习辅导书3A出版社 batch_03 kept_needs_explanation auto_completed
817ab26362420357,Minna,大家的日语（第二版）初级2学习辅导书3A出版社,号 ) 希望号 ( 新干名称 。 ～ 42号 : 希望,号)希望号(新干名称。～ 42号:希望,接续：号)希望号(新干名称。～ 42号:希望。按原书条目和句中词形使用。,表示「号)希望号(新干名称。～ 42号:希望」这一语法形式或助词用法,用于练习「号)希望号(新干名称。～ 42号:希望」在句中的形式和基本功能；具体语义需结合前后文判断。,この文では（号)希望号(新干名称。～ 42号:希望）の使い方を確認します。,这句话用于确认“号)希望号(新干名称。～ 42号:希望”的用法。,同类或相近表达请结合原书相似语法页复习。,形式/用法,batch_03,大家的日语（第二版）初级2学习辅导书3A出版社__part_03-02.png,body_heading,50,auto_completed,,jp_grammar Minna 大家的日语_第二版_初级2学习辅导书3A出版社 batch_03 kept_needs_explanation auto_completed
9b0ad2ba3fb709bb,Minna,大家的日语（第二版）初级2学习辅导书3A出版社,～ ちゅうどういう,～ ちゅうどういう,接续：～ ちゅうどういう。按原书条目和句中词形使用。,表示「ちゅうどういう」这一语法形式或助词用法,用于练习「～ ちゅうどういう」在句中的形式和基本功能；具体语义需结合前后文判断。,この文では（ちゅうどういう）の使い方を確認します。,这句话用于确认“～ ちゅうどういう”的用法。,同类或相近表达请结合原书相似语法页复习。,形式/用法,batch_03,大家的日语（第二版）初级2学习辅导书3A出版社__part_03-11.png,body_heading,50,auto_completed,,jp_grammar Minna 大家的日语_第二版_初级2学习辅导书3A出版社 batch_03 kept_needs_explanation auto_completed
745305eaa5f96be0,Minna,大家的日语（第二版）初级2学习辅导书3A出版社,～ ほどかいわく会話 〉,～ ほどかいわく会話 〉,普通形 + か,程度；越...越...,表示程度、比较基准或递进变化。,彼が来る（か）分かりません。,不知道他是否会来。,同类或相近表达请结合原书相似语法页复习。,程度/比较,batch_03,大家的日语（第二版）初级2学习辅导书3A出版社__part_03-11.png,body_heading,50,auto_enriched,,jp_grammar Minna 大家的日语_第二版_初级2学习辅导书3A出版社 batch_03 auto_enriched auto_completed
a283b9b6b3d52726,Minna,大家的日语（第二版）初级2学习辅导书3A出版社,～ 价 ( 表示量 ),～ 价(表示量),接续：～ 价(表示量)。按原书条目和句中词形使用。,表示「价(表示量)」这一语法形式或助词用法,用于练习「～ 价(表示量)」在句中的形式和基本功能；具体语义需结合前后文判断。,この文では（价(表示量)）の使い方を確認します。,这句话用于确认“～ 价(表示量)”的用法。,同类或相近表达请结合原书相似语法页复习。,形式/用法,batch_03,大家的日语（第二版）初级2学习辅导书3A出版社__part_03-15.png,body_heading,50,auto_completed,,jp_grammar Minna 大家的日语_第二版_初级2学习辅导书3A出版社 batch_03 kept_needs_explanation auto_completed
eb5e91b16d64929c,N2,日语蓝宝书_N2,家族 [ 」 あなたのことを (,家族 [」あなたのことを(,普通形 + の,名词化；所属；说明,可表示所属、名词化，或替代前面提到的名词。,走る（の）が好きです。,我喜欢跑步。,同类或相近表达请结合原书相似语法页复习。,名词化/助词,batch_03,日语蓝宝书_N2__part_03-01.png,body_heading,30,auto_completed,,jp_grammar N2 日语蓝宝书_N2 batch_03 kept_needs_explanation auto_completed
681cc7d9586a5844,N2,日语蓝宝书_N2,) からには 、 責任を持って仕事をするべきだ 。,からには、責任を持って仕事をするべきだ。,普通形 + か,既然...就,表示既然前项已经成立，后项就是应有的态度、责任或判断。,彼が来る（か）分かりません。,不知道他是否会来。,同类或相近表达请结合原书相似语法页复习。,条件/义务,batch_03,日语蓝宝书_N2__part_03-01.png,body_heading,30,needs_manual_review,,jp_grammar N2 日语蓝宝书_N2 batch_03 needs_manual_review auto_completed
902f54d3309d8295,N2,日语蓝宝书_N2,からいうと ) 、 迷わずに前に突き進むべきだ 。,からいうと)、迷わずに前に突き進むべきだ。,動詞ない形去ない + ずに,从...来说,表示从某个立场、角度或依据来判断。,朝ご飯を食べ（ずに）、学校へ行った。,没吃早饭就去了学校。,同类或相近表达请结合原书相似语法页复习。,立场/判断,batch_03,日语蓝宝书_N2__part_03-03.png,body_heading,30,needs_manual_review,,jp_grammar N2 日语蓝宝书_N2 batch_03 needs_manual_review auto_completed
72d4b9a5574da10a,N2,日语蓝宝书_N2,ばかりに反対しえない,ばかりに反対しえない,普通形 + か,正因为...才,表示由于前项原因导致不理想结果，带后悔语气。,彼が来る（か）分かりません。,不知道他是否会来。,同类或相近表达请结合原书相似语法页复习。,原因,batch_03,日语蓝宝书_N2__part_03-03.png,body_heading,30,needs_manual_review,,jp_grammar N2 日语蓝宝书_N2 batch_03 needs_manual_review auto_completed
785f8e1f3ea8c679,N2,日语蓝宝书_N2,多いのでことができました 。,多いのでことができました。,名詞 + が / 普通形 + が,因为...,表示原因理由，语气比から更客观、柔和。,値段は高い（が）、品質はいい。,价格高，但是质量好。,同类或相近表达请结合原书相似语法页复习。,原因,batch_03,日语蓝宝书_N2__part_03-04.png,toc_or_heading,30,needs_manual_review,,jp_grammar N2 日语蓝宝书_N2 batch_03 needs_manual_review auto_completed
b26b7f3efda0edcd,N2,日语蓝宝书_N2,～ くせに / くせして動 / ナ形 / イ形 / 名の名詞修飾形+くせに / くせして,～ くせに/くせして動/ナ形/イ形/名の,名詞修飾形+くせに/くせして,明明...却,表示责备或不满，认为后项与前项不相称。,走る（の）が好きです。,我喜欢跑步。,同类或相近表达请结合原书相似语法页复习。,逆接/责备,batch_03,日语蓝宝书_N2__part_03-06.png,body_heading,75,auto_enriched,,jp_grammar N2 日语蓝宝书_N2 batch_03 auto_enriched auto_completed
ac9dc6b455f8c8d9,N2,日语蓝宝书_N2,～ ことなく / こともなく,～ ことなく/こともなく,名詞 + も,不...就...,表示没有进行前项动作，而直接出现后项。书面语色彩较强。,私（も）行きます。,我也去。,同类或相近表达请结合原书相似语法页复习。,否定/伴随,batch_03,日语蓝宝书_N2__part_03-09.png,body_heading,65,auto_enriched,,jp_grammar N2 日语蓝宝书_N2 batch_03 auto_enriched auto_completed
d8e18c01b3915d12,N2,日语蓝宝书_N2,のことだから2からいって,のことだから2からいって,普通形 + か,从...来说,表示从某个立场、角度或依据来判断。,彼が来る（か）分かりません。,不知道他是否会来。,同类或相近表达请结合原书相似语法页复习。,立场/判断,batch_03,日语蓝宝书_N2__part_03-11.png,body_heading,30,needs_manual_review,,jp_grammar N2 日语蓝宝书_N2 batch_03 needs_manual_review auto_completed
773c6097ce6f616f,N2,日语蓝宝书_N2,あげくことから,あげくことから,名詞 / 普通形 + とか,结果，最后,表示经过一段过程或反复之后，最后出现某个结果。多用于不理想的结果。,週末は映画（とか）買い物（とか）をします。,周末看电影啦购物啦。,同类或相近表达请结合原书相似语法页复习。,结果,batch_03,日语蓝宝书_N2__part_03-11.png,body_heading,30,needs_manual_review,,jp_grammar N2 日语蓝宝书_N2 batch_03 needs_manual_review auto_completed
b8d249a70dc4db53,N2,日语蓝宝书_N2,ものはない,ものはない,普通形 + の,名词化；所属；说明,可表示所属、名词化，或替代前面提到的名词。,走る（の）が好きです。,我喜欢跑步。,同类或相近表达请结合原书相似语法页复习。,名词化/助词,batch_03,日语蓝宝书_N2__part_03-11.png,body_heading,30,auto_completed,,jp_grammar N2 日语蓝宝书_N2 batch_03 kept_needs_explanation auto_completed
0c95433c65499087,N2,日语蓝宝书_N2,わけはない,わけはない,接续：わけはない。按原书条目和句中词形使用。,表示「わけはない」这一语法形式或助词用法,用于练习「わけはない」在句中的形式和基本功能；具体语义需结合前后文判断。,この文では（わけはない）の使い方を確認します。,这句话用于确认“わけはない”的用法。,同类或相近表达请结合原书相似语法页复习。,形式/用法,batch_03,日语蓝宝书_N2__part_03-11.png,body_heading,30,auto_completed,,jp_grammar N2 日语蓝宝书_N2 batch_03 kept_needs_explanation auto_completed
21f8023ce63bcf63,N2,日语蓝宝书_N2,読みたいことは3読むことは,読みたいことは3読むことは,動詞ます形 + たい,好像；像...,口语中表示比喻或推量。,日本へ行き（たい）です。,我想去日本。,同类或相近表达请结合原书相似语法页复习。,比喻/推量,batch_03,日语蓝宝书_N2__part_03-11.png,body_heading,30,needs_manual_review,,jp_grammar N2 日语蓝宝书_N2 batch_03 needs_manual_review auto_completed
a3b6f8ba3bffb704,N2,日语蓝宝书_N2,読んだことはことだ,読んだことはことだ,普通形 + んだ,应该...；最好...,用于提出忠告或说明重要做法。,実は、少し熱がある（んだ）。,其实有点发烧。,同类或相近表达请结合原书相似语法页复习。,建议,batch_03,日语蓝宝书_N2__part_03-11.png,body_heading,30,needs_manual_review,,jp_grammar N2 日语蓝宝书_N2 batch_03 needs_manual_review auto_completed
e4f57dc5edcb6919,N2,日语蓝宝书_N2,ばかりはないことか,ばかりはないことか,名詞 / 普通形 + とか,刚刚；光是,可表示动作刚完成，也可表示限定或偏向。,週末は映画（とか）買い物（とか）をします。,周末看电影啦购物啦。,同类或相近表达请结合原书相似语法页复习。,时间/限定,batch_03,日语蓝宝书_N2__part_03-11.png,body_heading,30,needs_manual_review,,jp_grammar N2 日语蓝宝书_N2 batch_03 needs_manual_review auto_completed
d91a5b331a7b396e,N2,日语蓝宝书_N2,読まないことは,読まないことは,接续：読まないことは。按原书条目和句中词形使用。,表示「読まないことは」这一语法形式或助词用法,用于练习「読まないことは」在句中的形式和基本功能；具体语义需结合前后文判断。,この文では（読まないことは）の使い方を確認します。,这句话用于确认“読まないことは”的用法。,同类或相近表达请结合原书相似语法页复习。,形式/用法,batch_03,日语蓝宝书_N2__part_03-11.png,body_heading,30,auto_completed,,jp_grammar N2 日语蓝宝书_N2 batch_03 kept_needs_explanation auto_completed
acaec397b303f34d,N2,日语蓝宝书_N2,有名なことだから,有名なことだから,普通形 + か,应该...；最好...,用于提出忠告或说明重要做法。,彼が来る（か）分かりません。,不知道他是否会来。,同类或相近表达请结合原书相似语法页复习。,建议,batch_03,日语蓝宝书_N2__part_03-13.png,body_heading,30,needs_manual_review,,jp_grammar N2 日语蓝宝书_N2 batch_03 needs_manual_review auto_completed
ef87752a1a671988,N2,日语蓝宝书_N2,じゃないからことはない,じゃないからことはない,普通形 + か,没必要...,表示不需要做某事，用于安慰或建议。,彼が来る（か）分かりません。,不知道他是否会来。,同类或相近表达请结合原书相似语法页复习。,不必要,batch_03,日语蓝宝书_N2__part_03-13.png,body_heading,30,needs_manual_review,,jp_grammar N2 日语蓝宝书_N2 batch_03 needs_manual_review auto_completed
70dd1b0eb3de4297,N2,日语蓝宝书_N2,) 楽しいことはない 。,楽しいことはない。,接续：楽しいことはない。。按原书条目和句中词形使用。,没必要...,表示不需要做某事，用于安慰或建议。,この文では（楽しいことはない）の使い方を確認します。,这句话用于确认“楽しいことはない。”的用法。,同类或相近表达请结合原书相似语法页复习。,不必要,batch_03,日语蓝宝书_N2__part_03-13.png,body_heading,30,needs_manual_review,,jp_grammar N2 日语蓝宝书_N2 batch_03 needs_manual_review auto_completed
4740e4df9dc06067,N2,日语蓝宝书_N2,ぎみだ ) はずだ 。,ぎみだ)はずだ。,接续：ぎみだ)はずだ。。按原书条目和句中词形使用。,按理应该,根据已知事实推断某事理应如此。,この文では（ぎみだ)はずだ）の使い方を確認します。,这句话用于确认“ぎみだ)はずだ。”的用法。,同类或相近表达请结合原书相似语法页复习。,推量,batch_03,日语蓝宝书_N2__part_03-13.png,body_heading,30,needs_manual_review,,jp_grammar N2 日语蓝宝书_N2 batch_03 needs_manual_review auto_completed
2a2311ceffa8c33c,N2,日语蓝宝书_N2,あまりかのようで,あまりかのようで,普通形 + か,好像...一样,表示实际上不是那样，但看起来像那样。,彼が来る（か）分かりません。,不知道他是否会来。,同类或相近表达请结合原书相似语法页复习。,比喻/样态,batch_03,日语蓝宝书_N2__part_03-13.png,body_heading,30,needs_manual_review,,jp_grammar N2 日语蓝宝书_N2 batch_03 needs_manual_review auto_completed
0f0782d64e897976,N2,日语蓝宝书_N2,くせに [ こ ] 今年の,くせに 今年の,普通形 + の,明明...却,表示责备或不满，认为后项与前项不相称。,走る（の）が好きです。,我喜欢跑步。,同类或相近表达请结合原书相似语法页复习。,逆接/责备,batch_03,日语蓝宝书_N2__part_03-14.png,body_heading,30,needs_manual_review,,jp_grammar N2 日语蓝宝书_N2 batch_03 needs_manual_review auto_completed
1a9b7210ac9c9d4b,N2,日语蓝宝书_N2,気を緩めることなく,気を緩めることなく,接续：気を緩めることなく。按原书条目和句中词形使用。,不...就...,表示没有进行前项动作，而直接出现后项。书面语色彩较强。,この文では（気を緩めることなく）の使い方を確認します。,这句话用于确认“気を緩めることなく”的用法。,同类或相近表达请结合原书相似语法页复习。,否定/伴随,batch_03,日语蓝宝书_N2__part_03-14.png,body_heading,30,needs_manual_review,,jp_grammar N2 日语蓝宝书_N2 batch_03 needs_manual_review auto_completed
77188bdfeccc74a4,N2,日语蓝宝书_N2,ことはないことです,ことはないことです,接续：ことはないことです。按原书条目和句中词形使用。,没必要...,表示不需要做某事，用于安慰或建议。,この文では（ことはないことです）の使い方を確認します。,这句话用于确认“ことはないことです”的用法。,同类或相近表达请结合原书相似语法页复习。,不必要,batch_03,日语蓝宝书_N2__part_03-15.png,body_heading,30,needs_manual_review,,jp_grammar N2 日语蓝宝书_N2 batch_03 needs_manual_review auto_completed
6c30646ce94af8dd,N2,日语蓝宝书_N2,～ 最申 ( に ) / 最中だ,～ 最申(に)/最中だ,接续：～ 最申(に)/最中だ。按原书条目和句中词形使用。,正在...的时候,表示某动作正在进行的中途。,この文では（最申(に)）の使い方を確認します。,这句话用于确认“～ 最申(に)/最中だ”的用法。,同类或相近表达请结合原书相似语法页复习。,时间,batch_03,日语蓝宝书_N2__part_03-16.png,body_heading,50,auto_enriched,,jp_grammar N2 日语蓝宝书_N2 batch_03 auto_enriched auto_completed
dc59e41018a0c2a2,N2,日语蓝宝书_N2,～ 主上は / 上も名+上 / 上は / 上も,～ 主上は/上も名+上/上は/上も,名詞 + も,既然...就,表示既然事情已经到了前项这种情况，就必须采取后项态度或行动。,私（も）行きます。,我也去。,同类或相近表达请结合原书相似语法页复习。,条件/义务,batch_03,日语蓝宝书_N2__part_03-18.png,body_heading,50,auto_enriched,,jp_grammar N2 日语蓝宝书_N2 batch_03 auto_enriched auto_completed
22f0169dd67caa5d,N2,日语蓝宝书_N2,～ 末 ( に ) / 末の動た形 / 名ーの + 末 ( に ) / 末の,～ 末(に)/末の動,た形/名の+末(に)/末の,经过...之后,表示经过长时间或复杂过程后得出某结果。,走る（の）が好きです。,我喜欢跑步。,同类或相近表达请结合原书相似语法页复习。,结果,batch_03,日语蓝宝书_N2__part_03-18.png,body_heading,50,auto_enriched,,jp_grammar N2 日语蓝宝书_N2 batch_03 auto_enriched auto_completed
87f57e860918acf0,N2,日语蓝宝书_N2,～ せいで / せいか / せいだ / せいにする動 / ナ形 / イ形 / 名の名詞修飾形+せいで / せいか / せいだ / せいにする,～ せいで/せいか/せいだ/せいにする動/ナ形/イ形/名の,名詞修飾形+せいで/せいか/せいだ/せいにする,都怪；因为,表示不好的结果由前项原因造成。,昼ご飯はカレー（にする）。,午饭决定吃咖喱。,同类或相近表达请结合原书相似语法页复习。,原因,batch_03,日语蓝宝书_N2__part_03-19.png,body_heading,60,auto_enriched,,jp_grammar N2 日语蓝宝书_N2 batch_03 auto_enriched auto_completed
cd10dd65d1f7d635,N2,日语蓝宝书_N2,教育中 ) ばかりに早めに宿題を終わらせた 。,教育中)ばかりに早めに宿題を終わらせた。,普通形 + か,正因为...才,表示由于前项原因导致不理想结果，带后悔语气。,彼が来る（か）分かりません。,不知道他是否会来。,同类或相近表达请结合原书相似语法页复习。,原因,batch_03,日语蓝宝书_N2__part_03-21.png,body_heading,30,needs_manual_review,,jp_grammar N2 日语蓝宝书_N2 batch_03 needs_manual_review auto_completed
f15c29f511b3e548,N2,日语蓝宝书_N2,することはない,することはない,接续：することはない。按原书条目和句中词形使用。,没必要...,表示不需要做某事，用于安慰或建议。,この文では（することはない）の使い方を確認します。,这句话用于确认“することはない”的用法。,同类或相近表达请结合原书相似语法页复习。,不必要,batch_03,日语蓝宝书_N2__part_03-21.png,body_heading,30,needs_manual_review,,jp_grammar N2 日语蓝宝书_N2 batch_03 needs_manual_review auto_completed
544c990c29efa2f0,N2,日语蓝宝书_N2,することか ) 、 人生が変わっていくと思う 。,することか)、人生が変わっていくと思う。,動詞て形 + いく,...下去；去...,表示动作离开说话人方向，或状态从现在持续到将来。,これからも勉強を続け（ていく）。,今后也会继续学习下去。,同类或相近表达请结合原书相似语法页复习。,方向/变化,batch_03,日语蓝宝书_N2__part_03-21.png,body_heading,30,auto_completed,,jp_grammar N2 日语蓝宝书_N2 batch_03 kept_needs_explanation auto_completed
8e94d39d1f6986a6,N2,日语蓝宝书_N2,検討したことがある,検討したことがある,名詞 + が / 普通形 + が,曾经...,表示过去有过某种经历。,値段は高い（が）、品質はいい。,价格高，但是质量好。,同类或相近表达请结合原书相似语法页复习。,经验,batch_03,日语蓝宝书_N2__part_03-23.png,body_heading,30,needs_manual_review,,jp_grammar N2 日语蓝宝书_N2 batch_03 needs_manual_review auto_completed
a92c7a6497602a1b,N2,日语蓝宝书_N2,せいかからにはことか,せいかからにはことか,名詞 / 普通形 + とか,既然...就,表示既然前项已经成立，后项就是应有的态度、责任或判断。,週末は映画（とか）買い物（とか）をします。,周末看电影啦购物啦。,同类或相近表达请结合原书相似语法页复习。,条件/义务,batch_03,日语蓝宝书_N2__part_03-23.png,body_heading,30,needs_manual_review,,jp_grammar N2 日语蓝宝书_N2 batch_03 needs_manual_review auto_completed
6779340f4d0578bb,N2,日语蓝宝书_N2,しようではないか,しようではないか,普通形 + か,让我们...吧,表示号召、提议大家一起做某事，书面或演说语气较强。,彼が来る（か）分かりません。,不知道他是否会来。,同类或相近表达请结合原书相似语法页复习。,劝诱,batch_03,日语蓝宝书_N2__part_03-23.png,body_heading,30,needs_manual_review,,jp_grammar N2 日语蓝宝书_N2 batch_03 needs_manual_review auto_completed
7d7d665052b795be,N2,日语蓝宝书_N2,出勤しないくせに,出勤しないくせに,接续：出勤しないくせに。按原书条目和句中词形使用。,明明...却,表示责备或不满，认为后项与前项不相称。,この文では（出勤しないくせに）の使い方を確認します。,这句话用于确认“出勤しないくせに”的用法。,同类或相近表达请结合原书相似语法页复习。,逆接/责备,batch_03,日语蓝宝书_N2__part_03-23.png,body_heading,30,needs_manual_review,,jp_grammar N2 日语蓝宝书_N2 batch_03 needs_manual_review auto_completed
f18475022e34ed63,N2,日语蓝宝书_N2,ばかりに [ ツ 」 非常の (,ばかりに [ ツ」非常の(,普通形 + か,正因为...才,表示由于前项原因导致不理想结果，带后悔语气。,彼が来る（か）分かりません。,不知道他是否会来。,同类或相近表达请结合原书相似语法页复习。,原因,batch_03,日语蓝宝书_N2__part_03-23.png,body_heading,30,needs_manual_review,,jp_grammar N2 日语蓝宝书_N2 batch_03 needs_manual_review auto_completed
cfb74b2ad3a528ca,N2,日语蓝宝书_N2,ことには,ことには,感情形容詞 + ことに,令人...的是,表示说话人对后项事实的评价或感情。,うれしい（ことに）、全員が合格した。,令人高兴的是，全员都合格了。,同类或相近表达请结合原书相似语法页复习。,评价,batch_03,日语蓝宝书_N2__part_03-23.png,body_heading,30,auto_completed,,jp_grammar N2 日语蓝宝书_N2 batch_03 kept_needs_explanation auto_completed
e92f925907fb854d,N2,日语蓝宝书_N2,責任を逃れようと,責任を逃れようと,接续：責任を逃れようと。按原书条目和句中词形使用。,表示「責任を逃れようと」这一语法形式或助词用法,用于练习「責任を逃れようと」在句中的形式和基本功能；具体语义需结合前后文判断。,この文では（責任を逃れようと）の使い方を確認します。,这句话用于确认“責任を逃れようと”的用法。,同类或相近表达请结合原书相似语法页复习。,形式/用法,batch_03,日语蓝宝书_N2__part_03-23.png,body_heading,30,auto_completed,,jp_grammar N2 日语蓝宝书_N2 batch_03 kept_needs_explanation auto_completed
69d606e59a751dcc,N2,日语蓝宝书_N2,声を出しながら,声を出しながら,動詞ます形 + ながら,一边...一边...,表示两个动作同时进行。,音楽を聞き（ながら）、勉強します。,一边听音乐一边学习。,同类或相近表达请结合原书相似语法页复习。,同时,batch_03,日语蓝宝书_N2__part_03-25.png,body_heading,30,auto_completed,,jp_grammar N2 日语蓝宝书_N2 batch_03 kept_needs_explanation auto_completed
806b92837456fb64,N2,日语蓝宝书_N2,ようになったことがあった,ようになったことがあった,名詞 + が / 普通形 + が,为了能...；像...一样,可表示目的、愿望、变化目标或比喻。,値段は高い（が）、品質はいい。,价格高，但是质量好。,同类或相近表达请结合原书相似语法页复习。,目的/样态,batch_03,日语蓝宝书_N2__part_03-25.png,body_heading,30,needs_manual_review,,jp_grammar N2 日语蓝宝书_N2 batch_03 needs_manual_review auto_completed
8120231f74782b97,N2,日语蓝宝书_N2,かとおもえばかのように,かとおもえばかのように,普通形 + か,好像...一样,表示实际上不是那样，但看起来像那样。,彼が来る（か）分かりません。,不知道他是否会来。,同类或相近表达请结合原书相似语法页复习。,比喻/样态,batch_03,日语蓝宝书_N2__part_03-25.png,body_heading,30,needs_manual_review,,jp_grammar N2 日语蓝宝书_N2 batch_03 needs_manual_review auto_completed
a89b587a479079ae,N3,日语蓝宝书_N3,～ さ接鎮い形容詞 - 詞干 / な形容詞 : 詞干+さ,～ さ接鎮,い形容詞 - 語幹/な形容詞:語幹+さ,表示「さ接鎮」这一语法形式或助词用法,用于练习「～ さ接鎮」在句中的形式和基本功能；具体语义需结合前后文判断。,この文では（さ接鎮）の使い方を確認します。,这句话用于确认“～ さ接鎮”的用法。,同类或相近表达请结合原书相似语法页复习。,形式/用法,batch_03,日语蓝宝书_N3__part_03-02.png,body_heading,50,auto_completed,,jp_grammar N3 日语蓝宝书_N3 batch_03 kept_needs_explanation auto_completed
d3e15f28ada9b47e,N3,日语蓝宝书_N3,～ 叢羊に接 - 詞 「 ている形 」 / 名i詞+の+最中に,～ 叢羊に接 - 詞「ている形」/名i詞+の+最中に,動詞て形 + いる,正在...的时候,表示某动作正在进行的中途。,今、本を読ん（でいる）。,现在正在读书。,同类或相近表达请结合原书相似语法页复习。,时间,batch_03,日语蓝宝书_N3__part_03-02.png,body_heading,60,auto_enriched,,jp_grammar N3 日语蓝宝书_N3 batch_03 auto_enriched auto_completed
d32366b991015cd5,N3,日语蓝宝书_N3,"～ た 」 表示前項正在做某事吋 , 后項突然友生了意外的 、 突友的事情 。","～ た」表示前項正在做某事吋 , 后項突然友生了意外的、突友的事情。","接续：～ た」表示前項正在做某事吋 , 后項突然友生了意外的、突友的事情。。按原书条目和句中词形使用。","表示「た」表示前項正在做某事吋 , 后項突然友生了意外的、突友的事情」这一语法形式或助词用法","用于练习「～ た」表示前項正在做某事吋 , 后項突然友生了意外的、突友的事情。」在句中的形式和基本功能；具体语义需结合前后文判断。","この文では（た」表示前項正在做某事吋 , 后項突然友生了意外的、突友的事情）の使い方を確認します。","这句话用于确认“～ た」表示前項正在做某事吋 , 后項突然友生了意外的、突友的事情。”的用法。",同类或相近表达请结合原书相似语法页复习。,形式/用法,batch_03,日语蓝宝书_N3__part_03-02.png,body_heading,50,auto_completed,,jp_grammar N3 日语蓝宝书_N3 batch_03 kept_needs_explanation auto_completed
5c64d91ee0715093,N3,日语蓝宝书_N3,～ さえ接鎮税明,～ さえ接鎮税明,名詞 + さえ,连...都；只要...,表示举出极端例子，或表示最低条件。,名前（さえ）書ければ大丈夫です。,只要能写名字就没问题。,同类或相近表达请结合原书相似语法页复习。,强调/条件,batch_03,日语蓝宝书_N3__part_03-03.png,body_heading,50,auto_completed,,jp_grammar N3 日语蓝宝书_N3 batch_03 kept_needs_explanation auto_completed
32ff90b49e69d11a,N3,日语蓝宝书_N3,～ しか ～ ない名 - 詞 / 助i詞+しか ～ ない,～ ない名 - 詞/助i詞+しか,普通形 + か,只；仅,与否定搭配，表示数量或范围少。,彼が来る（か）分かりません。,不知道他是否会来。,同类或相近表达请结合原书相似语法页复习。,限定,batch_03,日语蓝宝书_N3__part_03-04.png,body_heading,60,auto_enriched,,jp_grammar N3 日语蓝宝书_N3 batch_03 auto_enriched auto_completed
55bc60acf495b18c,N3,日语蓝宝书_N3,～ しかない動 - 詞辞弔形+しかない,～ しかない,動詞辞書形+しかない,只；仅,与否定搭配，表示数量或范围少。,彼が来る（か）分かりません。,不知道他是否会来。,同类或相近表达请结合原书相似语法页复习。,限定,batch_03,日语蓝宝书_N3__part_03-04.png,body_heading,50,auto_enriched,,jp_grammar N3 日语蓝宝书_N3 batch_03 auto_enriched auto_completed
93e423c5551b1108,N3,日语蓝宝书_N3,～ 主上は / 上の名i詞+上 / 上は / 上の,～ 主上は/上の名i詞+上/上は/上の,普通形 + の,既然...就,表示既然事情已经到了前项这种情况，就必须采取后项态度或行动。,走る（の）が好きです。,我喜欢跑步。,同类或相近表达请结合原书相似语法页复习。,条件/义务,batch_03,日语蓝宝书_N3__part_03-04.png,body_heading,50,auto_enriched,,jp_grammar N3 日语蓝宝书_N3 batch_03 auto_enriched auto_completed
1341591e5907c66c,N3,日语蓝宝书_N3,なしできよくさいじよう,なしできよくさいじよう,接续：なしできよくさいじよう。按原书条目和句中词形使用。,表示「なしできよくさいじよう」这一语法形式或助词用法,用于练习「なしできよくさいじよう」在句中的形式和基本功能；具体语义需结合前后文判断。,この文では（なしできよくさいじよう）の使い方を確認します。,这句话用于确认“なしできよくさいじよう”的用法。,同类或相近表达请结合原书相似语法页复习。,形式/用法,batch_03,日语蓝宝书_N3__part_03-06.png,body_heading,30,auto_completed,,jp_grammar N3 日语蓝宝书_N3 batch_03 kept_needs_explanation auto_completed
6c88dd6d8caca3cc,N3,日语蓝宝书_N3,) すぐできるようになるよ 。,すぐできるようになるよ。,名詞 / な形容詞 + になる,变得会...；逐渐...,表示能力、状态或习惯发生变化。,春（になる）と、暖かくなる。,到了春天就变暖。,同类或相近表达请结合原书相似语法页复习。,变化,batch_03,日语蓝宝书_N3__part_03-06.png,body_heading,30,needs_manual_review,,jp_grammar N3 日语蓝宝书_N3 batch_03 needs_manual_review auto_completed
5856ca6e26495393,N3,日语蓝宝书_N3,いることはないなくて,いることはないなくて,接续：いることはないなくて。按原书条目和句中词形使用。,没必要...,表示不需要做某事，用于安慰或建议。,この文では（いることはないなくて）の使い方を確認します。,这句话用于确认“いることはないなくて”的用法。,同类或相近表达请结合原书相似语法页复习。,不必要,batch_03,日语蓝宝书_N3__part_03-08.png,body_heading,30,needs_manual_review,,jp_grammar N3 日语蓝宝书_N3 batch_03 needs_manual_review auto_completed
e295eb367a997010,N3,日语蓝宝书_N3,ことをするはし,ことをするはし,接续：ことをするはし。按原书条目和句中词形使用。,表示「ことをするはし」这一语法形式或助词用法,用于练习「ことをするはし」在句中的形式和基本功能；具体语义需结合前后文判断。,この文では（ことをするはし）の使い方を確認します。,这句话用于确认“ことをするはし”的用法。,同类或相近表达请结合原书相似语法页复习。,形式/用法,batch_03,日语蓝宝书_N3__part_03-08.png,body_heading,30,auto_completed,,jp_grammar N3 日语蓝宝书_N3 batch_03 kept_needs_explanation auto_completed
b216e4f66c0404cd,N3,日语蓝宝书_N3,向かいていながら,向かいていながら,動詞ます形 + ながら,一边...一边...,表示两个动作同时进行。,音楽を聞き（ながら）、勉強します。,一边听音乐一边学习。,同类或相近表达请结合原书相似语法页复习。,同时,batch_03,日语蓝宝书_N3__part_03-08.png,body_heading,30,auto_completed,,jp_grammar N3 日语蓝宝书_N3 batch_03 kept_needs_explanation auto_completed
b387c4df7b368403,N3,日语蓝宝书_N3,向かっているところは,向かっているところは,動詞て形 + いる,正在...；处于...状态,表示动作进行、结果状态或习惯。,今、本を読ん（でいる）。,现在正在读书。,同类或相近表达请结合原书相似语法页复习。,状态/进行,batch_03,日语蓝宝书_N3__part_03-08.png,body_heading,30,auto_completed,,jp_grammar N3 日语蓝宝书_N3 batch_03 kept_needs_explanation auto_completed
8dcc4002d9e8d7a0,N3,日语蓝宝书_N3,見たことがないみ,見たことがないみ,名詞 + が / 普通形 + が,但是；主语标记,可表示主语，也可连接前后相反或铺垫内容。,値段は高い（が）、品質はいい。,价格高，但是质量好。,同类或相近表达请结合原书相似语法页复习。,助词/逆接,batch_03,日语蓝宝书_N3__part_03-08.png,body_heading,30,auto_completed,,jp_grammar N3 日语蓝宝书_N3 batch_03 kept_needs_explanation auto_completed
e91caf22d3c82bad,N3,日语蓝宝书_N3,見ることになった,見ることになった,感情形容詞 + ことに,令人...的是,表示说话人对后项事实的评价或感情。,うれしい（ことに）、全員が合格した。,令人高兴的是，全员都合格了。,同类或相近表达请结合原书相似语法页复习。,评价,batch_03,日语蓝宝书_N3__part_03-08.png,body_heading,30,auto_completed,,jp_grammar N3 日语蓝宝书_N3 batch_03 kept_needs_explanation auto_completed
dd737a14f59a3c93,N3,日语蓝宝书_N3,んだからことはない 。,んだからことはない。,普通形 + んだ,没必要...,表示不需要做某事，用于安慰或建议。,実は、少し熱がある（んだ）。,其实有点发烧。,同类或相近表达请结合原书相似语法页复习。,不必要,batch_03,日语蓝宝书_N3__part_03-09.png,body_heading,30,needs_manual_review,,jp_grammar N3 日语蓝宝书_N3 batch_03 needs_manual_review auto_completed
f59943f487ad4681,N3,日语蓝宝书_N3,ように問題3つぎの文章を読んで,ようにつぎの文章を読んで,普通形 + の,为了能...；像...一样,可表示目的、愿望、变化目标或比喻。,走る（の）が好きです。,我喜欢跑步。,同类或相近表达请结合原书相似语法页复习。,目的/样态,batch_03,日语蓝宝书_N3__part_03-09.png,body_heading,30,needs_manual_review,,jp_grammar N3 日语蓝宝书_N3 batch_03 needs_manual_review auto_completed
6da64f9fcb73eee2,N3,日语蓝宝书_N3,実行することはない,実行することはない,接续：実行することはない。按原书条目和句中词形使用。,没必要...,表示不需要做某事，用于安慰或建议。,この文では（実行することはない）の使い方を確認します。,这句话用于确认“実行することはない”的用法。,同类或相近表达请结合原书相似语法页复习。,不必要,batch_03,日语蓝宝书_N3__part_03-10.png,body_heading,30,needs_manual_review,,jp_grammar N3 日语蓝宝书_N3 batch_03 needs_manual_review auto_completed
9d73c3cd8558f98d,N3,日语蓝宝书_N3,～ 末 ( に ) / 末の名 - 詞+の / 動 - 詞た形+末 ( に ) / 末の,～ 末(に)/末の名 - 詞+の/,動詞た形+末(に)/末の,经过...之后,表示经过长时间或复杂过程后得出某结果。,走る（の）が好きです。,我喜欢跑步。,同类或相近表达请结合原书相似语法页复习。,结果,batch_03,日语蓝宝书_N3__part_03-11.png,body_heading,50,auto_enriched,,jp_grammar N3 日语蓝宝书_N3 batch_03 auto_enriched auto_completed
d6fe37580dfc05ac,N3,日语蓝宝书_N3,～ すとも動詞 「 ない形 」 +ずとも,～ すとも,動詞「ない形」+ずとも,也；连...都,表示同类追加或强调极端例子。,私（も）行きます。,我也去。,同类或相近表达请结合原书相似语法页复习。,助词/强调,batch_03,日语蓝宝书_N3__part_03-11.png,body_heading,50,auto_completed,,jp_grammar N3 日语蓝宝书_N3 batch_03 kept_needs_explanation auto_completed
26d544433fab728f,N3,日语蓝宝书_N3,き后面多力 「 分かる ( 明白 ) / いい ( 可以 ) 」 等 。 意思相当于 「 ～ なくても 」,き后面多力「分かる(明白)/いい(可以)」等。意思相当于「～ なくても」,普通形 + か,是否；或者；疑问,表示疑问、不确定或选择。,彼が来る（か）分かりません。,不知道他是否会来。,同类或相近表达请结合原书相似语法页复习。,疑问/选择,batch_03,日语蓝宝书_N3__part_03-11.png,body_heading,20,auto_completed,,jp_grammar N3 日语蓝宝书_N3 batch_03 kept_needs_explanation auto_completed
4eaf1037837a4d96,N3,日语蓝宝书_N3,～ せる / させる ( 使役 ),～ せる/させる(使役),動詞使役形 + せる / させる,让...；使...,表示使役，让别人做某事或使某事发生。,先生は学生に作文を書か（せる）。,老师让学生写作文。,同类或相近表达请结合原书相似语法页复习。,使役,batch_03,日语蓝宝书_N3__part_03-12.png,body_heading,80,auto_completed,,jp_grammar N3 日语蓝宝书_N3 batch_03 kept_needs_explanation auto_completed
e0be0bbe990c3c99,N3,日语蓝宝书_N3,別のものを買うことができる,別のものを買うことができる,動詞辞書形 + ことができる,能够...,表示能力或客观可能。,日本語でメールを書く（ことができる）。,能够用日语写邮件。,同类或相近表达请结合原书相似语法页复习。,可能,batch_03,日语蓝宝书_N3__part_03-17.png,body_heading,30,auto_completed,,jp_grammar N3 日语蓝宝书_N3 batch_03 kept_needs_explanation auto_completed
ec584f87199cb66b,N3,日语蓝宝书_N3,別のものを買ったほうがいい,別のものを買ったほうがいい,名詞 + が / 普通形 + が,最好...,用于给建议或表达比较合适的做法。,値段は高い（が）、品質はいい。,价格高，但是质量好。,同类或相近表达请结合原书相似语法页复习。,建议,batch_03,日语蓝宝书_N3__part_03-17.png,body_heading,30,needs_manual_review,,jp_grammar N3 日语蓝宝书_N3 batch_03 needs_manual_review auto_completed
19493629c86e06f3,N3,日语蓝宝书_N3,眠るようにするねむ,眠るようにするねむ,名詞 + にする,设法做到...,表示努力使某事成为习惯或实现某状态。,昼ご飯はカレー（にする）。,午饭决定吃咖喱。,同类或相近表达请结合原书相似语法页复习。,努力/习惯,batch_03,日语蓝宝书_N3__part_03-17.png,body_heading,30,needs_manual_review,,jp_grammar N3 日语蓝宝书_N3 batch_03 needs_manual_review auto_completed
30f6926d4d642034,N3,日语蓝宝书_N3,になるようにする,になるようにする,名詞 + にする,设法做到...,表示努力使某事成为习惯或实现某状态。,昼ご飯はカレー（にする）。,午饭决定吃咖喱。,同类或相近表达请结合原书相似语法页复习。,努力/习惯,batch_03,日语蓝宝书_N3__part_03-17.png,body_heading,30,needs_manual_review,,jp_grammar N3 日语蓝宝书_N3 batch_03 needs_manual_review auto_completed
9ab6f899fd4499ef,N3,日语蓝宝书_N3,止むことはないや,止むことはないや,名詞 + や + 名詞,没必要...,表示不需要做某事，用于安慰或建议。,机の上に本（や）ノートがあります。,桌上有书和笔记本等。,同类或相近表达请结合原书相似语法页复习。,不必要,batch_03,日语蓝宝书_N3__part_03-17.png,body_heading,30,needs_manual_review,,jp_grammar N3 日语蓝宝书_N3 batch_03 needs_manual_review auto_completed
c3e1205a79a3a07b,N3,日语蓝宝书_N3,小学生しようがくせい,小学生しようがくせい,名詞 + が / 普通形 + が,但是；主语标记,可表示主语，也可连接前后相反或铺垫内容。,値段は高い（が）、品質はいい。,价格高，但是质量好。,同类或相近表达请结合原书相似语法页复习。,助词/逆接,batch_03,日语蓝宝书_N3__part_03-18.png,body_heading,30,auto_completed,,jp_grammar N3 日语蓝宝书_N3 batch_03 kept_needs_explanation auto_completed
7b153dfc5fe4bfbf,N3,日语蓝宝书_N3,～ だけ動詞普通形 / い形容詞普通形+だけな形容詞詞干+な / 名 - 詞+だけ,～ だけ,動詞普通形/い形容詞普通形+だけな形容詞語幹+な/名 - 詞+だけ,只；仅,表示限定范围。,この文では（だけ）の使い方を確認します。,这句话用于确认“～ だけ”的用法。,同类或相近表达请结合原书相似语法页复习。,限定,batch_03,日语蓝宝书_N3__part_03-20.png,body_heading,50,auto_enriched,,jp_grammar N3 日语蓝宝书_N3 batch_03 auto_enriched auto_completed
d9d1899dcfa8999e,N3,日语蓝宝书_N3,～ だけでなく般用于描写客規事実 。,～ だけでなく般用于描写客規事実。,普通形 + だけでなく,不但...而且,表示不仅前项成立，后项也成立。,彼は英語（だけでなく）、中国語も話せる。,他不但会英语，还会中文。,同类或相近表达请结合原书相似语法页复习。,递进,batch_03,日语蓝宝书_N3__part_03-20.png,body_heading,50,auto_completed,,jp_grammar N3 日语蓝宝书_N3 batch_03 kept_needs_explanation auto_completed
c9be4be590e43bd9,N3,日语蓝宝书_N3,～ だけでは相当于 「 ～ はかりでなく 」 。 后項常和助詞 「 も / だって 」 等呼廱使用 。,～ だけでは相当于「～ はかりでなく」。后項常和助詞「も/だって」等呼廱使用。,名詞 / 普通形 + だけでは,只靠...的话,表示仅凭前项条件不够。,説明を聞く（だけでは）、分かりません。,只听说明的话不明白。,同类或相近表达请结合原书相似语法页复习。,限定,batch_03,日语蓝宝书_N3__part_03-20.png,body_heading,20,auto_completed,,jp_grammar N3 日语蓝宝书_N3 batch_03 kept_needs_explanation auto_completed
945017967c5ccbb6,N3,日语蓝宝书_N3,"～ だけでは 」 后項多カ負面坪价 , 常和副詞 「 ただ ( 光 、 伐 ) 」 搭配使用 。","～ だけでは」后項多カ負面坪价 , 常和副詞「ただ(光、伐)」搭配使用。",名詞 / 普通形 + だけでは,只靠...的话,表示仅凭前项条件不够。,説明を聞く（だけでは）、分かりません。,只听说明的话不明白。,同类或相近表达请结合原书相似语法页复习。,限定,batch_03,日语蓝宝书_N3__part_03-21.png,body_heading,20,auto_completed,,jp_grammar N3 日语蓝宝书_N3 batch_03 kept_needs_explanation auto_completed
7814465f0853e9d7,N3,日语蓝宝书_N3,～ たつもりで動i詞 「 た形 」 +つもりで,～ たつもりで動i詞「,た形」+つもりで,打算；自以为,表示计划、意图，或说话人主观认为如此。,私（も）行きます。,我也去。,同类或相近表达请结合原书相似语法页复习。,意志/判断,batch_03,日语蓝宝书_N3__part_03-21.png,body_heading,65,auto_enriched,,jp_grammar N3 日语蓝宝书_N3 batch_03 auto_enriched auto_completed
9d6a8de6d2988b42,N3,日语蓝宝书_N3,～ だって疑詞 - 詞+ ( 助i詞 ) +だって,～ だって疑詞 - 詞+(助i詞)+だって,名詞 + だって,就连...也；因为...,口语，用于举例强调或说明理由。,子ども（だって）、分かります。,就连孩子也懂。,同类或相近表达请结合原书相似语法页复习。,口语/强调,batch_03,日语蓝宝书_N3__part_03-21.png,body_heading,60,auto_completed,,jp_grammar N3 日语蓝宝书_N3 batch_03 kept_needs_explanation auto_completed
60feed431598a7a4,N3,日语蓝宝书_N3,"～ たばかりだ 「 たとえ / たとい 」 是副 - 詞 , 表示 “ 即使 ( ・ ・ ・ ・ ・ 也 ) ” 的意思 。","～ たばかりだ「たとえ/たとい」是副 - 詞 , 表示 “ 即使(・・・・・也)” 的意思。",たとえ + 普通形 + ても,刚刚；光是,可表示动作刚完成，也可表示限定或偏向。,（たとえ）雨が降っても、行きます。,即使下雨也去。,同类或相近表达请结合原书相似语法页复习。,时间/限定,batch_03,日语蓝宝书_N3__part_03-22.png,body_heading,45,auto_enriched,,jp_grammar N3 日语蓝宝书_N3 batch_03 auto_enriched auto_completed
c4276a4118604aff,N3,日语蓝宝书_N3,～ たび ( に名詞+の / 動詞辞弔形+たび ( に ),～ たび(に,動詞辞書形+たび(に),每当...就,表示每次发生前项，就会发生后项。,この歌を聞く（たびに）、学生時代を思い出す。,每次听这首歌都会想起学生时代。,同类或相近表达请结合原书相似语法页复习。,反复/时间,batch_03,日语蓝宝书_N3__part_03-22.png,body_heading,50,auto_completed,,jp_grammar N3 日语蓝宝书_N3 batch_03 kept_needs_explanation auto_completed
d82c35aec4fb285b,N3,日语蓝宝书_N3,～ たほうがいい / ないほうがいい動 ・ 詞 「 た形 」 / 「 ない形 」 +ほうがいい,～ たほうがいい/ないほうがいい動・詞「,ない形」+ほうがいい,最好...,用于给建议或表达比较合适的做法。,値段は高い（が）、品質はいい。,价格高，但是质量好。,同类或相近表达请结合原书相似语法页复习。,建议,batch_03,日语蓝宝书_N3__part_03-23.png,body_heading,60,auto_enriched,,jp_grammar N3 日语蓝宝书_N3 batch_03 auto_enriched auto_completed
e7cb4c0893037582,N3,日语蓝宝书_N3,たびにわようす 「 一 〕 ここに引っしてきた (,たびにわようす「一 〕 ここに引っしてきた(,動詞辞書形 / 名詞の + たびに,每当...就,表示每次发生前项时，都会发生后项。,この歌を聞く（たびに）、学生時代を思い出す。,每次听这首歌都会想起学生时代。,同类或相近表达请结合原书相似语法页复习。,时间/反复,batch_03,日语蓝宝书_N3__part_03-24.png,body_heading,30,needs_manual_review,,jp_grammar N3 日语蓝宝书_N3 batch_03 needs_manual_review auto_completed
181d29cadced0f62,N3,日语蓝宝书_N3,ばかりで,ばかりで,普通形 + か,刚刚；光是,可表示动作刚完成，也可表示限定或偏向。,彼が来る（か）分かりません。,不知道他是否会来。,同类或相近表达请结合原书相似语法页复习。,时间/限定,batch_03,日语蓝宝书_N3__part_03-24.png,body_heading,30,needs_manual_review,,jp_grammar N3 日语蓝宝书_N3 batch_03 needs_manual_review auto_completed
e9da7ea9ce50b2da,N3,日语蓝宝书_N3,つもりではでもたら,つもりではでもたら,名詞 + も,打算；自以为,表示计划、意图，或说话人主观认为如此。,私（も）行きます。,我也去。,同类或相近表达请结合原书相似语法页复习。,意志/判断,batch_03,日语蓝宝书_N3__part_03-24.png,body_heading,30,needs_manual_review,,jp_grammar N3 日语蓝宝书_N3 batch_03 needs_manual_review auto_completed
00b98d0ca22f112f,N3,日语蓝宝书_N3,確認したことはなし,確認したことはなし,接续：確認したことはなし。按原书条目和句中词形使用。,表示「確認したことはなし」这一语法形式或助词用法,用于练习「確認したことはなし」在句中的形式和基本功能；具体语义需结合前后文判断。,この文では（確認したことはなし）の使い方を確認します。,这句话用于确认“確認したことはなし”的用法。,同类或相近表达请结合原书相似语法页复习。,形式/用法,batch_03,日语蓝宝书_N3__part_03-26.png,body_heading,30,auto_completed,,jp_grammar N3 日语蓝宝书_N3 batch_03 kept_needs_explanation auto_completed
545e9f6982a18459,N3,日语蓝宝书_N3,買いたいことがあるが,買いたいことがあるが,動詞ます形 + たい,有时会；曾经,接现在形时表示有时发生；接た形时表示曾有过某经历。,日本へ行き（たい）です。,我想去日本。,同类或相近表达请结合原书相似语法页复习。,经验/频率,batch_03,日语蓝宝书_N3__part_03-26.png,body_heading,30,needs_manual_review,,jp_grammar N3 日语蓝宝书_N3 batch_03 needs_manual_review auto_completed
7d608565384a56a2,N3,日语蓝宝书_N3,ことにしそうもない,ことにしそうもない,感情形容詞 + ことに,令人...的是,表示说话人对后项事实的评价或感情。,うれしい（ことに）、全員が合格した。,令人高兴的是，全员都合格了。,同类或相近表达请结合原书相似语法页复习。,评价,batch_03,日语蓝宝书_N3__part_03-26.png,body_heading,30,auto_completed,,jp_grammar N3 日语蓝宝书_N3 batch_03 kept_needs_explanation auto_completed
ecd4c028bbb59f64,N3,日语蓝宝书_N3,買ったばかりなのに,買ったばかりなのに,普通形 + のに,刚刚；光是,可表示动作刚完成，也可表示限定或偏向。,一生懸命勉強した（のに）、合格できなかった。,明明努力学习了，却没能合格。,同类或相近表达请结合原书相似语法页复习。,时间/限定,batch_03,日语蓝宝书_N3__part_03-26.png,body_heading,30,needs_manual_review,,jp_grammar N3 日语蓝宝书_N3 batch_03 needs_manual_review auto_completed
008042d1db35123c,N3,日语蓝宝书_N3,買ったところなのに,買ったところなのに,普通形 + のに,即使...也；刚...,可表示做了前项后发现某结果，也可表示逆接条件。,一生懸命勉強した（のに）、合格できなかった。,明明努力学习了，却没能合格。,同类或相近表达请结合原书相似语法页复习。,时间/逆接,batch_03,日语蓝宝书_N3__part_03-26.png,body_heading,30,needs_manual_review,,jp_grammar N3 日语蓝宝书_N3 batch_03 needs_manual_review auto_completed
7b10bf3f1d0474fb,N3,日语蓝宝书_N3,避けることができない,避けることができない,名詞 + が / 普通形 + が,但是；主语标记,可表示主语，也可连接前后相反或铺垫内容。,値段は高い（が）、品質はいい。,价格高，但是质量好。,同类或相近表达请结合原书相似语法页复习。,助词/逆接,batch_03,日语蓝宝书_N3__part_03-26.png,body_heading,30,auto_completed,,jp_grammar N3 日语蓝宝书_N3 batch_03 kept_needs_explanation auto_completed
8fe143c19023ee40,N3,日语蓝宝书_N3,避けないことができない,避けないことができない,名詞 + が / 普通形 + が,但是；主语标记,可表示主语，也可连接前后相反或铺垫内容。,値段は高い（が）、品質はいい。,价格高，但是质量好。,同类或相近表达请结合原书相似语法页复习。,助词/逆接,batch_03,日语蓝宝书_N3__part_03-26.png,body_heading,30,auto_completed,,jp_grammar N3 日语蓝宝书_N3 batch_03 kept_needs_explanation auto_completed
caae8ac68dde3983,N3,日语蓝宝书_N3,負けないつもりで,負けないつもりで,名詞 + も,打算；自以为,表示计划、意图，或说话人主观认为如此。,私（も）行きます。,我也去。,同类或相近表达请结合原书相似语法页复习。,意志/判断,batch_03,日语蓝宝书_N3__part_03-26.png,body_heading,30,needs_manual_review,,jp_grammar N3 日语蓝宝书_N3 batch_03 needs_manual_review auto_completed
a912fdde15e54df6,N3,日语蓝宝书_N3,しないことになる,しないことになる,感情形容詞 + ことに,变成；结果是,表示由外部情况决定，或推导出的结果。,うれしい（ことに）、全員が合格した。,令人高兴的是，全员都合格了。,同类或相近表达请结合原书相似语法页复习。,结果/决定,batch_03,日语蓝宝书_N3__part_03-27.png,body_heading,30,needs_manual_review,,jp_grammar N3 日语蓝宝书_N3 batch_03 needs_manual_review auto_completed
f5552339c5c7d4ce,N3,日语蓝宝书_N3,こともにゆうよう,こともにゆうよう,名詞 + も,也；连...都,表示同类追加或强调极端例子。,私（も）行きます。,我也去。,同类或相近表达请结合原书相似语法页复习。,助词/强调,batch_03,日语蓝宝书_N3__part_03-27.png,body_heading,30,auto_completed,,jp_grammar N3 日语蓝宝书_N3 batch_03 kept_needs_explanation auto_completed
bf3f2d18bb04ea0e,N5/N4,日语蓝宝书N5N4,なぜ / どうして / なんで,なぜ/どうして/なんで,接续：なぜ/どうして/なんで。按原书条目和句中词形使用。,表示「なぜ」这一语法形式或助词用法,用于练习「なぜ/どうして/なんで」在句中的形式和基本功能；具体语义需结合前后文判断。,この文では（なぜ）の使い方を確認します。,这句话用于确认“なぜ/どうして/なんで”的用法。,同类或相近表达请结合原书相似语法页复习。,形式/用法,batch_03,日语蓝宝书N5N4__part_03-01.png,body_heading,25,auto_completed,,jp_grammar N5_N4 日语蓝宝书N5N4 batch_03 kept_needs_explanation auto_completed
e1ecb473bad99612,N5/N4,日语蓝宝书N5N4,～ どプ,～ どプ,接续：～ どプ。按原书条目和句中词形使用。,表示「どプ」这一语法形式或助词用法,用于练习「～ どプ」在句中的形式和基本功能；具体语义需结合前后文判断。,この文では（どプ）の使い方を確認します。,这句话用于确认“～ どプ”的用法。,同类或相近表达请结合原书相似语法页复习。,形式/用法,batch_03,日语蓝宝书N5N4__part_03-02.png,body_heading,50,auto_completed,,jp_grammar N5_N4 日语蓝宝书N5N4 batch_03 kept_needs_explanation auto_completed
f23bc5c526f74c03,N5/N4,日语蓝宝书N5N4,どう - ことはことはなか,どう - ことはことはなか,普通形 + か,是否；或者；疑问,表示疑问、不确定或选择。,彼が来る（か）分かりません。,不知道他是否会来。,同类或相近表达请结合原书相似语法页复习。,疑问/选择,batch_03,日语蓝宝书N5N4__part_03-02.png,body_heading,30,auto_completed,,jp_grammar N5_N4 日语蓝宝书N5N4 batch_03 kept_needs_explanation auto_completed
76d1d551fd4c94e5,N5/N4,日语蓝宝书N5N4,どちら ～ キ - なんだい,～ キ - なんだい,普通形 + んだ,说明原因/强调判断,「のだ」的口语形式，用于说明背景或理由。,実は、少し熱がある（んだ）。,其实有点发烧。,同类或相近表达请结合原书相似语法页复习。,说明,batch_03,日语蓝宝书N5N4__part_03-03.png,body_heading,50,auto_completed,,jp_grammar N5_N4 日语蓝宝书N5N4 batch_03 kept_needs_explanation auto_completed
da623d3ae3308185,N5/N4,日语蓝宝书N5N4,からじゅぎようはじ,からじゅぎようはじ,普通形 + か,是否；或者；疑问,表示疑问、不确定或选择。,彼が来る（か）分かりません。,不知道他是否会来。,同类或相近表达请结合原书相似语法页复习。,疑问/选择,batch_03,日语蓝宝书N5N4__part_03-12.png,body_heading,30,auto_completed,,jp_grammar N5_N4 日语蓝宝书N5N4 batch_03 kept_needs_explanation auto_completed
43ee8e7926bd1dbd,N5/N4,日语蓝宝书N5N4,がをんふか彼は間違ったところを全部赤いべン (,がをんふか彼は間違ったところを全部赤いべン(,動詞普通形 / い形容詞 / な形容詞な / 名詞の + ところを,即使...也；刚...,可表示做了前项后发现某结果，也可表示逆接条件。,お忙しい（ところを）、来てくださってありがとうございます。,您百忙之中前来，非常感谢。,同类或相近表达请结合原书相似语法页复习。,时间/逆接,batch_03,日语蓝宝书N5N4__part_03-13.png,body_heading,30,needs_manual_review,,jp_grammar N5_N4 日语蓝宝书N5N4 batch_03 needs_manual_review auto_completed
da95a924fa281dac,N5/N4,日语蓝宝书N5N4,借りました 。 にはんごじ . ぎよう,借りました。にはんごじ . ぎよう,動詞辞書形 + には / 名詞 + には,要...就；对于...来说,表示目的所需条件，或提示对象范围。,合格する（には）、毎日練習が必要だ。,要合格，每天练习是必要的。,同类或相近表达请结合原书相似语法页复习。,条件/对象,batch_03,日语蓝宝书N5N4__part_03-13.png,body_heading,30,auto_completed,,jp_grammar N5_N4 日语蓝宝书N5N4 batch_03 kept_needs_explanation auto_completed
300b1d6fae0c223d,N5/N4,日语蓝宝书N5N4,～ ) ・ あーりまぜん 。,～)・あーりまぜん。,接续：～)・あーりまぜん。。按原书条目和句中词形使用。,表示「)・あーりまぜん」这一语法形式或助词用法,用于练习「～)・あーりまぜん。」在句中的形式和基本功能；具体语义需结合前后文判断。,この文では（)・あーりまぜん）の使い方を確認します。,这句话用于确认“～)・あーりまぜん。”的用法。,同类或相近表达请结合原书相似语法页复习。,形式/用法,batch_03,日语蓝宝书N5N4__part_03-18.png,body_heading,50,auto_completed,,jp_grammar N5_N4 日语蓝宝书N5N4 batch_03 kept_needs_explanation auto_completed
2fafd0973b8e89b4,N5/N4,日语蓝宝书N5N4,だれもににんごがっこうそっぎようせい,だれもににんごがっこうそっぎようせい,名詞 + が / 普通形 + が,但是；主语标记,可表示主语，也可连接前后相反或铺垫内容。,値段は高い（が）、品質はいい。,价格高，但是质量好。,同类或相近表达请结合原书相似语法页复习。,助词/逆接,batch_03,日语蓝宝书N5N4__part_03-18.png,body_heading,30,auto_completed,,jp_grammar N5_N4 日语蓝宝书N5N4 batch_03 kept_needs_explanation auto_completed
f2fd4495b7ae523c,N5/N4,日语蓝宝书N5N4,とかきようしつにほん,とかきようしつにほん,名詞 / 普通形 + とか,...啦...啦；听说...,口语中用于列举，或表示传闻。,週末は映画（とか）買い物（とか）をします。,周末看电影啦购物啦。,同类或相近表达请结合原书相似语法页复习。,列举/传闻,batch_03,日语蓝宝书N5N4__part_03-19.png,body_heading,30,auto_completed,,jp_grammar N5_N4 日语蓝宝书N5N4 batch_03 kept_needs_explanation auto_completed
115934000501885a,N5/N4,日语蓝宝书N5N4,がー1はきようしつで,がー1はきようしつで,名詞 + が / 普通形 + が,但是；主语标记,可表示主语，也可连接前后相反或铺垫内容。,値段は高い（が）、品質はいい。,价格高，但是质量好。,同类或相近表达请结合原书相似语法页复习。,助词/逆接,batch_03,日语蓝宝书N5N4__part_03-20.png,body_heading,30,auto_completed,,jp_grammar N5_N4 日语蓝宝书N5N4 batch_03 kept_needs_explanation auto_completed
cd421caf9cc07382,N5/N4,日语蓝宝书N5N4,と / ともんだい2 ☆ に一入るものは,と/ともんだい2 ☆ に一入るものは,普通形 + んだ,说明原因/强调判断,「のだ」的口语形式，用于说明背景或理由。,実は、少し熱がある（んだ）。,其实有点发烧。,同类或相近表达请结合原书相似语法页复习。,说明,batch_03,日语蓝宝书N5N4__part_03-20.png,body_heading,30,auto_completed,,jp_grammar N5_N4 日语蓝宝书N5N4 batch_03 kept_needs_explanation auto_completed
8e7cf7100d454ee0,Minna,大家的日语（第二版）初级2学习辅导书3A出版社,～ じゅうーせいき,～ じゅうーせいき,接续：～ じゅうーせいき。按原书条目和句中词形使用。,表示「じゅうーせいき」这一语法形式或助词用法,用于练习「～ じゅうーせいき」在句中的形式和基本功能；具体语义需结合前后文判断。,この文では（じゅうーせいき）の使い方を確認します。,这句话用于确认“～ じゅうーせいき”的用法。,同类或相近表达请结合原书相似语法页复习。,形式/用法,batch_04,大家的日语（第二版）初级2学习辅导书3A出版社__part_04-03.png,body_heading,50,auto_completed,,jp_grammar Minna 大家的日语_第二版_初级2学习辅导书3A出版社 batch_04 kept_needs_explanation auto_completed
eef3519276ef4427,Minna,大家的日语（第二版）初级2学习辅导书3A出版社,～ の一つ金色はんもの,～ の一つ金色はんもの,普通形 + の,名词化；所属；说明,可表示所属、名词化，或替代前面提到的名词。,走る（の）が好きです。,我喜欢跑步。,同类或相近表达请结合原书相似语法页复习。,名词化/助词,batch_04,大家的日语（第二版）初级2学习辅导书3A出版社__part_04-04.png,body_heading,65,auto_completed,,jp_grammar Minna 大家的日语_第二版_初级2学习辅导书3A出版社 batch_04 kept_needs_explanation auto_completed
edd8eaa6b39b6d0d,Minna,大家的日语（第二版）初级2学习辅导书3A出版社,～ せいけんこう,～ せいけんこう,接续：～ せいけんこう。按原书条目和句中词形使用。,表示「せいけんこう」这一语法形式或助词用法,用于练习「～ せいけんこう」在句中的形式和基本功能；具体语义需结合前后文判断。,この文では（せいけんこう）の使い方を確認します。,这句话用于确认“～ せいけんこう”的用法。,同类或相近表达请结合原书相似语法页复习。,形式/用法,batch_04,大家的日语（第二版）初级2学习辅导书3A出版社__part_04-07.png,body_heading,50,auto_completed,,jp_grammar Minna 大家的日语_第二版_初级2学习辅导书3A出版社 batch_04 kept_needs_explanation auto_completed
b286b6db8248ac8a,Minna,大家的日语（第二版）初级2学习辅导书3A出版社,～ 制造健康月慣,～ 制造健康月慣,接续：～ 制造健康月慣。按原书条目和句中词形使用。,表示「制造健康月慣」这一语法形式或助词用法,用于练习「～ 制造健康月慣」在句中的形式和基本功能；具体语义需结合前后文判断。,この文では（制造健康月慣）の使い方を確認します。,这句话用于确认“～ 制造健康月慣”的用法。,同类或相近表达请结合原书相似语法页复习。,形式/用法,batch_04,大家的日语（第二版）初级2学习辅导书3A出版社__part_04-07.png,body_heading,50,auto_completed,,jp_grammar Minna 大家的日语_第二版_初级2学习辅导书3A出版社 batch_04 kept_needs_explanation auto_completed
bb43896c14d817b2,Minna,大家的日语（第二版）初级2学习辅导书3A出版社,～ 店的答えます,～ 店的答えます,接续：～ 店的答えます。按原书条目和句中词形使用。,表示「店的答えます」这一语法形式或助词用法,用于练习「～ 店的答えます」在句中的形式和基本功能；具体语义需结合前后文判断。,この文では（店的答えます）の使い方を確認します。,这句话用于确认“～ 店的答えます”的用法。,同类或相近表达请结合原书相似语法页复习。,形式/用法,batch_04,大家的日语（第二版）初级2学习辅导书3A出版社__part_04-11.png,body_heading,50,auto_completed,,jp_grammar Minna 大家的日语_第二版_初级2学习辅导书3A出版社 batch_04 kept_needs_explanation auto_completed
48f65b4dea27a820,Minna,大家的日语（第二版）初级2学习辅导书3A出版社,～ 代 ( 酒店等的 ) 前台,～ 代(酒店等的)前台,接续：～ 代(酒店等的)前台。按原书条目和句中词形使用。,表示「代(酒店等的)前台」这一语法形式或助词用法,用于练习「～ 代(酒店等的)前台」在句中的形式和基本功能；具体语义需结合前后文判断。,この文では（代(酒店等的)前台）の使い方を確認します。,这句话用于确认“～ 代(酒店等的)前台”的用法。,同类或相近表达请结合原书相似语法页复习。,形式/用法,batch_04,大家的日语（第二版）初级2学习辅导书3A出版社__part_04-11.png,body_heading,50,auto_completed,,jp_grammar Minna 大家的日语_第二版_初级2学习辅导书3A出版社 batch_04 kept_needs_explanation auto_completed
b88a4ffbaba5db52,Minna,大家的日语（第二版）初级2学习辅导书3A出版社,～ いじよ ～ いカ,～ いじよ,接续：～ いじよ。按原书条目和句中词形使用。,表示「いじよ」这一语法形式或助词用法,用于练习「～ いじよ」在句中的形式和基本功能；具体语义需结合前后文判断。,この文では（いじよ）の使い方を確認します。,这句话用于确认“～ いじよ”的用法。,同类或相近表达请结合原书相似语法页复习。,形式/用法,batch_04,大家的日语（第二版）初级2学习辅导书3A出版社__part_04-16.png,body_heading,50,auto_completed,,jp_grammar Minna 大家的日语_第二版_初级2学习辅导书3A出版社 batch_04 kept_needs_explanation auto_completed
e2b15b5c4a8f39d7,Minna,大家的日语（第二版）初级2学习辅导书3A出版社,～ いじよ ～ いカ,～ いカ,接续：～ いカ。按原书条目和句中词形使用。,表示「いカ」这一语法形式或助词用法,用于练习「～ いカ」在句中的形式和基本功能；具体语义需结合前后文判断。,この文では（いカ）の使い方を確認します。,这句话用于确认“～ いカ”的用法。,同类或相近表达请结合原书相似语法页复习。,形式/用法,batch_04,大家的日语（第二版）初级2学习辅导书3A出版社__part_04-16.png,body_heading,50,auto_completed,,jp_grammar Minna 大家的日语_第二版_初级2学习辅导书3A出版社 batch_04 kept_needs_explanation auto_completed
2526d126bce0071f,Minna,大家的日语（第二版）初级2学习辅导书3A出版社,～ 以上 ～ 以下,～ 以上,接续：～ 以上。按原书条目和句中词形使用。,既然...就,表示在前项事实成立的前提下，后项是说话人认为当然的判断或义务。,この文では（以上）の使い方を確認します。,这句话用于确认“～ 以上”的用法。,同类或相近表达请结合原书相似语法页复习。,条件/判断,batch_04,大家的日语（第二版）初级2学习辅导书3A出版社__part_04-16.png,body_heading,50,auto_enriched,,jp_grammar Minna 大家的日语_第二版_初级2学习辅导书3A出版社 batch_04 auto_enriched auto_completed
db6336324f6925ff,Minna,大家的日语（第二版）初级2学习辅导书3A出版社,～ 以上 ～ 以下,～ 以下,接续：～ 以下。按原书条目和句中词形使用。,表示「以下」这一语法形式或助词用法,用于练习「～ 以下」在句中的形式和基本功能；具体语义需结合前后文判断。,この文では（以下）の使い方を確認します。,这句话用于确认“～ 以下”的用法。,同类或相近表达请结合原书相似语法页复习。,形式/用法,batch_04,大家的日语（第二版）初级2学习辅导书3A出版社__part_04-16.png,body_heading,50,auto_completed,,jp_grammar Minna 大家的日语_第二版_初级2学习辅导书3A出版社 batch_04 kept_needs_explanation auto_completed
1cc5b34f9691c042,Minna,大家的日语（第二版）初级2学习辅导书3A出版社,～ 以上 、 超辻 ～ ～ 以下 、 低于 ～,～ 以上、超辻,接续：～ 以上、超辻。按原书条目和句中词形使用。,既然...就,表示在前项事实成立的前提下，后项是说话人认为当然的判断或义务。,この文では（以上、超辻）の使い方を確認します。,这句话用于确认“～ 以上、超辻”的用法。,同类或相近表达请结合原书相似语法页复习。,条件/判断,batch_04,大家的日语（第二版）初级2学习辅导书3A出版社__part_04-16.png,body_heading,50,auto_enriched,,jp_grammar Minna 大家的日语_第二版_初级2学习辅导书3A出版社 batch_04 auto_enriched auto_completed
2de25a8e9e351563,Minna,大家的日语（第二版）初级2学习辅导书3A出版社,～ 以上 、 超辻 ～ ～ 以下 、 低于 ～,～ 以下、低于,接续：～ 以下、低于。按原书条目和句中词形使用。,表示「以下、低于」这一语法形式或助词用法,用于练习「～ 以下、低于」在句中的形式和基本功能；具体语义需结合前后文判断。,この文では（以下、低于）の使い方を確認します。,这句话用于确认“～ 以下、低于”的用法。,同类或相近表达请结合原书相似语法页复习。,形式/用法,batch_04,大家的日语（第二版）初级2学习辅导书3A出版社__part_04-16.png,body_heading,50,auto_completed,,jp_grammar Minna 大家的日语_第二版_初级2学习辅导书3A出版社 batch_04 kept_needs_explanation auto_completed
4b8c8f9f982820be,Minna,大家的日语（第二版）初级2学习辅导书3A出版社,～ さん ( 別人的 ) 叔叔 、 伯父 、 舅舅,～ さん(別人的)叔叔、伯父、舅舅,接续：～ さん(別人的)叔叔、伯父、舅舅。按原书条目和句中词形使用。,表示「さん(別人的)叔叔、伯父、舅舅」这一语法形式或助词用法,用于练习「～ さん(別人的)叔叔、伯父、舅舅」在句中的形式和基本功能；具体语义需结合前后文判断。,この文では（さん(別人的)叔叔、伯父、舅舅）の使い方を確認します。,这句话用于确认“～ さん(別人的)叔叔、伯父、舅舅”的用法。,同类或相近表达请结合原书相似语法页复习。,形式/用法,batch_04,大家的日语（第二版）初级2学习辅导书3A出版社__part_04-20.png,body_heading,50,auto_completed,,jp_grammar Minna 大家的日语_第二版_初级2学习辅导书3A出版社 batch_04 kept_needs_explanation auto_completed
c00d86cc8804312a,Minna,大家的日语（第二版）初级2学习辅导书3A出版社,～ すっお宅どうぞお幸せこ,～ すっお宅どうぞお幸せこ,接续：～ すっお宅どうぞお幸せこ。按原书条目和句中词形使用。,表示「すっお宅どうぞお幸せこ」这一语法形式或助词用法,用于练习「～ すっお宅どうぞお幸せこ」在句中的形式和基本功能；具体语义需结合前后文判断。,この文では（すっお宅どうぞお幸せこ）の使い方を確認します。,这句话用于确认“～ すっお宅どうぞお幸せこ”的用法。,同类或相近表达请结合原书相似语法页复习。,形式/用法,batch_04,大家的日语（第二版）初级2学习辅导书3A出版社__part_04-20.png,body_heading,50,auto_completed,,jp_grammar Minna 大家的日语_第二版_初级2学习辅导书3A出版社 batch_04 kept_needs_explanation auto_completed
f88806fb5be914af,N2,日语蓝宝书_N2,～ たばかり動た形+ばかり,～ たばかり動,た形+ばかり,刚刚；光是,可表示动作刚完成，也可表示限定或偏向。,彼が来る（か）分かりません。,不知道他是否会来。,同类或相近表达请结合原书相似语法页复习。,时间/限定,batch_04,日语蓝宝书_N2__part_04-01.png,body_heading,65,auto_enriched,,jp_grammar N2 日语蓝宝书_N2 batch_04 auto_enriched auto_completed
7960bba62b3f21bf,N2,日语蓝宝书_N2,～ たびに動辞書形 / 名ーの + たびに,～ たびに動,辞書形/名の+たびに,每当...就,表示每次发生前项时，都会发生后项。,この歌を聞く（たびに）、学生時代を思い出す。,每次听这首歌都会想起学生时代。,同类或相近表达请结合原书相似语法页复习。,时间/反复,batch_04,日语蓝宝书_N2__part_04-02.png,body_heading,50,auto_enriched,,jp_grammar N2 日语蓝宝书_N2 batch_04 auto_enriched auto_completed
c2f4d7a6715c6fcd,N2,日语蓝宝书_N2,～ だらけ名 + だらけ,～ だらけ名+だらけ,名詞 + だらけ,满是...；净是...,表示不好的东西很多，到处都是。,服が泥（だらけ）になった。,衣服满是泥。,同类或相近表达请结合原书相似语法页复习。,数量/负面,batch_04,日语蓝宝书_N2__part_04-02.png,body_heading,50,auto_completed,,jp_grammar N2 日语蓝宝书_N2 batch_04 kept_needs_explanation auto_completed
a1105c4d21f37bf0,N2,日语蓝宝书_N2,～ ついでに動辞書形 ・ た形 / 名ーの + ついでに,～ ついでに動,辞書形・た形/名の+ついでに,顺便,表示利用做某事的机会顺便做另一件事。,この文では（ついでに動）の使い方を確認します。,这句话用于确认“～ ついでに動”的用法。,同类或相近表达请结合原书相似语法页复习。,附带,batch_04,日语蓝宝书_N2__part_04-02.png,body_heading,50,auto_enriched,,jp_grammar N2 日语蓝宝书_N2 batch_04 auto_enriched auto_completed
87e961d7d4819b62,N2,日语蓝宝书_N2,ところを,ところを,動詞普通形 / い形容詞 / な形容詞な / 名詞の + ところを,在...的时候却；正当...之际,表示在某种场面下发生后项，多用于感谢、道歉或打扰。,お忙しい（ところを）、来てくださってありがとうございます。,您百忙之中前来，非常感谢。,同类或相近表达请结合原书相似语法页复习。,场面,batch_04,日语蓝宝书_N2__part_04-04.png,body_heading,30,auto_completed,,jp_grammar N2 日语蓝宝书_N2 batch_04 kept_needs_explanation auto_completed
4c7e3a0e15c4720b,N2,日语蓝宝书_N2,ところで,ところで,接续：ところで。按原书条目和句中词形使用。,表示「ところで」这一语法形式或助词用法,用于练习「ところで」在句中的形式和基本功能；具体语义需结合前后文判断。,この文では（ところで）の使い方を確認します。,这句话用于确认“ところで”的用法。,同类或相近表达请结合原书相似语法页复习。,形式/用法,batch_04,日语蓝宝书_N2__part_04-04.png,body_heading,30,auto_completed,,jp_grammar N2 日语蓝宝书_N2 batch_04 kept_needs_explanation auto_completed
c20bd3247a84ff0f,N2,日语蓝宝书_N2,難しいくせに,難しいくせに,接续：難しいくせに。按原书条目和句中词形使用。,明明...却,表示责备或不满，认为后项与前项不相称。,この文では（難しいくせに）の使い方を確認します。,这句话用于确认“難しいくせに”的用法。,同类或相近表达请结合原书相似语法页复习。,逆接/责备,batch_04,日语蓝宝书_N2__part_04-04.png,body_heading,30,needs_manual_review,,jp_grammar N2 日语蓝宝书_N2 batch_04 needs_manual_review auto_completed
4aea11affd64129c,N2,日语蓝宝书_N2,難しいばかりに [ 」 たとえ (,難しいばかりに [」たとえ(,たとえ + 普通形 + ても,正因为...才,表示由于前项原因导致不理想结果，带后悔语气。,（たとえ）雨が降っても、行きます。,即使下雨也去。,同类或相近表达请结合原书相似语法页复习。,原因,batch_04,日语蓝宝书_N2__part_04-04.png,body_heading,30,needs_manual_review,,jp_grammar N2 日语蓝宝书_N2 batch_04 needs_manual_review auto_completed
41b5d1bd521e750f,N2,日语蓝宝书_N2,ところに,ところに,接续：ところに。按原书条目和句中词形使用。,正在...的时候,表示某动作或状态发生的时间点，后项多为突然发生的事情。,この文では（ところに）の使い方を確認します。,这句话用于确认“ところに”的用法。,同类或相近表达请结合原书相似语法页复习。,时间,batch_04,日语蓝宝书_N2__part_04-04.png,body_heading,30,needs_manual_review,,jp_grammar N2 日语蓝宝书_N2 batch_04 needs_manual_review auto_completed
f0c5053b6edcbacc,N2,日语蓝宝书_N2,難しいことなく [ 」 面接の時 、 第一印象はとても大切だから,難しいことなく [」面接の時、第一印象はとても大切だから,普通形 + か,不...就...,表示没有进行前项动作，而直接出现后项。书面语色彩较强。,彼が来る（か）分かりません。,不知道他是否会来。,同类或相近表达请结合原书相似语法页复习。,否定/伴随,batch_04,日语蓝宝书_N2__part_04-04.png,body_heading,30,needs_manual_review,,jp_grammar N2 日语蓝宝书_N2 batch_04 needs_manual_review auto_completed
ef6f50c5a47f1aa5,N2,日语蓝宝书_N2,入ったばかりで,入ったばかりで,普通形 + か,刚刚；光是,可表示动作刚完成，也可表示限定或偏向。,彼が来る（か）分かりません。,不知道他是否会来。,同类或相近表达请结合原书相似语法页复习。,时间/限定,batch_04,日语蓝宝书_N2__part_04-04.png,body_heading,30,needs_manual_review,,jp_grammar N2 日语蓝宝书_N2 batch_04 needs_manual_review auto_completed
c75268efa7ec4c38,N2,日语蓝宝书_N2,ぎみ ) 、 分からないことがたくさんある 。,ぎみ)、分からないことがたくさんある。,人を表す名詞 + がた,各位,接在人称名词后，表示尊敬的复数。,先生（がた）に相談します。,向各位老师商量。,同类或相近表达请结合原书相似语法页复习。,敬语/复数,batch_04,日语蓝宝书_N2__part_04-04.png,body_heading,30,auto_completed,,jp_grammar N2 日语蓝宝书_N2 batch_04 kept_needs_explanation auto_completed
4d245effac640e22,N2,日语蓝宝书_N2,人ったばかりに,人ったばかりに,普通形 + か,正因为...才,表示由于前项原因导致不理想结果，带后悔语气。,彼が来る（か）分かりません。,不知道他是否会来。,同类或相近表达请结合原书相似语法页复习。,原因,batch_04,日语蓝宝书_N2__part_04-04.png,body_heading,30,needs_manual_review,,jp_grammar N2 日语蓝宝书_N2 batch_04 needs_manual_review auto_completed
554b7803eaf4c78d,N2,日语蓝宝书_N2,間違ったところを直した,間違ったところを直した,動詞普通形 / い形容詞 / な形容詞な / 名詞の + ところを,即使...也；刚...,可表示做了前项后发现某结果，也可表示逆接条件。,お忙しい（ところを）、来てくださってありがとうございます。,您百忙之中前来，非常感谢。,同类或相近表达请结合原书相似语法页复习。,时间/逆接,batch_04,日语蓝宝书_N2__part_04-06.png,body_heading,30,needs_manual_review,,jp_grammar N2 日语蓝宝书_N2 batch_04 needs_manual_review auto_completed
ed63bb852f922823,N2,日语蓝宝书_N2,恐れることからあきらめたい,恐れることからあきらめたい,動詞ます形 + たい,想要...,表示第一人称愿望或询问第二人称愿望。,日本へ行き（たい）です。,我想去日本。,同类或相近表达请结合原书相似语法页复习。,愿望,batch_04,日语蓝宝书_N2__part_04-06.png,body_heading,30,auto_completed,,jp_grammar N2 日语蓝宝书_N2 batch_04 kept_needs_explanation auto_completed
54c8c3398f613ccf,N2,日语蓝宝书_N2,恐れることなく進んでいきたい,恐れることなく進んでいきたい,動詞ます形 + たい,不...就...,表示没有进行前项动作，而直接出现后项。书面语色彩较强。,日本へ行き（たい）です。,我想去日本。,同类或相近表达请结合原书相似语法页复习。,否定/伴随,batch_04,日语蓝宝书_N2__part_04-06.png,body_heading,30,needs_manual_review,,jp_grammar N2 日语蓝宝书_N2 batch_04 needs_manual_review auto_completed
941bfde402b3caa0,N2,日语蓝宝书_N2,思い出したことがある,思い出したことがある,名詞 + が / 普通形 + が,曾经...,表示过去有过某种经历。,値段は高い（が）、品質はいい。,价格高，但是质量好。,同类或相近表达请结合原书相似语法页复习。,经验,batch_04,日语蓝宝书_N2__part_04-06.png,body_heading,30,needs_manual_review,,jp_grammar N2 日语蓝宝书_N2 batch_04 needs_manual_review auto_completed
fd9cac73061d841d,N2,日语蓝宝书_N2,からこそししや [ こ 」 会議のため大阪支社ー 、 行った (,からこそししや [ こ」会議のため大阪支社ー、行った(,普通形 + か,正是；才是,强调某人、某事、某时机正是重点。,彼が来る（か）分かりません。,不知道他是否会来。,同类或相近表达请结合原书相似语法页复习。,强调,batch_04,日语蓝宝书_N2__part_04-06.png,body_heading,30,needs_manual_review,,jp_grammar N2 日语蓝宝书_N2 batch_04 needs_manual_review auto_completed
2aa558bfbf040c7e,N2,日语蓝宝书_N2,ばかりだが ) 、 京都まで足を伸ばした 。,ばかりだが)、京都まで足を伸ばした。,名詞 + まで,刚刚；光是,可表示动作刚完成，也可表示限定或偏向。,子ども（まで）、そのニュースを知っている。,甚至孩子都知道那条新闻。,同类或相近表达请结合原书相似语法页复习。,时间/限定,batch_04,日语蓝宝书_N2__part_04-06.png,body_heading,30,needs_manual_review,,jp_grammar N2 日语蓝宝书_N2 batch_04 needs_manual_review auto_completed
1d745c805869e0ba,N2,日语蓝宝书_N2,ところでばかり,ところでばかり,普通形 + か,刚刚；光是,可表示动作刚完成，也可表示限定或偏向。,彼が来る（か）分かりません。,不知道他是否会来。,同类或相近表达请结合原书相似语法页复习。,时间/限定,batch_04,日语蓝宝书_N2__part_04-06.png,body_heading,30,needs_manual_review,,jp_grammar N2 日语蓝宝书_N2 batch_04 needs_manual_review auto_completed
59d0e51fe563439a,N2,日语蓝宝书_N2,ところを ) なので 、 まだ地下鉄が通っていない 。,ところを)なので、まだ地下鉄が通っていない。,動詞普通形 / い形容詞 / な形容詞な / 名詞の + ところを,因为...,表示原因理由，语气比から更客观、柔和。,お忙しい（ところを）、来てくださってありがとうございます。,您百忙之中前来，非常感谢。,同类或相近表达请结合原书相似语法页复习。,原因,batch_04,日语蓝宝书_N2__part_04-06.png,body_heading,30,needs_manual_review,,jp_grammar N2 日语蓝宝书_N2 batch_04 needs_manual_review auto_completed
23843eb65f036fed,N2,日语蓝宝书_N2,ばかりのばかりに,ばかりのばかりに,普通形 + か,正因为...才,表示由于前项原因导致不理想结果，带后悔语气。,彼が来る（か）分かりません。,不知道他是否会来。,同类或相近表达请结合原书相似语法页复习。,原因,batch_04,日语蓝宝书_N2__part_04-08.png,body_heading,30,needs_manual_review,,jp_grammar N2 日语蓝宝书_N2 batch_04 needs_manual_review auto_completed
1c885043f3264abb,N2,日语蓝宝书_N2,～ つつある動ます形 + つつある,～ つつある動,ます形+つつある,正在逐渐...,表示某变化正在持续发展。,景気は回復し（つつある）。,经济正在逐渐恢复。,同类或相近表达请结合原书相似语法页复习。,变化,batch_04,日语蓝宝书_N2__part_04-09.png,body_heading,50,auto_completed,,jp_grammar N2 日语蓝宝书_N2 batch_04 kept_needs_explanation auto_completed
af1531fd5214c443,N2,日语蓝宝书_N2,～ っぽい動ます形 / イ形語幹 / 名 + っぽい,～ っぽい動,ます形/イ形語幹/名+っぽい,有点...；容易...,表示带有某种倾向、感觉或性质。,この文では（っぽい動）の使い方を確認します。,这句话用于确认“～ っぽい動”的用法。,同类或相近表达请结合原书相似语法页复习。,性质,batch_04,日语蓝宝书_N2__part_04-10.png,body_heading,50,auto_enriched,,jp_grammar N2 日语蓝宝书_N2 batch_04 auto_enriched auto_completed
8f956590f588d7e5,N2,日语蓝宝书_N2,～ つもりで赴于某神状悉 。,～ つもりで赴于某神状悉。,名詞 + も,打算；自以为,表示计划、意图，或说话人主观认为如此。,私（も）行きます。,我也去。,同类或相近表达请结合原书相似语法页复习。,意志/判断,batch_04,日语蓝宝书_N2__part_04-11.png,body_heading,65,auto_enriched,,jp_grammar N2 日语蓝宝书_N2 batch_04 auto_enriched auto_completed
cbe95bcefe719d31,N2,日语蓝宝书_N2,～ てでも注意例文,～ てでも注意,動詞て形 + でも,即使...也要,表示为了达成目的，即使采取极端手段也在所不惜。,徹夜し（てでも）、この仕事を終わらせたい。,即使熬夜，也想完成这项工作。,同类或相近表达请结合原书相似语法页复习。,让步/意志,batch_04,日语蓝宝书_N2__part_04-13.png,body_heading,50,auto_completed,,jp_grammar N2 日语蓝宝书_N2 batch_04 kept_needs_explanation auto_completed
52254a9d34daec26,N2,日语蓝宝书_N2,話し合って ) しようがない 。,話し合って)しようがない。,名詞 + が / 普通形 + が,但是；主语标记,可表示主语，也可连接前后相反或铺垫内容。,値段は高い（が）、品質はいい。,价格高，但是质量好。,同类或相近表达请结合原书相似语法页复习。,助词/逆接,batch_04,日语蓝宝书_N2__part_04-14.png,body_heading,30,auto_completed,,jp_grammar N2 日语蓝宝书_N2 batch_04 kept_needs_explanation auto_completed
0a9856632e668c55,N2,日语蓝宝书_N2,あきらめようではないか,あきらめようではないか,普通形 + か,让我们...吧,表示号召、提议大家一起做某事，书面或演说语气较强。,彼が来る（か）分かりません。,不知道他是否会来。,同类或相近表达请结合原书相似语法页复习。,劝诱,batch_04,日语蓝宝书_N2__part_04-16.png,body_heading,30,needs_manual_review,,jp_grammar N2 日语蓝宝书_N2 batch_04 needs_manual_review auto_completed
84993b238ecedbf2,N2,日语蓝宝书_N2,暴れっぽい 「 こ ] 自分ではこの業界のプロのつもりだけど 、 他人から見ると (,暴れっぽい「こ ] 自分ではこの業界のプロのつもりだけど、他人から見ると(,普通形 + か,从...来看,表示从某个角度观察或判断。,彼が来る（か）分かりません。,不知道他是否会来。,同类或相近表达请结合原书相似语法页复习。,判断,batch_04,日语蓝宝书_N2__part_04-16.png,body_heading,30,needs_manual_review,,jp_grammar N2 日语蓝宝书_N2 batch_04 needs_manual_review auto_completed
c1131e9bb2f690b7,N2,日语蓝宝书_N2,つもりで,つもりで,名詞 + も,打算；自以为,表示计划、意图，或说话人主观认为如此。,私（も）行きます。,我也去。,同类或相近表达请结合原书相似语法页复习。,意志/判断,batch_04,日语蓝宝书_N2__part_04-16.png,body_heading,30,needs_manual_review,,jp_grammar N2 日语蓝宝书_N2 batch_04 needs_manual_review auto_completed
57dda91d196d6d53,N2,日语蓝宝书_N2,悔しくてしようがない,悔しくてしようがない,動詞て形 / い形容詞くて / な形容詞で + しようがない,非常...；...得不得了,表示感情或感觉强烈到无法控制。,試験の結果が気になっ（てしようがない）。,非常在意考试结果。,同类或相近表达请结合原书相似语法页复习。,程度,batch_04,日语蓝宝书_N2__part_04-16.png,body_heading,30,auto_completed,,jp_grammar N2 日语蓝宝书_N2 batch_04 kept_needs_explanation auto_completed
0bb40b82664fd128,N2,日语蓝宝书_N2,ばかりに怠けたことがない,ばかりに怠けたことがない,普通形 + か,正因为...才,表示由于前项原因导致不理想结果，带后悔语气。,彼が来る（か）分かりません。,不知道他是否会来。,同类或相近表达请结合原书相似语法页复习。,原因,batch_04,日语蓝宝书_N2__part_04-16.png,body_heading,30,needs_manual_review,,jp_grammar N2 日语蓝宝书_N2 batch_04 needs_manual_review auto_completed
7014ff9e5f0c7f0f,N2,日语蓝宝书_N2,海外旅行 ☆ ☆ ☆ つもりが,海外旅行 ☆ ☆ ☆ つもりが,名詞 + が / 普通形 + が,打算；自以为,表示计划、意图，或说话人主观认为如此。,値段は高い（が）、品質はいい。,价格高，但是质量好。,同类或相近表达请结合原书相似语法页复习。,意志/判断,batch_04,日语蓝宝书_N2__part_04-17.png,toc_or_heading,30,needs_manual_review,,jp_grammar N2 日语蓝宝书_N2 batch_04 needs_manual_review auto_completed
a06b4a2501526452,N2,日语蓝宝书_N2,入れるつもりで人れてしようがなく,入れるつもりで人れてしようがなく,名詞 + が / 普通形 + が,打算；自以为,表示计划、意图，或说话人主观认为如此。,値段は高い（が）、品質はいい。,价格高，但是质量好。,同类或相近表达请结合原书相似语法页复习。,意志/判断,batch_04,日语蓝宝书_N2__part_04-18.png,body_heading,30,needs_manual_review,,jp_grammar N2 日语蓝宝书_N2 batch_04 needs_manual_review auto_completed
6db3dcdfda9bc112,N2,日语蓝宝书_N2,～ てならない,～ てならない,動詞て形 / い形容詞くて / な形容詞で + ならない,非常...；不由得...,表示某种感情自然强烈地产生。,将来のことが心配で（ならない）。,非常担心将来的事。,同类或相近表达请结合原书相似语法页复习。,情感,batch_04,日语蓝宝书_N2__part_04-19.png,body_heading,50,auto_completed,,jp_grammar N2 日语蓝宝书_N2 batch_04 kept_needs_explanation auto_completed
7dca3bbb3563787a,N2,日语蓝宝书_N2,～ てはじめて動て形+はじめて,～ てはじめて動,て形+はじめて,在...之后才,表示做了前项之后，才第一次意识到或发生后项。,一人で暮らし（てはじめて）、親のありがたさが分かった。,一个人生活后，才明白父母的可贵。,同类或相近表达请结合原书相似语法页复习。,时间/发现,batch_04,日语蓝宝书_N2__part_04-20.png,body_heading,50,auto_completed,,jp_grammar N2 日语蓝宝书_N2 batch_04 kept_needs_explanation auto_completed
429629cbf5a7274d,N2,日语蓝宝书_N2,～ ということた,～ ということた,普通形 + ということ,也就是说；...这件事,用于概括前文内容或说明结论。,彼が来ない（ということ）は、忙しいのだろう。,他不来这件事，说明大概很忙吧。,同类或相近表达请结合原书相似语法页复习。,说明/概括,batch_04,日语蓝宝书_N2__part_04-20.png,body_heading,65,auto_completed,,jp_grammar N2 日语蓝宝书_N2 batch_04 kept_needs_explanation auto_completed
2332d7bd6a8f8562,N2,日语蓝宝书_N2,～ というよりもの,～ というよりもの,普通形 + というより,与其说...不如说,用于修正前面的说法，提出更恰当的表达。,彼は忙しい（というより）、疲れすぎている。,与其说他忙，不如说他太累了。,同类或相近表达请结合原书相似语法页复习。,说明/修正,batch_04,日语蓝宝书_N2__part_04-21.png,body_heading,65,auto_completed,,jp_grammar N2 日语蓝宝书_N2 batch_04 kept_needs_explanation auto_completed
2c458915544d20e6,N2,日语蓝宝书_N2,～ とおり ( に ) / どおり ( に動辞書形 ・ た形 / 名ーの + とおり,～ とおり(に)/どおり(に動,辞書形・た形/名の+とおり,按照...；如...那样,表示后项按照前项所示的内容、方法或状态进行。,この文では（とおり(に)）の使い方を確認します。,这句话用于确认“～ とおり(に)/どおり(に動”的用法。,同类或相近表达请结合原书相似语法页复习。,依据,batch_04,日语蓝宝书_N2__part_04-22.png,body_heading,50,auto_enriched,,jp_grammar N2 日语蓝宝书_N2 batch_04 auto_enriched auto_completed
7f1446b56282e67c,N2,日语蓝宝书_N2,～ とか (,～ とか(,名詞 / 普通形 + とか,...啦...啦；听说...,口语中用于列举，或表示传闻。,週末は映画（とか）買い物（とか）をします。,周末看电影啦购物啦。,同类或相近表达请结合原书相似语法页复习。,列举/传闻,batch_04,日语蓝宝书_N2__part_04-22.png,body_heading,50,auto_completed,,jp_grammar N2 日语蓝宝书_N2 batch_04 kept_needs_explanation auto_completed
f9221e24c333aa07,N2,日语蓝宝书_N2,しようがない,しようがない,名詞 + が / 普通形 + が,但是；主语标记,可表示主语，也可连接前后相反或铺垫内容。,値段は高い（が）、品質はいい。,价格高，但是质量好。,同类或相近表达请结合原书相似语法页复习。,助词/逆接,batch_04,日语蓝宝书_N2__part_04-24.png,body_heading,30,auto_completed,,jp_grammar N2 日语蓝宝书_N2 batch_04 kept_needs_explanation auto_completed
a05c1b8412b7f3cb,N2,日语蓝宝书_N2,というもので3ということで4,というもので3ということで4,普通形 + ということ,因为...,表示原因理由，语气比から更客观、柔和。,彼が来ない（ということ）は、忙しいのだろう。,他不来这件事，说明大概很忙吧。,同类或相近表达请结合原书相似语法页复习。,原因,batch_04,日语蓝宝书_N2__part_04-24.png,body_heading,30,needs_manual_review,,jp_grammar N2 日语蓝宝书_N2 batch_04 needs_manual_review auto_completed
9f0043fba0c1327b,N2,日语蓝宝书_N2,というものでもない,というものでもない,名詞 + という,因为...,表示原因理由，语气比から更客观、柔和。,田中さん（という）人から電話がありました。,有个叫田中的人打来了电话。,同类或相近表达请结合原书相似语法页复习。,原因,batch_04,日语蓝宝书_N2__part_04-26.png,body_heading,30,needs_manual_review,,jp_grammar N2 日语蓝宝书_N2 batch_04 needs_manual_review auto_completed
a98ea21a09f71d9e,N2,日语蓝宝书_N2,くせに,くせに,接续：くせに。按原书条目和句中词形使用。,明明...却,表示责备或不满，认为后项与前项不相称。,この文では（くせに）の使い方を確認します。,这句话用于确认“くせに”的用法。,同类或相近表达请结合原书相似语法页复习。,逆接/责备,batch_04,日语蓝宝书_N2__part_04-26.png,body_heading,30,needs_manual_review,,jp_grammar N2 日语蓝宝书_N2 batch_04 needs_manual_review auto_completed
13f1dc62f19cfdb3,N2,日语蓝宝书_N2,のつもりで ) ということです 。,のつもりで)ということです。,普通形 + ということ,打算；自以为,表示计划、意图，或说话人主观认为如此。,彼が来ない（ということ）は、忙しいのだろう。,他不来这件事，说明大概很忙吧。,同类或相近表达请结合原书相似语法页复习。,意志/判断,batch_04,日语蓝宝书_N2__part_04-26.png,body_heading,30,needs_manual_review,,jp_grammar N2 日语蓝宝书_N2 batch_04 needs_manual_review auto_completed
9f995476c10d84da,N2,日语蓝宝书_N2,ばかりに,ばかりに,普通形 + か,正因为...才,表示由于前项原因导致不理想结果，带后悔语气。,彼が来る（か）分かりません。,不知道他是否会来。,同类或相近表达请结合原书相似语法页复习。,原因,batch_04,日语蓝宝书_N2__part_04-26.png,body_heading,30,needs_manual_review,,jp_grammar N2 日语蓝宝书_N2 batch_04 needs_manual_review auto_completed
2db0805dc9e8e805,N2,日语蓝宝书_N2,しきれない 「 : 可 ] この文章の内容はどこか間違っているように思えて (,しきれない「:可 ] この文章の内容はどこか間違っているように思えて(,動詞普通形 / 名詞の + 間,不能完全...；...不完,表示某动作无法完全做完。,母が料理している（間）、私は宿題をした。,妈妈做饭期间，我写了作业。,同类或相近表达请结合原书相似语法页复习。,完成/否定,batch_04,日语蓝宝书_N2__part_04-26.png,body_heading,30,needs_manual_review,,jp_grammar N2 日语蓝宝书_N2 batch_04 needs_manual_review auto_completed
2910147f8e26e49d,N2,日语蓝宝书_N2,浮かれるだけのことはある,浮かれるだけのことはある,普通形 + か,不愧是；值得,表示与前项评价相称，确实有相应价值。,彼が来る（か）分かりません。,不知道他是否会来。,同类或相近表达请结合原书相似语法页复习。,评价,batch_04,日语蓝宝书_N2__part_04-26.png,body_heading,30,needs_manual_review,,jp_grammar N2 日语蓝宝书_N2 batch_04 needs_manual_review auto_completed
9198ce036accc7f8,N2,日语蓝宝书_N2,浮かれてばかりはいられない,浮かれてばかりはいられない,普通形 + か,刚刚；光是,可表示动作刚完成，也可表示限定或偏向。,彼が来る（か）分かりません。,不知道他是否会来。,同类或相近表达请结合原书相似语法页复习。,时间/限定,batch_04,日语蓝宝书_N2__part_04-26.png,body_heading,30,needs_manual_review,,jp_grammar N2 日语蓝宝书_N2 batch_04 needs_manual_review auto_completed
f7dd15990bda462e,N2,日语蓝宝书_N2,ことからとかいう,ことからとかいう,名詞 / 普通形 + とか,...啦...啦；听说...,口语中用于列举，或表示传闻。,週末は映画（とか）買い物（とか）をします。,周末看电影啦购物啦。,同类或相近表达请结合原书相似语法页复习。,列举/传闻,batch_04,日语蓝宝书_N2__part_04-26.png,body_heading,30,auto_completed,,jp_grammar N2 日语蓝宝书_N2 batch_04 kept_needs_explanation auto_completed
ac9791973b84b756,N2,日语蓝宝书_N2,ということで,ということで,普通形 + ということ,也就是说；...这件事,用于概括前文内容或说明结论。,彼が来ない（ということ）は、忙しいのだろう。,他不来这件事，说明大概很忙吧。,同类或相近表达请结合原书相似语法页复习。,说明/概括,batch_04,日语蓝宝书_N2__part_04-26.png,body_heading,30,auto_completed,,jp_grammar N2 日语蓝宝书_N2 batch_04 kept_needs_explanation auto_completed
44624932d419e506,N3,日语蓝宝书_N3,～ ために名 - 詞+の / 動 - 詞辞弔形+ために,～ ために名 - 詞+の/,動詞辞書形+ために,为了；因为,表示目的，也可表示原因。,走る（の）が好きです。,我喜欢跑步。,同类或相近表达请结合原书相似语法页复习。,目的/原因,batch_04,日语蓝宝书_N3__part_04-01.png,body_heading,75,auto_enriched,,jp_grammar N3 日语蓝宝书_N3 batch_04 auto_enriched auto_completed
032b8cb9b60265aa,N3,日语蓝宝书_N3,～ たら / ったら名 - 詞+たら / ったら,～ たら/ったら名 - 詞+たら/ったら,接续：～ たら/ったら名 - 詞+たら/ったら。按原书条目和句中词形使用。,表示「たら」这一语法形式或助词用法,用于练习「～ たら/ったら名 - 詞+たら/ったら」在句中的形式和基本功能；具体语义需结合前后文判断。,この文では（たら）の使い方を確認します。,这句话用于确认“～ たら/ったら名 - 詞+たら/ったら”的用法。,同类或相近表达请结合原书相似语法页复习。,形式/用法,batch_04,日语蓝宝书_N3__part_04-03.png,body_heading,60,auto_completed,,jp_grammar N3 日语蓝宝书_N3 batch_04 kept_needs_explanation auto_completed
429e22849b2c00cc,N3,日语蓝宝书_N3,～ だらけ名 - 詞+だらけ,～ だらけ名 - 詞+だらけ,名詞 + だらけ,满是...；净是...,表示不好的东西很多，到处都是。,服が泥（だらけ）になった。,衣服满是泥。,同类或相近表达请结合原书相似语法页复习。,数量/负面,batch_04,日语蓝宝书_N3__part_04-03.png,body_heading,50,auto_completed,,jp_grammar N3 日语蓝宝书_N3 batch_04 kept_needs_explanation auto_completed
2f2c422b51d628e4,N3,日语蓝宝书_N3,"～ つけ 」 是終助詞 , 用于美系切的熟人 、 朋友之詞的会活中 。 其礼貌用浯是 「 ～ ましたつけ / でしたつけ 」","～ つけ」是終助詞 , 用于美系切的熟人、朋友之詞的会活中。其礼貌用語是「～ ましたつけ/でしたつけ」","接续：～ つけ」是終助詞 , 用于美系切的熟人、朋友之詞的会活中。其礼貌用語是「～ ましたつけ/でしたつけ」。按原书条目和句中词形使用。","表示「つけ」是終助詞 , 用于美系切的熟人、朋友之詞的会活中。其礼貌用語是「～ ましたつけ」这一语法形式或助词用法","用于练习「～ つけ」是終助詞 , 用于美系切的熟人、朋友之詞的会活中。其礼貌用語是「～ ましたつけ/でしたつけ」」在句中的形式和基本功能；具体语义需结合前后文判断。","この文では（つけ」是終助詞 , 用于美系切的熟人、朋友之詞的会活中。其礼貌用語是「～ ましたつけ）の使い方を確認します。","这句话用于确认“～ つけ」是終助詞 , 用于美系切的熟人、朋友之詞的会活中。其礼貌用語是「～ ましたつけ/でしたつけ」”的用法。",同类或相近表达请结合原书相似语法页复习。,形式/用法,batch_04,日语蓝宝书_N3__part_04-04.png,body_heading,30,auto_completed,,jp_grammar N3 日语蓝宝书_N3 batch_04 kept_needs_explanation auto_completed
2bf6e60fab374248,N3,日语蓝宝书_N3,～ って接1税明,～ って接1税明,接续：～ って接1税明。按原书条目和句中词形使用。,表示「って接1税明」这一语法形式或助词用法,用于练习「～ って接1税明」在句中的形式和基本功能；具体语义需结合前后文判断。,この文では（って接1税明）の使い方を確認します。,这句话用于确认“～ って接1税明”的用法。,同类或相近表达请结合原书相似语法页复习。,形式/用法,batch_04,日语蓝宝书_N3__part_04-05.png,body_heading,50,auto_completed,,jp_grammar N3 日语蓝宝书_N3 batch_04 kept_needs_explanation auto_completed
149c5c395a77544b,N3,日语蓝宝书_N3,からだいにようふ,からだいにようふ,普通形 + か,是否；或者；疑问,表示疑问、不确定或选择。,彼が来る（か）分かりません。,不知道他是否会来。,同类或相近表达请结合原书相似语法页复习。,疑问/选择,batch_04,日语蓝宝书_N3__part_04-06.png,body_heading,30,auto_completed,,jp_grammar N3 日语蓝宝书_N3 batch_04 kept_needs_explanation auto_completed
77ee7924662ac6ee,N3,日语蓝宝书_N3,ばかりに,ばかりに,普通形 + か,正因为...才,表示由于前项原因导致不理想结果，带后悔语气。,彼が来る（か）分かりません。,不知道他是否会来。,同类或相近表达请结合原书相似语法页复习。,原因,batch_04,日语蓝宝书_N3__part_04-06.png,body_heading,30,needs_manual_review,,jp_grammar N3 日语蓝宝书_N3 batch_04 needs_manual_review auto_completed
a47d3379b31cf616,N3,日语蓝宝书_N3,ムを買う ( たんじよう,ムを買う(たんじよう,接续：ムを買う(たんじよう。按原书条目和句中词形使用。,表示「ムを買う(たんじよう」这一语法形式或助词用法,用于练习「ムを買う(たんじよう」在句中的形式和基本功能；具体语义需结合前后文判断。,この文では（ムを買う(たんじよう）の使い方を確認します。,这句话用于确认“ムを買う(たんじよう”的用法。,同类或相近表达请结合原书相似语法页复习。,形式/用法,batch_04,日语蓝宝书_N3__part_04-06.png,body_heading,30,auto_completed,,jp_grammar N3 日语蓝宝书_N3 batch_04 kept_needs_explanation auto_completed
0981b8530a972881,N3,日语蓝宝书_N3,んだ一度会ったことがあると思うんだけど 、 名前は何 (,んだ一度会ったことがあると思うんだけど、名前は何(,普通形 + んだ,曾经...,表示过去有过某种经历。,実は、少し熱がある（んだ）。,其实有点发烧。,同类或相近表达请结合原书相似语法页复习。,经验,batch_04,日语蓝宝书_N3__part_04-08.png,body_heading,30,needs_manual_review,,jp_grammar N3 日语蓝宝书_N3 batch_04 needs_manual_review auto_completed
edbf0faea0ed4f1d,N3,日语蓝宝书_N3,つく作るために作ってみるから,つく作るために作ってみるから,動詞て形 + みる,为了；因为,表示目的，也可表示原因。,新しい方法を試し（てみる）。,试试新的方法。,同类或相近表达请结合原书相似语法页复习。,目的/原因,batch_04,日语蓝宝书_N3__part_04-08.png,body_heading,30,needs_manual_review,,jp_grammar N3 日语蓝宝书_N3 batch_04 needs_manual_review auto_completed
8c0c844364ce4153,N3,日语蓝宝书_N3,ようじ用事ないで,ようじ用事ないで,動詞ない形 + で,不...而...,表示不做前项而做后项。,傘を持た（ないで）、出かけた。,没带伞就出门了。,同类或相近表达请结合原书相似语法页复习。,否定/伴随,batch_04,日语蓝宝书_N3__part_04-09.png,body_heading,30,auto_completed,,jp_grammar N3 日语蓝宝书_N3 batch_04 kept_needs_explanation auto_completed
a7a8d619a8503a11,N3,日语蓝宝书_N3,問題3ためにはんこ ・ のうりよくしけん,ためにはんこ・のうりよくしけん,動詞辞書形 + には / 名詞 + には,为了；因为,表示目的，也可表示原因。,合格する（には）、毎日練習が必要だ。,要合格，每天练习是必要的。,同类或相近表达请结合原书相似语法页复习。,目的/原因,batch_04,日语蓝宝书_N3__part_04-09.png,body_heading,30,needs_manual_review,,jp_grammar N3 日语蓝宝书_N3 batch_04 needs_manual_review auto_completed
07a20dc9bb132596,N3,日语蓝宝书_N3,～ てある他動 - 詞 「 て形 」 +ある,～ てある他,動詞「て形」+ある,...着；已...好,表示人为动作完成后留下的状态，常含事先准备的意思。,この文では（てある他）の使い方を確認します。,这句话用于确认“～ てある他”的用法。,同类或相近表达请结合原书相似语法页复习。,结果状态,batch_04,日语蓝宝书_N3__part_04-11.png,body_heading,50,auto_enriched,,jp_grammar N3 日语蓝宝书_N3 batch_04 auto_enriched auto_completed
3845f88f7f259c70,N3,日语蓝宝书_N3,～ ていく多和副 - 詞 「 もう 」 一起使用 。 △ 会議の資料はもう用意してあります 。 / 会祕的資料已准各好了,～ ていく多和副 - 詞「もう」一起使用。△ 会議の資料はもう用意してあります。/会祕的資料已准各好了,動詞て形 + いく,...下去；去...,表示动作离开说话人方向，或状态从现在持续到将来。,これからも勉強を続け（ていく）。,今后也会继续学习下去。,同类或相近表达请结合原书相似语法页复习。,方向/变化,batch_04,日语蓝宝书_N3__part_04-12.png,body_heading,30,auto_completed,,jp_grammar N3 日语蓝宝书_N3 batch_04 kept_needs_explanation auto_completed
dd91dcbbbd417a91,N3,日语蓝宝书_N3,"～ てくる一般不用在剛剛生不久的事 。 △ 結婚して以来 、 体重が増え続けている 。 / 自从蛄婚之后 , 体重不断增加 。","～ てくる一般不用在剛剛生不久的事。△ 結婚して以来、体重が増え続けている。/自从蛄婚之后 , 体重不断增加。",動詞て形 + くる,自从...以来,表示从过去某时点到现在一直持续。,日本語が少し分かっ（てきた）。,日语渐渐懂了一些。,同类或相近表达请结合原书相似语法页复习。,时间/持续,batch_04,日语蓝宝书_N3__part_04-13.png,body_heading,30,needs_manual_review,,jp_grammar N3 日语蓝宝书_N3 batch_04 needs_manual_review auto_completed
8ae75b494b1bd0bf,N3,日语蓝宝书_N3,～ てくれる / てくださる詞 「 て形 」 +くれる / くださる,～ てくれる/てくださる詞「,て形」+くれる/くださる,别人为我方做...,表示别人为说话人或我方做某事。,友だちが手伝っ（てくれた）。,朋友帮了我。,同类或相近表达请结合原书相似语法页复习。,授受,batch_04,日语蓝宝书_N3__part_04-14.png,body_heading,60,auto_completed,,jp_grammar N3 日语蓝宝书_N3 batch_04 kept_needs_explanation auto_completed
89fbd21ff32d9500,N3,日语蓝宝书_N3,ものはは [ プ 」 母がセーターを編んで (,ものはは [ プ」母がセーターを編んで(,名詞 + が / 普通形 + が,但是；主语标记,可表示主语，也可连接前后相反或铺垫内容。,値段は高い（が）、品質はいい。,价格高，但是质量好。,同类或相近表达请结合原书相似语法页复习。,助词/逆接,batch_04,日语蓝宝书_N3__part_04-16.png,body_heading,30,auto_completed,,jp_grammar N3 日语蓝宝书_N3 batch_04 kept_needs_explanation auto_completed
b0e8c2990745bbef,N3,日语蓝宝书_N3,しようがない,しようがない,名詞 + が / 普通形 + が,但是；主语标记,可表示主语，也可连接前后相反或铺垫内容。,値段は高い（が）、品質はいい。,价格高，但是质量好。,同类或相近表达请结合原书相似语法页复习。,助词/逆接,batch_04,日语蓝宝书_N3__part_04-18.png,body_heading,30,auto_completed,,jp_grammar N3 日语蓝宝书_N3 batch_04 kept_needs_explanation auto_completed
73fc18b66c168a58,N3,日语蓝宝书_N3,送らせることにしてください,送らせることにしてください,感情形容詞 + ことに,请...,用于请求对方做某事。,うれしい（ことに）、全員が合格した。,令人高兴的是，全员都合格了。,同类或相近表达请结合原书相似语法页复习。,请求,batch_04,日语蓝宝书_N3__part_04-18.png,body_heading,30,needs_manual_review,,jp_grammar N3 日语蓝宝书_N3 batch_04 needs_manual_review auto_completed
39daf0ed2083aa76,N3,日语蓝宝书_N3,したために,したために,接续：したために。按原书条目和句中词形使用。,为了；因为,表示目的，也可表示原因。,この文では（したために）の使い方を確認します。,这句话用于确认“したために”的用法。,同类或相近表达请结合原书相似语法页复习。,目的/原因,batch_04,日语蓝宝书_N3__part_04-18.png,body_heading,30,needs_manual_review,,jp_grammar N3 日语蓝宝书_N3 batch_04 needs_manual_review auto_completed
8cbc418681e9fff1,N3,日语蓝宝书_N3,のでひと人が変わったように真,のでひと人が変わったように真,名詞 + が / 普通形 + が,为了能...；像...一样,可表示目的、愿望、变化目标或比喻。,値段は高い（が）、品質はいい。,价格高，但是质量好。,同类或相近表达请结合原书相似语法页复习。,目的/样态,batch_04,日语蓝宝书_N3__part_04-19.png,body_heading,30,needs_manual_review,,jp_grammar N3 日语蓝宝书_N3 batch_04 needs_manual_review auto_completed
913565f4b986bf41,N3,日语蓝宝书_N3,そんなことを覚えました,そんなことを覚えました,接续：そんなことを覚えました。按原书条目和句中词形使用。,表示「そんなことを覚えました」这一语法形式或助词用法,用于练习「そんなことを覚えました」在句中的形式和基本功能；具体语义需结合前后文判断。,この文では（そんなことを覚えました）の使い方を確認します。,这句话用于确认“そんなことを覚えました”的用法。,同类或相近表达请结合原书相似语法页复习。,形式/用法,batch_04,日语蓝宝书_N3__part_04-20.png,body_heading,30,auto_completed,,jp_grammar N3 日语蓝宝书_N3 batch_04 kept_needs_explanation auto_completed
bfe520e5b2ed540c,N3,日语蓝宝书_N3,あんなことをしました,あんなことをしました,接续：あんなことをしました。按原书条目和句中词形使用。,表示「あんなことをしました」这一语法形式或助词用法,用于练习「あんなことをしました」在句中的形式和基本功能；具体语义需结合前后文判断。,この文では（あんなことをしました）の使い方を確認します。,这句话用于确认“あんなことをしました”的用法。,同类或相近表达请结合原书相似语法页复习。,形式/用法,batch_04,日语蓝宝书_N3__part_04-20.png,body_heading,30,auto_completed,,jp_grammar N3 日语蓝宝书_N3 batch_04 kept_needs_explanation auto_completed
e78223973ded8590,N3,日语蓝宝书_N3,面白いことなので,面白いことなので,普通形 + の,因为...,表示原因理由，语气比から更客观、柔和。,走る（の）が好きです。,我喜欢跑步。,同类或相近表达请结合原书相似语法页复习。,原因,batch_04,日语蓝宝书_N3__part_04-20.png,body_heading,30,needs_manual_review,,jp_grammar N3 日语蓝宝书_N3 batch_04 needs_manual_review auto_completed
4d5fc5ecb212bb3b,N3,日语蓝宝书_N3,意外なことに,意外なことに,感情形容詞 + ことに,令人...的是,表示说话人对后项事实的评价或感情。,うれしい（ことに）、全員が合格した。,令人高兴的是，全员都合格了。,同类或相近表达请结合原书相似语法页复习。,评价,batch_04,日语蓝宝书_N3__part_04-20.png,body_heading,30,auto_completed,,jp_grammar N3 日语蓝宝书_N3 batch_04 kept_needs_explanation auto_completed
5fc3fb869d377bc2,N3,日语蓝宝书_N3,来たことがある,来たことがある,名詞 + が / 普通形 + が,曾经...,表示过去有过某种经历。,値段は高い（が）、品質はいい。,价格高，但是质量好。,同类或相近表达请结合原书相似语法页复习。,经验,batch_04,日语蓝宝书_N3__part_04-20.png,body_heading,30,needs_manual_review,,jp_grammar N3 日语蓝宝书_N3 batch_04 needs_manual_review auto_completed
e936b371d046957e,N3,日语蓝宝书_N3,来たことがあった,来たことがあった,名詞 + が / 普通形 + が,但是；主语标记,可表示主语，也可连接前后相反或铺垫内容。,値段は高い（が）、品質はいい。,价格高，但是质量好。,同类或相近表达请结合原书相似语法页复习。,助词/逆接,batch_04,日语蓝宝书_N3__part_04-20.png,body_heading,30,auto_completed,,jp_grammar N3 日语蓝宝书_N3 batch_04 kept_needs_explanation auto_completed
42e453811f4c0015,N3,日语蓝宝书_N3,来ることがあった,来ることがあった,名詞 + が / 普通形 + が,但是；主语标记,可表示主语，也可连接前后相反或铺垫内容。,値段は高い（が）、品質はいい。,价格高，但是质量好。,同类或相近表达请结合原书相似语法页复习。,助词/逆接,batch_04,日语蓝宝书_N3__part_04-20.png,body_heading,30,auto_completed,,jp_grammar N3 日语蓝宝书_N3 batch_04 kept_needs_explanation auto_completed
ac6efc7fd5960a1d,N3,日语蓝宝书_N3,～ てならない 「 ～ てちょうだい 」 主要是女性或儿童対身辺或較余近的人使用 。 相当于 「 ～ てください 」,～ てならない「～ てちょうだい」主要是女性或儿童対身辺或較余近的人使用。相当于「～ てください」,動詞て形 / い形容詞くて / な形容詞で + ならない,请...,用于请求对方做某事。,将来のことが心配で（ならない）。,非常担心将来的事。,同类或相近表达请结合原书相似语法页复习。,请求,batch_04,日语蓝宝书_N3__part_04-21.png,body_heading,20,needs_manual_review,,jp_grammar N3 日语蓝宝书_N3 batch_04 needs_manual_review auto_completed
fa70d33943750024,N3,日语蓝宝书_N3,～ が動詞 「 て形 」 +ほしい,～ が,動詞「て形」+ほしい,但是；主语标记,可表示主语，也可连接前后相反或铺垫内容。,値段は高い（が）、品質はいい。,价格高，但是质量好。,同类或相近表达请结合原书相似语法页复习。,助词/逆接,batch_04,日语蓝宝书_N3__part_04-24.png,body_heading,50,auto_completed,,jp_grammar N3 日语蓝宝书_N3 batch_04 kept_needs_explanation auto_completed
bc91767a9118bf6f,N3,日语蓝宝书_N3,～ てほしい注意,～ てほしい注意,接续：～ てほしい注意。按原书条目和句中词形使用。,表示「てほしい注意」这一语法形式或助词用法,用于练习「～ てほしい注意」在句中的形式和基本功能；具体语义需结合前后文判断。,この文では（てほしい注意）の使い方を確認します。,这句话用于确认“～ てほしい注意”的用法。,同类或相近表达请结合原书相似语法页复习。,形式/用法,batch_04,日语蓝宝书_N3__part_04-24.png,body_heading,50,auto_completed,,jp_grammar N3 日语蓝宝书_N3 batch_04 kept_needs_explanation auto_completed
d1745fb3cfa432ad,N3,日语蓝宝书_N3,のではないかことがある,のではないかことがある,普通形 + か,有时会；曾经,接现在形时表示有时发生；接た形时表示曾有过某经历。,彼が来る（か）分かりません。,不知道他是否会来。,同类或相近表达请结合原书相似语法页复习。,经验/频率,batch_04,日语蓝宝书_N3__part_04-26.png,body_heading,30,needs_manual_review,,jp_grammar N3 日语蓝宝书_N3 batch_04 needs_manual_review auto_completed
ce520b1576474974,N3,日语蓝宝书_N3,使えるようになった,使えるようになった,接续：使えるようになった。按原书条目和句中词形使用。,为了能...；像...一样,可表示目的、愿望、变化目标或比喻。,この文では（使えるようになった）の使い方を確認します。,这句话用于确认“使えるようになった”的用法。,同类或相近表达请结合原书相似语法页复习。,目的/样态,batch_04,日语蓝宝书_N3__part_04-27.png,body_heading,30,needs_manual_review,,jp_grammar N3 日语蓝宝书_N3 batch_04 needs_manual_review auto_completed
42d1541ebf0d1f06,N3,日语蓝宝书_N3,使えることになる,使えることになる,感情形容詞 + ことに,变成；结果是,表示由外部情况决定，或推导出的结果。,うれしい（ことに）、全員が合格した。,令人高兴的是，全员都合格了。,同类或相近表达请结合原书相似语法页复习。,结果/决定,batch_04,日语蓝宝书_N3__part_04-27.png,body_heading,30,needs_manual_review,,jp_grammar N3 日语蓝宝书_N3 batch_04 needs_manual_review auto_completed
de8c2f27bd693ea0,N3,日语蓝宝书_N3,取ってくることになっている,取ってくることになっている,感情形容詞 + ことに,规定；预定,表示规则、安排或社会习惯上已经决定。,うれしい（ことに）、全員が合格した。,令人高兴的是，全员都合格了。,同类或相近表达请结合原书相似语法页复习。,规定/安排,batch_04,日语蓝宝书_N3__part_04-27.png,body_heading,30,needs_manual_review,,jp_grammar N3 日语蓝宝书_N3 batch_04 needs_manual_review auto_completed
808d9ffef6557759,N3,日语蓝宝书_N3,遊んでばかりではいられない,遊んでばかりではいられない,普通形 + か,刚刚；光是,可表示动作刚完成，也可表示限定或偏向。,彼が来る（か）分かりません。,不知道他是否会来。,同类或相近表达请结合原书相似语法页复习。,时间/限定,batch_04,日语蓝宝书_N3__part_04-27.png,body_heading,30,needs_manual_review,,jp_grammar N3 日语蓝宝书_N3 batch_04 needs_manual_review auto_completed
2b2d3360a1d5832c,N3,日语蓝宝书_N3,遊ぶことになっている,遊ぶことになっている,感情形容詞 + ことに,规定；预定,表示规则、安排或社会习惯上已经决定。,うれしい（ことに）、全員が合格した。,令人高兴的是，全员都合格了。,同类或相近表达请结合原书相似语法页复习。,规定/安排,batch_04,日语蓝宝书_N3__part_04-27.png,body_heading,30,needs_manual_review,,jp_grammar N3 日语蓝宝书_N3 batch_04 needs_manual_review auto_completed
ad75ab660c5039bb,N3,日语蓝宝书_N3,なりながらも,なりながらも,動詞ます形 / い形容詞 / な形容詞語幹 + ながらも,虽然...但是,表示承认前项事实，同时后项出现与其相反或不相称的结果。,狭い（ながらも）、住みやすい部屋です。,虽然小，但是是个好住的房间。,同类或相近表达请结合原书相似语法页复习。,逆接,batch_04,日语蓝宝书_N3__part_04-27.png,body_heading,30,needs_manual_review,,jp_grammar N3 日语蓝宝书_N3 batch_04 needs_manual_review auto_completed
d4eaf24a6e2d6687,N3,日语蓝宝书_N3,悔やむことになった,悔やむことになった,感情形容詞 + ことに,令人...的是,表示说话人对后项事实的评价或感情。,うれしい（ことに）、全員が合格した。,令人高兴的是，全员都合格了。,同类或相近表达请结合原书相似语法页复习。,评价,batch_04,日语蓝宝书_N3__part_04-27.png,body_heading,30,auto_completed,,jp_grammar N3 日语蓝宝书_N3 batch_04 kept_needs_explanation auto_completed
54a30fc72f6cc7e3,N3,日语蓝宝书_N3,取りませんでしようか,取りませんでしようか,普通形 + か,是否；或者；疑问,表示疑问、不确定或选择。,彼が来る（か）分かりません。,不知道他是否会来。,同类或相近表达请结合原书相似语法页复习。,疑问/选择,batch_04,日语蓝宝书_N3__part_04-27.png,body_heading,30,auto_completed,,jp_grammar N3 日语蓝宝书_N3 batch_04 kept_needs_explanation auto_completed
438de6b4a093b735,N5/N4,日语蓝宝书N5N4,ても / でも,ても/でも,動詞て形 / い形容詞くて + も,即使...也,表示让步条件。,雨が降っ（ても）、行きます。,即使下雨也去。,同类或相近表达请结合原书相似语法页复习。,让步,batch_04,日语蓝宝书N5N4__part_04-01.png,body_heading,25,auto_completed,,jp_grammar N5_N4 日语蓝宝书N5N4 batch_04 kept_needs_explanation auto_completed
1039c2bf41ae4341,N5/N4,日语蓝宝书N5N4,ながら接功詞ます形 + ながら,ながら接功詞,ます形+ながら,一边...一边...,表示两个动作同时进行。,音楽を聞き（ながら）、勉強します。,一边听音乐一边学习。,同类或相近表达请结合原书相似语法页复习。,同时,batch_04,日语蓝宝书N5N4__part_04-03.png,body_heading,30,auto_completed,,jp_grammar N5_N4 日语蓝宝书N5N4 batch_04 kept_needs_explanation auto_completed
a8655a23929d8ace,N5/N4,日语蓝宝书N5N4,ながら ) 、 どこかへご,ながら)、どこかへご,動詞ます形 + ながら,一边...一边...,表示两个动作同时进行。,音楽を聞き（ながら）、勉強します。,一边听音乐一边学习。,同类或相近表达请结合原书相似语法页复习。,同时,batch_04,日语蓝宝书N5N4__part_04-06.png,body_heading,30,auto_completed,,jp_grammar N5_N4 日语蓝宝书N5N4 batch_04 kept_needs_explanation auto_completed
feeceb4177fed155,N5/N4,日语蓝宝书N5N4,ながら兄は会社で働き (,ながら兄は会社で働き(,動詞ます形 + ながら,一边...一边...,表示两个动作同时进行。,音楽を聞き（ながら）、勉強します。,一边听音乐一边学习。,同类或相近表达请结合原书相似语法页复习。,同时,batch_04,日语蓝宝书N5N4__part_04-06.png,body_heading,30,auto_completed,,jp_grammar N5_N4 日语蓝宝书N5N4 batch_04 kept_needs_explanation auto_completed
34edefa146ba7ed7,N5/N4,日语蓝宝书N5N4,この近くますが 、 やることが違います 。,この近くますが、やることが違います。,名詞 + が / 普通形 + が,但是；主语标记,可表示主语，也可连接前后相反或铺垫内容。,値段は高い（が）、品質はいい。,价格高，但是质量好。,同类或相近表达请结合原书相似语法页复习。,助词/逆接,batch_04,日语蓝宝书N5N4__part_04-07.png,body_heading,30,auto_completed,,jp_grammar N5_N4 日语蓝宝书N5N4 batch_04 kept_needs_explanation auto_completed
c76d989396e0e809,N5/N4,日语蓝宝书N5N4,ながら ☆,ながら ☆,動詞ます形 + ながら,一边...一边...,表示两个动作同时进行。,音楽を聞き（ながら）、勉強します。,一边听音乐一边学习。,同类或相近表达请结合原书相似语法页复习。,同时,batch_04,日语蓝宝书N5N4__part_04-07.png,body_heading,30,auto_completed,,jp_grammar N5_N4 日语蓝宝书N5N4 batch_04 kept_needs_explanation auto_completed
642293de75a623f0,N5/N4,日语蓝宝书N5N4,～ 月中午前中今月 - 中,～ 月中午前中今月 - 中,接续：～ 月中午前中今月 - 中。按原书条目和句中词形使用。,表示「月中午前中今月 - 中」这一语法形式或助词用法,用于练习「～ 月中午前中今月 - 中」在句中的形式和基本功能；具体语义需结合前后文判断。,この文では（月中午前中今月 - 中）の使い方を確認します。,这句话用于确认“～ 月中午前中今月 - 中”的用法。,同类或相近表达请结合原书相似语法页复习。,形式/用法,batch_04,日语蓝宝书N5N4__part_04-09.png,body_heading,50,auto_completed,,jp_grammar N5_N4 日语蓝宝书N5N4 batch_04 kept_needs_explanation auto_completed
51d7f474d824f98d,N5/N4,日语蓝宝书N5N4,"いつも △ 昨日 ・ は忙しくて 、 ほとんど寝なかった / 昨天太忙了 , 几乎没騰覚","いつも △ 昨日・は忙しくて、ほとんど寝なかった/昨天太忙了 , 几乎没騰覚",普通形 + か,是否；或者；疑问,表示疑问、不确定或选择。,彼が来る（か）分かりません。,不知道他是否会来。,同类或相近表达请结合原书相似语法页复习。,疑问/选择,batch_04,日语蓝宝书N5N4__part_04-10.png,body_heading,25,auto_completed,,jp_grammar N5_N4 日语蓝宝书N5N4 batch_04 kept_needs_explanation auto_completed
b541b6dfd0650b81,N5/N4,日语蓝宝书N5N4,二くらい一こうようけんが (,二くらい一こうようけんが(,名詞 + が / 普通形 + が,大约；程度到...,表示大致数量、程度，或举出极端程度。,値段は高い（が）、品質はいい。,价格高，但是质量好。,同类或相近表达请结合原书相似语法页复习。,程度,batch_04,日语蓝宝书N5N4__part_04-11.png,body_heading,30,needs_manual_review,,jp_grammar N5_N4 日语蓝宝书N5N4 batch_04 needs_manual_review auto_completed
ccf00ab23af671f6,N5/N4,日语蓝宝书N5N4,簡単ことしあめ今年は雨,簡単ことしあめ今年は雨,接续：簡単ことしあめ今年は雨。按原书条目和句中词形使用。,表示「簡単ことしあめ今年は雨」这一语法形式或助词用法,用于练习「簡単ことしあめ今年は雨」在句中的形式和基本功能；具体语义需结合前后文判断。,この文では（簡単ことしあめ今年は雨）の使い方を確認します。,这句话用于确认“簡単ことしあめ今年は雨”的用法。,同类或相近表达请结合原书相似语法页复习。,形式/用法,batch_04,日语蓝宝书N5N4__part_04-13.png,body_heading,30,auto_completed,,jp_grammar N5_N4 日语蓝宝书N5N4 batch_04 kept_needs_explanation auto_completed
75e8098b0162ab79,N5/N4,日语蓝宝书N5N4,ことでなに,ことでなに,接续：ことでなに。按原书条目和句中词形使用。,表示「ことでなに」这一语法形式或助词用法,用于练习「ことでなに」在句中的形式和基本功能；具体语义需结合前后文判断。,この文では（ことでなに）の使い方を確認します。,这句话用于确认“ことでなに”的用法。,同类或相近表达请结合原书相似语法页复习。,形式/用法,batch_04,日语蓝宝书N5N4__part_04-13.png,body_heading,30,auto_completed,,jp_grammar N5_N4 日语蓝宝书N5N4 batch_04 kept_needs_explanation auto_completed
64737791a2ebf264,N5/N4,日语蓝宝书N5N4,～ をくだ - ぎい,～ をくだ - ぎい,接续：～ をくだ - ぎい。按原书条目和句中词形使用。,表示「をくだ - ぎい」这一语法形式或助词用法,用于练习「～ をくだ - ぎい」在句中的形式和基本功能；具体语义需结合前后文判断。,この文では（をくだ - ぎい）の使い方を確認します。,这句话用于确认“～ をくだ - ぎい”的用法。,同类或相近表达请结合原书相似语法页复习。,形式/用法,batch_04,日语蓝宝书N5N4__part_04-15.png,body_heading,50,auto_completed,,jp_grammar N5_N4 日语蓝宝书N5N4 batch_04 kept_needs_explanation auto_completed
68c15ac87689dc2c,N5/N4,日语蓝宝书N5N4,～ ませんか接助詞ます形+ませんか,～ ませんか接助詞,ます形+ませんか,要不要...？,用于委婉邀请或提议。,彼が来る（か）分かりません。,不知道他是否会来。,同类或相近表达请结合原书相似语法页复习。,邀请,batch_04,日语蓝宝书N5N4__part_04-15.png,body_heading,50,auto_enriched,,jp_grammar N5_N4 日语蓝宝书N5N4 batch_04 auto_enriched auto_completed
5aab680a78ae20b3,N5/N4,日语蓝宝书N5N4,～ だろう / でしよう,～ だろう/でしよう,普通形 + だろう,大概...吧,表示推量。,明日は雨が降る（だろう）。,明天大概会下雨吧。,同类或相近表达请结合原书相似语法页复习。,推量,batch_04,日语蓝宝书N5N4__part_04-16.png,body_heading,65,auto_completed,,jp_grammar N5_N4 日语蓝宝书N5N4 batch_04 kept_needs_explanation auto_completed
51aa4163a5a26c68,N5/N4,日语蓝宝书N5N4,～ がほしい,～ がほしい,名詞 + が / 普通形 + が,但是；主语标记,可表示主语，也可连接前后相反或铺垫内容。,値段は高い（が）、品質はいい。,价格高，但是质量好。,同类或相近表达请结合原书相似语法页复习。,助词/逆接,batch_04,日语蓝宝书N5N4__part_04-16.png,body_heading,50,auto_completed,,jp_grammar N5_N4 日语蓝宝书N5N4 batch_04 kept_needs_explanation auto_completed
b22cc970688fb427,N5/N4,日语蓝宝书N5N4,～ にする / くする =,～ にする/くする =,名詞 + にする,决定...；使...成为,表示选择、决定，或人为改变状态。,昼ご飯はカレー（にする）。,午饭决定吃咖喱。,同类或相近表达请结合原书相似语法页复习。,决定/变化,batch_04,日语蓝宝书N5N4__part_04-17.png,body_heading,50,auto_completed,,jp_grammar N5_N4 日语蓝宝书N5N4 batch_04 kept_needs_explanation auto_completed
d74cfa988ab4a05e,N5/N4,日语蓝宝书N5N4,～ になる / くなる接ーな形容詞詞干 / 名詞+になる,～ になる/くなる接,名詞+になる,变成...,表示自然变化或结果。,春（になる）と、暖かくなる。,到了春天就变暖。,同类或相近表达请结合原书相似语法页复习。,变化,batch_04,日语蓝宝书N5N4__part_04-17.png,body_heading,50,auto_completed,,jp_grammar N5_N4 日语蓝宝书N5N4 batch_04 kept_needs_explanation auto_completed
7a07a5b0909d2185,N5/N4,日语蓝宝书N5N4,～ ている接動詞て形+いる,～ ている接,動詞て形+いる,正在...；处于...状态,表示动作进行、结果状态或习惯。,今、本を読ん（でいる）。,现在正在读书。,同类或相近表达请结合原书相似语法页复习。,状态/进行,batch_04,日语蓝宝书N5N4__part_04-17.png,body_heading,50,auto_completed,,jp_grammar N5_N4 日语蓝宝书N5N4 batch_04 kept_needs_explanation auto_completed
1ef180bfd0c55222,N5/N4,日语蓝宝书N5N4,～ が / は+他助詞て形+ある,～ が/は+他助詞,て形+ある,但是；主语标记,可表示主语，也可连接前后相反或铺垫内容。,値段は高い（が）、品質はいい。,价格高，但是质量好。,同类或相近表达请结合原书相似语法页复习。,助词/逆接,batch_04,日语蓝宝书N5N4__part_04-18.png,toc_or_heading,50,auto_completed,,jp_grammar N5_N4 日语蓝宝书N5N4 batch_04 kept_needs_explanation auto_completed
31d8e3fa2a883a9d,N5/N4,日语蓝宝书N5N4,～ ないで接助詞ない形+ないで,～ ないで接助詞,ない形+ないで,不...而...,表示不做前项而做后项。,傘を持た（ないで）、出かけた。,没带伞就出门了。,同类或相近表达请结合原书相似语法页复习。,否定/伴随,batch_04,日语蓝宝书N5N4__part_04-18.png,toc_or_heading,50,auto_completed,,jp_grammar N5_N4 日语蓝宝书N5N4 batch_04 kept_needs_explanation auto_completed
0085c7504c2a7837,N5/N4,日语蓝宝书N5N4,～ という ～ 接壤,～ 接壤,接续：～ 接壤。按原书条目和句中词形使用。,表示「接壤」这一语法形式或助词用法,用于练习「～ 接壤」在句中的形式和基本功能；具体语义需结合前后文判断。,この文では（接壤）の使い方を確認します。,这句话用于确认“～ 接壤”的用法。,同类或相近表达请结合原书相似语法页复习。,形式/用法,batch_04,日语蓝宝书N5N4__part_04-19.png,body_heading,50,auto_completed,,jp_grammar N5_N4 日语蓝宝书N5N4 batch_04 kept_needs_explanation auto_completed
6343fb7f355f4825,N5/N4,日语蓝宝书N5N4,～ 前に接錂吋詞名詞 / 名詞+の / 動詞体形+前 ( まえ ) に,～ 前に接錂時詞,動詞体形+前(まえ)に,在...之前,表示在前项动作或时间之前做后项。,この文では（前に接錂時詞）の使い方を確認します。,这句话用于确认“～ 前に接錂時詞”的用法。,同类或相近表达请结合原书相似语法页复习。,时间,batch_04,日语蓝宝书N5N4__part_04-19.png,body_heading,50,auto_enriched,,jp_grammar N5_N4 日语蓝宝书N5N4 batch_04 auto_enriched auto_completed
c772c24c19d6cab3,N5/N4,日语蓝宝书N5N4,～ とき接錂名詞+の / い形容詞基本形 / な形容詞詞干+な / 功詞連体形+とき,～ とき接錂,名詞+の/い形容詞基本形/な形容詞語幹+な/功詞連体形+とき,...的时候,表示动作或状态发生的时间。,この文では（とき接錂）の使い方を確認します。,这句话用于确认“～ とき接錂”的用法。,同类或相近表达请结合原书相似语法页复习。,时间,batch_04,日语蓝宝书N5N4__part_04-19.png,body_heading,50,auto_enriched,,jp_grammar N5_N4 日语蓝宝书N5N4 batch_04 auto_enriched auto_completed
4d7a144b447ec43d,Minna,大家的日语（第二版）初级2学习辅导书3A出版社,～ によって ※ 安藤百福,～ によって ※ 安藤百福,接续：～ によって ※ 安藤百福。按原书条目和句中词形使用。,由于；根据；通过,可表示原因、依据、手段或被动句的动作主体。,この文では（によって ※ 安藤百福）の使い方を確認します。,这句话用于确认“～ によって ※ 安藤百福”的用法。,同类或相近表达请结合原书相似语法页复习。,依据/原因/手段,batch_05,大家的日语（第二版）初级2学习辅导书3A出版社__part_05-01.png,body_heading,50,auto_enriched,,jp_grammar Minna 大家的日语_第二版_初级2学习辅导书3A出版社 batch_05 auto_enriched auto_completed
1f378503443be1bd,Minna,大家的日语（第二版）初级2学习辅导书3A出版社,～ みたいにしてください 。,～ みたいにしてください。,動詞ます形 + たい,请...,用于请求对方做某事。,日本へ行き（たい）です。,我想去日本。,同类或相近表达请结合原书相似语法页复习。,请求,batch_05,大家的日语（第二版）初级2学习辅导书3A出版社__part_05-09.png,body_heading,50,auto_enriched,,jp_grammar Minna 大家的日语_第二版_初级2学习辅导书3A出版社 batch_05 auto_enriched auto_completed
1bd98e27d4b0370b,Minna,大家的日语（第二版）初级2学习辅导书3A出版社,～ 得好述 、 更,～ 得好述、更,接续：～ 得好述、更。按原书条目和句中词形使用。,表示「得好述、更」这一语法形式或助词用法,用于练习「～ 得好述、更」在句中的形式和基本功能；具体语义需结合前后文判断。,この文では（得好述、更）の使い方を確認します。,这句话用于确认“～ 得好述、更”的用法。,同类或相近表达请结合原书相似语法页复习。,形式/用法,batch_05,大家的日语（第二版）初级2学习辅导书3A出版社__part_05-09.png,body_heading,50,auto_completed,,jp_grammar Minna 大家的日语_第二版_初级2学习辅导书3A出版社 batch_05 kept_needs_explanation auto_completed
a8b952d56b762abd,Minna,大家的日语（第二版）初级2学习辅导书3A出版社,～ 那儿半年正好 、 剛好,～ 那儿半年正好、剛好,接续：～ 那儿半年正好、剛好。按原书条目和句中词形使用。,表示「那儿半年正好、剛好」这一语法形式或助词用法,用于练习「～ 那儿半年正好、剛好」在句中的形式和基本功能；具体语义需结合前后文判断。,この文では（那儿半年正好、剛好）の使い方を確認します。,这句话用于确认“～ 那儿半年正好、剛好”的用法。,同类或相近表达请结合原书相似语法页复习。,形式/用法,batch_05,大家的日语（第二版）初级2学习辅导书3A出版社__part_05-16.png,body_heading,50,auto_completed,,jp_grammar Minna 大家的日语_第二版_初级2学习辅导书3A出版社 batch_05 kept_needs_explanation auto_completed
74c6c8390d2ec2c5,Minna,大家的日语（第二版）初级2学习辅导书3A出版社,～ のところはんとし,～ のところはんとし,普通形 + の,名词化；所属；说明,可表示所属、名词化，或替代前面提到的名词。,走る（の）が好きです。,我喜欢跑步。,同类或相近表达请结合原书相似语法页复习。,名词化/助词,batch_05,大家的日语（第二版）初级2学习辅导书3A出版社__part_05-16.png,body_heading,65,auto_completed,,jp_grammar Minna 大家的日语_第二版_初级2学习辅导书3A出版社 batch_05 kept_needs_explanation auto_completed
8ee0b97b663b7c37,Minna,大家的日语（第二版）初级2学习辅导书3A出版社,～ の所半年たった今,～ の所半年たった今,普通形 + の,名词化；所属；说明,可表示所属、名词化，或替代前面提到的名词。,走る（の）が好きです。,我喜欢跑步。,同类或相近表达请结合原书相似语法页复习。,名词化/助词,batch_05,大家的日语（第二版）初级2学习辅导书3A出版社__part_05-16.png,body_heading,50,auto_completed,,jp_grammar Minna 大家的日语_第二版_初级2学习辅导书3A出版社 batch_05 kept_needs_explanation auto_completed
b730301b8a6633fd,Minna,大家的日语（第二版）初级2学习辅导书3A出版社,～ によるとうしゃ,～ によるとうしゃ,接续：～ によるとうしゃ。按原书条目和句中词形使用。,据...说,表示信息来源。,この文では（によるとうしゃ）の使い方を確認します。,这句话用于确认“～ によるとうしゃ”的用法。,同类或相近表达请结合原书相似语法页复习。,信息来源,batch_05,大家的日语（第二版）初级2学习辅导书3A出版社__part_05-20.png,body_heading,50,auto_enriched,,jp_grammar Minna 大家的日语_第二版_初级2学习辅导书3A出版社 batch_05 auto_enriched auto_completed
34840b9ab550dcb2,N2,日语蓝宝书_N2,～ どころか動 / ナ形 / イ形の名詞修飾形 + どころか,～ どころか動/ナ形/イ形の,名詞修飾形+どころか,别说...就连；不但不...反而,表示实际情况与前项程度相差很大，常用于强调。,漢字（どころか）、ひらがなもまだ読めません。,别说汉字了，连平假名还读不了。,同类或相近表达请结合原书相似语法页复习。,递进/反差,batch_05,日语蓝宝书_N2__part_05-02.png,body_heading,60,auto_completed,,jp_grammar N2 日语蓝宝书_N2 batch_05 kept_needs_explanation auto_completed
f1dad224ff24ac3d,N2,日语蓝宝书_N2,～ どころではない / どころではなく動辞書形 ・ ている形 / 名 + どころではない,～ どころではない/どころではなく動,辞書形・ている形/名+どころではない,不是...的时候；哪能...,表示由于某种情况，根本没有余裕做前项。,この文では（どころではない）の使い方を確認します。,这句话用于确认“～ どころではない/どころではなく動”的用法。,同类或相近表达请结合原书相似语法页复习。,否定/状态,batch_05,日语蓝宝书_N2__part_05-02.png,body_heading,60,auto_enriched,,jp_grammar N2 日语蓝宝书_N2 batch_05 auto_enriched auto_completed
7081bf9bb9448341,N2,日语蓝宝书_N2,～ ところに / ところへ動辞書形 ・ た形 ・ ている形 + ところに / ところへ,～ ところに/ところへ動,辞書形・た形・ている形+ところに/ところへ,正在...的时候,表示某动作或状态发生的时间点，后项多为突然发生的事情。,この文では（ところに）の使い方を確認します。,这句话用于确认“～ ところに/ところへ動”的用法。,同类或相近表达请结合原书相似语法页复习。,时间,batch_05,日语蓝宝书_N2__part_05-03.png,body_heading,65,auto_enriched,,jp_grammar N2 日语蓝宝书_N2 batch_05 auto_enriched auto_completed
46bb5c9cd53f97f6,N2,日语蓝宝书_N2,～ ところを (,～ ところを(,動詞普通形 / い形容詞 / な形容詞な / 名詞の + ところを,在...的时候却；正当...之际,表示在某种场面下发生后项，多用于感谢、道歉或打扰。,お忙しい（ところを）、来てくださってありがとうございます。,您百忙之中前来，非常感谢。,同类或相近表达请结合原书相似语法页复习。,场面,batch_05,日语蓝宝书_N2__part_05-03.png,body_heading,65,auto_completed,,jp_grammar N2 日语蓝宝书_N2 batch_05 kept_needs_explanation auto_completed
dd013d7a25269257,N2,日语蓝宝书_N2,～ としか言いようがない,～ としか言いようがない,普通形 + か,只；仅,与否定搭配，表示数量或范围少。,彼が来る（か）分かりません。,不知道他是否会来。,同类或相近表达请结合原书相似语法页复习。,限定,batch_05,日语蓝宝书_N2__part_05-04.png,body_heading,65,auto_enriched,,jp_grammar N2 日语蓝宝书_N2 batch_05 auto_enriched auto_completed
e4ab01329e4ca5e9,N2,日语蓝宝书_N2,～ とともに動辞書形 / イ形 / 名 + とともにナ形語幹 / 名 + である + とともに,～ とともに動,辞書形/イ形/名+とともにナ形語幹/名+である+とともに,和...一起；随着...,可表示共同动作，也可表示两个变化同步发生。,私（も）行きます。,我也去。,同类或相近表达请结合原书相似语法页复习。,并列/变化,batch_05,日语蓝宝书_N2__part_05-05.png,body_heading,50,auto_enriched,,jp_grammar N2 日语蓝宝书_N2 batch_05 auto_enriched auto_completed
05ff4d814ccadc44,N2,日语蓝宝书_N2,ところが,ところが,名詞 + が / 普通形 + が,但是；主语标记,可表示主语，也可连接前后相反或铺垫内容。,値段は高い（が）、品質はいい。,价格高，但是质量好。,同类或相近表达请结合原书相似语法页复习。,助词/逆接,batch_05,日语蓝宝书_N2__part_05-07.png,body_heading,30,auto_completed,,jp_grammar N2 日语蓝宝书_N2 batch_05 kept_needs_explanation auto_completed
6df17b76a778d4fb,N2,日语蓝宝书_N2,ところに 「 ] 体が (,ところに「] 体が(,名詞 + が / 普通形 + が,正在...的时候,表示某动作或状态发生的时间点，后项多为突然发生的事情。,値段は高い（が）、品質はいい。,价格高，但是质量好。,同类或相近表达请结合原书相似语法页复习。,时间,batch_05,日语蓝宝书_N2__part_05-07.png,body_heading,30,needs_manual_review,,jp_grammar N2 日语蓝宝书_N2 batch_05 needs_manual_review auto_completed
1613a4966a3c9499,N2,日语蓝宝书_N2,言ってしようがなし,言ってしようがなし,名詞 + が / 普通形 + が,但是；主语标记,可表示主语，也可连接前后相反或铺垫内容。,値段は高い（が）、品質はいい。,价格高，但是质量好。,同类或相近表达请结合原书相似语法页复习。,助词/逆接,batch_05,日语蓝宝书_N2__part_05-07.png,body_heading,30,auto_completed,,jp_grammar N2 日语蓝宝书_N2 batch_05 kept_needs_explanation auto_completed
e7a57e26215282b0,N2,日语蓝宝书_N2,は幻その少年はところを 、 警察に捕まった 。,は幻その少年はところを、警察に捕まった。,動詞普通形 / い形容詞 / な形容詞な / 名詞の + ところを,在...的时候却；正当...之际,表示在某种场面下发生后项，多用于感谢、道歉或打扰。,お忙しい（ところを）、来てくださってありがとうございます。,您百忙之中前来，非常感谢。,同类或相近表达请结合原书相似语法页复习。,场面,batch_05,日语蓝宝书_N2__part_05-08.png,body_heading,30,auto_completed,,jp_grammar N2 日语蓝宝书_N2 batch_05 kept_needs_explanation auto_completed
381d7671d733e3ca,N2,日语蓝宝书_N2,ことではない [ 」 」 会社の経営不振で 、 昇給 (,ことではない [」」会社の経営不振で、昇給(,普通形 + の,名词化；所属；说明,可表示所属、名词化，或替代前面提到的名词。,走る（の）が好きです。,我喜欢跑步。,同类或相近表达请结合原书相似语法页复习。,名词化/助词,batch_05,日语蓝宝书_N2__part_05-09.png,body_heading,30,auto_completed,,jp_grammar N2 日语蓝宝书_N2 batch_05 kept_needs_explanation auto_completed
a719f96fd0c4ddbe,N2,日语蓝宝书_N2,ところを [ 回彼が,ところを [ 回彼が,動詞普通形 / い形容詞 / な形容詞な / 名詞の + ところを,在...的时候却；正当...之际,表示在某种场面下发生后项，多用于感谢、道歉或打扰。,お忙しい（ところを）、来てくださってありがとうございます。,您百忙之中前来，非常感谢。,同类或相近表达请结合原书相似语法页复习。,场面,batch_05,日语蓝宝书_N2__part_05-10.png,toc_or_heading,30,auto_completed,,jp_grammar N2 日语蓝宝书_N2 batch_05 kept_needs_explanation auto_completed
4ffc3376f9e6f509,N2,日语蓝宝书_N2,何しろ会社のためにしかならならいのだ,何しろ会社のためにしかならならいのだ,普通形 + のだ / んだ,为了；因为,表示目的，也可表示原因。,今日は学校へ行かない（んだ）。,今天不去学校。,同类或相近表达请结合原书相似语法页复习。,目的/原因,batch_05,日语蓝宝书_N2__part_05-11.png,body_heading,30,needs_manual_review,,jp_grammar N2 日语蓝宝书_N2 batch_05 needs_manual_review auto_completed
685434e8245d7d7e,N2,日语蓝宝书_N2,～ ないことはない / ないこともない,～ ないことはない/ないこともない,名詞 + も,没必要...,表示不需要做某事，用于安慰或建议。,私（も）行きます。,我也去。,同类或相近表达请结合原书相似语法页复习。,不必要,batch_05,日语蓝宝书_N2__part_05-12.png,body_heading,75,auto_enriched,,jp_grammar N2 日语蓝宝书_N2 batch_05 auto_enriched auto_completed
6c596f11f99752f4,N2,日语蓝宝书_N2,～ ないではない / ないでもない,～ ないではない/ないでもない,動詞ない形 + で,不...而...,表示不做前项而做后项。,傘を持た（ないで）、出かけた。,没带伞就出门了。,同类或相近表达请结合原书相似语法页复习。,否定/伴随,batch_05,日语蓝宝书_N2__part_05-12.png,body_heading,60,auto_completed,,jp_grammar N2 日语蓝宝书_N2 batch_05 kept_needs_explanation auto_completed
f71b4bbc03a0be91,N2,日语蓝宝书_N2,～ ながら ( も ),～ ながら(も),動詞ます形 + ながら,一边...一边...,表示两个动作同时进行。,音楽を聞き（ながら）、勉強します。,一边听音乐一边学习。,同类或相近表达请结合原书相似语法页复习。,同时,batch_05,日语蓝宝书_N2__part_05-13.png,toc_or_heading,65,auto_completed,,jp_grammar N2 日语蓝宝书_N2 batch_05 kept_needs_explanation auto_completed
1c083669b6997dda,N2,日语蓝宝书_N2,～ なくはない / なくもない,～ なくはない/なくもない,名詞 + も,也；连...都,表示同类追加或强调极端例子。,私（も）行きます。,我也去。,同类或相近表达请结合原书相似语法页复习。,助词/强调,batch_05,日语蓝宝书_N2__part_05-13.png,toc_or_heading,60,auto_completed,,jp_grammar N2 日语蓝宝书_N2 batch_05 kept_needs_explanation auto_completed
5a133bf28245e65c,N2,日语蓝宝书_N2,～ ならともかく,～ ならともかく,普通形 + か,是否；或者；疑问,表示疑问、不确定或选择。,彼が来る（か）分かりません。,不知道他是否会来。,同类或相近表达请结合原书相似语法页复习。,疑问/选择,batch_05,日语蓝宝书_N2__part_05-13.png,toc_or_heading,50,auto_completed,,jp_grammar N2 日语蓝宝书_N2 batch_05 kept_needs_explanation auto_completed
76c002163dbf10b2,N2,日语蓝宝书_N2,～ にあたって / にあたり動辞書形 / 名 + にあたって / にあたり,～ にあたって/にあたり動,辞書形/名+にあたって/にあたり,在...之际,表示在开始某个重要动作或阶段时。,この文では（にあたって）の使い方を確認します。,这句话用于确认“～ にあたって/にあたり動”的用法。,同类或相近表达请结合原书相似语法页复习。,场合,batch_05,日语蓝宝书_N2__part_05-14.png,body_heading,60,auto_enriched,,jp_grammar N2 日语蓝宝书_N2 batch_05 auto_enriched auto_completed
044d7103a51a71f3,N2,日语蓝宝书_N2,～ において / における名+において / における,～ において/における名+において/における,接续：～ において/における名+において/における。按原书条目和句中词形使用。,在...；于...,表示地点、领域、时间或场合，语气正式。,この文では（において）の使い方を確認します。,这句话用于确认“～ において/における名+において/における”的用法。,同类或相近表达请结合原书相似语法页复习。,范围/场合,batch_05,日语蓝宝书_N2__part_05-14.png,body_heading,60,auto_enriched,,jp_grammar N2 日语蓝宝书_N2 batch_05 auto_enriched auto_completed
311c5886b5f18c4e,N2,日语蓝宝书_N2,～ に応じて ( は ) / に応じ / に応じた名 + に応じて ( は ) / に応じ / に応じた,～ に応じて(は)/に応じ/に応じた名+に応じて(は)/に応じ/に応じた,接续：～ に応じて(は)/に応じ/に応じた名+に応じて(は)/に応じ/に応じた。按原书条目和句中词形使用。,根据...；随着...,表示后项随前项的情况、程度而变化。,この文では（に応じて(は)）の使い方を確認します。,这句话用于确认“～ に応じて(は)/に応じ/に応じた名+に応じて(は)/に応じ/に応じた”的用法。,同类或相近表达请结合原书相似语法页复习。,对应,batch_05,日语蓝宝书_N2__part_05-14.png,body_heading,60,auto_enriched,,jp_grammar N2 日语蓝宝书_N2 batch_05 auto_enriched auto_completed
06f0b4b06342b7c2,N2,日语蓝宝书_N2,～ に限って / に限り (,～ に限って/に限り(,接续：～ に限って/に限り(。按原书条目和句中词形使用。,偏偏；唯独,表示特别限定某对象，常带意外或责备语气。,この文では（に限って）の使い方を確認します。,这句话用于确认“～ に限って/に限り(”的用法。,同类或相近表达请结合原书相似语法页复习。,限定,batch_05,日语蓝宝书_N2__part_05-15.png,body_heading,60,auto_enriched,,jp_grammar N2 日语蓝宝书_N2 batch_05 auto_enriched auto_completed
2cb95da1a86f05c9,N2,日语蓝宝书_N2,～ に限り 」 用在句中中頓多,～ に限り」用在句中中頓多,接续：～ に限り」用在句中中頓多。按原书条目和句中词形使用。,只要；据...范围,可表示条件范围、持续范围或根据某信息判断。,この文では（に限り」用在句中中頓多）の使い方を確認します。,这句话用于确认“～ に限り」用在句中中頓多”的用法。,同类或相近表达请结合原书相似语法页复习。,范围/条件,batch_05,日语蓝宝书_N2__part_05-16.png,body_heading,50,auto_enriched,,jp_grammar N2 日语蓝宝书_N2 batch_05 auto_enriched auto_completed
96fedcc727e6e069,N2,日语蓝宝书_N2,ということだ ) 、 才能のある人を募します 。,ということだ)、才能のある人を募します。,普通形 + ということ,应该...；最好...,用于提出忠告或说明重要做法。,彼が来ない（ということ）は、忙しいのだろう。,他不来这件事，说明大概很忙吧。,同类或相近表达请结合原书相似语法页复习。,建议,batch_05,日语蓝宝书_N2__part_05-17.png,body_heading,30,needs_manual_review,,jp_grammar N2 日语蓝宝书_N2 batch_05 needs_manual_review auto_completed
170a7b28f3c7e71f,N2,日语蓝宝书_N2,ところだ次第で,ところだ次第で,接续：ところだ次第で。按原书条目和句中词形使用。,一...就；取决于,可表示前项一完成就做后项，也可表示事情取决于某条件。,この文では（ところだ次第で）の使い方を確認します。,这句话用于确认“ところだ次第で”的用法。,同类或相近表达请结合原书相似语法页复习。,时间/条件,batch_05,日语蓝宝书_N2__part_05-17.png,body_heading,30,needs_manual_review,,jp_grammar N2 日语蓝宝书_N2 batch_05 needs_manual_review auto_completed
3dbe959979865aaf,N2,日语蓝宝书_N2,行きたくないにゆうじよう,行きたくないにゆうじよう,接续：行きたくないにゆうじよう。按原书条目和句中词形使用。,表示「行きたくないにゆうじよう」这一语法形式或助词用法,用于练习「行きたくないにゆうじよう」在句中的形式和基本功能；具体语义需结合前后文判断。,この文では（行きたくないにゆうじよう）の使い方を確認します。,这句话用于确认“行きたくないにゆうじよう”的用法。,同类或相近表达请结合原书相似语法页复习。,形式/用法,batch_05,日语蓝宝书_N2__part_05-17.png,body_heading,30,auto_completed,,jp_grammar N2 日语蓝宝书_N2 batch_05 kept_needs_explanation auto_completed
f6d2f4596ab5d43c,N2,日语蓝宝书_N2,許すことはない 「 こ ] 今度の大会はボーリングの上手下手,許すことはない「こ ] 今度の大会はボーリングの上手下手,普通形 + の,没必要...,表示不需要做某事，用于安慰或建议。,走る（の）が好きです。,我喜欢跑步。,同类或相近表达请结合原书相似语法页复习。,不必要,batch_05,日语蓝宝书_N2__part_05-19.png,body_heading,30,needs_manual_review,,jp_grammar N2 日语蓝宝书_N2 batch_05 needs_manual_review auto_completed
98831a76220be3df,N2,日语蓝宝书_N2,読めることはない,読めることはない,接续：読めることはない。按原书条目和句中词形使用。,没必要...,表示不需要做某事，用于安慰或建议。,この文では（読めることはない）の使い方を確認します。,这句话用于确认“読めることはない”的用法。,同类或相近表达请结合原书相似语法页复习。,不必要,batch_05,日语蓝宝书_N2__part_05-19.png,body_heading,30,needs_manual_review,,jp_grammar N2 日语蓝宝书_N2 batch_05 needs_manual_review auto_completed
d374e07a764f85a2,N2,日语蓝宝书_N2,読んでばかりはいられない,読んでばかりはいられない,普通形 + か,刚刚；光是,可表示动作刚完成，也可表示限定或偏向。,彼が来る（か）分かりません。,不知道他是否会来。,同类或相近表达请结合原书相似语法页复习。,时间/限定,batch_05,日语蓝宝书_N2__part_05-19.png,body_heading,30,needs_manual_review,,jp_grammar N2 日语蓝宝书_N2 batch_05 needs_manual_review auto_completed
d3790941926b3479,N2,日语蓝宝书_N2,遅刻するはずがない,遅刻するはずがない,名詞 + が / 普通形 + が,按理应该,根据已知事实推断某事理应如此。,値段は高い（が）、品質はいい。,价格高，但是质量好。,同类或相近表达请结合原书相似语法页复习。,推量,batch_05,日语蓝宝书_N2__part_05-19.png,body_heading,30,needs_manual_review,,jp_grammar N2 日语蓝宝书_N2 batch_05 needs_manual_review auto_completed
26cf256a3886c138,N2,日语蓝宝书_N2,ことから,ことから,名詞 / 普通形 + とか,...啦...啦；听说...,口语中用于列举，或表示传闻。,週末は映画（とか）買い物（とか）をします。,周末看电影啦购物啦。,同类或相近表达请结合原书相似语法页复习。,列举/传闻,batch_05,日语蓝宝书_N2__part_05-19.png,body_heading,30,auto_completed,,jp_grammar N2 日语蓝宝书_N2 batch_05 kept_needs_explanation auto_completed
97cb0bd0c3cf79f7,N2,日语蓝宝书_N2,耳に障害をしようがい,耳に障害をしようがい,名詞 + が / 普通形 + が,但是；主语标记,可表示主语，也可连接前后相反或铺垫内容。,値段は高い（が）、品質はいい。,价格高，但是质量好。,同类或相近表达请结合原书相似语法页复习。,助词/逆接,batch_05,日语蓝宝书_N2__part_05-20.png,toc_or_heading,30,auto_completed,,jp_grammar N2 日语蓝宝书_N2 batch_05 kept_needs_explanation auto_completed
faae664e586e3d77,N2,日语蓝宝书_N2,ことができる 。,ことができる。,動詞辞書形 + ことができる,能够...,表示能力或客观可能。,日本語でメールを書く（ことができる）。,能够用日语写邮件。,同类或相近表达请结合原书相似语法页复习。,可能,batch_05,日语蓝宝书_N2__part_05-20.png,toc_or_heading,30,auto_completed,,jp_grammar N2 日语蓝宝书_N2 batch_05 kept_needs_explanation auto_completed
0bfe26beaffc4918,N2,日语蓝宝书_N2,当然ながら最初に電話をかけなければならな,当然ながら最初に電話をかけなければならな,動詞ます形 + ながら,一边...一边...,表示两个动作同时进行。,音楽を聞き（ながら）、勉強します。,一边听音乐一边学习。,同类或相近表达请结合原书相似语法页复习。,同时,batch_05,日语蓝宝书_N2__part_05-20.png,toc_or_heading,30,auto_completed,,jp_grammar N2 日语蓝宝书_N2 batch_05 kept_needs_explanation auto_completed
d33f9fac173ef96b,N2,日语蓝宝书_N2,～ に限る動辞書形 ・ ない形ーない / 名 + に限る,～ に限る動,辞書形・ない形ない/名+に限る,表示「に限る動」这一语法形式或助词用法,用于练习「～ に限る動」在句中的形式和基本功能；具体语义需结合前后文判断。,この文では（に限る動）の使い方を確認します。,这句话用于确认“～ に限る動”的用法。,同类或相近表达请结合原书相似语法页复习。,形式/用法,batch_05,日语蓝宝书_N2__part_05-22.png,body_heading,50,auto_completed,,jp_grammar N2 日语蓝宝书_N2 batch_05 kept_needs_explanation auto_completed
d0751bee4fb26077,N2,日语蓝宝书_N2,～ にかけては / にかけても △ 値段は別として 、 味の良さにかけては 、 このレストランが一番だ 。 【 2007年真題 】 /,～ にかけては/にかけても △ 値段は別として、味の良さにかけては、このレストランが一番だ。/,名詞 + は別として,在...方面,表示在某方面特别优秀、突出或值得评价。,値段（は別として）、品質はとてもいい。,价格暂且不论，质量很好。,同类或相近表达请结合原书相似语法页复习。,范围/评价,batch_05,日语蓝宝书_N2__part_05-22.png,body_heading,30,needs_manual_review,,jp_grammar N2 日语蓝宝书_N2 batch_05 needs_manual_review auto_completed
a22f7e0a39ddd1ea,N2,日语蓝宝书_N2,～ にまっている,～ にまっている,動詞て形 + いる,正在...；处于...状态,表示动作进行、结果状态或习惯。,今、本を読ん（でいる）。,现在正在读书。,同类或相近表达请结合原书相似语法页复习。,状态/进行,batch_05,日语蓝宝书_N2__part_05-22.png,body_heading,50,auto_completed,,jp_grammar N2 日语蓝宝书_N2 batch_05 kept_needs_explanation auto_completed
14cde74046f76cbf,N2,日语蓝宝书_N2,～ に加えて / に加え,～ に加えて/に加え,接续：～ に加えて/に加え。按原书条目和句中词形使用。,表示「に加えて」这一语法形式或助词用法,用于练习「～ に加えて/に加え」在句中的形式和基本功能；具体语义需结合前后文判断。,この文では（に加えて）の使い方を確認します。,这句话用于确认“～ に加えて/に加え”的用法。,同类或相近表达请结合原书相似语法页复习。,形式/用法,batch_05,日语蓝宝书_N2__part_05-23.png,body_heading,60,auto_completed,,jp_grammar N2 日语蓝宝书_N2 batch_05 kept_needs_explanation auto_completed
6159c3429ab01317,N2,日语蓝宝书_N2,～ に越したことはない,～ に越したことはない,接续：～ に越したことはない。按原书条目和句中词形使用。,没必要...,表示不需要做某事，用于安慰或建议。,この文では（に越したことはない）の使い方を確認します。,这句话用于确认“～ に越したことはない”的用法。,同类或相近表达请结合原书相似语法页复习。,不必要,batch_05,日语蓝宝书_N2__part_05-23.png,body_heading,65,auto_enriched,,jp_grammar N2 日语蓝宝书_N2 batch_05 auto_enriched auto_completed
ab9ddff0e440ce37,N2,日语蓝宝书_N2,～ に応えて / に応え名+に応えて / に応え,～ に応えて/に応え名+に応えて/に応え,接续：～ に応えて/に応え名+に応えて/に応え。按原书条目和句中词形使用。,表示「に応えて」这一语法形式或助词用法,用于练习「～ に応えて/に応え名+に応えて/に応え」在句中的形式和基本功能；具体语义需结合前后文判断。,この文では（に応えて）の使い方を確認します。,这句话用于确认“～ に応えて/に応え名+に応えて/に応え”的用法。,同类或相近表达请结合原书相似语法页复习。,形式/用法,batch_05,日语蓝宝书_N2__part_05-23.png,body_heading,60,auto_completed,,jp_grammar N2 日语蓝宝书_N2 batch_05 kept_needs_explanation auto_completed
ea95890458a1083f,N2,日语蓝宝书_N2,～ に際して / に際し / に際しての動辞書形 / 名 + に際して / に際し / に際しての,～ に際して/に際し/に際しての動,辞書形/名+に際して/に際し/に際しての,在...的时候；借...之际,表示某个特殊时间或场合，语气较正式。,走る（の）が好きです。,我喜欢跑步。,同类或相近表达请结合原书相似语法页复习。,时间/场合,batch_05,日语蓝宝书_N2__part_05-24.png,body_heading,60,auto_enriched,,jp_grammar N2 日语蓝宝书_N2 batch_05 auto_enriched auto_completed
d3229adca87235bd,N2,日语蓝宝书_N2,～ に先立って / に先立ち名 + に先立って / に先立ち,～ に先立って/に先立ち名+に先立って/に先立ち,名詞 / 動詞辞書形 + に先立って,在...之前；先于...,表示在重要事情开始之前先做某事。,出発（に先立って）、資料を確認した。,出发之前确认了资料。,同类或相近表达请结合原书相似语法页复习。,时间/准备,batch_05,日语蓝宝书_N2__part_05-24.png,body_heading,60,auto_completed,,jp_grammar N2 日语蓝宝书_N2 batch_05 kept_needs_explanation auto_completed
edce3fb0a728b24c,N2,日语蓝宝书_N2,～ にしたら / にすれば一にしても,～ にしたら/にすれば一にしても,動詞て形 / い形容詞くて + も,即使...也,表示让步条件。,雨が降っ（ても）、行きます。,即使下雨也去。,同类或相近表达请结合原书相似语法页复习。,让步,batch_05,日语蓝宝书_N2__part_05-25.png,body_heading,60,auto_completed,,jp_grammar N2 日语蓝宝书_N2 batch_05 kept_needs_explanation auto_completed
f2a237dbc0e0ca2e,N2,日语蓝宝书_N2,) 、 お客さんに満足してもらうことが何よりだ 。,お客さんに満足してもらうことが何よりだ。,名詞 + が / 普通形 + が,但是；主语标记,可表示主语，也可连接前后相反或铺垫内容。,値段は高い（が）、品質はいい。,价格高，但是质量好。,同类或相近表达请结合原书相似语法页复习。,助词/逆接,batch_05,日语蓝宝书_N2__part_05-26.png,body_heading,30,auto_completed,,jp_grammar N2 日语蓝宝书_N2 batch_05 kept_needs_explanation auto_completed
a66b6ad32f28ba95,N3,日语蓝宝书_N3,～ てみるえいが △ その映画はとてもおもしろいので 、 一度見てみてください 。 【 2005年真題 】 / 那部屯,～ てみるえいが △ その映画はとてもおもしろいので、一度見てみてください。/那部屯,動詞て形 + みる,请...,用于请求对方做某事。,新しい方法を試し（てみる）。,试试新的方法。,同类或相近表达请结合原书相似语法页复习。,请求,batch_05,日语蓝宝书_N3__part_05-02.png,body_heading,30,needs_manual_review,,jp_grammar N3 日语蓝宝书_N3 batch_05 needs_manual_review auto_completed
b7c2aa6ac55347df,N3,日语蓝宝书_N3,～ ても / でも 「 ～ か / ～ かどうか ( 是否 ) 」 一起使用 。 △ ーロ食べてみなさい 。 / 竹吃ーロ弑試看 。,～ ても/でも「～ か,普通形 + か,是否；或者；疑问,表示疑问、不确定或选择。,彼が来る（か）分かりません。,不知道他是否会来。,同类或相近表达请结合原书相似语法页复习。,疑问/选择,batch_05,日语蓝宝书_N3__part_05-02.png,body_heading,60,auto_completed,,jp_grammar N3 日语蓝宝书_N3 batch_05 kept_needs_explanation auto_completed
c79ded4b164a6595,N3,日语蓝宝书_N3,～ ても / でも 「 ～ か / ～ かどうか ( 是否 ) 」 一起使用 。 △ ーロ食べてみなさい 。 / 竹吃ーロ弑試看 。,～ かどうか(是否)」一起使用。△ ーロ食べてみなさい。/竹吃ーロ弑試看。,普通形 + か,是否...,表示不确定，需要确认是还是不是。,彼が来る（か）分かりません。,不知道他是否会来。,同类或相近表达请结合原书相似语法页复习。,疑问,batch_05,日语蓝宝书_N3__part_05-02.png,body_heading,30,needs_manual_review,,jp_grammar N3 日语蓝宝书_N3 batch_05 needs_manual_review auto_completed
230edbe505e96ea2,N3,日语蓝宝书_N3,～ てもかまわない,～ てもかまわない,動詞て形 + もかまわない,...也没关系,表示许可或不介意。,少し遅れ（てもかまわない）。,稍微迟到也没关系。,同类或相近表达请结合原书相似语法页复习。,许可,batch_05,日语蓝宝书_N3__part_05-03.png,body_heading,50,auto_completed,,jp_grammar N3 日语蓝宝书_N3 batch_05 kept_needs_explanation auto_completed
216754d689959541,N3,日语蓝宝书_N3,～ ても始まらない,～ ても始まらない,動詞て形 / い形容詞くて + も,即使...也,表示让步条件。,雨が降っ（ても）、行きます。,即使下雨也去。,同类或相近表达请结合原书相似语法页复习。,让步,batch_05,日语蓝宝书_N3__part_05-04.png,body_heading,50,auto_completed,,jp_grammar N3 日语蓝宝书_N3 batch_05 kept_needs_explanation auto_completed
838224cb814403c3,N3,日语蓝宝书_N3,～ てもらう / ていただく,～ てもらう/ていただく,動詞て形 / い形容詞くて + も,即使...也,表示让步条件。,雨が降っ（ても）、行きます。,即使下雨也去。,同类或相近表达请结合原书相似语法页复习。,让步,batch_05,日语蓝宝书_N3__part_05-04.png,body_heading,60,auto_completed,,jp_grammar N3 日语蓝宝书_N3 batch_05 kept_needs_explanation auto_completed
dc72bc53d8fbd105,N3,日语蓝宝书_N3,～ てよかった如 : △ 大学から願書を送ってもらいました 。 / 社光学寄申箭事来 。,～ てよかった如:△ 大学から願書を送ってもらいました。/社光学寄申箭事来。,普通形 + か,是否；或者；疑问,表示疑问、不确定或选择。,彼が来る（か）分かりません。,不知道他是否会来。,同类或相近表达请结合原书相似语法页复习。,疑问/选择,batch_05,日语蓝宝书_N3__part_05-05.png,body_heading,30,auto_completed,,jp_grammar N3 日语蓝宝书_N3 batch_05 kept_needs_explanation auto_completed
446453132ca58fb0,N3,日语蓝宝书_N3,～ という,～ という,名詞 + という,叫作...；据说...,可表示名称、引用或传闻。,田中さん（という）人から電話がありました。,有个叫田中的人打来了电话。,同类或相近表达请结合原书相似语法页复习。,引用/名称,batch_05,日语蓝宝书_N3__part_05-06.png,toc_or_heading,50,auto_completed,,jp_grammar N3 日语蓝宝书_N3 batch_05 kept_needs_explanation auto_completed
1d09bb13acae80db,N3,日语蓝宝书_N3,～ ということ . 用 「 ～ っていう 」,～ ということ . 用「～ っていう」,普通形 + ということ,也就是说；...这件事,用于概括前文内容或说明结论。,彼が来ない（ということ）は、忙しいのだろう。,他不来这件事，说明大概很忙吧。,同类或相近表达请结合原书相似语法页复习。,说明/概括,batch_05,日语蓝宝书_N3__part_05-07.png,body_heading,65,auto_completed,,jp_grammar N3 日语蓝宝书_N3 batch_05 kept_needs_explanation auto_completed
a710aa6131582b38,N3,日语蓝宝书_N3,ておいた [ : : こ ] きよう 、 山田さんに会え (,ておいた きよう、山田さんに会え(,接续：ておいた きよう、山田さんに会え(。按原书条目和句中词形使用。,表示「ておいた きよう、山田さんに会え(」这一语法形式或助词用法,用于练习「ておいた きよう、山田さんに会え(」在句中的形式和基本功能；具体语义需结合前后文判断。,この文では（ておいた きよう、山田さんに会え(）の使い方を確認します。,这句话用于确认“ておいた きよう、山田さんに会え(”的用法。,同类或相近表达请结合原书相似语法页复习。,形式/用法,batch_05,日语蓝宝书_N3__part_05-08.png,body_heading,30,auto_completed,,jp_grammar N3 日语蓝宝书_N3 batch_05 kept_needs_explanation auto_completed
f6545978247c10bf,N3,日语蓝宝书_N3,使いながらつ力,使いながらつ力,動詞ます形 + ながら,一边...一边...,表示两个动作同时进行。,音楽を聞き（ながら）、勉強します。,一边听音乐一边学习。,同类或相近表达请结合原书相似语法页复习。,同时,batch_05,日语蓝宝书_N3__part_05-08.png,body_heading,30,auto_completed,,jp_grammar N3 日语蓝宝书_N3 batch_05 kept_needs_explanation auto_completed
1da70e5e68ffe746,N3,日语蓝宝书_N3,使うぐらい ) 小説を読んだことがありますか 。,使うぐらい)小説を読んだことがありますか。,普通形 + んだ,说明原因/强调判断,「のだ」的口语形式，用于说明背景或理由。,実は、少し熱がある（んだ）。,其实有点发烧。,同类或相近表达请结合原书相似语法页复习。,说明,batch_05,日语蓝宝书_N3__part_05-08.png,body_heading,30,auto_completed,,jp_grammar N3 日语蓝宝书_N3 batch_05 kept_needs_explanation auto_completed
6ffe4e26a590c2eb,N3,日语蓝宝书_N3,というものし ) をみんな知っている 。,というものし)をみんな知っている。,動詞て形 + いる,正在...；处于...状态,表示动作进行、结果状态或习惯。,今、本を読ん（でいる）。,现在正在读书。,同类或相近表达请结合原书相似语法页复习。,状态/进行,batch_05,日语蓝宝书_N3__part_05-08.png,body_heading,30,auto_completed,,jp_grammar N3 日语蓝宝书_N3 batch_05 kept_needs_explanation auto_completed
8a2f579b15dfc32a,N3,日语蓝宝书_N3,ので ) あげましようか 。,ので)あげましようか。,普通形 + か,因为...,表示原因理由，语气比から更客观、柔和。,彼が来る（か）分かりません。,不知道他是否会来。,同类或相近表达请结合原书相似语法页复习。,原因,batch_05,日语蓝宝书_N3__part_05-10.png,body_heading,30,needs_manual_review,,jp_grammar N3 日语蓝宝书_N3 batch_05 needs_manual_review auto_completed
a8323189b6e341bc,N3,日语蓝宝书_N3,言えるはずだ,言えるはずだ,接续：言えるはずだ。按原书条目和句中词形使用。,按理应该,根据已知事实推断某事理应如此。,この文では（言えるはずだ）の使い方を確認します。,这句话用于确认“言えるはずだ”的用法。,同类或相近表达请结合原书相似语法页复习。,推量,batch_05,日语蓝宝书_N3__part_05-10.png,body_heading,30,needs_manual_review,,jp_grammar N3 日语蓝宝书_N3 batch_05 needs_manual_review auto_completed
25ee689ccf024576,N3,日语蓝宝书_N3,聞くように言うき,聞くように言うき,接续：聞くように言うき。按原书条目和句中词形使用。,为了能...；像...一样,可表示目的、愿望、变化目标或比喻。,この文では（聞くように言うき）の使い方を確認します。,这句话用于确认“聞くように言うき”的用法。,同类或相近表达请结合原书相似语法页复习。,目的/样态,batch_05,日语蓝宝书_N3__part_05-10.png,body_heading,30,needs_manual_review,,jp_grammar N3 日语蓝宝书_N3 batch_05 needs_manual_review auto_completed
ad2dbebfc7a192ac,N3,日语蓝宝书_N3,ということは,ということは,普通形 + ということ,也就是说；...这件事,用于概括前文内容或说明结论。,彼が来ない（ということ）は、忙しいのだろう。,他不来这件事，说明大概很忙吧。,同类或相近表达请结合原书相似语法页复习。,说明/概括,batch_05,日语蓝宝书_N3__part_05-12.png,body_heading,30,auto_completed,,jp_grammar N3 日语蓝宝书_N3 batch_05 kept_needs_explanation auto_completed
95610bf1cfa74e14,N3,日语蓝宝书_N3,ことになりますことができます,ことになりますことができます,感情形容詞 + ことに,令人...的是,表示说话人对后项事实的评价或感情。,うれしい（ことに）、全員が合格した。,令人高兴的是，全员都合格了。,同类或相近表达请结合原书相似语法页复习。,评价,batch_05,日语蓝宝书_N3__part_05-12.png,body_heading,30,auto_completed,,jp_grammar N3 日语蓝宝书_N3 batch_05 kept_needs_explanation auto_completed
5e079361bea23fad,N3,日语蓝宝书_N3,ことばがわかったりする,ことばがわかったりする,普通形 + か,是否；或者；疑问,表示疑问、不确定或选择。,彼が来る（か）分かりません。,不知道他是否会来。,同类或相近表达请结合原书相似语法页复习。,疑问/选择,batch_05,日语蓝宝书_N3__part_05-12.png,body_heading,30,auto_completed,,jp_grammar N3 日语蓝宝书_N3 batch_05 kept_needs_explanation auto_completed
10343b1d7a41de63,N3,日语蓝宝书_N3,～ ということた ～ によると / の話では+句子的普通形+ということだ,～ ということた,普通形+ということだ,也就是说；...这件事,用于概括前文内容或说明结论。,彼が来ない（ということ）は、忙しいのだろう。,他不来这件事，说明大概很忙吧。,同类或相近表达请结合原书相似语法页复习。,说明/概括,batch_05,日语蓝宝书_N3__part_05-13.png,body_heading,65,auto_completed,,jp_grammar N3 日语蓝宝书_N3 batch_05 kept_needs_explanation auto_completed
bdcea7a6208973ad,N3,日语蓝宝书_N3,～ ということた ～ によると / の話では+句子的普通形+ということだ,～ によると/の話では+句子的,普通形+ということだ,据...说,表示信息来源。,走る（の）が好きです。,我喜欢跑步。,同类或相近表达请结合原书相似语法页复习。,信息来源,batch_05,日语蓝宝书_N3__part_05-13.png,body_heading,50,auto_enriched,,jp_grammar N3 日语蓝宝书_N3 batch_05 auto_enriched auto_completed
d5cd1263549fc6d1,N3,日语蓝宝书_N3,～ とし 、 う ～ というと / といえば / といったら名 - 詞+というと / といえば,～ とし、う,接续：～ とし、う。按原书条目和句中词形使用。,表示「とし、う」这一语法形式或助词用法,用于练习「～ とし、う」在句中的形式和基本功能；具体语义需结合前后文判断。,この文では（とし、う）の使い方を確認します。,这句话用于确认“～ とし、う”的用法。,同类或相近表达请结合原书相似语法页复习。,形式/用法,batch_05,日语蓝宝书_N3__part_05-13.png,body_heading,50,auto_completed,,jp_grammar N3 日语蓝宝书_N3 batch_05 kept_needs_explanation auto_completed
ea7bea555881f3fb,N3,日语蓝宝书_N3,～ とし 、 う ～ というと / といえば / といったら名 - 詞+というと / といえば,～ というと/といえば/といったら名 - 詞+というと/といえば,名詞 + という,说起...；要说...真是,用于提出话题，或强调程度之高。,田中さん（という）人から電話がありました。,有个叫田中的人打来了电话。,同类或相近表达请结合原书相似语法页复习。,话题/强调,batch_05,日语蓝宝书_N3__part_05-13.png,body_heading,60,auto_enriched,,jp_grammar N3 日语蓝宝书_N3 batch_05 auto_enriched auto_completed
be9737f57c26c924,N3,日语蓝宝书_N3,～ というのは / とは,～ というのは/とは,名詞 + という,叫作...；据说...,可表示名称、引用或传闻。,田中さん（という）人から電話がありました。,有个叫田中的人打来了电话。,同类或相近表达请结合原书相似语法页复习。,引用/名称,batch_05,日语蓝宝书_N3__part_05-14.png,body_heading,50,auto_completed,,jp_grammar N3 日语蓝宝书_N3 batch_05 kept_needs_explanation auto_completed
8d197063f3626d8b,N3,日语蓝宝书_N3,～ といっても動詞普通形 / い形容詞普通形+といってもな形容i詞 ・ 詞干 / 名詞+といっても,～ といっても,動詞普通形/い形容詞普通形+といってもな形容詞・語幹/名詞+といっても,虽说...但其实...,对前项表达进行补充限定，说明程度并没有想象中那么高。,雨が降っ（ても）、行きます。,即使下雨也去。,同类或相近表达请结合原书相似语法页复习。,让步/限定,batch_05,日语蓝宝书_N3__part_05-15.png,body_heading,50,auto_enriched,,jp_grammar N3 日语蓝宝书_N3 batch_05 auto_enriched auto_completed
89b70195b5f5a1ac,N3,日语蓝宝书_N3,～ としたら / とすれは句子的普通形+としたら / とすれば,～ としたら/とすれは句子的,普通形+としたら/とすれば,如果...的话,表示假定条件。,この文では（としたら）の使い方を確認します。,这句话用于确认“～ としたら/とすれは句子的”的用法。,同类或相近表达请结合原书相似语法页复习。,假定,batch_05,日语蓝宝书_N3__part_05-17.png,body_heading,60,auto_enriched,,jp_grammar N3 日语蓝宝书_N3 batch_05 auto_enriched auto_completed
b75ba0ee3503435f,N3,日语蓝宝书_N3,とおりの [ プ ] 田中さんから電話があって 、 きようは来られない (,とおりの 田中さんから電話があって、きようは来られない(,普通形 + か,按照...；如...那样,表示后项按照前项所示的内容、方法或状态进行。,彼が来る（か）分かりません。,不知道他是否会来。,同类或相近表达请结合原书相似语法页复习。,依据,batch_05,日语蓝宝书_N3__part_05-18.png,body_heading,30,needs_manual_review,,jp_grammar N3 日语蓝宝书_N3 batch_05 needs_manual_review auto_completed
be0c88276ce006dc,N3,日语蓝宝书_N3,とともにきようと,とともにきようと,名詞 + も,和...一起；随着...,可表示共同动作，也可表示两个变化同步发生。,私（も）行きます。,我也去。,同类或相近表达请结合原书相似语法页复习。,并列/变化,batch_05,日语蓝宝书_N3__part_05-18.png,body_heading,30,needs_manual_review,,jp_grammar N3 日语蓝宝书_N3 batch_05 needs_manual_review auto_completed
0ed1056570d1762a,N3,日语蓝宝书_N3,) は 、 短いものだ,は、短いものだ,普通形 + のだ / んだ,说明原因/强调判断,用于说明背景、理由或强调说话人的判断。,今日は学校へ行かない（んだ）。,今天不去学校。,同类或相近表达请结合原书相似语法页复习。,说明,batch_05,日语蓝宝书_N3__part_05-18.png,body_heading,30,auto_completed,,jp_grammar N3 日语蓝宝书_N3 batch_05 kept_needs_explanation auto_completed
0e658214503154da,N3,日语蓝宝书_N3,どおりだほどものは,どおりだほどものは,普通形 + の,程度；越...越...,表示程度、比较基准或递进变化。,走る（の）が好きです。,我喜欢跑步。,同类或相近表达请结合原书相似语法页复习。,程度/比较,batch_05,日语蓝宝书_N3__part_05-18.png,body_heading,30,needs_manual_review,,jp_grammar N3 日语蓝宝书_N3 batch_05 needs_manual_review auto_completed
54846b49ff0f749b,N3,日语蓝宝书_N3,はずひと ) いう人がきてたよ 。,はずひと)いう人がきてたよ。,名詞 + が / 普通形 + が,按理应该,根据已知事实推断某事理应如此。,値段は高い（が）、品質はいい。,价格高，但是质量好。,同类或相近表达请结合原书相似语法页复习。,推量,batch_05,日语蓝宝书_N3__part_05-18.png,body_heading,30,needs_manual_review,,jp_grammar N3 日语蓝宝书_N3 batch_05 needs_manual_review auto_completed
3fca845f8f943b9d,N3,日语蓝宝书_N3,ところに,ところに,接续：ところに。按原书条目和句中词形使用。,正在...的时候,表示某动作或状态发生的时间点，后项多为突然发生的事情。,この文では（ところに）の使い方を確認します。,这句话用于确认“ところに”的用法。,同类或相近表达请结合原书相似语法页复习。,时间,batch_05,日语蓝宝书_N3__part_05-20.png,body_heading,30,needs_manual_review,,jp_grammar N3 日语蓝宝书_N3 batch_05 needs_manual_review auto_completed
51398cf2c7a18378,N3,日语蓝宝书_N3,といったらくせに,といったらくせに,接续：といったらくせに。按原书条目和句中词形使用。,说起...；要说...真是,用于提出话题，或强调程度之高。,この文では（といったらくせに）の使い方を確認します。,这句话用于确认“といったらくせに”的用法。,同类或相近表达请结合原书相似语法页复习。,话题/强调,batch_05,日语蓝宝书_N3__part_05-20.png,body_heading,30,needs_manual_review,,jp_grammar N3 日语蓝宝书_N3 batch_05 needs_manual_review auto_completed
34bb6b63af19887b,N3,日语蓝宝书_N3,ということは [ 互 」 庭にはアジサイ (,ということは [ 互」庭にはアジサイ(,普通形 + ということ,也就是说；...这件事,用于概括前文内容或说明结论。,彼が来ない（ということ）は、忙しいのだろう。,他不来这件事，说明大概很忙吧。,同类或相近表达请结合原书相似语法页复习。,说明/概括,batch_05,日语蓝宝书_N3__part_05-20.png,body_heading,30,auto_completed,,jp_grammar N3 日语蓝宝书_N3 batch_05 kept_needs_explanation auto_completed
1f60e8f2e5915360,N3,日语蓝宝书_N3,や / やいっしようけんめいはたら,や/やいっしようけんめいはたら,名詞 + や + 名詞,...和...等,用于不完全列举。,机の上に本（や）ノートがあります。,桌上有书和笔记本等。,同类或相近表达请结合原书相似语法页复习。,列举,batch_05,日语蓝宝书_N3__part_05-20.png,body_heading,30,auto_completed,,jp_grammar N3 日语蓝宝书_N3 batch_05 kept_needs_explanation auto_completed
4b92de4821461e44,N3,日语蓝宝书_N3,としたらでんきりようきん,としたらでんきりようきん,接续：としたらでんきりようきん。按原书条目和句中词形使用。,如果...的话,表示假定条件。,この文では（としたらでんきりようきん）の使い方を確認します。,这句话用于确认“としたらでんきりようきん”的用法。,同类或相近表达请结合原书相似语法页复习。,假定,batch_05,日语蓝宝书_N3__part_05-20.png,body_heading,30,needs_manual_review,,jp_grammar N3 日语蓝宝书_N3 batch_05 needs_manual_review auto_completed
dae315baa4d503d6,N3,日语蓝宝书_N3,上げるようになっている,上げるようになっている,動詞て形 + いる,为了能...；像...一样,可表示目的、愿望、变化目标或比喻。,今、本を読ん（でいる）。,现在正在读书。,同类或相近表达请结合原书相似语法页复习。,目的/样态,batch_05,日语蓝宝书_N3__part_05-20.png,body_heading,30,needs_manual_review,,jp_grammar N3 日语蓝宝书_N3 batch_05 needs_manual_review auto_completed
62b2bd8a3796ec33,N3,日语蓝宝书_N3,幸せというものから,幸せというものから,名詞 + という,叫作...；据说...,可表示名称、引用或传闻。,田中さん（という）人から電話がありました。,有个叫田中的人打来了电话。,同类或相近表达请结合原书相似语法页复习。,引用/名称,batch_05,日语蓝宝书_N3__part_05-20.png,body_heading,30,auto_completed,,jp_grammar N3 日语蓝宝书_N3 batch_05 kept_needs_explanation auto_completed
bd1c0e2d8e7a0764,N3,日语蓝宝书_N3,できるということは,できるということは,普通形 + ということ,也就是说；...这件事,用于概括前文内容或说明结论。,彼が来ない（ということ）は、忙しいのだろう。,他不来这件事，说明大概很忙吧。,同类或相近表达请结合原书相似语法页复习。,说明/概括,batch_05,日语蓝宝书_N3__part_05-20.png,body_heading,30,auto_completed,,jp_grammar N3 日语蓝宝书_N3 batch_05 kept_needs_explanation auto_completed
74caeac733460ec3,N3,日语蓝宝书_N3,しあわ幸せというものは,しあわ幸せというものは,名詞 + というものは,所谓...是...,用于说明某事物的一般性质。,習慣（というものは）、簡単には変わらない。,所谓习惯，不会轻易改变。,同类或相近表达请结合原书相似语法页复习。,定义/说明,batch_05,日语蓝宝书_N3__part_05-20.png,body_heading,30,auto_completed,,jp_grammar N3 日语蓝宝书_N3 batch_05 kept_needs_explanation auto_completed
431de7ae22048598,N3,日语蓝宝书_N3,予想ということで,予想ということで,普通形 + ということ,也就是说；...这件事,用于概括前文内容或说明结论。,彼が来ない（ということ）は、忙しいのだろう。,他不来这件事，说明大概很忙吧。,同类或相近表达请结合原书相似语法页复习。,说明/概括,batch_05,日语蓝宝书_N3__part_05-21.png,body_heading,30,auto_completed,,jp_grammar N3 日语蓝宝书_N3 batch_05 kept_needs_explanation auto_completed
e9a43e1c55fbf361,N3,日语蓝宝书_N3,というしようがつ,というしようがつ,名詞 + という,叫作...；据说...,可表示名称、引用或传闻。,田中さん（という）人から電話がありました。,有个叫田中的人打来了电话。,同类或相近表达请结合原书相似语法页复习。,引用/名称,batch_05,日语蓝宝书_N3__part_05-21.png,body_heading,30,auto_completed,,jp_grammar N3 日语蓝宝书_N3 batch_05 kept_needs_explanation auto_completed
3cd57e05cd6d6d74,N3,日语蓝宝书_N3,教えられるしようがつ,教えられるしようがつ,名詞 + が / 普通形 + が,但是；主语标记,可表示主语，也可连接前后相反或铺垫内容。,値段は高い（が）、品質はいい。,价格高，但是质量好。,同类或相近表达请结合原书相似语法页复习。,助词/逆接,batch_05,日语蓝宝书_N3__part_05-21.png,body_heading,30,auto_completed,,jp_grammar N3 日语蓝宝书_N3 batch_05 kept_needs_explanation auto_completed
054e1174a9797386,N3,日语蓝宝书_N3,ことはあまりない,ことはあまりない,接续：ことはあまりない。按原书条目和句中词形使用。,过于...而,表示程度过高，由此引出后面的状态或结果。,この文では（ことはあまりない）の使い方を確認します。,这句话用于确认“ことはあまりない”的用法。,同类或相近表达请结合原书相似语法页复习。,程度/原因,batch_05,日语蓝宝书_N3__part_05-22.png,body_heading,30,needs_manual_review,,jp_grammar N3 日语蓝宝书_N3 batch_05 needs_manual_review auto_completed
327352e0dab415dd,N3,日语蓝宝书_N3,おそれがあることができる,おそれがあることができる,動詞辞書形 + ことができる,能够...,表示能力或客观可能。,日本語でメールを書く（ことができる）。,能够用日语写邮件。,同类或相近表达请结合原书相似语法页复习。,可能,batch_05,日语蓝宝书_N3__part_05-22.png,body_heading,30,auto_completed,,jp_grammar N3 日语蓝宝书_N3 batch_05 kept_needs_explanation auto_completed
b093d105f128d4ab,N3,日语蓝宝书_N3,"～ とともに表示假定或定的逆接条件 , 后項多是消扱的或否定的内容 。","～ とともに表示假定或定的逆接条件 , 后項多是消扱的或否定的内容。",名詞 + も,和...一起；随着...,可表示共同动作，也可表示两个变化同步发生。,私（も）行きます。,我也去。,同类或相近表达请结合原书相似语法页复习。,并列/变化,batch_05,日语蓝宝书_N3__part_05-23.png,body_heading,50,auto_enriched,,jp_grammar N3 日语蓝宝书_N3 batch_05 auto_enriched auto_completed
edf0587fc2b551f8,N3,日语蓝宝书_N3,～ ないかな △ 早く夜が明けないかな 。 / 怎幺迅没え亮舸 。 ( 真希望快点え亮舸 ! ),～ ないかな △ 早く夜が明けないかな。/怎幺迅没え亮舸。(真希望快点え亮舸 !),普通形 + か,是否；或者；疑问,表示疑问、不确定或选择。,彼が来る（か）分かりません。,不知道他是否会来。,同类或相近表达请结合原书相似语法页复习。,疑问/选择,batch_05,日语蓝宝书_N3__part_05-25.png,body_heading,30,auto_completed,,jp_grammar N3 日语蓝宝书_N3 batch_05 kept_needs_explanation auto_completed
112a8079d522380d,N3,日语蓝宝书_N3,～ 直す動 - 詞 「 ます形 」 +直す,～ 直す,動詞「ます形」+直す,表示「直す」这一语法形式或助词用法,用于练习「～ 直す」在句中的形式和基本功能；具体语义需结合前后文判断。,この文では（直す）の使い方を確認します。,这句话用于确认“～ 直す”的用法。,同类或相近表达请结合原书相似语法页复习。,形式/用法,batch_05,日语蓝宝书_N3__part_05-25.png,body_heading,50,auto_completed,,jp_grammar N3 日语蓝宝书_N3 batch_05 kept_needs_explanation auto_completed
b163885888f83357,N3,日语蓝宝书_N3,～ ながら ( も ) 動 ・ 詞 「 ます形 」 / い形容 - 詞辞弔形+ながら ( も ) な形容詞詞干 / 名 - 詞+ながら ( も ),～ ながら(も)動・詞「,な形容詞語幹/名 - 詞+ながら(も),一边...一边...,表示两个动作同时进行。,音楽を聞き（ながら）、勉強します。,一边听音乐一边学习。,同类或相近表达请结合原书相似语法页复习。,同时,batch_05,日语蓝宝书_N3__part_05-25.png,body_heading,65,auto_completed,,jp_grammar N3 日语蓝宝书_N3 batch_05 kept_needs_explanation auto_completed
408be81d54bd3484,N3,日语蓝宝书_N3,～ なければならない / なければいけない / なくてはならない / なくてはい,～ なければならない/なければいけない/なくてはならない/なくてはい,動詞ば形 / い形容詞ければ + ば,必须...,表示义务或必要性。,時間があれ（ば）、行きます。,如果有时间就去。,同类或相近表达请结合原书相似语法页复习。,义务,batch_05,日语蓝宝书_N3__part_05-25.png,body_heading,60,auto_enriched,,jp_grammar N3 日语蓝宝书_N3 batch_05 auto_enriched auto_completed
4deb7c9467e2b16b,N3,日语蓝宝书_N3,～ なと / なんか / なんて,～ なと/なんか/なんて,普通形 + か,是否；或者；疑问,表示疑问、不确定或选择。,彼が来る（か）分かりません。,不知道他是否会来。,同类或相近表达请结合原书相似语法页复习。,疑问/选择,batch_05,日语蓝宝书_N3__part_05-26.png,toc_or_heading,50,auto_completed,,jp_grammar N3 日语蓝宝书_N3 batch_05 kept_needs_explanation auto_completed
c66a01633f061462,N3,日语蓝宝书_N3,わけでかれにほんじん,わけでかれにほんじん,普通形 + か,是否；或者；疑问,表示疑问、不确定或选择。,彼が来る（か）分かりません。,不知道他是否会来。,同类或相近表达请结合原书相似语法页复习。,疑问/选择,batch_05,日语蓝宝书_N3__part_05-28.png,body_heading,30,auto_completed,,jp_grammar N3 日语蓝宝书_N3 batch_05 kept_needs_explanation auto_completed
ad0d6175f68da8e3,N3,日语蓝宝书_N3,ながらも,ながらも,動詞ます形 / い形容詞 / な形容詞語幹 + ながらも,虽然...但是,表示承认前项事实，同时后项出现与其相反或不相称的结果。,狭い（ながらも）、住みやすい部屋です。,虽然小，但是是个好住的房间。,同类或相近表达请结合原书相似语法页复习。,逆接,batch_05,日语蓝宝书_N3__part_05-28.png,body_heading,30,needs_manual_review,,jp_grammar N3 日语蓝宝书_N3 batch_05 needs_manual_review auto_completed
1fc7beb9b74db36d,N3,日语蓝宝书_N3,待つまでになかそっぎようろんふんていしゆっ,待つまでになかそっぎようろんふんていしゆっ,名詞 / 動詞辞書形 + までに,在...之前,表示动作完成的期限。,金曜日（までに）、資料を出してください。,请在周五之前提交资料。,同类或相近表达请结合原书相似语法页复习。,期限,batch_05,日语蓝宝书_N3__part_05-28.png,body_heading,30,auto_completed,,jp_grammar N3 日语蓝宝书_N3 batch_05 kept_needs_explanation auto_completed
017c406efa82fd46,N3,日语蓝宝书_N3,待っためにしゅうちう,待っためにしゅうちう,接续：待っためにしゅうちう。按原书条目和句中词形使用。,为了；因为,表示目的，也可表示原因。,この文では（待っためにしゅうちう）の使い方を確認します。,这句话用于确认“待っためにしゅうちう”的用法。,同类或相近表达请结合原书相似语法页复习。,目的/原因,batch_05,日语蓝宝书_N3__part_05-28.png,body_heading,30,needs_manual_review,,jp_grammar N3 日语蓝宝书_N3 batch_05 needs_manual_review auto_completed
640c262b72df2c56,N5/N4,日语蓝宝书N5N4,になりますおんりようすこちい,になりますおんりようすこちい,接续：になりますおんりようすこちい。按原书条目和句中词形使用。,表示「になりますおんりようすこちい」这一语法形式或助词用法,用于练习「になりますおんりようすこちい」在句中的形式和基本功能；具体语义需结合前后文判断。,この文では（になりますおんりようすこちい）の使い方を確認します。,这句话用于确认“になりますおんりようすこちい”的用法。,同类或相近表达请结合原书相似语法页复习。,形式/用法,batch_05,日语蓝宝书N5N4__part_05-01.png,body_heading,30,auto_completed,,jp_grammar N5_N4 日语蓝宝书N5N4 batch_05 kept_needs_explanation auto_completed
5aab5ebeb48526c9,N5/N4,日语蓝宝书N5N4,養堂 ～ 来ましたか,～ 来ましたか,普通形 + か,是否；或者；疑问,表示疑问、不确定或选择。,彼が来る（か）分かりません。,不知道他是否会来。,同类或相近表达请结合原书相似语法页复习。,疑问/选择,batch_05,日语蓝宝书N5N4__part_05-04.png,body_heading,50,auto_completed,,jp_grammar N5_N4 日语蓝宝书N5N4 batch_05 kept_needs_explanation auto_completed
b3ab17f67c5c2bbb,N5/N4,日语蓝宝书N5N4,さよ ～ うなら,～ うなら,接续：～ うなら。按原书条目和句中词形使用。,表示「うなら」这一语法形式或助词用法,用于练习「～ うなら」在句中的形式和基本功能；具体语义需结合前后文判断。,この文では（うなら）の使い方を確認します。,这句话用于确认“～ うなら”的用法。,同类或相近表达请结合原书相似语法页复习。,形式/用法,batch_05,日语蓝宝书N5N4__part_05-08.png,body_heading,50,auto_completed,,jp_grammar N5_N4 日语蓝宝书N5N4 batch_05 kept_needs_explanation auto_completed
ef9d072b5d583887,N5/N4,日语蓝宝书N5N4,「 おはようございます 」 と,「おはようございます」と,接续：「おはようございます」と。按原书条目和句中词形使用。,表示「「おはようございます」と」这一语法形式或助词用法,用于练习「「おはようございます」と」在句中的形式和基本功能；具体语义需结合前后文判断。,この文では（「おはようございます」と）の使い方を確認します。,这句话用于确认“「おはようございます」と”的用法。,同类或相近表达请结合原书相似语法页复习。,形式/用法,batch_05,日语蓝宝书N5N4__part_05-09.png,body_heading,30,auto_completed,,jp_grammar N5_N4 日语蓝宝书N5N4 batch_05 kept_needs_explanation auto_completed
fe8a04f75ce6fc5a,N5/N4,日语蓝宝书N5N4,～ のこといい友達だから,～ のこといい友達だから,普通形 + か,是否；或者；疑问,表示疑问、不确定或选择。,彼が来る（か）分かりません。,不知道他是否会来。,同类或相近表达请结合原书相似语法页复习。,疑问/选择,batch_05,日语蓝宝书N5N4__part_05-09.png,body_heading,65,auto_completed,,jp_grammar N5_N4 日语蓝宝书N5N4 batch_05 kept_needs_explanation auto_completed
c1ba1b4a0ba6923a,N5/N4,日语蓝宝书N5N4,ことでひとひとり,ことでひとひとり,接续：ことでひとひとり。按原书条目和句中词形使用。,表示「ことでひとひとり」这一语法形式或助词用法,用于练习「ことでひとひとり」在句中的形式和基本功能；具体语义需结合前后文判断。,この文では（ことでひとひとり）の使い方を確認します。,这句话用于确认“ことでひとひとり”的用法。,同类或相近表达请结合原书相似语法页复习。,形式/用法,batch_05,日语蓝宝书N5N4__part_05-09.png,body_heading,30,auto_completed,,jp_grammar N5_N4 日语蓝宝书N5N4 batch_05 kept_needs_explanation auto_completed
bb0305c2634fd70b,N5/N4,日语蓝宝书N5N4,おはようございます,おはようございます,接续：おはようございます。按原书条目和句中词形使用。,表示「おはようございます」这一语法形式或助词用法,用于练习「おはようございます」在句中的形式和基本功能；具体语义需结合前后文判断。,この文では（おはようございます）の使い方を確認します。,这句话用于确认“おはようございます”的用法。,同类或相近表达请结合原书相似语法页复习。,形式/用法,batch_05,日语蓝宝书N5N4__part_05-09.png,body_heading,30,auto_completed,,jp_grammar N5_N4 日语蓝宝书N5N4 batch_05 kept_needs_explanation auto_completed
a55f489e071dd650,N5/N4,日语蓝宝书N5N4,～ たがる助詞 「 ます形 」 +たがる,～ たがる助詞「,ます形」+たがる,表现出...的样子,用于第三人称表现出的感情或感觉。,弟は犬を怖（がる）。,弟弟表现得害怕狗。,同类或相近表达请结合原书相似语法页复习。,样态,batch_05,日语蓝宝书N5N4__part_05-12.png,body_heading,50,auto_completed,,jp_grammar N5_N4 日语蓝宝书N5N4 batch_05 kept_needs_explanation auto_completed
d88d836820c017cf,N5/N4,日语蓝宝书N5N4,よう - なうちの猫はティッシュの空き箱に入り (,よう - なうちの猫はティッシュの空き箱に入り(,普通形 + の,名词化；所属；说明,可表示所属、名词化，或替代前面提到的名词。,走る（の）が好きです。,我喜欢跑步。,同类或相近表达请结合原书相似语法页复习。,名词化/助词,batch_05,日语蓝宝书N5N4__part_05-17.png,body_heading,30,auto_completed,,jp_grammar N5_N4 日语蓝宝书N5N4 batch_05 kept_needs_explanation auto_completed
6f922606026dcf38,N5/N4,日语蓝宝书N5N4,ようにきカ彧,ようにきカ彧,接续：ようにきカ彧。按原书条目和句中词形使用。,为了能...；像...一样,可表示目的、愿望、变化目标或比喻。,この文では（ようにきカ彧）の使い方を確認します。,这句话用于确认“ようにきカ彧”的用法。,同类或相近表达请结合原书相似语法页复习。,目的/样态,batch_05,日语蓝宝书N5N4__part_05-17.png,body_heading,30,needs_manual_review,,jp_grammar N5_N4 日语蓝宝书N5N4 batch_05 needs_manual_review auto_completed
5b7d4c8fd7c8896e,N5/N4,日语蓝宝书N5N4,ようてんきよはう,ようてんきよはう,接续：ようてんきよはう。按原书条目和句中词形使用。,表示「ようてんきよはう」这一语法形式或助词用法,用于练习「ようてんきよはう」在句中的形式和基本功能；具体语义需结合前后文判断。,この文では（ようてんきよはう）の使い方を確認します。,这句话用于确认“ようてんきよはう”的用法。,同类或相近表达请结合原书相似语法页复习。,形式/用法,batch_05,日语蓝宝书N5N4__part_05-18.png,body_heading,30,auto_completed,,jp_grammar N5_N4 日语蓝宝书N5N4 batch_05 kept_needs_explanation auto_completed
fea2862da2da5f12,N5/N4,日语蓝宝书N5N4,ようひとだいがくがくせい,ようひとだいがくがくせい,名詞 + が / 普通形 + が,但是；主语标记,可表示主语，也可连接前后相反或铺垫内容。,値段は高い（が）、品質はいい。,价格高，但是质量好。,同类或相近表达请结合原书相似语法页复习。,助词/逆接,batch_05,日语蓝宝书N5N4__part_05-19.png,body_heading,30,auto_completed,,jp_grammar N5_N4 日语蓝宝书N5N4 batch_05 kept_needs_explanation auto_completed
ab5ef88553907943,N5/N4,日语蓝宝书N5N4,そうようになく洗わされ,そうようになく洗わされ,接续：そうようになく洗わされ。按原书条目和句中词形使用。,为了能...；像...一样,可表示目的、愿望、变化目标或比喻。,この文では（そうようになく洗わされ）の使い方を確認します。,这句话用于确认“そうようになく洗わされ”的用法。,同类或相近表达请结合原书相似语法页复习。,目的/样态,batch_05,日语蓝宝书N5N4__part_05-19.png,body_heading,30,needs_manual_review,,jp_grammar N5_N4 日语蓝宝书N5N4 batch_05 needs_manual_review auto_completed
39056b6115ffe465,N5/N4,日语蓝宝书N5N4,よう母はずっとその,よう母はずっとその,普通形 + の,按理应该,根据已知事实推断某事理应如此。,走る（の）が好きです。,我喜欢跑步。,同类或相近表达请结合原书相似语法页复习。,推量,batch_05,日语蓝宝书N5N4__part_05-19.png,body_heading,30,needs_manual_review,,jp_grammar N5_N4 日语蓝宝书N5N4 batch_05 needs_manual_review auto_completed
3ccf1f3e0854bb29,N5/N4,日语蓝宝书N5N4,子どもように,子どもように,名詞 + も,为了能...；像...一样,可表示目的、愿望、变化目标或比喻。,私（も）行きます。,我也去。,同类或相近表达请结合原书相似语法页复习。,目的/样态,batch_05,日语蓝宝书N5N4__part_05-20.png,body_heading,30,needs_manual_review,,jp_grammar N5_N4 日语蓝宝书N5N4 batch_05 needs_manual_review auto_completed
51f0e6cea44abf15,N5/N4,日语蓝宝书N5N4,～ てある朴助助詞形式体言和接助詞等 【 2010年真題 】 / 教室里貼着考試吋詞表 。,～ てある朴助助詞形式体言和接助詞等/教室里貼着考試時詞表。,接续：～ てある朴助助詞形式体言和接助詞等/教室里貼着考試時詞表。。按原书条目和句中词形使用。,...着；已...好,表示人为动作完成后留下的状态，常含事先准备的意思。,この文では（てある朴助助詞形式体言和接助詞等）の使い方を確認します。,这句话用于确认“～ てある朴助助詞形式体言和接助詞等/教室里貼着考試時詞表。”的用法。,同类或相近表达请结合原书相似语法页复习。,结果状态,batch_05,日语蓝宝书N5N4__part_05-21.png,body_heading,60,auto_enriched,,jp_grammar N5_N4 日语蓝宝书N5N4 batch_05 auto_enriched auto_completed
2689373fbbcbc792,N5/N4,日语蓝宝书N5N4,～ ておぐ / とく,～ ておぐ/とく,動詞て形变化 + とく,预先...；保持...,「ておく」的口语缩约形式。,資料を読ん（どく）。,先把资料读好。,同类或相近表达请结合原书相似语法页复习。,准备/口语,batch_05,日语蓝宝书N5N4__part_05-21.png,body_heading,60,auto_completed,,jp_grammar N5_N4 日语蓝宝书N5N4 batch_05 kept_needs_explanation auto_completed
597f923ba8b1b604,Minna,大家的日语（第二版）初级2学习辅导书3A出版社,いし 、 ことですね 。 ～ かん,いし、ことですね。～ かん,普通形 + か,是否；或者；疑问,表示疑问、不确定或选择。,彼が来る（か）分かりません。,不知道他是否会来。,同类或相近表达请结合原书相似语法页复习。,疑问/选择,batch_06,大家的日语（第二版）初级2学习辅导书3A出版社__part_06-01.png,body_heading,65,auto_completed,,jp_grammar Minna 大家的日语_第二版_初级2学习辅导书3A出版社 batch_06 kept_needs_explanation auto_completed
1b817ed11aca343c,Minna,大家的日语（第二版）初级2学习辅导书3A出版社,～ 期詞文件央是件好事儿婀 。,～ 期詞文件央是件好事儿婀。,接续：～ 期詞文件央是件好事儿婀。。按原书条目和句中词形使用。,表示「期詞文件央是件好事儿婀」这一语法形式或助词用法,用于练习「～ 期詞文件央是件好事儿婀。」在句中的形式和基本功能；具体语义需结合前后文判断。,この文では（期詞文件央是件好事儿婀）の使い方を確認します。,这句话用于确认“～ 期詞文件央是件好事儿婀。”的用法。,同类或相近表达请结合原书相似语法页复习。,形式/用法,batch_06,大家的日语（第二版）初级2学习辅导书3A出版社__part_06-01.png,body_heading,50,auto_completed,,jp_grammar Minna 大家的日语_第二版_初级2学习辅导书3A出版社 batch_06 kept_needs_explanation auto_completed
ce06fc395fa07521,Minna,大家的日语（第二版）初级2学习辅导书3A出版社,自分がやリたいことをやる,自分がやリたいことをやる,動詞ます形 + たい,想要...,表示第一人称愿望或询问第二人称愿望。,日本へ行き（たい）です。,我想去日本。,同类或相近表达请结合原书相似语法页复习。,愿望,batch_06,大家的日语（第二版）初级2学习辅导书3A出版社__part_06-04.png,body_heading,30,auto_completed,,jp_grammar Minna 大家的日语_第二版_初级2学习辅导书3A出版社 batch_06 kept_needs_explanation auto_completed
5dfe3ddbf03053e1,Minna,大家的日语（第二版）初级2学习辅导书3A出版社,自分のことは自分で決める,自分のことは自分で決める,普通形 + の,名词化；所属；说明,可表示所属、名词化，或替代前面提到的名词。,走る（の）が好きです。,我喜欢跑步。,同类或相近表达请结合原书相似语法页复习。,名词化/助词,batch_06,大家的日语（第二版）初级2学习辅导书3A出版社__part_06-04.png,body_heading,30,auto_completed,,jp_grammar Minna 大家的日语_第二版_初级2学习辅导书3A出版社 batch_06 kept_needs_explanation auto_completed
3391a89ec83ccea3,Minna,大家的日语（第二版）初级2学习辅导书3A出版社,I. 単詞リようします Ⅲ,I. 単詞リようします III,接续：I. 単詞リようします III。按原书条目和句中词形使用。,表示「I. 単詞リようします III」这一语法形式或助词用法,用于练习「I. 単詞リようします III」在句中的形式和基本功能；具体语义需结合前后文判断。,この文では（I. 単詞リようします III）の使い方を確認します。,这句话用于确认“I. 単詞リようします III”的用法。,同类或相近表达请结合原书相似语法页复习。,形式/用法,batch_06,大家的日语（第二版）初级2学习辅导书3A出版社__part_06-05.png,body_heading,30,auto_completed,,jp_grammar Minna 大家的日语_第二版_初级2学习辅导书3A出版社 batch_06 kept_needs_explanation auto_completed
7c38b94f240cf0ee,Minna,大家的日语（第二版）初级2学习辅导书3A出版社,～ さまたまにどなたでも ～ といいます,～ さまたまにどなたでも,名詞 + も,也；连...都,表示同类追加或强调极端例子。,私（も）行きます。,我也去。,同类或相近表达请结合原书相似语法页复习。,助词/强调,batch_06,大家的日语（第二版）初级2学习辅导书3A出版社__part_06-05.png,body_heading,50,auto_completed,,jp_grammar Minna 大家的日语_第二版_初级2学习辅导书3A出版社 batch_06 kept_needs_explanation auto_completed
7bc9cce8be9a8137,Minna,大家的日语（第二版）初级2学习辅导书3A出版社,～ さまたまにどなたでも ～ といいます,～ といいます,接续：～ といいます。按原书条目和句中词形使用。,表示「といいます」这一语法形式或助词用法,用于练习「～ といいます」在句中的形式和基本功能；具体语义需结合前后文判断。,この文では（といいます）の使い方を確認します。,这句话用于确认“～ といいます”的用法。,同类或相近表达请结合原书相似语法页复习。,形式/用法,batch_06,大家的日语（第二版）初级2学习辅导书3A出版社__part_06-05.png,body_heading,50,auto_completed,,jp_grammar Minna 大家的日语_第二版_初级2学习辅导书3A出版社 batch_06 kept_needs_explanation auto_completed
6feadb219e2df0c8,N2,日语蓝宝书_N2,めんみつ ) 、 綿密な市場調査を行うべきだ 。,めんみつ)、綿密な市場調査を行うべきだ。,接续：めんみつ)、綿密な市場調査を行うべきだ。。按原书条目和句中词形使用。,应该,表示从常识、责任或道理上应当做某事。,この文では（めんみつ)、綿密な市場調査を行うべきだ）の使い方を確認します。,这句话用于确认“めんみつ)、綿密な市場調査を行うべきだ。”的用法。,同类或相近表达请结合原书相似语法页复习。,义务,batch_06,日语蓝宝书_N2__part_06-02.png,body_heading,30,needs_manual_review,,jp_grammar N2 日语蓝宝书_N2 batch_06 needs_manual_review auto_completed
5a847a77b1ac8a1c,N2,日语蓝宝书_N2,ものがあります傾向があります,ものがあります傾向があります,名詞 + が / 普通形 + が,但是；主语标记,可表示主语，也可连接前后相反或铺垫内容。,値段は高い（が）、品質はいい。,价格高，但是质量好。,同类或相近表达请结合原书相似语法页复习。,助词/逆接,batch_06,日语蓝宝书_N2__part_06-04.png,body_heading,30,auto_completed,,jp_grammar N2 日语蓝宝书_N2 batch_06 kept_needs_explanation auto_completed
59ec21507fcd4d50,N2,日语蓝宝书_N2,～ にしては動 / イ形の普通形+にしてはナ形語幹 / 名+にしては,～ にしては動/イ形の,普通形+にしてはナ形語幹/名+にしては,名词化；所属；说明,可表示所属、名词化，或替代前面提到的名词。,走る（の）が好きです。,我喜欢跑步。,同类或相近表达请结合原书相似语法页复习。,名词化/助词,batch_06,日语蓝宝书_N2__part_06-05.png,body_heading,60,auto_completed,,jp_grammar N2 日语蓝宝书_N2 batch_06 kept_needs_explanation auto_completed
83db5835403dcd2f,N2,日语蓝宝书_N2,～ にしても / にせよ / にしろ,～ にしても/にせよ/にしろ,動詞て形 / い形容詞くて + も,即使...也,表示让步条件。,雨が降っ（ても）、行きます。,即使下雨也去。,同类或相近表达请结合原书相似语法页复习。,让步,batch_06,日语蓝宝书_N2__part_06-05.png,body_heading,60,auto_completed,,jp_grammar N2 日语蓝宝书_N2 batch_06 kept_needs_explanation auto_completed
05dc4b6238f486d0,N2,日语蓝宝书_N2,～ に過ぎない動 / イ形の普通形+に過ぎない,～ に過ぎない動/イ形の,普通形+に過ぎない,名词化；所属；说明,可表示所属、名词化，或替代前面提到的名词。,走る（の）が好きです。,我喜欢跑步。,同类或相近表达请结合原书相似语法页复习。,名词化/助词,batch_06,日语蓝宝书_N2__part_06-06.png,body_heading,60,auto_completed,,jp_grammar N2 日语蓝宝书_N2 batch_06 kept_needs_explanation auto_completed
d00f27cb9a99037d,N2,日语蓝宝书_N2,"～ に相違ない表示程度経 , 常与 「 ただ / ほんの 」 呼廱使用 。","～ に相違ない表示程度経 , 常与「ただ/ほんの」呼廱使用。",普通形 + の,名词化；所属；说明,可表示所属、名词化，或替代前面提到的名词。,走る（の）が好きです。,我喜欢跑步。,同类或相近表达请结合原书相似语法页复习。,名词化/助词,batch_06,日语蓝宝书_N2__part_06-06.png,body_heading,60,auto_completed,,jp_grammar N2 日语蓝宝书_N2 batch_06 kept_needs_explanation auto_completed
7b9fe4c4c9637e6b,N2,日语蓝宝书_N2,～ に沿って / に沿った名 + に沿って / に沿った,～ に沿って/に沿った名+に沿って/に沿った,接续：～ に沿って/に沿った名+に沿って/に沿った。按原书条目和句中词形使用。,沿着；按照,表示按照方针、路线、计划等进行。,この文では（に沿って）の使い方を確認します。,这句话用于确认“～ に沿って/に沿った名+に沿って/に沿った”的用法。,同类或相近表达请结合原书相似语法页复习。,依据,batch_06,日语蓝宝书_N2__part_06-07.png,body_heading,60,auto_enriched,,jp_grammar N2 日语蓝宝书_N2 batch_06 auto_enriched auto_completed
57abb75663e63875,N2,日语蓝宝书_N2,～ に違いない動 / イ形の普通形 + に違いないナ形語幹 / 名 + に違いない,～ に違いない動/イ形の,普通形+に違いないナ形語幹/名+に違いない,名词化；所属；说明,可表示所属、名词化，或替代前面提到的名词。,走る（の）が好きです。,我喜欢跑步。,同类或相近表达请结合原书相似语法页复习。,名词化/助词,batch_06,日语蓝宝书_N2__part_06-07.png,body_heading,60,auto_completed,,jp_grammar N2 日语蓝宝书_N2 batch_06 kept_needs_explanation auto_completed
b6c62b568a3e038b,N2,日语蓝宝书_N2,～ につき表示税活人根据事安做出非常肯定的判断 。 与 「 ～ に相違ない 」 相詞 。,～ につき表示税活人根据事安做出非常肯定的判断。与「～ に相違ない」相詞。,名詞 + につき,因为...；每...,可表示原因、告示理由，也可表示比例单位。,工事中（につき）、通行できません。,因施工中，不能通行。,同类或相近表达请结合原书相似语法页复习。,原因/比例,batch_06,日语蓝宝书_N2__part_06-07.png,body_heading,20,auto_completed,,jp_grammar N2 日语蓝宝书_N2 batch_06 kept_needs_explanation auto_completed
c12bfbb0f88fb287,N2,日语蓝宝书_N2,～ につけ / につけては / につけても動辞書形+につけ / につけては / につけても,～ につけ/につけては/につけても動,辞書形+につけ/につけては/につけても,每当...就；无论...还是,表示每次遇到某事都会产生后项感情，或列举对立情况。,この写真を見る（につけ）、故郷を思い出す。,每当看到这张照片，就想起故乡。,同类或相近表达请结合原书相似语法页复习。,时间/列举,batch_06,日语蓝宝书_N2__part_06-08.png,body_heading,60,auto_completed,,jp_grammar N2 日语蓝宝书_N2 batch_06 kept_needs_explanation auto_completed
f0247520417def73,N2,日语蓝宝书_N2,かわりににせもの,かわりににせもの,普通形 / 名詞の + わりに,虽然...却；比起...算是,表示按前项标准来看，后项程度出乎意料。,値段の（わりに）、品質がいい。,按价格来说，质量不错。,同类或相近表达请结合原书相似语法页复习。,评价/逆接,batch_06,日语蓝宝书_N2__part_06-12.png,toc_or_heading,30,auto_completed,,jp_grammar N2 日语蓝宝书_N2 batch_06 kept_needs_explanation auto_completed
1e79f43071da30b9,N2,日语蓝宝书_N2,につけこうきしんおうじよう,につけこうきしんおうじよう,動詞辞書形 + につけ,每当...就；无论...还是,表示每次遇到某事都会产生后项感情，或列举对立情况。,この写真を見る（につけ）、故郷を思い出す。,每当看到这张照片，就想起故乡。,同类或相近表达请结合原书相似语法页复习。,时间/列举,batch_06,日语蓝宝书_N2__part_06-12.png,toc_or_heading,30,auto_completed,,jp_grammar N2 日语蓝宝书_N2 batch_06 kept_needs_explanation auto_completed
7e7d7683d99b5ac2,N2,日语蓝宝书_N2,変更することはない,変更することはない,接续：変更することはない。按原书条目和句中词形使用。,没必要...,表示不需要做某事，用于安慰或建议。,この文では（変更することはない）の使い方を確認します。,这句话用于确认“変更することはない”的用法。,同类或相近表达请结合原书相似语法页复习。,不必要,batch_06,日语蓝宝书_N2__part_06-12.png,toc_or_heading,30,needs_manual_review,,jp_grammar N2 日语蓝宝书_N2 batch_06 needs_manual_review auto_completed
db35c18cb7baf94f,N2,日语蓝宝书_N2,試験に合格しよう,試験に合格しよう,接续：試験に合格しよう。按原书条目和句中词形使用。,表示「試験に合格しよう」这一语法形式或助词用法,用于练习「試験に合格しよう」在句中的形式和基本功能；具体语义需结合前后文判断。,この文では（試験に合格しよう）の使い方を確認します。,这句话用于确认“試験に合格しよう”的用法。,同类或相近表达请结合原书相似语法页复习。,形式/用法,batch_06,日语蓝宝书_N2__part_06-12.png,toc_or_heading,30,auto_completed,,jp_grammar N2 日语蓝宝书_N2 batch_06 kept_needs_explanation auto_completed
9c998b0969412406,N2,日语蓝宝书_N2,しかいいようがない,しかいいようがない,普通形 + か,只；仅,与否定搭配，表示数量或范围少。,彼が来る（か）分かりません。,不知道他是否会来。,同类或相近表达请结合原书相似语法页复习。,限定,batch_06,日语蓝宝书_N2__part_06-12.png,toc_or_heading,30,needs_manual_review,,jp_grammar N2 日语蓝宝书_N2 batch_06 needs_manual_review auto_completed
c3882397b3b4d1a8,N2,日语蓝宝书_N2,とともに ) 生きているわけではない 。,とともに)生きているわけではない。,動詞て形 + いる,并不是...,用于部分否定，说明不是完全如此。,今、本を読ん（でいる）。,现在正在读书。,同类或相近表达请结合原书相似语法页复习。,否定,batch_06,日语蓝宝书_N2__part_06-12.png,toc_or_heading,30,needs_manual_review,,jp_grammar N2 日语蓝宝书_N2 batch_06 needs_manual_review auto_completed
4cb8a7b62b5bcca6,N2,日语蓝宝书_N2,～ にほかならない,～ にほかならない,普通形 + か,是否；或者；疑问,表示疑问、不确定或选择。,彼が来る（か）分かりません。,不知道他是否会来。,同类或相近表达请结合原书相似语法页复习。,疑问/选择,batch_06,日语蓝宝书_N2__part_06-15.png,body_heading,50,auto_completed,,jp_grammar N2 日语蓝宝书_N2 batch_06 kept_needs_explanation auto_completed
f287181ebd0d53c4,N2,日语蓝宝书_N2,～ にもかかわらず,～ にもかかわらず,普通形 + か,是否；或者；疑问,表示疑问、不确定或选择。,彼が来る（か）分かりません。,不知道他是否会来。,同类或相近表达请结合原书相似语法页复习。,疑问/选择,batch_06,日语蓝宝书_N2__part_06-15.png,body_heading,50,auto_completed,,jp_grammar N2 日语蓝宝书_N2 batch_06 kept_needs_explanation auto_completed
d2ebc7e84bcbfd73,N2,日语蓝宝书_N2,～ に基づいて / に基づき / に基づく / に基づいた名 + に基づいて / に基づき / に基づく / に基づいた,～ に基づいて/に基づき/に基づく/に基づいた名+に基づいて/に基づき/に基づく/に基づいた,接续：～ に基づいて/に基づき/に基づく/に基づいた名+に基づいて/に基づき/に基づく/に基づいた。按原书条目和句中词形使用。,基于...,表示以前项为依据或基础。,この文では（に基づいて）の使い方を確認します。,这句话用于确认“～ に基づいて/に基づき/に基づく/に基づいた名+に基づいて/に基づき/に基づく/に基づいた”的用法。,同类或相近表达请结合原书相似语法页复习。,依据,batch_06,日语蓝宝书_N2__part_06-16.png,body_heading,60,auto_enriched,,jp_grammar N2 日语蓝宝书_N2 batch_06 auto_enriched auto_completed
3bca9c474bc67b9d,N2,日语蓝宝书_N2,～ にわたって / にわたり / にわたる / にわたった,～ にわたって/にわたり/にわたる/にわたった,接续：～ にわたって/にわたり/にわたる/にわたった。按原书条目和句中词形使用。,历经；涉及,表示时间、空间或范围很广。,この文では（にわたって）の使い方を確認します。,这句话用于确认“～ にわたって/にわたり/にわたる/にわたった”的用法。,同类或相近表达请结合原书相似语法页复习。,范围,batch_06,日语蓝宝书_N2__part_06-16.png,body_heading,60,auto_enriched,,jp_grammar N2 日语蓝宝书_N2 batch_06 auto_enriched auto_completed
c587c1d2d3b3ecd4,N2,日语蓝宝书_N2,～ 抜きで ( は ) / 抜きに ( は ) / 抜きのを抜きにして ( は ) / は抜きにして (,～ 抜きで(は)/抜きに(は)/抜きのを抜きにして(は)/は抜きにして(,普通形 + の,名词化；所属；说明,可表示所属、名词化，或替代前面提到的名词。,走る（の）が好きです。,我喜欢跑步。,同类或相近表达请结合原书相似语法页复习。,名词化/助词,batch_06,日语蓝宝书_N2__part_06-16.png,body_heading,60,auto_completed,,jp_grammar N2 日语蓝宝书_N2 batch_06 kept_needs_explanation auto_completed
92499088c86a093c,N2,日语蓝宝书_N2,し 、 きナ形語幹 / 名 + ( である ) +のみならず動 / イ形の普通形 + のみならず ～ のみならず,し、きナ形語幹/名+(である)+のみならず動/イ形の,普通形+のみならず ～ のみならず,名词化；所属；说明,可表示所属、名词化，或替代前面提到的名词。,走る（の）が好きです。,我喜欢跑步。,同类或相近表达请结合原书相似语法页复习。,名词化/助词,batch_06,日语蓝宝书_N2__part_06-17.png,body_heading,25,auto_completed,,jp_grammar N2 日语蓝宝书_N2 batch_06 kept_needs_explanation auto_completed
cf377338db403f65,N2,日语蓝宝书_N2,し 、 きナ形語幹 / 名 + ( である ) +のみならず動 / イ形の普通形 + のみならず ～ のみならず,～ のみならず,普通形+のみならず ～ のみならず,名词化；所属；说明,可表示所属、名词化，或替代前面提到的名词。,走る（の）が好きです。,我喜欢跑步。,同类或相近表达请结合原书相似语法页复习。,名词化/助词,batch_06,日语蓝宝书_N2__part_06-17.png,body_heading,50,auto_completed,,jp_grammar N2 日语蓝宝书_N2 batch_06 kept_needs_explanation auto_completed
8b7f0a728634ccc7,N2,日语蓝宝书_N2,～ のもとで / のもとに,～ のもとで/のもとに,普通形 + の,名词化；所属；说明,可表示所属、名词化，或替代前面提到的名词。,走る（の）が好きです。,我喜欢跑步。,同类或相近表达请结合原书相似语法页复习。,名词化/助词,batch_06,日语蓝宝书_N2__part_06-18.png,body_heading,50,auto_completed,,jp_grammar N2 日语蓝宝书_N2 batch_06 kept_needs_explanation auto_completed
896140fa30c4545f,N2,日语蓝宝书_N2,～ はおろか動の普通形+の / 名+はおろか,～ はおろか動の,普通形+の/名+はおろか,是否；或者；疑问,表示疑问、不确定或选择。,彼が来る（か）分かりません。,不知道他是否会来。,同类或相近表达请结合原书相似语法页复习。,疑问/选择,batch_06,日语蓝宝书_N2__part_06-18.png,body_heading,50,auto_completed,,jp_grammar N2 日语蓝宝书_N2 batch_06 kept_needs_explanation auto_completed
0ef24b92f2df7d04,N2,日语蓝宝书_N2,～ ばかりか動 / ナ形 / イ形の名詞修飾形 + ばかりか,～ ばかりか動/ナ形/イ形の,名詞修飾形+ばかりか,刚刚；光是,可表示动作刚完成，也可表示限定或偏向。,彼が来る（か）分かりません。,不知道他是否会来。,同类或相近表达请结合原书相似语法页复习。,时间/限定,batch_06,日语蓝宝书_N2__part_06-19.png,body_heading,75,auto_enriched,,jp_grammar N2 日语蓝宝书_N2 batch_06 auto_enriched auto_completed
0ac47696323f97ea,N2,日语蓝宝书_N2,は ) ばかりか 、 日当たりもいい 。,は)ばかりか、日当たりもいい。,普通形 + か,刚刚；光是,可表示动作刚完成，也可表示限定或偏向。,彼が来る（か）分かりません。,不知道他是否会来。,同类或相近表达请结合原书相似语法页复习。,时间/限定,batch_06,日语蓝宝书_N2__part_06-20.png,body_heading,30,needs_manual_review,,jp_grammar N2 日语蓝宝书_N2 batch_06 needs_manual_review auto_completed
3ce59a4291a77709,N2,日语蓝宝书_N2,二度と詞じミスをするものか,二度と詞じミスをするものか,普通形 + か,是否；或者；疑问,表示疑问、不确定或选择。,彼が来る（か）分かりません。,不知道他是否会来。,同类或相近表达请结合原书相似语法页复习。,疑问/选择,batch_06,日语蓝宝书_N2__part_06-22.png,body_heading,30,auto_completed,,jp_grammar N2 日语蓝宝书_N2 batch_06 kept_needs_explanation auto_completed
10947864a7f0f4d7,N2,日语蓝宝书_N2,ことなくのとおりに,ことなくのとおりに,普通形 + の,不...就...,表示没有进行前项动作，而直接出现后项。书面语色彩较强。,走る（の）が好きです。,我喜欢跑步。,同类或相近表达请结合原书相似语法页复习。,否定/伴随,batch_06,日语蓝宝书_N2__part_06-22.png,body_heading,30,needs_manual_review,,jp_grammar N2 日语蓝宝书_N2 batch_06 needs_manual_review auto_completed
5c78a4af2b01694d,N2,日语蓝宝书_N2,に加えて [ 豆 」 どんなことがあっても 、 一旦始めた以上 、 最後まで頑張り (,に加えて [ 豆」どんなことがあっても、一旦始めた以上、最後まで頑張り(,名詞 + まで,既然...就,表示在前项事实成立的前提下，后项是说话人认为当然的判断或义务。,子ども（まで）、そのニュースを知っている。,甚至孩子都知道那条新闻。,同类或相近表达请结合原书相似语法页复习。,条件/判断,batch_06,日语蓝宝书_N2__part_06-22.png,body_heading,30,needs_manual_review,,jp_grammar N2 日语蓝宝书_N2 batch_06 needs_manual_review auto_completed
45e3b6dd0f9e9e1c,N2,日语蓝宝书_N2,にこしたことはない,にこしたことはない,接续：にこしたことはない。按原书条目和句中词形使用。,没必要...,表示不需要做某事，用于安慰或建议。,この文では（にこしたことはない）の使い方を確認します。,这句话用于确认“にこしたことはない”的用法。,同类或相近表达请结合原书相似语法页复习。,不必要,batch_06,日语蓝宝书_N2__part_06-22.png,body_heading,30,needs_manual_review,,jp_grammar N2 日语蓝宝书_N2 batch_06 needs_manual_review auto_completed
e81d963ac5180304,N2,日语蓝宝书_N2,続けてきたのはじようねつ,続けてきたのはじようねつ,普通形 + の,名词化；所属；说明,可表示所属、名词化，或替代前面提到的名词。,走る（の）が好きです。,我喜欢跑步。,同类或相近表达请结合原书相似语法页复习。,名词化/助词,batch_06,日语蓝宝书_N2__part_06-23.png,body_heading,30,auto_completed,,jp_grammar N2 日语蓝宝书_N2 batch_06 kept_needs_explanation auto_completed
882be3ab2ae683eb,N2,日语蓝宝书_N2,冬になることに基づいて,冬になることに基づいて,感情形容詞 + ことに,基于...,表示以前项为依据或基础。,うれしい（ことに）、全員が合格した。,令人高兴的是，全员都合格了。,同类或相近表达请结合原书相似语法页复习。,依据,batch_06,日语蓝宝书_N2__part_06-24.png,body_heading,30,needs_manual_review,,jp_grammar N2 日语蓝宝书_N2 batch_06 needs_manual_review auto_completed
554e18278941af6a,N2,日语蓝宝书_N2,ということではないのです,ということではないのです,普通形 + ということ,因为...,表示原因理由，语气比から更客观、柔和。,彼が来ない（ということ）は、忙しいのだろう。,他不来这件事，说明大概很忙吧。,同类或相近表达请结合原书相似语法页复习。,原因,batch_06,日语蓝宝书_N2__part_06-24.png,body_heading,30,needs_manual_review,,jp_grammar N2 日语蓝宝书_N2 batch_06 needs_manual_review auto_completed
3e97d3bdcb3ec6d6,N2,日语蓝宝书_N2,できるとしかいいようがないです,できるとしかいいようがないです,動詞ない形 + で,只；仅,与否定搭配，表示数量或范围少。,傘を持た（ないで）、出かけた。,没带伞就出门了。,同类或相近表达请结合原书相似语法页复习。,限定,batch_06,日语蓝宝书_N2__part_06-24.png,body_heading,30,needs_manual_review,,jp_grammar N2 日语蓝宝书_N2 batch_06 needs_manual_review auto_completed
53cdb5b0004f5f23,N2,日语蓝宝书_N2,できたらいいようなものです,できたらいいようなものです,普通形 + の,因为...,表示原因理由，语气比から更客观、柔和。,走る（の）が好きです。,我喜欢跑步。,同类或相近表达请结合原书相似语法页复习。,原因,batch_06,日语蓝宝书_N2__part_06-24.png,body_heading,30,needs_manual_review,,jp_grammar N2 日语蓝宝书_N2 batch_06 needs_manual_review auto_completed
8ad7d194dc29af35,N2,日语蓝宝书_N2,というわけです,というわけです,名詞 + という,叫作...；据说...,可表示名称、引用或传闻。,田中さん（という）人から電話がありました。,有个叫田中的人打来了电话。,同类或相近表达请结合原书相似语法页复习。,引用/名称,batch_06,日语蓝宝书_N2__part_06-24.png,body_heading,30,auto_completed,,jp_grammar N2 日语蓝宝书_N2 batch_06 kept_needs_explanation auto_completed
2057e31643af4ed7,N2,日语蓝宝书_N2,といいようではないか,といいようではないか,普通形 + か,让我们...吧,表示号召、提议大家一起做某事，书面或演说语气较强。,彼が来る（か）分かりません。,不知道他是否会来。,同类或相近表达请结合原书相似语法页复习。,劝诱,batch_06,日语蓝宝书_N2__part_06-24.png,body_heading,30,needs_manual_review,,jp_grammar N2 日语蓝宝书_N2 batch_06 needs_manual_review auto_completed
f69e521f1436d31a,N2,日语蓝宝书_N2,というものではないです,というものではないです,動詞ない形 + で,因为...,表示原因理由，语气比から更客观、柔和。,傘を持た（ないで）、出かけた。,没带伞就出门了。,同类或相近表达请结合原书相似语法页复习。,原因,batch_06,日语蓝宝书_N2__part_06-24.png,body_heading,30,needs_manual_review,,jp_grammar N2 日语蓝宝书_N2 batch_06 needs_manual_review auto_completed
49702aa63d30ae4f,N2,日语蓝宝书_N2,ところでりそ ) つら,ところでりそ)つら,接续：ところでりそ)つら。按原书条目和句中词形使用。,表示「ところでりそ)つら」这一语法形式或助词用法,用于练习「ところでりそ)つら」在句中的形式和基本功能；具体语义需结合前后文判断。,この文では（ところでりそ)つら）の使い方を確認します。,这句话用于确认“ところでりそ)つら”的用法。,同类或相近表达请结合原书相似语法页复习。,形式/用法,batch_06,日语蓝宝书_N2__part_06-24.png,body_heading,30,auto_completed,,jp_grammar N2 日语蓝宝书_N2 batch_06 kept_needs_explanation auto_completed
adf5e78ff5328445,N2,日语蓝宝书_N2,～ ばかりに接続動 / ナ形 / イ形の名詞修飾形 + ばかりに名+な / である+ばかりに,～ ばかりに,名詞修飾形+ばかりに名+な/である+ばかりに,正因为...才,表示由于前项原因导致不理想结果，带后悔语气。,彼が来る（か）分かりません。,不知道他是否会来。,同类或相近表达请结合原书相似语法页复习。,原因,batch_06,日语蓝宝书_N2__part_06-25.png,body_heading,65,auto_enriched,,jp_grammar N2 日语蓝宝书_N2 batch_06 auto_enriched auto_completed
9dc0438a234acfb7,N2,日语蓝宝书_N2,～ はともかく ( として ),～ はともかく(として),名詞 + として,作为...,表示身份、资格、立场或用途。,彼は代表（として）、会議に出た。,他作为代表出席了会议。,同类或相近表达请结合原书相似语法页复习。,身份/资格,batch_06,日语蓝宝书_N2__part_06-25.png,body_heading,50,auto_completed,,jp_grammar N2 日语蓝宝书_N2 batch_06 kept_needs_explanation auto_completed
7fa0ff91e594e8a6,N2,日语蓝宝书_N2,～ ば ～ ほど動ば形 / イ形ば形 + 動 / イ形の辞書形 + ほど,～ ほど動ば形/イ形ば形+動/イ形の,辞書形+ほど,程度；越...越...,表示程度、比较基准或递进变化。,時間があれ（ば）、行きます。,如果有时间就去。,同类或相近表达请结合原书相似语法页复习。,程度/比较,batch_06,日语蓝宝书_N2__part_06-26.png,body_heading,60,auto_enriched,,jp_grammar N2 日语蓝宝书_N2 batch_06 auto_enriched auto_completed
d94909f84aff3238,N2,日语蓝宝书_N2,～ 反面 / 半面,～ 反面/半面,接续：～ 反面/半面。按原书条目和句中词形使用。,表示「反面」这一语法形式或助词用法,用于练习「～ 反面/半面」在句中的形式和基本功能；具体语义需结合前后文判断。,この文では（反面）の使い方を確認します。,这句话用于确认“～ 反面/半面”的用法。,同类或相近表达请结合原书相似语法页复习。,形式/用法,batch_06,日语蓝宝书_N2__part_06-26.png,body_heading,50,auto_completed,,jp_grammar N2 日语蓝宝书_N2 batch_06 kept_needs_explanation auto_completed
3c156345171d5f27,N3,日语蓝宝书_N3,ながらも ) 、 金を貸してくれた 。,ながらも)、金を貸してくれた。,動詞ます形 / い形容詞 / な形容詞語幹 + ながらも,虽然...但是,表示承认前项事实，同时后项出现与其相反或不相称的结果。,狭い（ながらも）、住みやすい部屋です。,虽然小，但是是个好住的房间。,同类或相近表达请结合原书相似语法页复习。,逆接,batch_06,日语蓝宝书_N3__part_06-01.png,body_heading,30,needs_manual_review,,jp_grammar N3 日语蓝宝书_N3 batch_06 needs_manual_review auto_completed
9928330221f33876,N3,日语蓝宝书_N3,わけで,わけで,接续：わけで。按原书条目和句中词形使用。,表示「わけで」这一语法形式或助词用法,用于练习「わけで」在句中的形式和基本功能；具体语义需结合前后文判断。,この文では（わけで）の使い方を確認します。,这句话用于确认“わけで”的用法。,同类或相近表达请结合原书相似语法页复习。,形式/用法,batch_06,日语蓝宝书_N3__part_06-01.png,body_heading,30,auto_completed,,jp_grammar N3 日语蓝宝书_N3 batch_06 kept_needs_explanation auto_completed
4f7411a5cbe1a136,N3,日语蓝宝书_N3,とばかりに,とばかりに,普通形 + か,正因为...才,表示由于前项原因导致不理想结果，带后悔语气。,彼が来る（か）分かりません。,不知道他是否会来。,同类或相近表达请结合原书相似语法页复习。,原因,batch_06,日语蓝宝书_N3__part_06-02.png,body_heading,30,needs_manual_review,,jp_grammar N3 日语蓝宝书_N3 batch_06 needs_manual_review auto_completed
43e2c702e3ca4e81,N3,日语蓝宝书_N3,ながらにてはなでんわ,ながらにてはなでんわ,動詞ます形 + ながら,一边...一边...,表示两个动作同时进行。,音楽を聞き（ながら）、勉強します。,一边听音乐一边学习。,同类或相近表达请结合原书相似语法页复习。,同时,batch_06,日语蓝宝书_N3__part_06-02.png,body_heading,30,auto_completed,,jp_grammar N3 日语蓝宝书_N3 batch_06 kept_needs_explanation auto_completed
a32f104edff77d94,N3,日语蓝宝书_N3,慌てようがないしんびん,慌てようがないしんびん,名詞 + が / 普通形 + が,但是；主语标记,可表示主语，也可连接前后相反或铺垫内容。,値段は高い（が）、品質はいい。,价格高，但是质量好。,同类或相近表达请结合原书相似语法页复习。,助词/逆接,batch_06,日语蓝宝书_N3__part_06-02.png,body_heading,30,auto_completed,,jp_grammar N3 日语蓝宝书_N3 batch_06 kept_needs_explanation auto_completed
1c5c9b2f99f7948c,N3,日语蓝宝书_N3,受けるようにする,受けるようにする,名詞 + にする,设法做到...,表示努力使某事成为习惯或实现某状态。,昼ご飯はカレー（にする）。,午饭决定吃咖喱。,同类或相近表达请结合原书相似语法页复习。,努力/习惯,batch_06,日语蓝宝书_N3__part_06-02.png,body_heading,30,needs_manual_review,,jp_grammar N3 日语蓝宝书_N3 batch_06 needs_manual_review auto_completed
5e0180c940b7ce9d,N3,日语蓝宝书_N3,受けることになる,受けることになる,感情形容詞 + ことに,变成；结果是,表示由外部情况决定，或推导出的结果。,うれしい（ことに）、全員が合格した。,令人高兴的是，全员都合格了。,同类或相近表达请结合原书相似语法页复习。,结果/决定,batch_06,日语蓝宝书_N3__part_06-02.png,body_heading,30,needs_manual_review,,jp_grammar N3 日语蓝宝书_N3 batch_06 needs_manual_review auto_completed
cde16c191bf6decb,N3,日语蓝宝书_N3,までにことが事実だ,までにことが事実だ,名詞 / 動詞辞書形 + までに,在...之前,表示动作完成的期限。,金曜日（までに）、資料を出してください。,请在周五之前提交资料。,同类或相近表达请结合原书相似语法页复习。,期限,batch_06,日语蓝宝书_N3__part_06-03.png,body_heading,30,auto_completed,,jp_grammar N3 日语蓝宝书_N3 batch_06 kept_needs_explanation auto_completed
628341b959c9d0f7,N3,日语蓝宝书_N3,のために,のために,普通形 + の,为了；因为,表示目的，也可表示原因。,走る（の）が好きです。,我喜欢跑步。,同类或相近表达请结合原书相似语法页复习。,目的/原因,batch_06,日语蓝宝书_N3__part_06-04.png,body_heading,30,needs_manual_review,,jp_grammar N3 日语蓝宝书_N3 batch_06 needs_manual_review auto_completed
8c4e60390ebde93e,N3,日语蓝宝书_N3,見せるというものにして,見せるというものにして,普通形 + のに,明明...却；为了...,可表示逆接，也可表示用途或目的。,一生懸命勉強した（のに）、合格できなかった。,明明努力学习了，却没能合格。,同类或相近表达请结合原书相似语法页复习。,逆接/目的,batch_06,日语蓝宝书_N3__part_06-04.png,body_heading,30,auto_completed,,jp_grammar N3 日语蓝宝书_N3 batch_06 kept_needs_explanation auto_completed
4fa28cc8b9307fae,N3,日语蓝宝书_N3,見せないようにして,見せないようにして,接续：見せないようにして。按原书条目和句中词形使用。,为了能...；像...一样,可表示目的、愿望、变化目标或比喻。,この文では（見せないようにして）の使い方を確認します。,这句话用于确认“見せないようにして”的用法。,同类或相近表达请结合原书相似语法页复习。,目的/样态,batch_06,日语蓝宝书_N3__part_06-04.png,body_heading,30,needs_manual_review,,jp_grammar N3 日语蓝宝书_N3 batch_06 needs_manual_review auto_completed
af521a96286e93b5,N3,日语蓝宝书_N3,そのために,そのために,普通形 + の,为了；因为,表示目的，也可表示原因。,走る（の）が好きです。,我喜欢跑步。,同类或相近表达请结合原书相似语法页复习。,目的/原因,batch_06,日语蓝宝书_N3__part_06-04.png,body_heading,30,needs_manual_review,,jp_grammar N3 日语蓝宝书_N3 batch_06 needs_manual_review auto_completed
61bcb88f5fb3e175,N3,日语蓝宝书_N3,はすがないことができない,はすがないことができない,名詞 + が / 普通形 + が,但是；主语标记,可表示主语，也可连接前后相反或铺垫内容。,値段は高い（が）、品質はいい。,价格高，但是质量好。,同类或相近表达请结合原书相似语法页复习。,助词/逆接,batch_06,日语蓝宝书_N3__part_06-04.png,body_heading,30,auto_completed,,jp_grammar N3 日语蓝宝书_N3 batch_06 kept_needs_explanation auto_completed
f801400ff15e21a5,N3,日语蓝宝书_N3,べきではない,べきではない,接续：べきではない。按原书条目和句中词形使用。,应该,表示从常识、责任或道理上应当做某事。,この文では（べきではない）の使い方を確認します。,这句话用于确认“べきではない”的用法。,同类或相近表达请结合原书相似语法页复习。,义务,batch_06,日语蓝宝书_N3__part_06-04.png,body_heading,30,needs_manual_review,,jp_grammar N3 日语蓝宝书_N3 batch_06 needs_manual_review auto_completed
f38239ee4e5e47be,N3,日语蓝宝书_N3,～ において / における名詞+において / における,～ において/における,名詞+において/における,在...；于...,表示地点、领域、时间或场合，语气正式。,この文では（において）の使い方を確認します。,这句话用于确认“～ において/における”的用法。,同类或相近表达请结合原书相似语法页复习。,范围/场合,batch_06,日语蓝宝书_N3__part_06-06.png,body_heading,60,auto_enriched,,jp_grammar N3 日语蓝宝书_N3 batch_06 auto_enriched auto_completed
2c3bdbb5a00b02cb,N3,日语蓝宝书_N3,～ にかわって / にかわり,～ にかわって/にかわり,普通形 + か,代替...,表示替代某人做某事，或某事物取代另一事物。,彼が来る（か）分かりません。,不知道他是否会来。,同类或相近表达请结合原书相似语法页复习。,替代,batch_06,日语蓝宝书_N3__part_06-07.png,body_heading,60,auto_enriched,,jp_grammar N3 日语蓝宝书_N3 batch_06 auto_enriched auto_completed
bc5a961301ac9bcc,N3,日语蓝宝书_N3,「 ～ に関注意,「～ に関注意,接续：「～ に関注意。按原书条目和句中词形使用。,表示「「～ に関注意」这一语法形式或助词用法,用于练习「「～ に関注意」在句中的形式和基本功能；具体语义需结合前后文判断。,この文では（「～ に関注意）の使い方を確認します。,这句话用于确认“「～ に関注意”的用法。,同类或相近表达请结合原书相似语法页复习。,形式/用法,batch_06,日语蓝宝书_N3__part_06-07.png,body_heading,50,auto_completed,,jp_grammar N3 日语蓝宝书_N3 batch_06 kept_needs_explanation auto_completed
5fadfbd34432a8af,N3,日语蓝宝书_N3,～ に関して ( は ) / に関しても / に関する,～ に関して(は)/に関しても/に関する,動詞て形 / い形容詞くて + も,即使...也,表示让步条件。,雨が降っ（ても）、行きます。,即使下雨也去。,同类或相近表达请结合原书相似语法页复习。,让步,batch_06,日语蓝宝书_N3__part_06-07.png,body_heading,60,auto_completed,,jp_grammar N3 日语蓝宝书_N3 batch_06 kept_needs_explanation auto_completed
cfd3bce5fdeff96d,N3,日语蓝宝书_N3,～ に比へ ( て ),～ に比へ(て),接续：～ に比へ(て)。按原书条目和句中词形使用。,表示「に比へ(て)」这一语法形式或助词用法,用于练习「～ に比へ(て)」在句中的形式和基本功能；具体语义需结合前后文判断。,この文では（に比へ(て)）の使い方を確認します。,这句话用于确认“～ に比へ(て)”的用法。,同类或相近表达请结合原书相似语法页复习。,形式/用法,batch_06,日语蓝宝书_N3__part_06-07.png,body_heading,50,auto_completed,,jp_grammar N3 日语蓝宝书_N3 batch_06 kept_needs_explanation auto_completed
ade4553dd079ed50,N3,日语蓝宝书_N3,～ にする名詞+にする,～ にする,名詞+にする,决定...；使...成为,表示选择、决定，或人为改变状态。,昼ご飯はカレー（にする）。,午饭决定吃咖喱。,同类或相近表达请结合原书相似语法页复习。,决定/变化,batch_06,日语蓝宝书_N3__part_06-08.png,body_heading,50,auto_completed,,jp_grammar N3 日语蓝宝书_N3 batch_06 kept_needs_explanation auto_completed
293909396dd461c2,N3,日语蓝宝书_N3,が比べてしりようあっ,が比べてしりようあっ,名詞 + が / 普通形 + が,但是；主语标记,可表示主语，也可连接前后相反或铺垫内容。,値段は高い（が）、品質はいい。,价格高，但是质量好。,同类或相近表达请结合原书相似语法页复习。,助词/逆接,batch_06,日语蓝宝书_N3__part_06-09.png,body_heading,30,auto_completed,,jp_grammar N3 日语蓝宝书_N3 batch_06 kept_needs_explanation auto_completed
c3f980b28469ae8c,N3,日语蓝宝书_N3,そうになりましよう,そうになりましよう,接续：そうになりましよう。按原书条目和句中词形使用。,表示「そうになりましよう」这一语法形式或助词用法,用于练习「そうになりましよう」在句中的形式和基本功能；具体语义需结合前后文判断。,この文では（そうになりましよう）の使い方を確認します。,这句话用于确认“そうになりましよう”的用法。,同类或相近表达请结合原书相似语法页复习。,形式/用法,batch_06,日语蓝宝书_N3__part_06-13.png,body_heading,30,auto_completed,,jp_grammar N3 日语蓝宝书_N3 batch_06 kept_needs_explanation auto_completed
77d68239ab8b36c3,N3,日语蓝宝书_N3,時間を作ることで,時間を作ることで,動詞普通形 / 名詞の + 間,在...期间,表示某动作或状态持续的整个期间。,母が料理している（間）、私は宿題をした。,妈妈做饭期间，我写了作业。,同类或相近表达请结合原书相似语法页复习。,时间,batch_06,日语蓝宝书_N3__part_06-13.png,body_heading,30,auto_completed,,jp_grammar N3 日语蓝宝书_N3 batch_06 kept_needs_explanation auto_completed
6f6c6fa46394a12f,N3,日语蓝宝书_N3,～ に対して / に対する / に対しての,～ に対して/に対する/に対しての,普通形 + の,对...；与...相对,表示动作、态度的对象，也可表示对比。,走る（の）が好きです。,我喜欢跑步。,同类或相近表达请结合原书相似语法页复习。,对象/对比,batch_06,日语蓝宝书_N3__part_06-14.png,body_heading,60,auto_enriched,,jp_grammar N3 日语蓝宝书_N3 batch_06 auto_enriched auto_completed
acd75a446e84b22a,N3,日语蓝宝书_N3,接1名i詞+に対して / に対する / に対しての,接1名i詞+に対して/に対する/に対しての,普通形 + の,对...；与...相对,表示动作、态度的对象，也可表示对比。,走る（の）が好きです。,我喜欢跑步。,同类或相近表达请结合原书相似语法页复习。,对象/对比,batch_06,日语蓝宝书_N3__part_06-14.png,body_heading,25,needs_manual_review,,jp_grammar N3 日语蓝宝书_N3 batch_06 needs_manual_review auto_completed
e6973f8c1d921d4d,N3,日语蓝宝书_N3,～ について / についての名 - 詞+について / についての,～ について/についての名 - 詞+について/についての,普通形 + の,关于...,表示谈论、调查、说明等动作涉及的主题。,走る（の）が好きです。,我喜欢跑步。,同类或相近表达请结合原书相似语法页复习。,主题,batch_06,日语蓝宝书_N3__part_06-15.png,body_heading,60,auto_enriched,,jp_grammar N3 日语蓝宝书_N3 batch_06 auto_enriched auto_completed
dfc7a36b18598b34,N3,日语蓝宝书_N3,～ につれて / につれ名 - 詞+につれて / につれ,～ につれて/につれ名 - 詞+につれて/につれ,接续：～ につれて/につれ名 - 詞+につれて/につれ。按原书条目和句中词形使用。,表示「につれて」这一语法形式或助词用法,用于练习「～ につれて/につれ名 - 詞+につれて/につれ」在句中的形式和基本功能；具体语义需结合前后文判断。,この文では（につれて）の使い方を確認します。,这句话用于确认“～ につれて/につれ名 - 詞+につれて/につれ”的用法。,同类或相近表达请结合原书相似语法页复习。,形式/用法,batch_06,日语蓝宝书_N3__part_06-15.png,body_heading,60,auto_completed,,jp_grammar N3 日语蓝宝书_N3 batch_06 kept_needs_explanation auto_completed
3e72ea85bb1dd63b,N3,日语蓝宝书_N3,～ にはい 」 等 。,～ にはい」等。,動詞辞書形 + には / 名詞 + には,要...就；对于...来说,表示目的所需条件，或提示对象范围。,合格する（には）、毎日練習が必要だ。,要合格，每天练习是必要的。,同类或相近表达请结合原书相似语法页复习。,条件/对象,batch_06,日语蓝宝书_N3__part_06-16.png,toc_or_heading,50,auto_completed,,jp_grammar N3 日语蓝宝书_N3 batch_06 kept_needs_explanation auto_completed
40a40234d22e09d1,N3,日语蓝宝书_N3,"～ には 」 的前項表示目的 , 后項表示込到選个目的所需要做的事情 。 意思相当于 「 ～ す","～ には」的前項表示目的 , 后項表示込到選个目的所需要做的事情。意思相当于「～ す",動詞辞書形 + には / 名詞 + には,要...就；对于...来说,表示目的所需条件，或提示对象范围。,合格する（には）、毎日練習が必要だ。,要合格，每天练习是必要的。,同类或相近表达请结合原书相似语法页复习。,条件/对象,batch_06,日语蓝宝书_N3__part_06-16.png,toc_or_heading,20,auto_completed,,jp_grammar N3 日语蓝宝书_N3 batch_06 kept_needs_explanation auto_completed
49e0e88cd1d1a434,N3,日语蓝宝书_N3,～ によって ( は ) / により / による,～ によって(は)/により/による,接续：～ によって(は)/により/による。按原书条目和句中词形使用。,由于；根据；通过,可表示原因、依据、手段或被动句的动作主体。,この文では（によって(は)）の使い方を確認します。,这句话用于确认“～ によって(は)/により/による”的用法。,同类或相近表达请结合原书相似语法页复习。,依据/原因/手段,batch_06,日语蓝宝书_N3__part_06-17.png,body_heading,60,auto_enriched,,jp_grammar N3 日语蓝宝书_N3 batch_06 auto_enriched auto_completed
abaef76c98acfb50,N3,日语蓝宝书_N3,接名i詞+によって ( は ) / により / による,接名i詞+によって(は)/により/による,接续：接名i詞+によって(は)/により/による。按原书条目和句中词形使用。,由于；根据；通过,可表示原因、依据、手段或被动句的动作主体。,この文では（接名i詞+によって(は)）の使い方を確認します。,这句话用于确认“接名i詞+によって(は)/により/による”的用法。,同类或相近表达请结合原书相似语法页复习。,依据/原因/手段,batch_06,日语蓝宝书_N3__part_06-17.png,body_heading,25,needs_manual_review,,jp_grammar N3 日语蓝宝书_N3 batch_06 needs_manual_review auto_completed
03e0c3241ed1ed65,N3,日语蓝宝书_N3,～ によると / によれば / の話では名 - 詞+によると / によれば / の話では,～ によると/によれば/の話では名 - 詞+によると/によれば/の話では,動詞ば形 / い形容詞ければ + ば,据...说,表示信息来源。,時間があれ（ば）、行きます。,如果有时间就去。,同类或相近表达请结合原书相似语法页复习。,信息来源,batch_06,日语蓝宝书_N3__part_06-18.png,body_heading,50,auto_enriched,,jp_grammar N3 日语蓝宝书_N3 batch_06 auto_enriched auto_completed
7ef89fe84b016d60,N3,日语蓝宝书_N3,によってわす ) 、 嫌なことも忘れる 。,によってわす)、嫌なことも忘れる。,名詞 + も,由于；根据；通过,可表示原因、依据、手段或被动句的动作主体。,私（も）行きます。,我也去。,同类或相近表达请结合原书相似语法页复习。,依据/原因/手段,batch_06,日语蓝宝书_N3__part_06-19.png,body_heading,30,needs_manual_review,,jp_grammar N3 日语蓝宝书_N3 batch_06 needs_manual_review auto_completed
a7ca132c44e27ed4,N3,日语蓝宝书_N3,新設されることにした,新設されることにした,感情形容詞 + ことに,令人...的是,表示说话人对后项事实的评价或感情。,うれしい（ことに）、全員が合格した。,令人高兴的是，全员都合格了。,同类或相近表达请结合原书相似语法页复习。,评价,batch_06,日语蓝宝书_N3__part_06-21.png,body_heading,30,auto_completed,,jp_grammar N3 日语蓝宝书_N3 batch_06 kept_needs_explanation auto_completed
354a709b3668ccb7,N3,日语蓝宝书_N3,趣味を持っことしゆみも,趣味を持っことしゆみも,名詞 + も,也；连...都,表示同类追加或强调极端例子。,私（も）行きます。,我也去。,同类或相近表达请结合原书相似语法页复习。,助词/强调,batch_06,日语蓝宝书_N3__part_06-21.png,body_heading,30,auto_completed,,jp_grammar N3 日语蓝宝书_N3 batch_06 kept_needs_explanation auto_completed
2a39e8a548ca231e,N3,日语蓝宝书_N3,趣味ができるようになるの,趣味ができるようになるの,名詞 / な形容詞 + になる,变得会...；逐渐...,表示能力、状态或习惯发生变化。,春（になる）と、暖かくなる。,到了春天就变暖。,同类或相近表达请结合原书相似语法页复习。,变化,batch_06,日语蓝宝书_N3__part_06-21.png,body_heading,30,needs_manual_review,,jp_grammar N3 日语蓝宝书_N3 batch_06 needs_manual_review auto_completed
ca61816a5f87feca,N3,日语蓝宝书_N3,趣味を持っことができる,趣味を持っことができる,動詞辞書形 + ことができる,能够...,表示能力或客观可能。,日本語でメールを書く（ことができる）。,能够用日语写邮件。,同类或相近表达请结合原书相似语法页复习。,可能,batch_06,日语蓝宝书_N3__part_06-21.png,body_heading,30,auto_completed,,jp_grammar N3 日语蓝宝书_N3 batch_06 kept_needs_explanation auto_completed
b3226894e2867d81,N3,日语蓝宝书_N3,苦しいはずがない,苦しいはずがない,名詞 + が / 普通形 + が,按理应该,根据已知事实推断某事理应如此。,値段は高い（が）、品質はいい。,价格高，但是质量好。,同类或相近表达请结合原书相似语法页复习。,推量,batch_06,日语蓝宝书_N3__part_06-22.png,body_heading,30,needs_manual_review,,jp_grammar N3 日语蓝宝书_N3 batch_06 needs_manual_review auto_completed
8444f7ceb6dd63b0,N3,日语蓝宝书_N3,に対して ☆ じようたっ,に対して ☆ じようたっ,接续：に対して ☆ じようたっ。按原书条目和句中词形使用。,对...；与...相对,表示动作、态度的对象，也可表示对比。,この文では（に対して ☆ じようたっ）の使い方を確認します。,这句话用于确认“に対して ☆ じようたっ”的用法。,同类或相近表达请结合原书相似语法页复习。,对象/对比,batch_06,日语蓝宝书_N3__part_06-22.png,body_heading,30,needs_manual_review,,jp_grammar N3 日语蓝宝书_N3 batch_06 needs_manual_review auto_completed
75c46cb58fa63fd0,N3,日语蓝宝书_N3,～ の動 ・ 詞普通形 / い形容詞普通形+の,～ の動・詞,い形容詞普通形+の,名词化；所属；说明,可表示所属、名词化，或替代前面提到的名词。,走る（の）が好きです。,我喜欢跑步。,同类或相近表达请结合原书相似语法页复习。,名词化/助词,batch_06,日语蓝宝书_N3__part_06-24.png,body_heading,50,auto_completed,,jp_grammar N3 日语蓝宝书_N3 batch_06 kept_needs_explanation auto_completed
64540a21d044f65e,N3,日语蓝宝书_N3,"注意某些明 。 「 ～ のだ 」 是弔面浯 , 「 ～ んだ 」 是ロi吾 。","注意某些明。「～ のだ」是書面語 ,「～ んだ」是ロi吾。",普通形 + のだ / んだ,说明原因/强调判断,用于说明背景、理由或强调说话人的判断。,今日は学校へ行かない（んだ）。,今天不去学校。,同类或相近表达请结合原书相似语法页复习。,说明,batch_06,日语蓝宝书_N3__part_06-25.png,body_heading,50,auto_completed,,jp_grammar N3 日语蓝宝书_N3 batch_06 kept_needs_explanation auto_completed
a3c5c4ac9950856f,N3,日语蓝宝书_N3,～ のに “ 用于,～ のに “ 用于,普通形 + のに,明明...却；为了...,可表示逆接，也可表示用途或目的。,一生懸命勉強した（のに）、合格できなかった。,明明努力学习了，却没能合格。,同类或相近表达请结合原书相似语法页复习。,逆接/目的,batch_06,日语蓝宝书_N3__part_06-25.png,body_heading,50,auto_completed,,jp_grammar N3 日语蓝宝书_N3 batch_06 kept_needs_explanation auto_completed
135d12847d78d32c,N3,日语蓝宝书_N3,～ は動 - 詞 「 は形 」 +ければ,～ は,動詞「は形」+ければ,表示「は」这一语法形式或助词用法,用于练习「～ は」在句中的形式和基本功能；具体语义需结合前后文判断。,この文では（は）の使い方を確認します。,这句话用于确认“～ は”的用法。,同类或相近表达请结合原书相似语法页复习。,形式/用法,batch_06,日语蓝宝书_N3__part_06-25.png,body_heading,50,auto_completed,,jp_grammar N3 日语蓝宝书_N3 batch_06 kept_needs_explanation auto_completed
9a5e542d0ce74522,N3,日语蓝宝书_N3,～ はずだ / はすがない,～ はずだ/はすがない,名詞 + が / 普通形 + が,按理应该,根据已知事实推断某事理应如此。,値段は高い（が）、品質はいい。,价格高，但是质量好。,同类或相近表达请结合原书相似语法页复习。,推量,batch_06,日语蓝宝书_N3__part_06-26.png,body_heading,65,auto_enriched,,jp_grammar N3 日语蓝宝书_N3 batch_06 auto_enriched auto_completed
39895dcc8cff8b06,N3,日语蓝宝书_N3,"表示随着前項的変化 , 后項也相地生変化 。 注意選吋候不能替換成 「 ～ くらい 」 。","表示随着前項的変化 , 后項也相地生変化。注意選吋候不能替換成「～ くらい」。","接续：表示随着前項的変化 , 后項也相地生変化。注意選吋候不能替換成「～ くらい」。。按原书条目和句中词形使用。",大约；程度到...,表示大致数量、程度，或举出极端程度。,"この文では（表示随着前項的変化 , 后項也相地生変化。注意選吋候不能替換成「～ くらい」）の使い方を確認します。","这句话用于确认“表示随着前項的変化 , 后項也相地生変化。注意選吋候不能替換成「～ くらい」。”的用法。",同类或相近表达请结合原书相似语法页复习。,程度,batch_06,日语蓝宝书_N3__part_06-27.png,body_heading,20,needs_manual_review,,jp_grammar N3 日语蓝宝书_N3 batch_06 needs_manual_review auto_completed
3bcd310ca43dead6,N5/N4,日语蓝宝书N5N4,～ ていく接ー詞 「 て形わ + いく,～ ていく接ー詞「,て形わ+いく,...下去；去...,表示动作离开说话人方向，或状态从现在持续到将来。,これからも勉強を続け（ていく）。,今后也会继续学习下去。,同类或相近表达请结合原书相似语法页复习。,方向/变化,batch_06,日语蓝宝书N5N4__part_06-01.png,body_heading,50,auto_completed,,jp_grammar N5_N4 日语蓝宝书N5N4 batch_06 kept_needs_explanation auto_completed
5917699f4f65f808,N5/N4,日语蓝宝书N5N4,～ てみる 「 ～ てしまう - 長在 - ロ瀁中的筒略税法 。,～ てみる「～ てしまう - 長在 - ロ瀁中的筒略税法。,動詞て形 + みる,试着...,表示尝试做某事。,新しい方法を試し（てみる）。,试试新的方法。,同类或相近表达请结合原书相似语法页复习。,尝试,batch_06,日语蓝宝书N5N4__part_06-02.png,body_heading,50,auto_completed,,jp_grammar N5_N4 日语蓝宝书N5N4 batch_06 kept_needs_explanation auto_completed
044a62d0da563440,N5/N4,日语蓝宝书N5N4,t. ～ を ～,～ を,接续：～ を。按原书条目和句中词形使用。,表示「を」这一语法形式或助词用法,用于练习「～ を」在句中的形式和基本功能；具体语义需结合前后文判断。,この文では（を）の使い方を確認します。,这句话用于确认“～ を”的用法。,同类或相近表达请结合原书相似语法页复习。,形式/用法,batch_06,日语蓝宝书N5N4__part_06-02.png,body_heading,50,auto_completed,,jp_grammar N5_N4 日语蓝宝书N5N4 batch_06 kept_needs_explanation auto_completed
f3977a203c4777b1,N5/N4,日语蓝宝书N5N4,～ の注意説明,～ の注意,普通形 + の,名词化；所属；说明,可表示所属、名词化，或替代前面提到的名词。,走る（の）が好きです。,我喜欢跑步。,同类或相近表达请结合原书相似语法页复习。,名词化/助词,batch_06,日语蓝宝书N5N4__part_06-03.png,body_heading,50,auto_completed,,jp_grammar N5_N4 日语蓝宝书N5N4 batch_06 kept_needs_explanation auto_completed
9afbdf1f9f402a73,N5/N4,日语蓝宝书N5N4,～ 力 、 ら接,～ 力、ら接,接续：～ 力、ら接。按原书条目和句中词形使用。,表示「力、ら接」这一语法形式或助词用法,用于练习「～ 力、ら接」在句中的形式和基本功能；具体语义需结合前后文判断。,この文では（力、ら接）の使い方を確認します。,这句话用于确认“～ 力、ら接”的用法。,同类或相近表达请结合原书相似语法页复习。,形式/用法,batch_06,日语蓝宝书N5N4__part_06-04.png,body_heading,50,auto_completed,,jp_grammar N5_N4 日语蓝宝书N5N4 batch_06 kept_needs_explanation auto_completed
7fcb5b576ca9a1b4,N5/N4,日语蓝宝书N5N4,～ ので接名詞+な / い形容詞筒体形 / な形容詞詞干+な / 功詞筒体形+ので,～ ので接,名詞+な/い形容詞普通形/な形容詞語幹+な/功詞普通形+ので,因为...,表示原因理由，语气比から更客观、柔和。,走る（の）が好きです。,我喜欢跑步。,同类或相近表达请结合原书相似语法页复习。,原因,batch_06,日语蓝宝书N5N4__part_06-05.png,body_heading,50,auto_enriched,,jp_grammar N5_N4 日语蓝宝书N5N4 batch_06 auto_enriched auto_completed
435c963d923602b6,N5/N4,日语蓝宝书N5N4,～ ーきれいがん - ば,～ ーきれいがん - ば,名詞 + が / 普通形 + が,但是；主语标记,可表示主语，也可连接前后相反或铺垫内容。,値段は高い（が）、品質はいい。,价格高，但是质量好。,同类或相近表达请结合原书相似语法页复习。,助词/逆接,batch_06,日语蓝宝书N5N4__part_06-06.png,body_heading,50,auto_completed,,jp_grammar N5_N4 日语蓝宝书N5N4 batch_06 kept_needs_explanation auto_completed
a869a0b6de3abed5,N5/N4,日语蓝宝书N5N4,きますかのじ上匸幻彼女のことはもう忘れて (,きますかのじ上匸幻彼女のことはもう忘れて(,普通形 + か,是否；或者；疑问,表示疑问、不确定或选择。,彼が来る（か）分かりません。,不知道他是否会来。,同类或相近表达请结合原书相似语法页复习。,疑问/选择,batch_06,日语蓝宝书N5N4__part_06-07.png,body_heading,30,auto_completed,,jp_grammar N5_N4 日语蓝宝书N5N4 batch_06 kept_needs_explanation auto_completed
f0c330669417b072,N5/N4,日语蓝宝书N5N4,からこと置いてということ,からこと置いてということ,普通形 + ということ,也就是说；...这件事,用于概括前文内容或说明结论。,彼が来ない（ということ）は、忙しいのだろう。,他不来这件事，说明大概很忙吧。,同类或相近表达请结合原书相似语法页复习。,说明/概括,batch_06,日语蓝宝书N5N4__part_06-08.png,body_heading,30,auto_completed,,jp_grammar N5_N4 日语蓝宝书N5N4 batch_06 kept_needs_explanation auto_completed
663f8c39d4d5934f,N5/N4,日语蓝宝书N5N4,ます 。 ことはあり,ます。ことはあり,接续：ます。ことはあり。按原书条目和句中词形使用。,表示「ます。ことはあり」这一语法形式或助词用法,用于练习「ます。ことはあり」在句中的形式和基本功能；具体语义需结合前后文判断。,この文では（ます。ことはあり）の使い方を確認します。,这句话用于确认“ます。ことはあり”的用法。,同类或相近表达请结合原书相似语法页复习。,形式/用法,batch_06,日语蓝宝书N5N4__part_06-08.png,body_heading,30,auto_completed,,jp_grammar N5_N4 日语蓝宝书N5N4 batch_06 kept_needs_explanation auto_completed
7e0e34efbc205916,N5/N4,日语蓝宝书N5N4,～ 。 連れさせて,～。連れさせて,接续：～。連れさせて。按原书条目和句中词形使用。,表示「連れさせて」这一语法形式或助词用法,用于练习「～。連れさせて」在句中的形式和基本功能；具体语义需结合前后文判断。,この文では（連れさせて）の使い方を確認します。,这句话用于确认“～。連れさせて”的用法。,同类或相近表达请结合原书相似语法页复习。,形式/用法,batch_06,日语蓝宝书N5N4__part_06-09.png,body_heading,50,auto_completed,,jp_grammar N5_N4 日语蓝宝书N5N4 batch_06 kept_needs_explanation auto_completed
4e7b2c47d0a97153,N5/N4,日语蓝宝书N5N4,～ てもか - まわない,～ てもか - まわない,普通形 + か,是否；或者；疑问,表示疑问、不确定或选择。,彼が来る（か）分かりません。,不知道他是否会来。,同类或相近表达请结合原书相似语法页复习。,疑问/选择,batch_06,日语蓝宝书N5N4__part_06-10.png,body_heading,50,auto_completed,,jp_grammar N5_N4 日语蓝宝书N5N4 batch_06 kept_needs_explanation auto_completed
55eac728f24b234b,N5/N4,日语蓝宝书N5N4,～ なくてはならない / なくてはいけない,～ なくてはならない/なくてはいけない,接续：～ なくてはならない/なくてはいけない。按原书条目和句中词形使用。,不可以...,表示禁止。,この文では（なくてはならない）の使い方を確認します。,这句话用于确认“～ なくてはならない/なくてはいけない”的用法。,同类或相近表达请结合原书相似语法页复习。,禁止,batch_06,日语蓝宝书N5N4__part_06-11.png,body_heading,60,auto_enriched,,jp_grammar N5_N4 日语蓝宝书N5N4 batch_06 auto_enriched auto_completed
24bf3cfa3906ecb3,N5/N4,日语蓝宝书N5N4,～ なくてもいい,～ なくてもいい,動詞て形 + もいい,不...也可以,表示没有必要做某事。,ここに座っ（てもいい）ですか。,可以坐这里吗？,同类或相近表达请结合原书相似语法页复习。,不必要,batch_06,日语蓝宝书N5N4__part_06-11.png,body_heading,50,auto_enriched,,jp_grammar N5_N4 日语蓝宝书N5N4 batch_06 auto_enriched auto_completed
5fc0fb6b7a46ad11,N5/N4,日语蓝宝书N5N4,～ つづける功詞 「 ます形 」 +づづける,～ つづける功詞「,ます形」+づづける,表示「つづける功詞「」这一语法形式或助词用法,用于练习「～ つづける功詞「」在句中的形式和基本功能；具体语义需结合前后文判断。,この文では（つづける功詞「）の使い方を確認します。,这句话用于确认“～ つづける功詞「”的用法。,同类或相近表达请结合原书相似语法页复习。,形式/用法,batch_06,日语蓝宝书N5N4__part_06-12.png,body_heading,50,auto_completed,,jp_grammar N5_N4 日语蓝宝书N5N4 batch_06 kept_needs_explanation auto_completed
110cf6de2fd9754f,N5/N4,日语蓝宝书N5N4,～ 方i午可 、 禁止和接尾i詞等,～ 方i午可、禁止和接尾i詞等,接续：～ 方i午可、禁止和接尾i詞等。按原书条目和句中词形使用。,表示「方i午可、禁止和接尾i詞等」这一语法形式或助词用法,用于练习「～ 方i午可、禁止和接尾i詞等」在句中的形式和基本功能；具体语义需结合前后文判断。,この文では（方i午可、禁止和接尾i詞等）の使い方を確認します。,这句话用于确认“～ 方i午可、禁止和接尾i詞等”的用法。,同类或相近表达请结合原书相似语法页复习。,形式/用法,batch_06,日语蓝宝书N5N4__part_06-13.png,body_heading,50,auto_completed,,jp_grammar N5_N4 日语蓝宝书N5N4 batch_06 kept_needs_explanation auto_completed
eb3f1f6c00d8488f,N5/N4,日语蓝宝书N5N4,でも ～ 一ては,～ 一ては,接续：～ 一ては。按原书条目和句中词形使用。,表示「一ては」这一语法形式或助词用法,用于练习「～ 一ては」在句中的形式和基本功能；具体语义需结合前后文判断。,この文では（一ては）の使い方を確認します。,这句话用于确认“～ 一ては”的用法。,同类或相近表达请结合原书相似语法页复习。,形式/用法,batch_06,日语蓝宝书N5N4__part_06-14.png,body_heading,50,auto_completed,,jp_grammar N5_N4 日语蓝宝书N5N4 batch_06 kept_needs_explanation auto_completed
8e0a3553779333c6,N5/N4,日语蓝宝书N5N4,読み - くだもの ・ 一一から . かた,読み - くだもの・一一から . かた,普通形 + か,是否；或者；疑问,表示疑问、不确定或选择。,彼が来る（か）分かりません。,不知道他是否会来。,同类或相近表达请结合原书相似语法页复习。,疑问/选择,batch_06,日语蓝宝书N5N4__part_06-15.png,body_heading,30,auto_completed,,jp_grammar N5_N4 日语蓝宝书N5N4 batch_06 kept_needs_explanation auto_completed
cbb04070a4ce7dcd,N5/N4,日语蓝宝书N5N4,～ あいだに接税明,～ あいだに接税明,接续：～ あいだに接税明。按原书条目和句中词形使用。,表示「あいだに接税明」这一语法形式或助词用法,用于练习「～ あいだに接税明」在句中的形式和基本功能；具体语义需结合前后文判断。,この文では（あいだに接税明）の使い方を確認します。,这句话用于确认“～ あいだに接税明”的用法。,同类或相近表达请结合原书相似语法页复习。,形式/用法,batch_06,日语蓝宝书N5N4__part_06-18.png,body_heading,50,auto_completed,,jp_grammar N5_N4 日语蓝宝书N5N4 batch_06 kept_needs_explanation auto_completed
718512749103bb79,N5/N4,日语蓝宝书N5N4,～ てから功詞 「 て形 」 +から,～ てから功詞「,て形」+から,...之后,表示先做前项，再做后项。,ご飯を食べ（てから）、出かけます。,吃完饭后出门。,同类或相近表达请结合原书相似语法页复习。,时间/顺序,batch_06,日语蓝宝书N5N4__part_06-18.png,body_heading,50,auto_completed,,jp_grammar N5_N4 日语蓝宝书N5N4 batch_06 kept_needs_explanation auto_completed
cb6d3922e7c246e5,N5/N4,日语蓝宝书N5N4,～ たところだ 「 ～ ているところだ工表示動作正在迸行的畍段 。,～ たところだ「～ ているところだ工表示動作正在迸行的畍段。,動詞て形 + いる,即使...也；刚...,可表示做了前项后发现某结果，也可表示逆接条件。,今、本を読ん（でいる）。,现在正在读书。,同类或相近表达请结合原书相似语法页复习。,时间/逆接,batch_06,日语蓝宝书N5N4__part_06-19.png,toc_or_heading,65,auto_enriched,,jp_grammar N5_N4 日语蓝宝书N5N4 batch_06 auto_enriched auto_completed
1dc27a659722ad1c,N5/N4,日语蓝宝书N5N4,～ ているところだ,～ ているところだ,動詞て形 + いる,正在...；处于...状态,表示动作进行、结果状态或习惯。,今、本を読ん（でいる）。,现在正在读书。,同类或相近表达请结合原书相似语法页复习。,状态/进行,batch_06,日语蓝宝书N5N4__part_06-19.png,toc_or_heading,65,auto_completed,,jp_grammar N5_N4 日语蓝宝书N5N4 batch_06 kept_needs_explanation auto_completed
63636864ae7fe931,N5/N4,日语蓝宝书N5N4,～ ばかり名詞+はかり,～ ばかり,名詞+はかり,刚刚；光是,可表示动作刚完成，也可表示限定或偏向。,彼が来る（か）分かりません。,不知道他是否会来。,同类或相近表达请结合原书相似语法页复习。,时间/限定,batch_06,日语蓝宝书N5N4__part_06-19.png,toc_or_heading,65,auto_enriched,,jp_grammar N5_N4 日语蓝宝书N5N4 batch_06 auto_enriched auto_completed
aeda0af498007c55,N5/N4,日语蓝宝书N5N4,～ てばかり助詞 「 て形 」 + ばかり,～ てばかり助詞「,て形」+ばかり,刚刚；光是,可表示动作刚完成，也可表示限定或偏向。,彼が来る（か）分かりません。,不知道他是否会来。,同类或相近表达请结合原书相似语法页复习。,时间/限定,batch_06,日语蓝宝书N5N4__part_06-19.png,toc_or_heading,65,auto_enriched,,jp_grammar N5_N4 日语蓝宝书N5N4 batch_06 auto_enriched auto_completed
2ba586c43fc2e8dc,N5/N4,日语蓝宝书N5N4,～ たばかり功詞 「 た形 」 +ばかり,～ たばかり功詞「,た形」+ばかり,刚刚；光是,可表示动作刚完成，也可表示限定或偏向。,彼が来る（か）分かりません。,不知道他是否会来。,同类或相近表达请结合原书相似语法页复习。,时间/限定,batch_06,日语蓝宝书N5N4__part_06-19.png,toc_or_heading,65,auto_enriched,,jp_grammar N5_N4 日语蓝宝书N5N4 batch_06 auto_enriched auto_completed
b5bd1e9d620251e5,N5/N4,日语蓝宝书N5N4,"～ までにト ～ ながら 」 表示南个助作詞吋進行的状恣 , 重点在后面的助作上 。 △ 左右を見ながら横する 。 / 辺看左右一辺人行横道 。",～ までにト,名詞 / 動詞辞書形 + までに,在...之前,表示动作完成的期限。,金曜日（までに）、資料を出してください。,请在周五之前提交资料。,同类或相近表达请结合原书相似语法页复习。,期限,batch_06,日语蓝宝书N5N4__part_06-20.png,body_heading,50,auto_completed,,jp_grammar N5_N4 日语蓝宝书N5N4 batch_06 kept_needs_explanation auto_completed
12206b42cee5fd3c,N5/N4,日语蓝宝书N5N4,～ ながら活人覚得吋回短就可以使用 。,～ ながら活人覚得吋回短就可以使用。,動詞ます形 + ながら,一边...一边...,表示两个动作同时进行。,音楽を聞き（ながら）、勉強します。,一边听音乐一边学习。,同类或相近表达请结合原书相似语法页复习。,同时,batch_06,日语蓝宝书N5N4__part_06-20.png,body_heading,65,auto_completed,,jp_grammar N5_N4 日语蓝宝书N5N4 batch_06 kept_needs_explanation auto_completed
3496ce01f214ef92,N5/N4,日语蓝宝书N5N4,～ でも詞性功詞 。,～ でも詞性功詞。,名詞 + も,也；连...都,表示同类追加或强调极端例子。,私（も）行きます。,我也去。,同类或相近表达请结合原书相似语法页复习。,助词/强调,batch_06,日语蓝宝书N5N4__part_06-20.png,body_heading,50,auto_completed,,jp_grammar N5_N4 日语蓝宝书N5N4 batch_06 kept_needs_explanation auto_completed
a37eab46145e4f42,N5/N4,日语蓝宝书N5N4,～ し / ～ し ～ し,～ し,接续：～ し。按原书条目和句中词形使用。,表示「し」这一语法形式或助词用法,用于练习「～ し」在句中的形式和基本功能；具体语义需结合前后文判断。,この文では（し）の使い方を確認します。,这句话用于确认“～ し”的用法。,同类或相近表达请结合原书相似语法页复习。,形式/用法,batch_06,日语蓝宝书N5N4__part_06-21.png,body_heading,50,auto_completed,,jp_grammar N5_N4 日语蓝宝书N5N4 batch_06 kept_needs_explanation auto_completed
f5425b41db588660,N2,日语蓝宝书_N2,～ べき / べきだ / べきではない動辞書形 + べき / べきだ / べきではないする → すべき / するべき,～ べき/べきだ/べきではない動,辞書形+べき/べきだ/べきではないする → すべき/するべき,应该,表示从常识、责任或道理上应当做某事。,この文では（べき）の使い方を確認します。,这句话用于确认“～ べき/べきだ/べきではない動”的用法。,同类或相近表达请结合原书相似语法页复习。,义务,batch_07,日语蓝宝书_N2__part_07-01.png,body_heading,65,auto_enriched,,jp_grammar N2 日语蓝宝书_N2 batch_07 auto_enriched auto_completed
202fc15dd758f263,N2,日语蓝宝书_N2,～ ほか ( は ) ない / よりほか ( は ) ない,～ ほか(は)ない/よりほか(は)ない,普通形 + か,是否；或者；疑问,表示疑问、不确定或选择。,彼が来る（か）分かりません。,不知道他是否会来。,同类或相近表达请结合原书相似语法页复习。,疑问/选择,batch_07,日语蓝宝书_N2__part_07-01.png,body_heading,60,auto_completed,,jp_grammar N2 日语蓝宝书_N2 batch_07 kept_needs_explanation auto_completed
6c29670032511d84,N2,日语蓝宝书_N2,～ ほど / ほどだ / ほどの,～ ほど/ほどだ/ほどの,普通形 + の,程度；越...越...,表示程度、比较基准或递进变化。,走る（の）が好きです。,我喜欢跑步。,同类或相近表达请结合原书相似语法页复习。,程度/比较,batch_07,日语蓝宝书_N2__part_07-02.png,body_heading,50,auto_enriched,,jp_grammar N2 日语蓝宝书_N2 batch_07 auto_enriched auto_completed
8b252f2441f1af37,N2,日语蓝宝书_N2,～ まい / まいか,～ まい/まいか,普通形 + か,是否；或者；疑问,表示疑问、不确定或选择。,彼が来る（か）分かりません。,不知道他是否会来。,同类或相近表达请结合原书相似语法页复习。,疑问/选择,batch_07,日语蓝宝书_N2__part_07-02.png,body_heading,50,auto_completed,,jp_grammar N2 日语蓝宝书_N2 batch_07 kept_needs_explanation auto_completed
5b2034d83d6dc39a,N2,日语蓝宝书_N2,ばかりでなく,ばかりでなく,普通形 + か,刚刚；光是,可表示动作刚完成，也可表示限定或偏向。,彼が来る（か）分かりません。,不知道他是否会来。,同类或相近表达请结合原书相似语法页复习。,时间/限定,batch_07,日语蓝宝书_N2__part_07-04.png,body_heading,30,needs_manual_review,,jp_grammar N2 日语蓝宝书_N2 batch_07 needs_manual_review auto_completed
9505dd887287c3e9,N2,日语蓝宝书_N2,かのようにはんかん,かのようにはんかん,普通形 + か,好像...一样,表示实际上不是那样，但看起来像那样。,彼が来る（か）分かりません。,不知道他是否会来。,同类或相近表达请结合原书相似语法页复习。,比喻/样态,batch_07,日语蓝宝书_N2__part_07-04.png,body_heading,30,needs_manual_review,,jp_grammar N2 日语蓝宝书_N2 batch_07 needs_manual_review auto_completed
9d08cb5aa4cde73f,N2,日语蓝宝书_N2,ばかりであんな人には二度とお金を (,ばかりであんな人には二度とお金を(,普通形 + か,刚刚；光是,可表示动作刚完成，也可表示限定或偏向。,彼が来る（か）分かりません。,不知道他是否会来。,同类或相近表达请结合原书相似语法页复习。,时间/限定,batch_07,日语蓝宝书_N2__part_07-04.png,body_heading,30,needs_manual_review,,jp_grammar N2 日语蓝宝书_N2 batch_07 needs_manual_review auto_completed
97eb90f36b514f7d,N2,日语蓝宝书_N2,は ⑩ 田村さんにあのことについて (,は 10 田村さんにあのことについて(,感情形容詞 + ことに,关于...,表示谈论、调查、说明等动作涉及的主题。,うれしい（ことに）、全員が合格した。,令人高兴的是，全员都合格了。,同类或相近表达请结合原书相似语法页复习。,主题,batch_07,日语蓝宝书_N2__part_07-04.png,body_heading,30,needs_manual_review,,jp_grammar N2 日语蓝宝书_N2 batch_07 needs_manual_review auto_completed
be1479f9d5249664,N2,日语蓝宝书_N2,聞いたべきではない,聞いたべきではない,接续：聞いたべきではない。按原书条目和句中词形使用。,应该,表示从常识、责任或道理上应当做某事。,この文では（聞いたべきではない）の使い方を確認します。,这句话用于确认“聞いたべきではない”的用法。,同类或相近表达请结合原书相似语法页复习。,义务,batch_07,日语蓝宝书_N2__part_07-04.png,body_heading,30,needs_manual_review,,jp_grammar N2 日语蓝宝书_N2 batch_07 needs_manual_review auto_completed
e00ce15ab703ad2d,N2,日语蓝宝书_N2,を聞いたべきだった,を聞いたべきだった,接续：を聞いたべきだった。按原书条目和句中词形使用。,应该,表示从常识、责任或道理上应当做某事。,この文では（を聞いたべきだった）の使い方を確認します。,这句话用于确认“を聞いたべきだった”的用法。,同类或相近表达请结合原书相似语法页复习。,义务,batch_07,日语蓝宝书_N2__part_07-04.png,body_heading,30,needs_manual_review,,jp_grammar N2 日语蓝宝书_N2 batch_07 needs_manual_review auto_completed
aa5480b8913f2c2b,N2,日语蓝宝书_N2,ばかりに 、 ひどく怒られた 。,ばかりに、ひどく怒られた。,普通形 + か,正因为...才,表示由于前项原因导致不理想结果，带后悔语气。,彼が来る（か）分かりません。,不知道他是否会来。,同类或相近表达请结合原书相似语法页复习。,原因,batch_07,日语蓝宝书_N2__part_07-05.png,toc_or_heading,30,needs_manual_review,,jp_grammar N2 日语蓝宝书_N2 batch_07 needs_manual_review auto_completed
be585b7a3f9ca526,N2,日语蓝宝书_N2,ながらも,ながらも,動詞ます形 / い形容詞 / な形容詞語幹 + ながらも,虽然...但是,表示承认前项事实，同时后项出现与其相反或不相称的结果。,狭い（ながらも）、住みやすい部屋です。,虽然小，但是是个好住的房间。,同类或相近表达请结合原书相似语法页复习。,逆接,batch_07,日语蓝宝书_N2__part_07-06.png,body_heading,30,needs_manual_review,,jp_grammar N2 日语蓝宝书_N2 batch_07 needs_manual_review auto_completed
b133313a7b472d00,N2,日语蓝宝书_N2,もっと経験を積むべきだ,もっと経験を積むべきだ,名詞 + も,应该,表示从常识、责任或道理上应当做某事。,私（も）行きます。,我也去。,同类或相近表达请结合原书相似语法页复习。,义务,batch_07,日语蓝宝书_N2__part_07-06.png,body_heading,30,needs_manual_review,,jp_grammar N2 日语蓝宝书_N2 batch_07 needs_manual_review auto_completed
3b341f7c47b051b1,N2,日语蓝宝书_N2,たくさんのことを学んだ,たくさんのことを学んだ,普通形 + んだ,说明原因/强调判断,「のだ」的口语形式，用于说明背景或理由。,実は、少し熱がある（んだ）。,其实有点发烧。,同类或相近表达请结合原书相似语法页复习。,说明,batch_07,日语蓝宝书_N2__part_07-06.png,body_heading,30,auto_completed,,jp_grammar N2 日语蓝宝书_N2 batch_07 kept_needs_explanation auto_completed
291fb4a11eb57e72,N2,日语蓝宝书_N2,使ったばかりに,使ったばかりに,普通形 + か,正因为...才,表示由于前项原因导致不理想结果，带后悔语气。,彼が来る（か）分かりません。,不知道他是否会来。,同类或相近表达请结合原书相似语法页复习。,原因,batch_07,日语蓝宝书_N2__part_07-08.png,body_heading,30,needs_manual_review,,jp_grammar N2 日语蓝宝书_N2 batch_07 needs_manual_review auto_completed
16015e0100102eb9,N2,日语蓝宝书_N2,使うことから,使うことから,名詞 / 普通形 + とか,...啦...啦；听说...,口语中用于列举，或表示传闻。,週末は映画（とか）買い物（とか）をします。,周末看电影啦购物啦。,同类或相近表达请结合原书相似语法页复习。,列举/传闻,batch_07,日语蓝宝书_N2__part_07-08.png,body_heading,30,auto_completed,,jp_grammar N2 日语蓝宝书_N2 batch_07 kept_needs_explanation auto_completed
33ec7431d9c16b24,N2,日语蓝宝书_N2,低くすることができます,低くすることができます,い形容詞く + する,使...变得...,接形容词，表示人为改变状态。,部屋を明る（くする）。,把房间弄亮。,同类或相近表达请结合原书相似语法页复习。,变化,batch_07,日语蓝宝书_N2__part_07-08.png,body_heading,30,auto_completed,,jp_grammar N2 日语蓝宝书_N2 batch_07 kept_needs_explanation auto_completed
a634c663d788beb5,N2,日语蓝宝书_N2,謙遜の意を示すことができます,謙遜の意を示すことができます,名詞 + が / 普通形 + が,但是；主语标记,可表示主语，也可连接前后相反或铺垫内容。,値段は高い（が）、品質はいい。,价格高，但是质量好。,同类或相近表达请结合原书相似语法页复习。,助词/逆接,batch_07,日语蓝宝书_N2__part_07-08.png,body_heading,30,auto_completed,,jp_grammar N2 日语蓝宝书_N2 batch_07 kept_needs_explanation auto_completed
70d83cb609524154,N2,日语蓝宝书_N2,～ もかまわず動普通形 + の / 名 + もかまわず,～ もかまわず動,普通形+の/名+もかまわず,不顾...；不管...,表示不顾前项情况继续做后项。,雨（もかまわず）、試合は続いた。,不顾下雨，比赛继续了。,同类或相近表达请结合原书相似语法页复习。,无视/让步,batch_07,日语蓝宝书_N2__part_07-10.png,body_heading,50,auto_completed,,jp_grammar N2 日语蓝宝书_N2 batch_07 kept_needs_explanation auto_completed
134a56bf566dae10,N2,日语蓝宝书_N2,～ も当然た動 / ナ形 / イ形の名詞修飾形 + の + も当然だ,～ も当然た動/ナ形/イ形の,名詞修飾形+の+も当然だ,名词化；所属；说明,可表示所属、名词化，或替代前面提到的名词。,走る（の）が好きです。,我喜欢跑步。,同类或相近表达请结合原书相似语法页复习。,名词化/助词,batch_07,日语蓝宝书_N2__part_07-10.png,body_heading,60,auto_completed,,jp_grammar N2 日语蓝宝书_N2 batch_07 kept_needs_explanation auto_completed
7c57a7b7c3002b45,N2,日语蓝宝书_N2,～ ものか / もんか動 / ナ形 / イ形の名詞修飾形 + ものか / もんか,～ ものか/もんか動/ナ形/イ形の,名詞修飾形+ものか/もんか,是否；或者；疑问,表示疑问、不确定或选择。,彼が来る（か）分かりません。,不知道他是否会来。,同类或相近表达请结合原书相似语法页复习。,疑问/选择,batch_07,日语蓝宝书_N2__part_07-11.png,body_heading,75,auto_completed,,jp_grammar N2 日语蓝宝书_N2 batch_07 kept_needs_explanation auto_completed
9b14604512916c81,N2,日语蓝宝书_N2,～ ものがある動 / ナ形 / イ形の名詞修飾形+ものがある,～ ものがある動/ナ形/イ形の,名詞修飾形+ものがある,有一种...的感觉,表示说话人感受到某种强烈性质或评价。,値段は高い（が）、品質はいい。,价格高，但是质量好。,同类或相近表达请结合原书相似语法页复习。,评价,batch_07,日语蓝宝书_N2__part_07-11.png,body_heading,75,auto_enriched,,jp_grammar N2 日语蓝宝书_N2 batch_07 auto_enriched auto_completed
3e891056e0b0d353,N2,日语蓝宝书_N2,～ ものだ動 / ナ形 / イ形の名詞修飾形+ものだ,～ ものだ動/ナ形/イ形の,名詞修飾形+ものだ,说明原因/强调判断,用于说明背景、理由或强调说话人的判断。,今日は学校へ行かない（んだ）。,今天不去学校。,同类或相近表达请结合原书相似语法页复习。,说明,batch_07,日语蓝宝书_N2__part_07-11.png,body_heading,75,auto_completed,,jp_grammar N2 日语蓝宝书_N2 batch_07 kept_needs_explanation auto_completed
ca94b5df2c84bf56,N2,日语蓝宝书_N2,～ ものだから无事 △ 拘束された人質が無事であってほしいものだ 。 / 真希望被扣留的人貭可以平安,～ ものだから无事 △ 拘束された人質が無事であってほしいものだ。/真希望被扣留的人貭可以平安,普通形 + のだ / んだ,说明原因/强调判断,用于说明背景、理由或强调说话人的判断。,今日は学校へ行かない（んだ）。,今天不去学校。,同类或相近表达请结合原书相似语法页复习。,说明,batch_07,日语蓝宝书_N2__part_07-12.png,body_heading,45,auto_completed,,jp_grammar N2 日语蓝宝书_N2 batch_07 kept_needs_explanation auto_completed
f0d21879691e1066,N2,日语蓝宝书_N2,～ ものではない,～ ものではない,普通形 + の,因为...,表示原因理由，语气比から更客观、柔和。,走る（の）が好きです。,我喜欢跑步。,同类或相近表达请结合原书相似语法页复习。,原因,batch_07,日语蓝宝书_N2__part_07-13.png,toc_or_heading,65,auto_enriched,,jp_grammar N2 日语蓝宝书_N2 batch_07 auto_enriched auto_completed
09ee6b13a9c397a4,N2,日语蓝宝书_N2,まで [ 」 親が自分の子どもの将来を (,まで [」親が自分の子どもの将来を(,名詞 + まで,到...为止；甚至,表示范围终点，也可表示极端例子。,子ども（まで）、そのニュースを知っている。,甚至孩子都知道那条新闻。,同类或相近表达请结合原书相似语法页复习。,范围/强调,batch_07,日语蓝宝书_N2__part_07-14.png,body_heading,30,auto_completed,,jp_grammar N2 日语蓝宝书_N2 batch_07 kept_needs_explanation auto_completed
c3b6d7b95f593743,N2,日语蓝宝书_N2,) ものがある 。,ものがある。,名詞 + が / 普通形 + が,有一种...的感觉,表示说话人感受到某种强烈性质或评价。,値段は高い（が）、品質はいい。,价格高，但是质量好。,同类或相近表达请结合原书相似语法页复习。,评价,batch_07,日语蓝宝书_N2__part_07-14.png,body_heading,30,needs_manual_review,,jp_grammar N2 日语蓝宝书_N2 batch_07 needs_manual_review auto_completed
b4857f92c14d099c,N2,日语蓝宝书_N2,ものがあるふきよう,ものがあるふきよう,名詞 + が / 普通形 + が,有一种...的感觉,表示说话人感受到某种强烈性质或评价。,値段は高い（が）、品質はいい。,价格高，但是质量好。,同类或相近表达请结合原书相似语法页复习。,评价,batch_07,日语蓝宝书_N2__part_07-16.png,body_heading,30,needs_manual_review,,jp_grammar N2 日语蓝宝书_N2 batch_07 needs_manual_review auto_completed
29710feba76e674a,N2,日语蓝宝书_N2,ことがある,ことがある,名詞 + が / 普通形 + が,有时会；曾经,接现在形时表示有时发生；接た形时表示曾有过某经历。,値段は高い（が）、品質はいい。,价格高，但是质量好。,同类或相近表达请结合原书相似语法页复习。,经验/频率,batch_07,日语蓝宝书_N2__part_07-16.png,body_heading,30,needs_manual_review,,jp_grammar N2 日语蓝宝书_N2 batch_07 needs_manual_review auto_completed
8ae2008ce224c877,N2,日语蓝宝书_N2,わけがある,わけがある,名詞 + が / 普通形 + が,但是；主语标记,可表示主语，也可连接前后相反或铺垫内容。,値段は高い（が）、品質はいい。,价格高，但是质量好。,同类或相近表达请结合原书相似语法页复习。,助词/逆接,batch_07,日语蓝宝书_N2__part_07-16.png,body_heading,30,auto_completed,,jp_grammar N2 日语蓝宝书_N2 batch_07 kept_needs_explanation auto_completed
1d44281d80530b31,N2,日语蓝宝书_N2,ほどがある [ こ 」 今のような不況の時期に,ほどがある [ こ」今のような不況の時期に,名詞 + が / 普通形 + が,程度；越...越...,表示程度、比较基准或递进变化。,値段は高い（が）、品質はいい。,价格高，但是质量好。,同类或相近表达请结合原书相似语法页复习。,程度/比较,batch_07,日语蓝宝书_N2__part_07-16.png,body_heading,30,needs_manual_review,,jp_grammar N2 日语蓝宝书_N2 batch_07 needs_manual_review auto_completed
d32e93ba81e19e77,N2,日语蓝宝书_N2,ものだから場合ではない,ものだから場合ではない,普通形 + のだ / んだ,说明原因/强调判断,用于说明背景、理由或强调说话人的判断。,今日は学校へ行かない（んだ）。,今天不去学校。,同类或相近表达请结合原书相似语法页复习。,说明,batch_07,日语蓝宝书_N2__part_07-16.png,body_heading,30,auto_completed,,jp_grammar N2 日语蓝宝书_N2 batch_07 kept_needs_explanation auto_completed
16c897942a1b4ee7,N2,日语蓝宝书_N2,ものでもない,ものでもない,普通形 + の,因为...,表示原因理由，语气比から更客观、柔和。,走る（の）が好きです。,我喜欢跑步。,同类或相近表达请结合原书相似语法页复习。,原因,batch_07,日语蓝宝书_N2__part_07-16.png,body_heading,30,needs_manual_review,,jp_grammar N2 日语蓝宝书_N2 batch_07 needs_manual_review auto_completed
11fbe93caab43401,N2,日语蓝宝书_N2,ものではない,ものではない,普通形 + の,因为...,表示原因理由，语气比から更客观、柔和。,走る（の）が好きです。,我喜欢跑步。,同类或相近表达请结合原书相似语法页复习。,原因,batch_07,日语蓝宝书_N2__part_07-16.png,body_heading,30,needs_manual_review,,jp_grammar N2 日语蓝宝书_N2 batch_07 needs_manual_review auto_completed
6f15e6661f953dc8,N2,日语蓝宝书_N2,ものだから,ものだから,普通形 + のだ / んだ,说明原因/强调判断,用于说明背景、理由或强调说话人的判断。,今日は学校へ行かない（んだ）。,今天不去学校。,同类或相近表达请结合原书相似语法页复习。,说明,batch_07,日语蓝宝书_N2__part_07-17.png,body_heading,30,auto_completed,,jp_grammar N2 日语蓝宝书_N2 batch_07 kept_needs_explanation auto_completed
4ba2c8b601f3dec5,N2,日语蓝宝书_N2,からかうしようがい,からかうしようがい,普通形 + か,是否；或者；疑问,表示疑问、不确定或选择。,彼が来る（か）分かりません。,不知道他是否会来。,同类或相近表达请结合原书相似语法页复习。,疑问/选择,batch_07,日语蓝宝书_N2__part_07-17.png,body_heading,30,auto_completed,,jp_grammar N2 日语蓝宝书_N2 batch_07 kept_needs_explanation auto_completed
495dcfd6c269d6ff,N2,日语蓝宝书_N2,～ ものの動 / ナ形 / イ形の名詞修飾形+ものの,～ ものの動/ナ形/イ形の,名詞修飾形+ものの,虽然...但是,表示承认前项事实，但后项与预期不同。,免許は取った（ものの）、まだ運転に自信がない。,虽然拿到了驾照，但还没有驾驶信心。,同类或相近表达请结合原书相似语法页复习。,逆接,batch_07,日语蓝宝书_N2__part_07-19.png,body_heading,75,auto_completed,,jp_grammar N2 日语蓝宝书_N2 batch_07 kept_needs_explanation auto_completed
5e1262ec4ff1cc00,N2,日语蓝宝书_N2,"～ とはいうものの 」 カ慣用句型 , 表示 “ 税 ・ ・ ～ 矢先に","～ とはいうものの」カ慣用句型 , 表示 “ 税・",普通形 + ものの,虽然...但是,表示承认前项事实，但后项与预期不同。,免許は取った（ものの）、まだ運転に自信がない。,虽然拿到了驾照，但还没有驾驶信心。,同类或相近表达请结合原书相似语法页复习。,逆接,batch_07,日语蓝宝书_N2__part_07-19.png,body_heading,65,auto_completed,,jp_grammar N2 日语蓝宝书_N2 batch_07 kept_needs_explanation auto_completed
17d38573a8e0bc4f,N2,日语蓝宝书_N2,"～ とはいうものの 」 カ慣用句型 , 表示 “ 税 ・ ・ ～ 矢先に",～ 矢先に,接续：～ 矢先に。按原书条目和句中词形使用。,表示「矢先に」这一语法形式或助词用法,用于练习「～ 矢先に」在句中的形式和基本功能；具体语义需结合前后文判断。,この文では（矢先に）の使い方を確認します。,这句话用于确认“～ 矢先に”的用法。,同类或相近表达请结合原书相似语法页复习。,形式/用法,batch_07,日语蓝宝书_N2__part_07-19.png,body_heading,50,auto_completed,,jp_grammar N2 日语蓝宝书_N2 batch_07 kept_needs_explanation auto_completed
619cf2b0da82cd01,N2,日语蓝宝书_N2,～ やら ～ やら,～ やら,名詞 + や + 名詞,...和...等,用于不完全列举。,机の上に本（や）ノートがあります。,桌上有书和笔记本等。,同类或相近表达请结合原书相似语法页复习。,列举,batch_07,日语蓝宝书_N2__part_07-19.png,body_heading,50,auto_completed,,jp_grammar N2 日语蓝宝书_N2 batch_07 kept_needs_explanation auto_completed
d817309327941ad3,N2,日语蓝宝书_N2,～ ようがない / ようもない,～ ようがない/ようもない,名詞 + が / 普通形 + が,但是；主语标记,可表示主语，也可连接前后相反或铺垫内容。,値段は高い（が）、品質はいい。,价格高，但是质量好。,同类或相近表达请结合原书相似语法页复习。,助词/逆接,batch_07,日语蓝宝书_N2__part_07-20.png,body_heading,75,auto_completed,,jp_grammar N2 日语蓝宝书_N2 batch_07 kept_needs_explanation auto_completed
f032558a382e2a16,N2,日语蓝宝书_N2,～ ようて亦法 ” 。,～ ようて亦法 ”。,接续：～ ようて亦法 ”。。按原书条目和句中词形使用。,表示「ようて亦法 ”」这一语法形式或助词用法,用于练习「～ ようて亦法 ”。」在句中的形式和基本功能；具体语义需结合前后文判断。,この文では（ようて亦法 ”）の使い方を確認します。,这句话用于确认“～ ようて亦法 ”。”的用法。,同类或相近表达请结合原书相似语法页复习。,形式/用法,batch_07,日语蓝宝书_N2__part_07-20.png,body_heading,65,auto_completed,,jp_grammar N2 日语蓝宝书_N2 batch_07 kept_needs_explanation auto_completed
132090a827de3623,N2,日语蓝宝书_N2,"注意后項多与 「 実は / 本当は / 実際は 」 等搭配使用 , 表示 "" 看上去 ・ ・ ・ ・ ・ 実除上 ( 并不是遠祥 ) ～ ようでは","注意后項多与「実は/本当は/実際は」等搭配使用 , 表示 "" 看上去・・・・・実除上(并不是遠祥)～ ようでは","接续：注意后項多与「実は/本当は/実際は」等搭配使用 , 表示 "" 看上去・・・・・実除上(并不是遠祥)～ ようでは。按原书条目和句中词形使用。",表示「注意后項多与「実は」这一语法形式或助词用法,"用于练习「注意后項多与「実は/本当は/実際は」等搭配使用 , 表示 "" 看上去・・・・・実除上(并不是遠祥)～ ようでは」在句中的形式和基本功能；具体语义需结合前后文判断。",この文では（注意后項多与「実は）の使い方を確認します。,"这句话用于确认“注意后項多与「実は/本当は/実際は」等搭配使用 , 表示 "" 看上去・・・・・実除上(并不是遠祥)～ ようでは”的用法。",同类或相近表达请结合原书相似语法页复习。,形式/用法,batch_07,日语蓝宝书_N2__part_07-21.png,toc_or_heading,65,auto_completed,,jp_grammar N2 日语蓝宝书_N2 batch_07 kept_needs_explanation auto_completed
17213ef661d7116a,N2,日语蓝宝书_N2,～ ようなら / ようだったら動辞書形 ・ ない形ーない / ナ形語幹ーな / イ形 + ようなら / ようだったら,～ ようなら/ようだったら動,辞書形・ない形ない/ナ形語幹な/イ形+ようなら/ようだったら,表示「ようなら」这一语法形式或助词用法,用于练习「～ ようなら/ようだったら動」在句中的形式和基本功能；具体语义需结合前后文判断。,この文では（ようなら）の使い方を確認します。,这句话用于确认“～ ようなら/ようだったら動”的用法。,同类或相近表达请结合原书相似语法页复习。,形式/用法,batch_07,日语蓝宝书_N2__part_07-21.png,toc_or_heading,65,auto_completed,,jp_grammar N2 日语蓝宝书_N2 batch_07 kept_needs_explanation auto_completed
af102e73555949f7,N2,日语蓝宝书_N2,～ わけがない / わけはない,～ わけがない/わけはない,名詞 + が / 普通形 + が,但是；主语标记,可表示主语，也可连接前后相反或铺垫内容。,値段は高い（が）、品質はいい。,价格高，但是质量好。,同类或相近表达请结合原书相似语法页复习。,助词/逆接,batch_07,日语蓝宝书_N2__part_07-21.png,toc_or_heading,75,auto_completed,,jp_grammar N2 日语蓝宝书_N2 batch_07 kept_needs_explanation auto_completed
1674bea8cc8f1f2b,N2,日语蓝宝书_N2,～ わけだ動 / ナ形 / イ形の名詞修飾形 + わけだ,～ わけだ動/ナ形/イ形の,名詞修飾形+わけだ,怪不得；也就是说,根据前项事实自然得出结论，或说明事情道理。,走る（の）が好きです。,我喜欢跑步。,同类或相近表达请结合原书相似语法页复习。,说明/结论,batch_07,日语蓝宝书_N2__part_07-22.png,body_heading,75,auto_enriched,,jp_grammar N2 日语蓝宝书_N2 batch_07 auto_enriched auto_completed
beef9e209b899df5,N2,日语蓝宝书_N2,"～ わけではない / わけでもないだ 。 / 下个星期打算休年假去温泉彖行 。 因カ想舒援疲勞 , 好好休息ー下 。","～ わけではない/わけでもないだ。/下个星期打算休年假去温泉彖行。因カ想舒援疲勞 , 好好休息ー下。",名詞 + も,并不是...,用于部分否定，说明不是完全如此。,私（も）行きます。,我也去。,同类或相近表达请结合原书相似语法页复习。,否定,batch_07,日语蓝宝书_N2__part_07-22.png,body_heading,45,auto_enriched,,jp_grammar N2 日语蓝宝书_N2 batch_07 auto_enriched auto_completed
b79cf40a52ae1dc8,N2,日语蓝宝书_N2,ようでは,ようでは,接续：ようでは。按原书条目和句中词形使用。,表示「ようでは」这一语法形式或助词用法,用于练习「ようでは」在句中的形式和基本功能；具体语义需结合前后文判断。,この文では（ようでは）の使い方を確認します。,这句话用于确认“ようでは”的用法。,同类或相近表达请结合原书相似语法页复习。,形式/用法,batch_07,日语蓝宝书_N2__part_07-23.png,toc_or_heading,30,auto_completed,,jp_grammar N2 日语蓝宝书_N2 batch_07 kept_needs_explanation auto_completed
84efadeee630504f,N2,日语蓝宝书_N2,ように 「,ように「,接续：ように「。按原书条目和句中词形使用。,为了能...；像...一样,可表示目的、愿望、变化目标或比喻。,この文では（ように「）の使い方を確認します。,这句话用于确认“ように「”的用法。,同类或相近表达请结合原书相似语法页复习。,目的/样态,batch_07,日语蓝宝书_N2__part_07-23.png,toc_or_heading,30,needs_manual_review,,jp_grammar N2 日语蓝宝书_N2 batch_07 needs_manual_review auto_completed
a072d3914c4628c9,N2,日语蓝宝书_N2,わけ [ : ミ 」 クレジットカードは持ってはいる (,わけ [:ミ」クレジットカードは持ってはいる(,接续：わけ [:ミ」クレジットカードは持ってはいる(。按原书条目和句中词形使用。,表示「わけ [:ミ」クレジットカードは持ってはいる(」这一语法形式或助词用法,用于练习「わけ [:ミ」クレジットカードは持ってはいる(」在句中的形式和基本功能；具体语义需结合前后文判断。,この文では（わけ [:ミ」クレジットカードは持ってはいる(）の使い方を確認します。,这句话用于确认“わけ [:ミ」クレジットカードは持ってはいる(”的用法。,同类或相近表达请结合原书相似语法页复习。,形式/用法,batch_07,日语蓝宝书_N2__part_07-23.png,toc_or_heading,30,auto_completed,,jp_grammar N2 日语蓝宝书_N2 batch_07 kept_needs_explanation auto_completed
33ddc8b46ff14a4a,N2,日语蓝宝书_N2,ものを,ものを,普通形 + の,名词化；所属；说明,可表示所属、名词化，或替代前面提到的名词。,走る（の）が好きです。,我喜欢跑步。,同类或相近表达请结合原书相似语法页复习。,名词化/助词,batch_07,日语蓝宝书_N2__part_07-23.png,toc_or_heading,30,auto_completed,,jp_grammar N2 日语蓝宝书_N2 batch_07 kept_needs_explanation auto_completed
ede3797a08c1c192,N2,日语蓝宝书_N2,わけではない ] 彼は先月から日本語の勉強を始めたので,わけではない ] 彼は先月から日本語の勉強を始めたので,普通形 + か,并不是...,用于部分否定，说明不是完全如此。,彼が来る（か）分かりません。,不知道他是否会来。,同类或相近表达请结合原书相似语法页复习。,否定,batch_07,日语蓝宝书_N2__part_07-23.png,toc_or_heading,30,needs_manual_review,,jp_grammar N2 日语蓝宝书_N2 batch_07 needs_manual_review auto_completed
cb0ee5e0065700a4,N2,日语蓝宝书_N2,もののわけがない,もののわけがない,普通形 + ものの,虽然...但是,表示承认前项事实，但后项与预期不同。,免許は取った（ものの）、まだ運転に自信がない。,虽然拿到了驾照，但还没有驾驶信心。,同类或相近表达请结合原书相似语法页复习。,逆接,batch_07,日语蓝宝书_N2__part_07-23.png,toc_or_heading,30,auto_completed,,jp_grammar N2 日语蓝宝书_N2 batch_07 kept_needs_explanation auto_completed
a8d8a01bee56897f,N2,日语蓝宝书_N2,ようならからこそ,ようならからこそ,普通形 + か,正是；才是,强调某人、某事、某时机正是重点。,彼が来る（か）分かりません。,不知道他是否会来。,同类或相近表达请结合原书相似语法页复习。,强调,batch_07,日语蓝宝书_N2__part_07-25.png,body_heading,30,needs_manual_review,,jp_grammar N2 日语蓝宝书_N2 batch_07 needs_manual_review auto_completed
a02bab126ddcfe88,N2,日语蓝宝书_N2,ようでは [ 互 」 勝つのは難しいかもしれないが 、 まったく可能性がない (,ようでは [ 互」勝つのは難しいかもしれないが、まったく可能性がない(,普通形 + か,也许；可能,表示可能性不高但不能排除。,彼が来る（か）分かりません。,不知道他是否会来。,同类或相近表达请结合原书相似语法页复习。,推量,batch_07,日语蓝宝书_N2__part_07-25.png,body_heading,30,needs_manual_review,,jp_grammar N2 日语蓝宝书_N2 batch_07 needs_manual_review auto_completed
b1ad08404f1d31a3,N2,日语蓝宝书_N2,としかいいようがない,としかいいようがない,普通形 + か,只；仅,与否定搭配，表示数量或范围少。,彼が来る（か）分かりません。,不知道他是否会来。,同类或相近表达请结合原书相似语法页复习。,限定,batch_07,日语蓝宝书_N2__part_07-25.png,body_heading,30,needs_manual_review,,jp_grammar N2 日语蓝宝书_N2 batch_07 needs_manual_review auto_completed
a1eb95a6a3303d6f,N2,日语蓝宝书_N2,というわけでもない,というわけでもない,名詞 + という,叫作...；据说...,可表示名称、引用或传闻。,田中さん（という）人から電話がありました。,有个叫田中的人打来了电话。,同类或相近表达请结合原书相似语法页复习。,引用/名称,batch_07,日语蓝宝书_N2__part_07-25.png,body_heading,30,auto_completed,,jp_grammar N2 日语蓝宝书_N2 batch_07 kept_needs_explanation auto_completed
d43964543599349e,N2,日语蓝宝书_N2,わけだべきはない,わけだべきはない,接续：わけだべきはない。按原书条目和句中词形使用。,怪不得；也就是说,根据前项事实自然得出结论，或说明事情道理。,この文では（わけだべきはない）の使い方を確認します。,这句话用于确认“わけだべきはない”的用法。,同类或相近表达请结合原书相似语法页复习。,说明/结论,batch_07,日语蓝宝书_N2__part_07-25.png,body_heading,30,needs_manual_review,,jp_grammar N2 日语蓝宝书_N2 batch_07 needs_manual_review auto_completed
758007a63d0976d1,N2,日语蓝宝书_N2,ばかりにだけだほかはない,ばかりにだけだほかはない,普通形 + か,正因为...才,表示由于前项原因导致不理想结果，带后悔语气。,彼が来る（か）分かりません。,不知道他是否会来。,同类或相近表达请结合原书相似语法页复习。,原因,batch_07,日语蓝宝书_N2__part_07-25.png,body_heading,30,needs_manual_review,,jp_grammar N2 日语蓝宝书_N2 batch_07 needs_manual_review auto_completed
cb348be93d4a3944,N2,日语蓝宝书_N2,わけがないことはない,わけがないことはない,名詞 + が / 普通形 + が,没必要...,表示不需要做某事，用于安慰或建议。,値段は高い（が）、品質はいい。,价格高，但是质量好。,同类或相近表达请结合原书相似语法页复习。,不必要,batch_07,日语蓝宝书_N2__part_07-25.png,body_heading,30,needs_manual_review,,jp_grammar N2 日语蓝宝书_N2 batch_07 needs_manual_review auto_completed
7a6b0d0004aa8c0f,N2,日语蓝宝书_N2,食べたくてしようがない,食べたくてしようがない,動詞て形 / い形容詞くて / な形容詞で + しようがない,非常...；...得不得了,表示感情或感觉强烈到无法控制。,試験の結果が気になっ（てしようがない）。,非常在意考试结果。,同类或相近表达请结合原书相似语法页复习。,程度,batch_07,日语蓝宝书_N2__part_07-25.png,body_heading,30,auto_completed,,jp_grammar N2 日语蓝宝书_N2 batch_07 kept_needs_explanation auto_completed
cb9a3e6d43ff2221,N2,日语蓝宝书_N2,たとえようがない,たとえようがない,たとえ + 普通形 + ても,即使...,表示假设让步，常与「ても」呼应。,（たとえ）雨が降っても、行きます。,即使下雨也去。,同类或相近表达请结合原书相似语法页复习。,让步,batch_07,日语蓝宝书_N2__part_07-25.png,body_heading,30,auto_completed,,jp_grammar N2 日语蓝宝书_N2 batch_07 kept_needs_explanation auto_completed
78a7c101c4fa0cd6,N2,日语蓝宝书_N2,ところを見ると,ところを見ると,動詞普通形 / い形容詞 / な形容詞な / 名詞の + ところを,在...的时候却；正当...之际,表示在某种场面下发生后项，多用于感谢、道歉或打扰。,お忙しい（ところを）、来てくださってありがとうございます。,您百忙之中前来，非常感谢。,同类或相近表达请结合原书相似语法页复习。,场面,batch_07,日语蓝宝书_N2__part_07-25.png,body_heading,30,auto_completed,,jp_grammar N2 日语蓝宝书_N2 batch_07 kept_needs_explanation auto_completed
85d5666b18d03c99,N2,日语蓝宝书_N2,ようで ) がない 。,ようで)がない。,名詞 + が / 普通形 + が,但是；主语标记,可表示主语，也可连接前后相反或铺垫内容。,値段は高い（が）、品質はいい。,价格高，但是质量好。,同类或相近表达请结合原书相似语法页复习。,助词/逆接,batch_07,日语蓝宝书_N2__part_07-25.png,body_heading,30,auto_completed,,jp_grammar N2 日语蓝宝书_N2 batch_07 kept_needs_explanation auto_completed
b96859a1f61bca8e,N2,日语蓝宝书_N2,ほう ) わけがない 。,ほう)わけがない。,名詞 + が / 普通形 + が,但是；主语标记,可表示主语，也可连接前后相反或铺垫内容。,値段は高い（が）、品質はいい。,价格高，但是质量好。,同类或相近表达请结合原书相似语法页复习。,助词/逆接,batch_07,日语蓝宝书_N2__part_07-25.png,body_heading,30,auto_completed,,jp_grammar N2 日语蓝宝书_N2 batch_07 kept_needs_explanation auto_completed
29f83e91e2bf6d08,N2,日语蓝宝书_N2,お金を借りるもの,お金を借りるもの,普通形 + の,名词化；所属；说明,可表示所属、名词化，或替代前面提到的名词。,走る（の）が好きです。,我喜欢跑步。,同类或相近表达请结合原书相似语法页复习。,名词化/助词,batch_07,日语蓝宝书_N2__part_07-25.png,body_heading,30,auto_completed,,jp_grammar N2 日语蓝宝书_N2 batch_07 kept_needs_explanation auto_completed
71c68f9db3384758,N3,日语蓝宝书_N3,すべきではいざら,すべきではいざら,接续：すべきではいざら。按原书条目和句中词形使用。,应该,表示从常识、责任或道理上应当做某事。,この文では（すべきではいざら）の使い方を確認します。,这句话用于确认“すべきではいざら”的用法。,同类或相近表达请结合原书相似语法页复习。,义务,batch_07,日语蓝宝书_N3__part_07-02.png,body_heading,30,needs_manual_review,,jp_grammar N3 日语蓝宝书_N3 batch_07 needs_manual_review auto_completed
5bf76c881282c862,N3,日语蓝宝书_N3,すべきに,すべきに,接续：すべきに。按原书条目和句中词形使用。,应该,表示从常识、责任或道理上应当做某事。,この文では（すべきに）の使い方を確認します。,这句话用于确认“すべきに”的用法。,同类或相近表达请结合原书相似语法页复习。,义务,batch_07,日语蓝宝书_N3__part_07-02.png,body_heading,30,needs_manual_review,,jp_grammar N3 日语蓝宝书_N3 batch_07 needs_manual_review auto_completed
63fe10287e08b434,N3,日语蓝宝书_N3,分かるようになって,分かるようになって,普通形 + か,为了能...；像...一样,可表示目的、愿望、变化目标或比喻。,彼が来る（か）分かりません。,不知道他是否会来。,同类或相近表达请结合原书相似语法页复习。,目的/样态,batch_07,日语蓝宝书_N3__part_07-04.png,body_heading,30,needs_manual_review,,jp_grammar N3 日语蓝宝书_N3 batch_07 needs_manual_review auto_completed
9094050edf4d9245,N3,日语蓝宝书_N3,べんり便利なはずがない,べんり便利なはずがない,名詞 + が / 普通形 + が,按理应该,根据已知事实推断某事理应如此。,値段は高い（が）、品質はいい。,价格高，但是质量好。,同类或相近表达请结合原书相似语法页复习。,推量,batch_07,日语蓝宝书_N3__part_07-04.png,body_heading,30,needs_manual_review,,jp_grammar N3 日语蓝宝书_N3 batch_07 needs_manual_review auto_completed
5544b1d307c53975,N3,日语蓝宝书_N3,やるはずなもの,やるはずなもの,普通形 + の,按理应该,根据已知事实推断某事理应如此。,走る（の）が好きです。,我喜欢跑步。,同类或相近表达请结合原书相似语法页复习。,推量,batch_07,日语蓝宝书_N3__part_07-04.png,body_heading,30,needs_manual_review,,jp_grammar N3 日语蓝宝书_N3 batch_07 needs_manual_review auto_completed
dd2af9bd9ffb65dc,N3,日语蓝宝书_N3,やるはずもの ) のではないだろうか 。,やるはずもの)のではないだろうか。,普通形 + だろうか,因为...,表示原因理由，语气比から更客观、柔和。,明日は晴れる（だろうか）。,明天会晴吗？,同类或相近表达请结合原书相似语法页复习。,原因,batch_07,日语蓝宝书_N3__part_07-04.png,body_heading,30,needs_manual_review,,jp_grammar N3 日语蓝宝书_N3 batch_07 needs_manual_review auto_completed
38a48b357fe1f9a7,N3,日语蓝宝书_N3,考えるにつれてかいしやでんわしよう,考えるにつれてかいしやでんわしよう,普通形 + か,是否；或者；疑问,表示疑问、不确定或选择。,彼が来る（か）分かりません。,不知道他是否会来。,同类或相近表达请结合原书相似语法页复习。,疑问/选择,batch_07,日语蓝宝书_N3__part_07-05.png,body_heading,30,auto_completed,,jp_grammar N3 日语蓝宝书_N3 batch_07 kept_needs_explanation auto_completed
a5fb37e0ac13aa9b,N3,日语蓝宝书_N3,使うべきではない,使うべきではない,接续：使うべきではない。按原书条目和句中词形使用。,应该,表示从常识、责任或道理上应当做某事。,この文では（使うべきではない）の使い方を確認します。,这句话用于确认“使うべきではない”的用法。,同类或相近表达请结合原书相似语法页复习。,义务,batch_07,日语蓝宝书_N3__part_07-05.png,body_heading,30,needs_manual_review,,jp_grammar N3 日语蓝宝书_N3 batch_07 needs_manual_review auto_completed
a94d2bafa575dcf0,N3,日语蓝宝书_N3,アパートはせんぜんべんきよう,アパートはせんぜんべんきよう,接续：アパートはせんぜんべんきよう。按原书条目和句中词形使用。,表示「アパートはせんぜんべんきよう」这一语法形式或助词用法,用于练习「アパートはせんぜんべんきよう」在句中的形式和基本功能；具体语义需结合前后文判断。,この文では（アパートはせんぜんべんきよう）の使い方を確認します。,这句话用于确认“アパートはせんぜんべんきよう”的用法。,同类或相近表达请结合原书相似语法页复习。,形式/用法,batch_07,日语蓝宝书_N3__part_07-05.png,body_heading,30,auto_completed,,jp_grammar N3 日语蓝宝书_N3 batch_07 kept_needs_explanation auto_completed
b1ceb915e5bd05d3,N3,日语蓝宝书_N3,全て自分の意志で決めているため,全て自分の意志で決めているため,動詞て形 + いる,正在...；处于...状态,表示动作进行、结果状态或习惯。,今、本を読ん（でいる）。,现在正在读书。,同类或相近表达请结合原书相似语法页复习。,状态/进行,batch_07,日语蓝宝书_N3__part_07-06.png,body_heading,30,auto_completed,,jp_grammar N3 日语蓝宝书_N3 batch_07 kept_needs_explanation auto_completed
4155c9939b7fb7fe,N3,日语蓝宝书_N3,～ ほど名 - 詞+ほど ～ ない,～ ほど名 - 詞+ほど,接续：～ ほど名 - 詞+ほど。按原书条目和句中词形使用。,程度；越...越...,表示程度、比较基准或递进变化。,この文では（ほど名 - 詞+ほど）の使い方を確認します。,这句话用于确认“～ ほど名 - 詞+ほど”的用法。,同类或相近表达请结合原书相似语法页复习。,程度/比较,batch_07,日语蓝宝书_N3__part_07-07.png,body_heading,50,auto_enriched,,jp_grammar N3 日语蓝宝书_N3 batch_07 auto_enriched auto_completed
2d8949c2b4c4fc35,N3,日语蓝宝书_N3,～ までに常用 「 ～ から ～ まで 」 的形式 。 △ 銀行は9時から3時までです 。 / 根行的菅並吋回是从早上9点到下午3点,～ までに常用「～ から,名詞 / 動詞辞書形 + までに,在...之前,表示动作完成的期限。,金曜日（までに）、資料を出してください。,请在周五之前提交资料。,同类或相近表达请结合原书相似语法页复习。,期限,batch_07,日语蓝宝书_N3__part_07-09.png,body_heading,50,auto_completed,,jp_grammar N3 日语蓝宝书_N3 batch_07 kept_needs_explanation auto_completed
735d2c0ed0bde54d,N3,日语蓝宝书_N3,～ までに常用 「 ～ から ～ まで 」 的形式 。 △ 銀行は9時から3時までです 。 / 根行的菅並吋回是从早上9点到下午3点,～ まで」的形式。△ 銀行は9時から3時までです。/根行的菅並吋回是从早上9点到下午3点,名詞 + まで,到...为止；甚至,表示范围终点，也可表示极端例子。,子ども（まで）、そのニュースを知っている。,甚至孩子都知道那条新闻。,同类或相近表达请结合原书相似语法页复习。,范围/强调,batch_07,日语蓝宝书_N3__part_07-09.png,body_heading,20,auto_completed,,jp_grammar N3 日语蓝宝书_N3 batch_07 kept_needs_explanation auto_completed
e3d2a0ed7da4819f,N3,日语蓝宝书_N3,～ みたいた瞬詞性動 - 詞 。,～ みたいた瞬詞性,動詞ます形 + たい,好像；像...,口语中表示比喻或推量。,日本へ行き（たい）です。,我想去日本。,同类或相近表达请结合原书相似语法页复习。,比喻/推量,batch_07,日语蓝宝书_N3__part_07-09.png,body_heading,50,auto_enriched,,jp_grammar N3 日语蓝宝书_N3 batch_07 auto_enriched auto_completed
06b9875b6911e258,N3,日语蓝宝书_N3,～ 尚きだ向きに / 向きの名 - 詞+向きだ / 向きに / 向きの,～ 尚きだ向きに/向きの名 - 詞+向きだ/向きに/向きの,名詞 + 向き,适合...,表示适合某类人或用途。,この部屋は一人暮らし（向き）です。,这个房间适合一个人住。,同类或相近表达请结合原书相似语法页复习。,适合,batch_07,日语蓝宝书_N3__part_07-10.png,body_heading,50,auto_completed,,jp_grammar N3 日语蓝宝书_N3 batch_07 kept_needs_explanation auto_completed
f5855b9a3fc73987,N3,日语蓝宝书_N3,～ やすい動 ・ 詞 「 ます形 」 +やすい,～ やすい動・詞「,ます形」+やすい,容易...,表示某动作容易做或某状态容易发生。,このペンは書き（やすい）。,这支笔好写。,同类或相近表达请结合原书相似语法页复习。,容易,batch_07,日语蓝宝书_N3__part_07-12.png,body_heading,50,auto_completed,,jp_grammar N3 日语蓝宝书_N3 batch_07 kept_needs_explanation auto_completed
c29b0986cf3ea5fd,N3,日语蓝宝书_N3,ように [ 塾 」 これは赤ちゃん (,ように [ 塾」これは赤ちゃん(,接续：ように [ 塾」これは赤ちゃん(。按原书条目和句中词形使用。,为了能...；像...一样,可表示目的、愿望、变化目标或比喻。,この文では（ように [ 塾」これは赤ちゃん(）の使い方を確認します。,这句话用于确认“ように [ 塾」これは赤ちゃん(”的用法。,同类或相近表达请结合原书相似语法页复习。,目的/样态,batch_07,日语蓝宝书_N3__part_07-15.png,body_heading,30,needs_manual_review,,jp_grammar N3 日语蓝宝书_N3 batch_07 needs_manual_review auto_completed
0ec010428c8aaedc,N3,日语蓝宝书_N3,みたいにきようみも,みたいにきようみも,動詞ます形 + たい,好像；像...,口语中表示比喻或推量。,日本へ行き（たい）です。,我想去日本。,同类或相近表达请结合原书相似语法页复习。,比喻/推量,batch_07,日语蓝宝书_N3__part_07-15.png,body_heading,30,needs_manual_review,,jp_grammar N3 日语蓝宝书_N3 batch_07 needs_manual_review auto_completed
586a9140c5fec454,N3,日语蓝宝书_N3,勉強しようがない,勉強しようがない,名詞 + が / 普通形 + が,但是；主语标记,可表示主语，也可连接前后相反或铺垫内容。,値段は高い（が）、品質はいい。,价格高，但是质量好。,同类或相近表达请结合原书相似语法页复习。,助词/逆接,batch_07,日语蓝宝书_N3__part_07-15.png,body_heading,30,auto_completed,,jp_grammar N3 日语蓝宝书_N3 batch_07 kept_needs_explanation auto_completed
1bf6ce34d35354e1,N3,日语蓝宝书_N3,勉強してほしいしようがくせいむ,勉強してほしいしようがくせいむ,名詞 + が / 普通形 + が,但是；主语标记,可表示主语，也可连接前后相反或铺垫内容。,値段は高い（が）、品質はいい。,价格高，但是质量好。,同类或相近表达请结合原书相似语法页复习。,助词/逆接,batch_07,日语蓝宝书_N3__part_07-15.png,body_heading,30,auto_completed,,jp_grammar N3 日语蓝宝书_N3 batch_07 kept_needs_explanation auto_completed
62d2bc4e2cfcd815,N3,日语蓝宝书_N3,注目を集めるべきだ,注目を集めるべきだ,接续：注目を集めるべきだ。按原书条目和句中词形使用。,应该,表示从常识、责任或道理上应当做某事。,この文では（注目を集めるべきだ）の使い方を確認します。,这句话用于确认“注目を集めるべきだ”的用法。,同类或相近表达请结合原书相似语法页复习。,义务,batch_07,日语蓝宝书_N3__part_07-15.png,body_heading,30,needs_manual_review,,jp_grammar N3 日语蓝宝书_N3 batch_07 needs_manual_review auto_completed
dfddc1ad78cbfea1,N3,日语蓝宝书_N3,買うということではない,買うということではない,普通形 + ということ,也就是说；...这件事,用于概括前文内容或说明结论。,彼が来ない（ということ）は、忙しいのだろう。,他不来这件事，说明大概很忙吧。,同类或相近表达请结合原书相似语法页复习。,说明/概括,batch_07,日语蓝宝书_N3__part_07-15.png,body_heading,30,auto_completed,,jp_grammar N3 日语蓝宝书_N3 batch_07 kept_needs_explanation auto_completed
184cae49dfddaa9e,N3,日语蓝宝书_N3,買うことではなかった,買うことではなかった,普通形 + か,是否；或者；疑问,表示疑问、不确定或选择。,彼が来る（か）分かりません。,不知道他是否会来。,同类或相近表达请结合原书相似语法页复习。,疑问/选择,batch_07,日语蓝宝书_N3__part_07-15.png,body_heading,30,auto_completed,,jp_grammar N3 日语蓝宝书_N3 batch_07 kept_needs_explanation auto_completed
7b1aa8c744a9e004,N3,日语蓝宝书_N3,買うほどのものではない,買うほどのものではない,普通形 + の,因为...,表示原因理由，语气比から更客观、柔和。,走る（の）が好きです。,我喜欢跑步。,同类或相近表达请结合原书相似语法页复习。,原因,batch_07,日语蓝宝书_N3__part_07-15.png,body_heading,30,needs_manual_review,,jp_grammar N3 日语蓝宝书_N3 batch_07 needs_manual_review auto_completed
7dc92e337aeeaecb,N3,日语蓝宝书_N3,買うはずではなかった,買うはずではなかった,普通形 + か,按理应该,根据已知事实推断某事理应如此。,彼が来る（か）分かりません。,不知道他是否会来。,同类或相近表达请结合原书相似语法页复习。,推量,batch_07,日语蓝宝书_N3__part_07-15.png,body_heading,30,needs_manual_review,,jp_grammar N3 日语蓝宝书_N3 batch_07 needs_manual_review auto_completed
762b270346140ba6,N3,日语蓝宝书_N3,まできようしおも,まできようしおも,名詞 + まで,到...为止；甚至,表示范围终点，也可表示极端例子。,子ども（まで）、そのニュースを知っている。,甚至孩子都知道那条新闻。,同类或相近表达请结合原书相似语法页复习。,范围/强调,batch_07,日语蓝宝书_N3__part_07-15.png,body_heading,30,auto_completed,,jp_grammar N3 日语蓝宝书_N3 batch_07 kept_needs_explanation auto_completed
a51360920d26bab1,N3,日语蓝宝书_N3,は ) 、 家をきれいに片付けよう 。,は)、家をきれいに片付けよう。,接续：は)、家をきれいに片付けよう。。按原书条目和句中词形使用。,表示「は)、家をきれいに片付けよう」这一语法形式或助词用法,用于练习「は)、家をきれいに片付けよう。」在句中的形式和基本功能；具体语义需结合前后文判断。,この文では（は)、家をきれいに片付けよう）の使い方を確認します。,这句话用于确认“は)、家をきれいに片付けよう。”的用法。,同类或相近表达请结合原书相似语法页复习。,形式/用法,batch_07,日语蓝宝书_N3__part_07-15.png,body_heading,30,auto_completed,,jp_grammar N3 日语蓝宝书_N3 batch_07 kept_needs_explanation auto_completed
20fa9c0d0a094c35,N3,日语蓝宝书_N3,向けで ) パーマをかけようかな 。,向けで)パーマをかけようかな。,名詞 + 向け,面向...,表示以某类对象为目标。,これは子ども（向け）の本です。,这是面向儿童的书。,同类或相近表达请结合原书相似语法页复习。,对象,batch_07,日语蓝宝书_N3__part_07-15.png,body_heading,30,auto_completed,,jp_grammar N3 日语蓝宝书_N3 batch_07 kept_needs_explanation auto_completed
d11db946a03ddaa6,N3,日语蓝宝书_N3,向けをりようり,向けをりようり,名詞 + 向け,面向...,表示以某类对象为目标。,これは子ども（向け）の本です。,这是面向儿童的书。,同类或相近表达请结合原书相似语法页复习。,对象,batch_07,日语蓝宝书_N3__part_07-15.png,body_heading,30,auto_completed,,jp_grammar N3 日语蓝宝书_N3 batch_07 kept_needs_explanation auto_completed
a94c1b1bb3ea8451,N3,日语蓝宝书_N3,必要なのでひつよう,必要なのでひつよう,普通形 + の,因为...,表示原因理由，语气比から更客观、柔和。,走る（の）が好きです。,我喜欢跑步。,同类或相近表达请结合原书相似语法页复习。,原因,batch_07,日语蓝宝书_N3__part_07-16.png,body_heading,30,needs_manual_review,,jp_grammar N3 日语蓝宝书_N3 batch_07 needs_manual_review auto_completed
289fc6cde5894630,N3,日语蓝宝书_N3,ものはなし 「 こ ] その話を聞いて,ものはなし「こ ] その話を聞いて,普通形 + の,名词化；所属；说明,可表示所属、名词化，或替代前面提到的名词。,走る（の）が好きです。,我喜欢跑步。,同类或相近表达请结合原书相似语法页复习。,名词化/助词,batch_07,日语蓝宝书_N3__part_07-16.png,body_heading,30,auto_completed,,jp_grammar N3 日语蓝宝书_N3 batch_07 kept_needs_explanation auto_completed
f3b057a6d1ff335a,N3,日语蓝宝书_N3,当たりまえのことのようですが 、 うそ 、 他人の悪口 、 噂話は自分からしないことはもち,当たりまえのことのようですが、うそ、他人の悪口、噂話は自分からしないことはもち,普通形 + か,是否；或者；疑问,表示疑问、不确定或选择。,彼が来る（か）分かりません。,不知道他是否会来。,同类或相近表达请结合原书相似语法页复习。,疑问/选择,batch_07,日语蓝宝书_N3__part_07-16.png,body_heading,30,auto_completed,,jp_grammar N3 日语蓝宝书_N3 batch_07 kept_needs_explanation auto_completed
71ed4e2c2f37aded,N3,日语蓝宝书_N3,楽しんだはずがない,楽しんだはずがない,普通形 + んだ,按理应该,根据已知事实推断某事理应如此。,実は、少し熱がある（んだ）。,其实有点发烧。,同类或相近表达请结合原书相似语法页复习。,推量,batch_07,日语蓝宝书_N3__part_07-17.png,body_heading,30,needs_manual_review,,jp_grammar N3 日语蓝宝书_N3 batch_07 needs_manual_review auto_completed
1968f8095ab1eba2,N3,日语蓝宝书_N3,～ やら ～ やら名詞 / 動i詞辞弔形 / い形容 - 詞辞弔形+やら ～ やら,～ やら,名詞/動i詞辞書形/い形容 - 詞辞書形+やら ～ やら,...和...等,用于不完全列举。,机の上に本（や）ノートがあります。,桌上有书和笔记本等。,同类或相近表达请结合原书相似语法页复习。,列举,batch_07,日语蓝宝书_N3__part_07-18.png,body_heading,50,auto_completed,,jp_grammar N3 日语蓝宝书_N3 batch_07 kept_needs_explanation auto_completed
6b884e672c78a943,N3,日语蓝宝书_N3,～ ようがない / ようもない名 - 詞+の / 動i詞 「 ます形 」 +ようがない / ようもない,～ ようがない/ようもない名 - 詞+の/動i詞「,ます形」+ようがない/ようもない,但是；主语标记,可表示主语，也可连接前后相反或铺垫内容。,値段は高い（が）、品質はいい。,价格高，但是质量好。,同类或相近表达请结合原书相似语法页复习。,助词/逆接,batch_07,日语蓝宝书_N3__part_07-18.png,body_heading,75,auto_completed,,jp_grammar N3 日语蓝宝书_N3 batch_07 kept_needs_explanation auto_completed
694c7eb425b8ecc3,N3,日语蓝宝书_N3,～ ようた動詞普通形 / い形容詞普通形+ようだ,～ ようた,動詞普通形/い形容詞普通形+ようだ,表示「ようた」这一语法形式或助词用法,用于练习「～ ようた」在句中的形式和基本功能；具体语义需结合前后文判断。,この文では（ようた）の使い方を確認します。,这句话用于确认“～ ようた”的用法。,同类或相近表达请结合原书相似语法页复习。,形式/用法,batch_07,日语蓝宝书_N3__part_07-18.png,body_heading,65,auto_completed,,jp_grammar N3 日语蓝宝书_N3 batch_07 kept_needs_explanation auto_completed
518c1e3e3b8e5ade,N3,日语蓝宝书_N3,～ ( よ ) うとする,～(よ)うとする,接续：～(よ)うとする。按原书条目和句中词形使用。,表示「(よ)うとする」这一语法形式或助词用法,用于练习「～(よ)うとする」在句中的形式和基本功能；具体语义需结合前后文判断。,この文では（(よ)うとする）の使い方を確認します。,这句话用于确认“～(よ)うとする”的用法。,同类或相近表达请结合原书相似语法页复习。,形式/用法,batch_07,日语蓝宝书_N3__part_07-19.png,body_heading,50,auto_completed,,jp_grammar N3 日语蓝宝书_N3 batch_07 kept_needs_explanation auto_completed
aed336586be18155,N3,日语蓝宝书_N3,～ ように表示就要做某功作或某神作用就要生 。,～ ように表示就要做某功作或某神作用就要生。,接续：～ ように表示就要做某功作或某神作用就要生。。按原书条目和句中词形使用。,为了能...；像...一样,可表示目的、愿望、变化目标或比喻。,この文では（ように表示就要做某功作或某神作用就要生）の使い方を確認します。,这句话用于确认“～ ように表示就要做某功作或某神作用就要生。”的用法。,同类或相近表达请结合原书相似语法页复习。,目的/样态,batch_07,日语蓝宝书_N3__part_07-19.png,body_heading,65,auto_enriched,,jp_grammar N3 日语蓝宝书_N3 batch_07 auto_enriched auto_completed
0fda2614bd835d0c,N3,日语蓝宝书_N3,～ ようになる / ようになっている,～ ようになる/ようになっている,名詞 / な形容詞 + になる,变得会...；逐渐...,表示能力、状态或习惯发生变化。,春（になる）と、暖かくなる。,到了春天就变暖。,同类或相近表达请结合原书相似语法页复习。,变化,batch_07,日语蓝宝书_N3__part_07-20.png,toc_or_heading,65,auto_enriched,,jp_grammar N3 日语蓝宝书_N3 batch_07 auto_enriched auto_completed
db5e5086b63db42c,N3,日语蓝宝书_N3,"～ らしい表示某神状悉的変化正在迸行 , 并且可能述将持下去 。","～ らしい表示某神状悉的変化正在迸行 , 并且可能述将持下去。","接续：～ らしい表示某神状悉的変化正在迸行 , 并且可能述将持下去。。按原书条目和句中词形使用。",好像；有...风格,可表示推量，也可表示具有典型特征。,"この文では（らしい表示某神状悉的変化正在迸行 , 并且可能述将持下去）の使い方を確認します。","这句话用于确认“～ らしい表示某神状悉的変化正在迸行 , 并且可能述将持下去。”的用法。",同类或相近表达请结合原书相似语法页复习。,推量/性质,batch_07,日语蓝宝书_N3__part_07-21.png,body_heading,50,auto_enriched,,jp_grammar N3 日语蓝宝书_N3 batch_07 auto_enriched auto_completed
eabec3c7df89d5b2,N3,日语蓝宝书_N3,～ ( ら ) れる ( 被功恣 ),～(ら)れる(被功恣),接续：～(ら)れる(被功恣)。按原书条目和句中词形使用。,表示「(ら)れる(被功恣)」这一语法形式或助词用法,用于练习「～(ら)れる(被功恣)」在句中的形式和基本功能；具体语义需结合前后文判断。,この文では（(ら)れる(被功恣)）の使い方を確認します。,这句话用于确认“～(ら)れる(被功恣)”的用法。,同类或相近表达请结合原书相似语法页复习。,形式/用法,batch_07,日语蓝宝书_N3__part_07-22.png,body_heading,50,auto_completed,,jp_grammar N3 日语蓝宝书_N3 batch_07 kept_needs_explanation auto_completed
13c82c53f9f0e00e,N3,日语蓝宝书_N3,ためにてあら,ためにてあら,接续：ためにてあら。按原书条目和句中词形使用。,为了；因为,表示目的，也可表示原因。,この文では（ためにてあら）の使い方を確認します。,这句话用于确认“ためにてあら”的用法。,同类或相近表达请结合原书相似语法页复习。,目的/原因,batch_07,日语蓝宝书_N3__part_07-24.png,body_heading,30,needs_manual_review,,jp_grammar N3 日语蓝宝书_N3 batch_07 needs_manual_review auto_completed
a49a4e044bf4250d,N3,日语蓝宝书_N3,ようと [ ミ 」 家に (,ようと [ ミ」家に(,接续：ようと [ ミ」家に(。按原书条目和句中词形使用。,表示「ようと [ ミ」家に(」这一语法形式或助词用法,用于练习「ようと [ ミ」家に(」在句中的形式和基本功能；具体语义需结合前后文判断。,この文では（ようと [ ミ」家に(）の使い方を確認します。,这句话用于确认“ようと [ ミ」家に(”的用法。,同类或相近表达请结合原书相似语法页复习。,形式/用法,batch_07,日语蓝宝书_N3__part_07-24.png,body_heading,30,auto_completed,,jp_grammar N3 日语蓝宝书_N3 batch_07 kept_needs_explanation auto_completed
b181700cefe4dfaf,N3,日语蓝宝书_N3,ようでときぶちょう,ようでときぶちょう,接续：ようでときぶちょう。按原书条目和句中词形使用。,...的时候,表示动作或状态发生的时间。,この文では（ようでときぶちょう）の使い方を確認します。,这句话用于确认“ようでときぶちょう”的用法。,同类或相近表达请结合原书相似语法页复习。,时间,batch_07,日语蓝宝书_N3__part_07-24.png,body_heading,30,needs_manual_review,,jp_grammar N3 日语蓝宝书_N3 batch_07 needs_manual_review auto_completed
f7e181f4094e3cdb,N3,日语蓝宝书_N3,ようににはんじん,ようににはんじん,動詞辞書形 + には / 名詞 + には,为了能...；像...一样,可表示目的、愿望、变化目标或比喻。,合格する（には）、毎日練習が必要だ。,要合格，每天练习是必要的。,同类或相近表达请结合原书相似语法页复习。,目的/样态,batch_07,日语蓝宝书_N3__part_07-24.png,body_heading,30,needs_manual_review,,jp_grammar N3 日语蓝宝书_N3 batch_07 needs_manual_review auto_completed
706f9480c051ff5d,N3,日语蓝宝书_N3,ような ) やり方ですね 。,ような)やり方ですね。,名詞 + や + 名詞,...和...等,用于不完全列举。,机の上に本（や）ノートがあります。,桌上有书和笔记本等。,同类或相近表达请结合原书相似语法页复习。,列举,batch_07,日语蓝宝书_N3__part_07-24.png,body_heading,30,auto_completed,,jp_grammar N3 日语蓝宝书_N3 batch_07 kept_needs_explanation auto_completed
765cfb833b4aea7d,N3,日语蓝宝书_N3,かえらしいようで,かえらしいようで,普通形 + か,好像；有...风格,可表示推量，也可表示具有典型特征。,彼が来る（か）分かりません。,不知道他是否会来。,同类或相近表达请结合原书相似语法页复习。,推量/性质,batch_07,日语蓝宝书_N3__part_07-24.png,body_heading,30,needs_manual_review,,jp_grammar N3 日语蓝宝书_N3 batch_07 needs_manual_review auto_completed
dea0fe5d6dc9163e,N3,日语蓝宝书_N3,はずだやひと 「 」 深夜に 、 隣の部屋の人に (,はずだやひと「」深夜に、隣の部屋の人に(,普通形 + の,按理应该,根据已知事实推断某事理应如此。,走る（の）が好きです。,我喜欢跑步。,同类或相近表达请结合原书相似语法页复习。,推量,batch_07,日语蓝宝书_N3__part_07-26.png,body_heading,30,needs_manual_review,,jp_grammar N3 日语蓝宝书_N3 batch_07 needs_manual_review auto_completed
de6f8d9fec95b170,N3,日语蓝宝书_N3,ようだ目が覚めてしまった 。,ようだ目が覚めてしまった。,名詞 + が / 普通形 + が,但是；主语标记,可表示主语，也可连接前后相反或铺垫内容。,値段は高い（が）、品質はいい。,价格高，但是质量好。,同类或相近表达请结合原书相似语法页复习。,助词/逆接,batch_07,日语蓝宝书_N3__part_07-26.png,body_heading,30,auto_completed,,jp_grammar N3 日语蓝宝书_N3 batch_07 kept_needs_explanation auto_completed
b90bc10f77fa933b,N3,日语蓝宝书_N3,騒いで [ : ] この家具はずいぶん歴史がある (,騒いで この家具はずいぶん歴史がある(,名詞 + が / 普通形 + が,按理应该,根据已知事实推断某事理应如此。,値段は高い（が）、品質はいい。,价格高，但是质量好。,同类或相近表达请结合原书相似语法页复习。,推量,batch_07,日语蓝宝书_N3__part_07-26.png,body_heading,30,needs_manual_review,,jp_grammar N3 日语蓝宝书_N3 batch_07 needs_manual_review auto_completed
43bd8e14f0cc1f83,N3,日语蓝宝书_N3,食べるにゆうしよう,食べるにゆうしよう,接续：食べるにゆうしよう。按原书条目和句中词形使用。,表示「食べるにゆうしよう」这一语法形式或助词用法,用于练习「食べるにゆうしよう」在句中的形式和基本功能；具体语义需结合前后文判断。,この文では（食べるにゆうしよう）の使い方を確認します。,这句话用于确认“食べるにゆうしよう”的用法。,同类或相近表达请结合原书相似语法页复习。,形式/用法,batch_07,日语蓝宝书_N3__part_07-26.png,body_heading,30,auto_completed,,jp_grammar N3 日语蓝宝书_N3 batch_07 kept_needs_explanation auto_completed
b9082f36ce61f1e8,N3,日语蓝宝书_N3,なんて ) ようになった 。,なんて)ようになった。,接续：なんて)ようになった。。按原书条目和句中词形使用。,为了能...；像...一样,可表示目的、愿望、变化目标或比喻。,この文では（なんて)ようになった）の使い方を確認します。,这句话用于确认“なんて)ようになった。”的用法。,同类或相近表达请结合原书相似语法页复习。,目的/样态,batch_07,日语蓝宝书_N3__part_07-26.png,body_heading,30,needs_manual_review,,jp_grammar N3 日语蓝宝书_N3 batch_07 needs_manual_review auto_completed
613703ad50c34049,N3,日语蓝宝书_N3,ように言われた,ように言われた,接续：ように言われた。按原书条目和句中词形使用。,为了能...；像...一样,可表示目的、愿望、变化目标或比喻。,この文では（ように言われた）の使い方を確認します。,这句话用于确认“ように言われた”的用法。,同类或相近表达请结合原书相似语法页复习。,目的/样态,batch_07,日语蓝宝书_N3__part_07-26.png,body_heading,30,needs_manual_review,,jp_grammar N3 日语蓝宝书_N3 batch_07 needs_manual_review auto_completed
e9f61cbad8c2134f,N3,日语蓝宝书_N3,ように思われたはげ,ように思われたはげ,接续：ように思われたはげ。按原书条目和句中词形使用。,为了能...；像...一样,可表示目的、愿望、变化目标或比喻。,この文では（ように思われたはげ）の使い方を確認します。,这句话用于确认“ように思われたはげ”的用法。,同类或相近表达请结合原书相似语法页复习。,目的/样态,batch_07,日语蓝宝书_N3__part_07-26.png,body_heading,30,needs_manual_review,,jp_grammar N3 日语蓝宝书_N3 batch_07 needs_manual_review auto_completed
846ef1370ac66095,N3,日语蓝宝书_N3,つもりでください,つもりでください,名詞 + も,打算；自以为,表示计划、意图，或说话人主观认为如此。,私（も）行きます。,我也去。,同类或相近表达请结合原书相似语法页复习。,意志/判断,batch_07,日语蓝宝书_N3__part_07-26.png,body_heading,30,needs_manual_review,,jp_grammar N3 日语蓝宝书_N3 batch_07 needs_manual_review auto_completed
23218d39ffd8d38c,N3,日语蓝宝书_N3,つもりでいきなさい,つもりでいきなさい,名詞 + も,打算；自以为,表示计划、意图，或说话人主观认为如此。,私（も）行きます。,我也去。,同类或相近表达请结合原书相似语法页复习。,意志/判断,batch_07,日语蓝宝书_N3__part_07-26.png,body_heading,30,needs_manual_review,,jp_grammar N3 日语蓝宝书_N3 batch_07 needs_manual_review auto_completed
ba035941cac9bde5,N3,日语蓝宝书_N3,ようにしてください,ようにしてください,接续：ようにしてください。按原书条目和句中词形使用。,请...,用于请求对方做某事。,この文では（ようにしてください）の使い方を確認します。,这句话用于确认“ようにしてください”的用法。,同类或相近表达请结合原书相似语法页复习。,请求,batch_07,日语蓝宝书_N3__part_07-26.png,body_heading,30,needs_manual_review,,jp_grammar N3 日语蓝宝书_N3 batch_07 needs_manual_review auto_completed
17a3b92eb265f230,N3,日语蓝宝书_N3,嫌われたようにきら,嫌われたようにきら,接续：嫌われたようにきら。按原书条目和句中词形使用。,为了能...；像...一样,可表示目的、愿望、变化目标或比喻。,この文では（嫌われたようにきら）の使い方を確認します。,这句话用于确认“嫌われたようにきら”的用法。,同类或相近表达请结合原书相似语法页复习。,目的/样态,batch_07,日语蓝宝书_N3__part_07-26.png,body_heading,30,needs_manual_review,,jp_grammar N3 日语蓝宝书_N3 batch_07 needs_manual_review auto_completed
4b99be2712ac7b21,N3,日语蓝宝书_N3,) 時に 、 お金が足りないことに気がついた 。,時に、お金が足りないことに気がついた。,感情形容詞 + ことに,令人...的是,表示说话人对后项事实的评价或感情。,うれしい（ことに）、全員が合格した。,令人高兴的是，全员都合格了。,同类或相近表达请结合原书相似语法页复习。,评价,batch_07,日语蓝宝书_N3__part_07-26.png,body_heading,30,auto_completed,,jp_grammar N3 日语蓝宝书_N3 batch_07 kept_needs_explanation auto_completed
28c414c3a2773916,N3,日语蓝宝书_N3,買っているところに,買っているところに,動詞て形 + いる,正在...的时候,表示某动作或状态发生的时间点，后项多为突然发生的事情。,今、本を読ん（でいる）。,现在正在读书。,同类或相近表达请结合原书相似语法页复习。,时间,batch_07,日语蓝宝书_N3__part_07-26.png,body_heading,30,needs_manual_review,,jp_grammar N3 日语蓝宝书_N3 batch_07 needs_manual_review auto_completed
0151014f7460a513,N3,日语蓝宝书_N3,行きようがない力 、 んは,行きようがない力、んは,名詞 + が / 普通形 + が,但是；主语标记,可表示主语，也可连接前后相反或铺垫内容。,値段は高い（が）、品質はいい。,价格高，但是质量好。,同类或相近表达请结合原书相似语法页复习。,助词/逆接,batch_07,日语蓝宝书_N3__part_07-26.png,body_heading,30,auto_completed,,jp_grammar N3 日语蓝宝书_N3 batch_07 kept_needs_explanation auto_completed
40fea11bb25c31cd,N3,日语蓝宝书_N3,行くことではない,行くことではない,接续：行くことではない。按原书条目和句中词形使用。,表示「行くことではない」这一语法形式或助词用法,用于练习「行くことではない」在句中的形式和基本功能；具体语义需结合前后文判断。,この文では（行くことではない）の使い方を確認します。,这句话用于确认“行くことではない”的用法。,同类或相近表达请结合原书相似语法页复习。,形式/用法,batch_07,日语蓝宝书_N3__part_07-26.png,body_heading,30,auto_completed,,jp_grammar N3 日语蓝宝书_N3 batch_07 kept_needs_explanation auto_completed
e69d790b0ecc7820,N3,日语蓝宝书_N3,ようにするおんな,ようにするおんな,名詞 + にする,设法做到...,表示努力使某事成为习惯或实现某状态。,昼ご飯はカレー（にする）。,午饭决定吃咖喱。,同类或相近表达请结合原书相似语法页复习。,努力/习惯,batch_07,日语蓝宝书_N3__part_07-26.png,body_heading,30,needs_manual_review,,jp_grammar N3 日语蓝宝书_N3 batch_07 needs_manual_review auto_completed
37d646567d164f87,N3,日语蓝宝书_N3,のように,のように,普通形 + の,为了能...；像...一样,可表示目的、愿望、变化目标或比喻。,走る（の）が好きです。,我喜欢跑步。,同类或相近表达请结合原书相似语法页复习。,目的/样态,batch_07,日语蓝宝书_N3__part_07-26.png,body_heading,30,needs_manual_review,,jp_grammar N3 日语蓝宝书_N3 batch_07 needs_manual_review auto_completed
af6a4a9a91f9af34,N3,日语蓝宝书_N3,ようになる ) 育てていきたいと思っている,ようになる)育てていきたいと思っている,動詞ます形 + たい,变得会...；逐渐...,表示能力、状态或习惯发生变化。,日本へ行き（たい）です。,我想去日本。,同类或相近表达请结合原书相似语法页复习。,变化,batch_07,日语蓝宝书_N3__part_07-26.png,body_heading,30,needs_manual_review,,jp_grammar N3 日语蓝宝书_N3 batch_07 needs_manual_review auto_completed
e180b44e4069dd21,N3,日语蓝宝书_N3,ようにしている,ようにしている,動詞て形 + いる,为了能...；像...一样,可表示目的、愿望、变化目标或比喻。,今、本を読ん（でいる）。,现在正在读书。,同类或相近表达请结合原书相似语法页复习。,目的/样态,batch_07,日语蓝宝书_N3__part_07-27.png,body_heading,30,needs_manual_review,,jp_grammar N3 日语蓝宝书_N3 batch_07 needs_manual_review auto_completed
068a057e6f3c8042,N3,日语蓝宝书_N3,ようになった問題2つぎの文の ☆,ようになったつぎの文の ☆,普通形 + の,为了能...；像...一样,可表示目的、愿望、变化目标或比喻。,走る（の）が好きです。,我喜欢跑步。,同类或相近表达请结合原书相似语法页复习。,目的/样态,batch_07,日语蓝宝书_N3__part_07-27.png,body_heading,30,needs_manual_review,,jp_grammar N3 日语蓝宝书_N3 batch_07 needs_manual_review auto_completed
f004654f6a3c7c03,N3,日语蓝宝书_N3,ようによさんあめ,ようによさんあめ,接续：ようによさんあめ。按原书条目和句中词形使用。,为了能...；像...一样,可表示目的、愿望、变化目标或比喻。,この文では（ようによさんあめ）の使い方を確認します。,这句话用于确认“ようによさんあめ”的用法。,同类或相近表达请结合原书相似语法页复习。,目的/样态,batch_07,日语蓝宝书_N3__part_07-27.png,body_heading,30,needs_manual_review,,jp_grammar N3 日语蓝宝书_N3 batch_07 needs_manual_review auto_completed
95c7a71c371079e7,N5/N4,日语蓝宝书N5N4,たり / たり ) どちらが人口が多いですか 。,たり/たり)どちらが人口が多いですか。,どちら,哪边；哪位；哪个,用于礼貌地询问方向、场所、人或事物。,会社は（どちら）ですか。,您的公司是哪家？,同类或相近表达请结合原书相似语法页复习。,指示词/疑问,batch_07,日语蓝宝书N5N4__part_07-01.png,body_heading,25,auto_completed,,jp_grammar N5_N4 日语蓝宝书N5N4 batch_07 kept_needs_explanation auto_completed
4fde0b539e4725e2,N5/N4,日语蓝宝书N5N4,いたのにされところ,いたのにされところ,普通形 + のに,明明...却；为了...,可表示逆接，也可表示用途或目的。,一生懸命勉強した（のに）、合格できなかった。,明明努力学习了，却没能合格。,同类或相近表达请结合原书相似语法页复习。,逆接/目的,batch_07,日语蓝宝书N5N4__part_07-01.png,body_heading,30,auto_completed,,jp_grammar N5_N4 日语蓝宝书N5N4 batch_07 kept_needs_explanation auto_completed
f8ca714c12dfd1ca,N5/N4,日语蓝宝书N5N4,たり / たりてから,たり/たりてから,動詞て形 + から,...之后,表示先做前项，再做后项。,ご飯を食べ（てから）、出かけます。,吃完饭后出门。,同类或相近表达请结合原书相似语法页复习。,时间/顺序,batch_07,日语蓝宝书N5N4__part_07-02.png,body_heading,25,auto_completed,,jp_grammar N5_N4 日语蓝宝书N5N4 batch_07 kept_needs_explanation auto_completed
fd6946d018ad3712,N5/N4,日语蓝宝书N5N4,でもいましやらようかいぎ,でもいましやらようかいぎ,普通形 + か,是否；或者；疑问,表示疑问、不确定或选择。,彼が来る（か）分かりません。,不知道他是否会来。,同类或相近表达请结合原书相似语法页复习。,疑问/选择,batch_07,日语蓝宝书N5N4__part_07-03.png,body_heading,30,auto_completed,,jp_grammar N5_N4 日语蓝宝书N5N4 batch_07 kept_needs_explanation auto_completed
aa69128e8239aa5b,N5/N4,日语蓝宝书N5N4,ようにそうに,ようにそうに,接续：ようにそうに。按原书条目和句中词形使用。,为了能...；像...一样,可表示目的、愿望、变化目标或比喻。,この文では（ようにそうに）の使い方を確認します。,这句话用于确认“ようにそうに”的用法。,同类或相近表达请结合原书相似语法页复习。,目的/样态,batch_07,日语蓝宝书N5N4__part_07-04.png,body_heading,30,needs_manual_review,,jp_grammar N5_N4 日语蓝宝书N5N4 batch_07 needs_manual_review auto_completed
c550154a7a452929,N5/N4,日语蓝宝书N5N4,～ くらい / ぐらい,～ くらい/ぐらい,接续：～ くらい/ぐらい。按原书条目和句中词形使用。,大约；程度到...,表示大致数量、程度，或举出极端程度。,この文では（くらい）の使い方を確認します。,这句话用于确认“～ くらい/ぐらい”的用法。,同类或相近表达请结合原书相似语法页复习。,程度,batch_07,日语蓝宝书N5N4__part_07-05.png,body_heading,50,auto_enriched,,jp_grammar N5_N4 日语蓝宝书N5N4 batch_07 auto_enriched auto_completed
a3f078925969d7e9,N5/N4,日语蓝宝书N5N4,～ ほうが名詞+の / い形容詞基本形 / な形容詞詞干+な / 助詞筒体形 / 動詞ない形+ない+ほうが,～ ほうが,動詞ない形+ない+ほうが,但是；主语标记,可表示主语，也可连接前后相反或铺垫内容。,値段は高い（が）、品質はいい。,价格高，但是质量好。,同类或相近表达请结合原书相似语法页复习。,助词/逆接,batch_07,日语蓝宝书N5N4__part_07-05.png,body_heading,50,auto_completed,,jp_grammar N5_N4 日语蓝宝书N5N4 batch_07 kept_needs_explanation auto_completed
2c88e137b05d8ad3,N5/N4,日语蓝宝书N5N4,～ ほど ～ ない名詞+ほど+い形容詞 「 ない形 」 / な形容詞 「 ない形 」 +ない,～ ほど,名詞+ほど+い形容詞「ない形」/な形容詞「ない形」+ない,程度；越...越...,表示程度、比较基准或递进变化。,この文では（ほど）の使い方を確認します。,这句话用于确认“～ ほど”的用法。,同类或相近表达请结合原书相似语法页复习。,程度/比较,batch_07,日语蓝宝书N5N4__part_07-05.png,body_heading,50,auto_enriched,,jp_grammar N5_N4 日语蓝宝书N5N4 batch_07 auto_enriched auto_completed
f7e71e5cfb482bcc,N5/N4,日语蓝宝书N5N4,～ より名詞 / 助詞筒体形+より,～ より,名詞/助詞普通形+より,表示「より」这一语法形式或助词用法,用于练习「～ より」在句中的形式和基本功能；具体语义需结合前后文判断。,この文では（より）の使い方を確認します。,这句话用于确认“～ より”的用法。,同类或相近表达请结合原书相似语法页复习。,形式/用法,batch_07,日语蓝宝书N5N4__part_07-05.png,body_heading,50,auto_completed,,jp_grammar N5_N4 日语蓝宝书N5N4 batch_07 kept_needs_explanation auto_completed
04928f151c2ed0cc,N5/N4,日语蓝宝书N5N4,～ かもしれない,～ かもしれない,普通形 + か,也许；可能,表示可能性不高但不能排除。,彼が来る（か）分かりません。,不知道他是否会来。,同类或相近表达请结合原书相似语法页复习。,推量,batch_07,日语蓝宝书N5N4__part_07-07.png,body_heading,50,auto_enriched,,jp_grammar N5_N4 日语蓝宝书N5N4 batch_07 auto_enriched auto_completed
8ad9ad1de3488899,N5/N4,日语蓝宝书N5N4,～ つもり接助詞基本形+つもり,～ つもり接助詞基本形+つもり,名詞 + も,打算；自以为,表示计划、意图，或说话人主观认为如此。,私（も）行きます。,我也去。,同类或相近表达请结合原书相似语法页复习。,意志/判断,batch_07,日语蓝宝书N5N4__part_07-08.png,body_heading,75,auto_enriched,,jp_grammar N5_N4 日语蓝宝书N5N4 batch_07 auto_enriched auto_completed
e7ac8ca9a44898ca,N5/N4,日语蓝宝书N5N4,～ はず名詞+の / い形容詞筒体形 / な形容詞詞千+な / 助詞筒体形+はず,～ はず,名詞+の/い形容詞普通形/な形容詞詞千+な/助詞普通形+はず,按理应该,根据已知事实推断某事理应如此。,この文では（はず）の使い方を確認します。,这句话用于确认“～ はず”的用法。,同类或相近表达请结合原书相似语法页复习。,推量,batch_07,日语蓝宝书N5N4__part_07-08.png,body_heading,65,auto_enriched,,jp_grammar N5_N4 日语蓝宝书N5N4 batch_07 auto_enriched auto_completed
91ef028f34629084,N5/N4,日语蓝宝书N5N4,ほうがしんよう ) ほうが信用できます 。,ほうがしんよう)ほうが信用できます。,名詞 + が / 普通形 + が,但是；主语标记,可表示主语，也可连接前后相反或铺垫内容。,値段は高い（が）、品質はいい。,价格高，但是质量好。,同类或相近表达请结合原书相似语法页复习。,助词/逆接,batch_07,日语蓝宝书N5N4__part_07-09.png,body_heading,30,auto_completed,,jp_grammar N5_N4 日语蓝宝书N5N4 batch_07 kept_needs_explanation auto_completed
01901984d4f9b407,N5/N4,日语蓝宝书N5N4,はずだ - せんかいだ,はずだ - せんかいだ,普通形 + か,按理应该,根据已知事实推断某事理应如此。,彼が来る（か）分かりません。,不知道他是否会来。,同类或相近表达请结合原书相似语法页复习。,推量,batch_07,日语蓝宝书N5N4__part_07-11.png,body_heading,30,needs_manual_review,,jp_grammar N5_N4 日语蓝宝书N5N4 batch_07 needs_manual_review auto_completed
8cd881eb3ff3eed3,N5/N4,日语蓝宝书N5N4,～ 結婚したてさの,～ 結婚したてさの,普通形 + の,名词化；所属；说明,可表示所属、名词化，或替代前面提到的名词。,走る（の）が好きです。,我喜欢跑步。,同类或相近表达请结合原书相似语法页复习。,名词化/助词,batch_07,日语蓝宝书N5N4__part_07-11.png,body_heading,50,auto_completed,,jp_grammar N5_N4 日语蓝宝书N5N4 batch_07 kept_needs_explanation auto_completed
f92fffb4d568f9e6,N5/N4,日语蓝宝书N5N4,つもりトでしよう,つもりトでしよう,名詞 + も,打算；自以为,表示计划、意图，或说话人主观认为如此。,私（も）行きます。,我也去。,同类或相近表达请结合原书相似语法页复习。,意志/判断,batch_07,日语蓝宝书N5N4__part_07-11.png,body_heading,30,needs_manual_review,,jp_grammar N5_N4 日语蓝宝书N5N4 batch_07 needs_manual_review auto_completed
916157a57bbc3661,N5/N4,日语蓝宝书N5N4,見をわたし私 ) 飲んだことにびつくりしました 。,見をわたし私)飲んだことにびつくりしました。,感情形容詞 + ことに,令人...的是,表示说话人对后项事实的评价或感情。,うれしい（ことに）、全員が合格した。,令人高兴的是，全员都合格了。,同类或相近表达请结合原书相似语法页复习。,评价,batch_07,日语蓝宝书N5N4__part_07-11.png,body_heading,30,auto_completed,,jp_grammar N5_N4 日语蓝宝书N5N4 batch_07 kept_needs_explanation auto_completed
035cc450ee3b05c0,N5/N4,日语蓝宝书N5N4,でしようまちが ) です 。,でしようまちが)です。,名詞 + が / 普通形 + が,但是；主语标记,可表示主语，也可连接前后相反或铺垫内容。,値段は高い（が）、品質はいい。,价格高，但是质量好。,同类或相近表达请结合原书相似语法页复习。,助词/逆接,batch_07,日语蓝宝书N5N4__part_07-11.png,body_heading,30,auto_completed,,jp_grammar N5_N4 日语蓝宝书N5N4 batch_07 kept_needs_explanation auto_completed
187c0b64209dc459,N5/N4,日语蓝宝书N5N4,ひどいことです 。,ひどいことです。,接续：ひどいことです。。按原书条目和句中词形使用。,表示「ひどいことです」这一语法形式或助词用法,用于练习「ひどいことです。」在句中的形式和基本功能；具体语义需结合前后文判断。,この文では（ひどいことです）の使い方を確認します。,这句话用于确认“ひどいことです。”的用法。,同类或相近表达请结合原书相似语法页复习。,形式/用法,batch_07,日语蓝宝书N5N4__part_07-11.png,body_heading,30,auto_completed,,jp_grammar N5_N4 日语蓝宝书N5N4 batch_07 kept_needs_explanation auto_completed
2e00ca8b4a0708c7,N5/N4,日语蓝宝书N5N4,つもりです 。 た,つもりです。た,名詞 + も,打算；自以为,表示计划、意图，或说话人主观认为如此。,私（も）行きます。,我也去。,同类或相近表达请结合原书相似语法页复习。,意志/判断,batch_07,日语蓝宝书N5N4__part_07-11.png,body_heading,30,needs_manual_review,,jp_grammar N5_N4 日语蓝宝书N5N4 batch_07 needs_manual_review auto_completed
23346a19e0771b5e,N5/N4,日语蓝宝书N5N4,ように,ように,接续：ように。按原书条目和句中词形使用。,为了能...；像...一样,可表示目的、愿望、变化目标或比喻。,この文では（ように）の使い方を確認します。,这句话用于确认“ように”的用法。,同类或相近表达请结合原书相似语法页复习。,目的/样态,batch_07,日语蓝宝书N5N4__part_07-12.png,body_heading,30,needs_manual_review,,jp_grammar N5_N4 日语蓝宝书N5N4 batch_07 needs_manual_review auto_completed
60fa5b8d2ca3e066,N5/N4,日语蓝宝书N5N4,～ たら接墺説明,～ たら接墺,接续：～ たら接墺。按原书条目和句中词形使用。,表示「たら接墺」这一语法形式或助词用法,用于练习「～ たら接墺」在句中的形式和基本功能；具体语义需结合前后文判断。,この文では（たら接墺）の使い方を確認します。,这句话用于确认“～ たら接墺”的用法。,同类或相近表达请结合原书相似语法页复习。,形式/用法,batch_07,日语蓝宝书N5N4__part_07-13.png,body_heading,50,auto_completed,,jp_grammar N5_N4 日语蓝宝书N5N4 batch_07 kept_needs_explanation auto_completed
a050cc95597c30e0,N5/N4,日语蓝宝书N5N4,"併句 。 税明 ・ “ 如果 ・ ・ ・ ・ ・ ・ 的活 , “ 如 ・ ・ ・ 的活 ” 。 ～ 接第 、 : - い形容詞詞千+れば / 詞ば形 」 驫","併句。税明・“ 如果・・・・・・的活 , “ 如・・・的活 ”。～ 接第、:-",い形容詞詞千+れば/詞ば形」驫,"表示「併句。税明・“ 如果・・・・・・的活 , “ 如・・・的活 ”。～ 接第、:-」这一语法形式或助词用法","用于练习「併句。税明・“ 如果・・・・・・的活 , “ 如・・・的活 ”。～ 接第、:-」在句中的形式和基本功能；具体语义需结合前后文判断。","この文では（併句。税明・“ 如果・・・・・・的活 , “ 如・・・的活 ”。～ 接第、:-）の使い方を確認します。","这句话用于确认“併句。税明・“ 如果・・・・・・的活 , “ 如・・・的活 ”。～ 接第、:-”的用法。",同类或相近表达请结合原书相似语法页复习。,形式/用法,batch_07,日语蓝宝书N5N4__part_07-13.png,body_heading,20,auto_completed,,jp_grammar N5_N4 日语蓝宝书N5N4 batch_07 kept_needs_explanation auto_completed
dc6a5049f35d07f0,N5/N4,日语蓝宝书N5N4,～ ば - をな三ぐ3 「 に,～ ば - をな三ぐ3「に,動詞ば形 / い形容詞ければ + ば,如果...；一...就,表示条件。,時間があれ（ば）、行きます。,如果有时间就去。,同类或相近表达请结合原书相似语法页复习。,条件,batch_07,日语蓝宝书N5N4__part_07-13.png,body_heading,50,auto_completed,,jp_grammar N5_N4 日语蓝宝书N5N4 batch_07 kept_needs_explanation auto_completed
7132a1f296412519,N5/N4,日语蓝宝书N5N4,～ と接名詞+だ / い形容詞筒体形 / な形容詞詞千+だ / 助詞筒体形+と,～ と接,名詞+だ/い形容詞普通形/な形容詞詞千+だ/助詞普通形+と,表示「と接」这一语法形式或助词用法,用于练习「～ と接」在句中的形式和基本功能；具体语义需结合前后文判断。,この文では（と接）の使い方を確認します。,这句话用于确认“～ と接”的用法。,同类或相近表达请结合原书相似语法页复习。,形式/用法,batch_07,日语蓝宝书N5N4__part_07-14.png,body_heading,50,auto_completed,,jp_grammar N5_N4 日语蓝宝书N5N4 batch_07 kept_needs_explanation auto_completed
ff0e2b3c294d9064,N5/N4,日语蓝宝书N5N4,"もし , ～ ・ 接ーーもし+句子",～・接ーーもし+句子,名詞 + も,也；连...都,表示同类追加或强调极端例子。,私（も）行きます。,我也去。,同类或相近表达请结合原书相似语法页复习。,助词/强调,batch_07,日语蓝宝书N5N4__part_07-14.png,body_heading,50,auto_completed,,jp_grammar N5_N4 日语蓝宝书N5N4 batch_07 kept_needs_explanation auto_completed
eaa561af54f0cafe,N5/N4,日语蓝宝书N5N4,～ をいし 、 接ー名詞+だ / い形容詞筒体形 / な形容詞干+だ / 動詞筒体形+といしゾ,～ をいし、接ー,動詞普通形+といしゾ,表示「をいし、接ー」这一语法形式或助词用法,用于练习「～ をいし、接ー」在句中的形式和基本功能；具体语义需结合前后文判断。,この文では（をいし、接ー）の使い方を確認します。,这句话用于确认“～ をいし、接ー”的用法。,同类或相近表达请结合原书相似语法页复习。,形式/用法,batch_07,日语蓝宝书N5N4__part_07-14.png,body_heading,50,auto_completed,,jp_grammar N5_N4 日语蓝宝书N5N4 batch_07 kept_needs_explanation auto_completed
4b9da3fcb0031042,N5/N4,日语蓝宝书N5N4,～ ため / / - た - めに名詞+の / い形容詞体形 / な形容詞詞千+な / 助詞筒体形+ため / ために,～ ため//- た - めに,名詞+の/い形容詞体形/な形容詞詞千+な/助詞普通形+ため/ために,表示「ため」这一语法形式或助词用法,用于练习「～ ため//- た - めに」在句中的形式和基本功能；具体语义需结合前后文判断。,この文では（ため）の使い方を確認します。,这句话用于确认“～ ため//- た - めに”的用法。,同类或相近表达请结合原书相似语法页复习。,形式/用法,batch_07,日语蓝宝书N5N4__part_07-14.png,body_heading,75,auto_completed,,jp_grammar N5_N4 日语蓝宝书N5N4 batch_07 kept_needs_explanation auto_completed
b30a27aa0311b24c,N5/N4,日语蓝宝书N5N4,～ よう ( に ) 動詞基本形 / 功詞 「 ない形 」 + ない / 動詞可能形+よう ( に ),～ よう(に),動詞基本形/功詞「ない形」+ない/動詞可能形+よう(に),表示「よう(に)」这一语法形式或助词用法,用于练习「～ よう(に)」在句中的形式和基本功能；具体语义需结合前后文判断。,この文では（よう(に)）の使い方を確認します。,这句话用于确认“～ よう(に)”的用法。,同类或相近表达请结合原书相似语法页复习。,形式/用法,batch_07,日语蓝宝书N5N4__part_07-15.png,toc_or_heading,65,auto_completed,,jp_grammar N5_N4 日语蓝宝书N5N4 batch_07 kept_needs_explanation auto_completed
990707576fdb4f9a,N5/N4,日语蓝宝书N5N4,～ ように言う一動詞基本形 / 動詞 「 ない形上+ない+ように言う,～ ように言う一,動詞基本形/動詞「ない形上+ない+ように言う,为了能...；像...一样,可表示目的、愿望、变化目标或比喻。,この文では（ように言う一）の使い方を確認します。,这句话用于确认“～ ように言う一”的用法。,同类或相近表达请结合原书相似语法页复习。,目的/样态,batch_07,日语蓝宝书N5N4__part_07-15.png,toc_or_heading,65,auto_enriched,,jp_grammar N5_N4 日语蓝宝书N5N4 batch_07 auto_enriched auto_completed
d71b007ec1c8c69c,N5/N4,日语蓝宝书N5N4,～ ようになる助詞基本形 / 助詞 「 ない形 」 +ない / 助詞可能形+ようになる,～ ようになる助詞基本形/助詞「,ない形」+ない/助詞可能形+ようになる,变得会...；逐渐...,表示能力、状态或习惯发生变化。,春（になる）と、暖かくなる。,到了春天就变暖。,同类或相近表达请结合原书相似语法页复习。,变化,batch_07,日语蓝宝书N5N4__part_07-15.png,toc_or_heading,75,auto_enriched,,jp_grammar N5_N4 日语蓝宝书N5N4 batch_07 auto_enriched auto_completed
062e52568e3d4b0c,N5/N4,日语蓝宝书N5N4,～ ようにする接ー功詞基本形 / 動i乖 「 ない形 」 + ない + ようにする,～ ようにする接ー功詞基本形/動i乖「,ない形」+ない+ようにする,设法做到...,表示努力使某事成为习惯或实现某状态。,昼ご飯はカレー（にする）。,午饭决定吃咖喱。,同类或相近表达请结合原书相似语法页复习。,努力/习惯,batch_07,日语蓝宝书N5N4__part_07-15.png,toc_or_heading,75,auto_enriched,,jp_grammar N5_N4 日语蓝宝书N5N4 batch_07 auto_enriched auto_completed
0bf7c701026c96b4,N5/N4,日语蓝宝书N5N4,しか ～ ない接名詞 ( +助詞 ) / 助詞基本形+しか ～ ない,～ ない接,名詞(+助詞)/助詞基本形+しか ～ ない,表示「ない接」这一语法形式或助词用法,用于练习「～ ない接」在句中的形式和基本功能；具体语义需结合前后文判断。,この文では（ない接）の使い方を確認します。,这句话用于确认“～ ない接”的用法。,同类或相近表达请结合原书相似语法页复习。,形式/用法,batch_07,日语蓝宝书N5N4__part_07-16.png,body_heading,50,auto_completed,,jp_grammar N5_N4 日语蓝宝书N5N4 batch_07 kept_needs_explanation auto_completed
113c4a93429ac198,N5/N4,日语蓝宝书N5N4,～ だけでな . く,～ だけでな . く,接续：～ だけでな . く。按原书条目和句中词形使用。,表示「だけでな . く」这一语法形式或助词用法,用于练习「～ だけでな . く」在句中的形式和基本功能；具体语义需结合前后文判断。,この文では（だけでな . く）の使い方を確認します。,这句话用于确认“～ だけでな . く”的用法。,同类或相近表达请结合原书相似语法页复习。,形式/用法,batch_07,日语蓝宝书N5N4__part_07-16.png,body_heading,50,auto_completed,,jp_grammar N5_N4 日语蓝宝书N5N4 batch_07 kept_needs_explanation auto_completed
d27483e01b18a844,N5/N4,日语蓝宝书N5N4,ために ) ば 、 わたしに言ってください 。,ために)ば、わたしに言ってください。,動詞ば形 / い形容詞ければ + ば,请...,用于请求对方做某事。,時間があれ（ば）、行きます。,如果有时间就去。,同类或相近表达请结合原书相似语法页复习。,请求,batch_07,日语蓝宝书N5N4__part_07-18.png,body_heading,30,needs_manual_review,,jp_grammar N5_N4 日语蓝宝书N5N4 batch_07 needs_manual_review auto_completed
eb13eb924c690c6a,N5/N4,日语蓝宝书N5N4,だけにんぎよう - 了ー ) ならいあげます 。,だけにんぎよう - 了ー)ならいあげます。,接续：だけにんぎよう - 了ー)ならいあげます。。按原书条目和句中词形使用。,正因为...更...,表示由于前项原因，后项程度更强或结果更自然。,この文では（だけにんぎよう - 了ー)ならいあげます）の使い方を確認します。,这句话用于确认“だけにんぎよう - 了ー)ならいあげます。”的用法。,同类或相近表达请结合原书相似语法页复习。,原因/评价,batch_07,日语蓝宝书N5N4__part_07-18.png,body_heading,30,needs_manual_review,,jp_grammar N5_N4 日语蓝宝书N5N4 batch_07 needs_manual_review auto_completed
18274c0709d7e162,N5/N4,日语蓝宝书N5N4,ほど ) よう ・ に : 詳しく説明してくれました 。,ほど)よう・に:詳しく,接续：ほど)よう・に:詳しく。按原书条目和句中词形使用。,程度；越...越...,表示程度、比较基准或递进变化。,この文では（ほど)よう・に:詳しく）の使い方を確認します。,这句话用于确认“ほど)よう・に:詳しく”的用法。,同类或相近表达请结合原书相似语法页复习。,程度/比较,batch_07,日语蓝宝书N5N4__part_07-19.png,body_heading,30,needs_manual_review,,jp_grammar N5_N4 日语蓝宝书N5N4 batch_07 needs_manual_review auto_completed
aefde657bbf3632a,N5/N4,日语蓝宝书N5N4,後はきよういくー 、 そが,後はきよういくー、そが,名詞 + が / 普通形 + が,但是；主语标记,可表示主语，也可连接前后相反或铺垫内容。,値段は高い（が）、品質はいい。,价格高，但是质量好。,同类或相近表达请结合原书相似语法页复习。,助词/逆接,batch_07,日语蓝宝书N5N4__part_07-19.png,body_heading,30,auto_completed,,jp_grammar N5_N4 日语蓝宝书N5N4 batch_07 kept_needs_explanation auto_completed
e0131b7abf290591,N5/N4,日语蓝宝书N5N4,にはなかったため,にはなかったため,普通形 + か,是否；或者；疑问,表示疑问、不确定或选择。,彼が来る（か）分かりません。,不知道他是否会来。,同类或相近表达请结合原书相似语法页复习。,疑问/选择,batch_07,日语蓝宝书N5N4__part_07-19.png,body_heading,30,auto_completed,,jp_grammar N5_N4 日语蓝宝书N5N4 batch_07 kept_needs_explanation auto_completed
2bc295660bd1d990,N5/N4,日语蓝宝书N5N4,ために,ために,接续：ために。按原书条目和句中词形使用。,为了；因为,表示目的，也可表示原因。,この文では（ために）の使い方を確認します。,这句话用于确认“ために”的用法。,同类或相近表达请结合原书相似语法页复习。,目的/原因,batch_07,日语蓝宝书N5N4__part_07-20.png,body_heading,30,needs_manual_review,,jp_grammar N5_N4 日语蓝宝书N5N4 batch_07 needs_manual_review auto_completed
ad3e0888c542105e,N5/N4,日语蓝宝书N5N4,ようでした,ようでした,接续：ようでした。按原书条目和句中词形使用。,表示「ようでした」这一语法形式或助词用法,用于练习「ようでした」在句中的形式和基本功能；具体语义需结合前后文判断。,この文では（ようでした）の使い方を確認します。,这句话用于确认“ようでした”的用法。,同类或相近表达请结合原书相似语法页复习。,形式/用法,batch_07,日语蓝宝书N5N4__part_07-20.png,body_heading,30,auto_completed,,jp_grammar N5_N4 日语蓝宝书N5N4 batch_07 kept_needs_explanation auto_completed
90d3fe42c67cd5a8,N5/N4,日语蓝宝书N5N4,ようにしました,ようにしました,接续：ようにしました。按原书条目和句中词形使用。,为了能...；像...一样,可表示目的、愿望、变化目标或比喻。,この文では（ようにしました）の使い方を確認します。,这句话用于确认“ようにしました”的用法。,同类或相近表达请结合原书相似语法页复习。,目的/样态,batch_07,日语蓝宝书N5N4__part_07-20.png,body_heading,30,needs_manual_review,,jp_grammar N5_N4 日语蓝宝书N5N4 batch_07 needs_manual_review auto_completed
a8e50ed3e5729de1,N5/N4,日语蓝宝书N5N4,ことに,ことに,感情形容詞 + ことに,令人...的是,表示说话人对后项事实的评价或感情。,うれしい（ことに）、全員が合格した。,令人高兴的是，全员都合格了。,同类或相近表达请结合原书相似语法页复习。,评价,batch_07,日语蓝宝书N5N4__part_07-20.png,body_heading,30,auto_completed,,jp_grammar N5_N4 日语蓝宝书N5N4 batch_07 kept_needs_explanation auto_completed
3fd65cb5a7a6258d,N5/N4,日语蓝宝书N5N4,ようにいいました,ようにいいました,接续：ようにいいました。按原书条目和句中词形使用。,为了能...；像...一样,可表示目的、愿望、变化目标或比喻。,この文では（ようにいいました）の使い方を確認します。,这句话用于确认“ようにいいました”的用法。,同类或相近表达请结合原书相似语法页复习。,目的/样态,batch_07,日语蓝宝书N5N4__part_07-20.png,body_heading,30,needs_manual_review,,jp_grammar N5_N4 日语蓝宝书N5N4 batch_07 needs_manual_review auto_completed
d3fee7c5a8014001,N5/N4,日语蓝宝书N5N4,ようになりました,ようになりました,接续：ようになりました。按原书条目和句中词形使用。,为了能...；像...一样,可表示目的、愿望、变化目标或比喻。,この文では（ようになりました）の使い方を確認します。,这句话用于确认“ようになりました”的用法。,同类或相近表达请结合原书相似语法页复习。,目的/样态,batch_07,日语蓝宝书N5N4__part_07-20.png,body_heading,30,needs_manual_review,,jp_grammar N5_N4 日语蓝宝书N5N4 batch_07 needs_manual_review auto_completed
9a0ca2fb3a129079,N5/N4,日语蓝宝书N5N4,～ なしで,～ なしで,接续：～ なしで。按原书条目和句中词形使用。,表示「なしで」这一语法形式或助词用法,用于练习「～ なしで」在句中的形式和基本功能；具体语义需结合前后文判断。,この文では（なしで）の使い方を確認します。,这句话用于确认“～ なしで”的用法。,同类或相近表达请结合原书相似语法页复习。,形式/用法,batch_07,日语蓝宝书N5N4__part_07-21.png,body_heading,50,auto_completed,,jp_grammar N5_N4 日语蓝宝书N5N4 batch_07 kept_needs_explanation auto_completed
fecbfdb8fe5ab646,Minna,大家的日语（第二版）初级2学习辅导书3A出版社,) どきようは妻の誕生日なんです 。,どきようは妻の誕生日なんです。,普通形 + の,名词化；所属；说明,可表示所属、名词化，或替代前面提到的名词。,走る（の）が好きです。,我喜欢跑步。,同类或相近表达请结合原书相似语法页复习。,名词化/助词,batch_08,大家的日语（第二版）初级2学习辅导书3A出版社__part_08-06.png,body_heading,30,auto_completed,,jp_grammar Minna 大家的日语_第二版_初级2学习辅导书3A出版社 batch_08 kept_needs_explanation auto_completed
b895d1fa572f0607,Minna,大家的日语（第二版）初级2学习辅导书3A出版社,) 本を見ながら料理をします 。,本を見ながら料理をします。,動詞ます形 + ながら,一边...一边...,表示两个动作同时进行。,音楽を聞き（ながら）、勉強します。,一边听音乐一边学习。,同类或相近表达请结合原书相似语法页复习。,同时,batch_08,大家的日语（第二版）初级2学习辅导书3A出版社__part_08-08.png,body_heading,30,auto_completed,,jp_grammar Minna 大家的日语_第二版_初级2学习辅导书3A出版社 batch_08 kept_needs_explanation auto_completed
2fcadad477b97efc,Minna,大家的日语（第二版）初级2学习辅导书3A出版社,だいがくべんきよう,だいがくべんきよう,名詞 + が / 普通形 + が,但是；主语标记,可表示主语，也可连接前后相反或铺垫内容。,値段は高い（が）、品質はいい。,价格高，但是质量好。,同类或相近表达请结合原书相似语法页复习。,助词/逆接,batch_08,大家的日语（第二版）初级2学习辅导书3A出版社__part_08-08.png,body_heading,30,auto_completed,,jp_grammar Minna 大家的日语_第二版_初级2学习辅导书3A出版社 batch_08 kept_needs_explanation auto_completed
77749bf663691c61,Minna,大家的日语（第二版）初级2学习辅导书3A出版社,) 働きながら大学で勉強します 。,働きながら大学で勉強します。,動詞ます形 + ながら,一边...一边...,表示两个动作同时进行。,音楽を聞き（ながら）、勉強します。,一边听音乐一边学习。,同类或相近表达请结合原书相似语法页复习。,同时,batch_08,大家的日语（第二版）初级2学习辅导书3A出版社__part_08-08.png,body_heading,30,auto_completed,,jp_grammar Minna 大家的日语_第二版_初级2学习辅导书3A出版社 batch_08 kept_needs_explanation auto_completed
0140ec61922a5dd7,Minna,大家的日语（第二版）初级2学习辅导书3A出版社,) 新聞を読みながらごはんを食べます 。,新聞を読みながらごはんを食べます。,動詞ます形 + ながら,一边...一边...,表示两个动作同时进行。,音楽を聞き（ながら）、勉強します。,一边听音乐一边学习。,同类或相近表达请结合原书相似语法页复习。,同时,batch_08,大家的日语（第二版）初级2学习辅导书3A出版社__part_08-08.png,body_heading,30,auto_completed,,jp_grammar Minna 大家的日语_第二版_初级2学习辅导书3A出版社 batch_08 kept_needs_explanation auto_completed
ee1bdcefcaa49a20,Minna,大家的日语（第二版）初级2学习辅导书3A出版社,) 運転しながら電話をしないでください 。,運転しながら電話をしないでください。,動詞ます形 + ながら,请不要...,请求对方不要做某事。,音楽を聞き（ながら）、勉強します。,一边听音乐一边学习。,同类或相近表达请结合原书相似语法页复习。,请求/禁止,batch_08,大家的日语（第二版）初级2学习辅导书3A出版社__part_08-08.png,body_heading,30,needs_manual_review,,jp_grammar Minna 大家的日语_第二版_初级2学习辅导书3A出版社 batch_08 needs_manual_review auto_completed
daaecb536964ae76,Minna,大家的日语（第二版）初级2学习辅导书3A出版社,) ビアノを弾きながらえますか 。,ビアノを弾きながらえますか。,動詞ます形 + ながら,一边...一边...,表示两个动作同时进行。,音楽を聞き（ながら）、勉強します。,一边听音乐一边学习。,同类或相近表达请结合原书相似语法页复习。,同时,batch_08,大家的日语（第二版）初级2学习辅导书3A出版社__part_08-08.png,body_heading,30,auto_completed,,jp_grammar Minna 大家的日语_第二版_初级2学习辅导书3A出版社 batch_08 kept_needs_explanation auto_completed
236a7b51737fff00,Minna,大家的日语（第二版）初级2学习辅导书3A出版社,) お茶を飲みながら話しましよう 。,お茶を飲みながら話しましよう。,動詞ます形 + ながら,一边...一边...,表示两个动作同时进行。,音楽を聞き（ながら）、勉強します。,一边听音乐一边学习。,同类或相近表达请结合原书相似语法页复习。,同时,batch_08,大家的日语（第二版）初级2学习辅导书3A出版社__part_08-08.png,body_heading,30,auto_completed,,jp_grammar Minna 大家的日语_第二版_初级2学习辅导书3A出版社 batch_08 kept_needs_explanation auto_completed
1dcc9b3a8b8e38d9,Minna,大家的日语（第二版）初级2学习辅导书3A出版社,) ボランティアをしながら世界を旅行しています 。,ボランティアをしながら世界を旅行しています。,動詞ます形 + ながら,一边...一边...,表示两个动作同时进行。,音楽を聞き（ながら）、勉強します。,一边听音乐一边学习。,同类或相近表达请结合原书相似语法页复习。,同时,batch_08,大家的日语（第二版）初级2学习辅导书3A出版社__part_08-08.png,body_heading,30,auto_completed,,jp_grammar Minna 大家的日语_第二版_初级2学习辅导书3A出版社 batch_08 kept_needs_explanation auto_completed
329f7ad45f4dac0c,Minna,大家的日语（第二版）初级2学习辅导书3A出版社,) 絵を教えながらマンガをかいています 。,絵を教えながらマンガをかいています。,動詞ます形 + ながら,一边...一边...,表示两个动作同时进行。,音楽を聞き（ながら）、勉強します。,一边听音乐一边学习。,同类或相近表达请结合原书相似语法页复习。,同时,batch_08,大家的日语（第二版）初级2学习辅导书3A出版社__part_08-08.png,body_heading,30,auto_completed,,jp_grammar Minna 大家的日语_第二版_初级2学习辅导书3A出版社 batch_08 kept_needs_explanation auto_completed
3dba8dd65a3e55d6,Minna,大家的日语（第二版）初级2学习辅导书3A出版社,) 音楽を聞きながら本を読んでいます 。,音楽を聞きながら本を読んでいます。,動詞ます形 + ながら,一边...一边...,表示两个动作同时进行。,音楽を聞き（ながら）、勉強します。,一边听音乐一边学习。,同类或相近表达请结合原书相似语法页复习。,同时,batch_08,大家的日语（第二版）初级2学习辅导书3A出版社__part_08-08.png,body_heading,30,auto_completed,,jp_grammar Minna 大家的日语_第二版_初级2学习辅导书3A出版社 batch_08 kept_needs_explanation auto_completed
26675ea59b4c9cfd,Minna,大家的日语（第二版）初级2学习辅导书3A出版社,) 疲れたから 、 ちょっと休憩しよう 。,疲れたから、ちょっと休憩しよう。,普通形 + か,是否；或者；疑问,表示疑问、不确定或选择。,彼が来る（か）分かりません。,不知道他是否会来。,同类或相近表达请结合原书相似语法页复习。,疑问/选择,batch_08,大家的日语（第二版）初级2学习辅导书3A出版社__part_08-11.png,body_heading,30,auto_completed,,jp_grammar Minna 大家的日语_第二版_初级2学习辅导书3A出版社 batch_08 kept_needs_explanation auto_completed
23fb7bf8b26fb614,Minna,大家的日语（第二版）初级2学习辅导书3A出版社,) ① おなかがすいた ② 何か食べよう,おなかがすいた 2 何か食べよう,普通形 + か,是否；或者；疑问,表示疑问、不确定或选择。,彼が来る（か）分かりません。,不知道他是否会来。,同类或相近表达请结合原书相似语法页复习。,疑问/选择,batch_08,大家的日语（第二版）初级2学习辅导书3A出版社__part_08-11.png,body_heading,30,auto_completed,,jp_grammar Minna 大家的日语_第二版_初级2学习辅导书3A出版社 batch_08 kept_needs_explanation auto_completed
710715970aa37c23,Minna,大家的日语（第二版）初级2学习辅导书3A出版社,) ① 会議 ② 会議室を予約して ② 予約しよう,会議 2 会議室を予約して 2 予約しよう,接续：会議 2 会議室を予約して 2 予約しよう。按原书条目和句中词形使用。,表示「会議 2 会議室を予約して 2 予約しよう」这一语法形式或助词用法,用于练习「会議 2 会議室を予約して 2 予約しよう」在句中的形式和基本功能；具体语义需结合前后文判断。,この文では（会議 2 会議室を予約して 2 予約しよう）の使い方を確認します。,这句话用于确认“会議 2 会議室を予約して 2 予約しよう”的用法。,同类或相近表达请结合原书相似语法页复习。,形式/用法,batch_08,大家的日语（第二版）初级2学习辅导书3A出版社__part_08-11.png,body_heading,30,auto_completed,,jp_grammar Minna 大家的日语_第二版_初级2学习辅导书3A出版社 batch_08 kept_needs_explanation auto_completed
e1ec01c2e2085a29,Minna,大家的日语（第二版）初级2学习辅导书3A出版社,) 午後は曇リ ( 曇る ) でしよう,午後は曇リ(曇る)でしよう,接续：午後は曇リ(曇る)でしよう。按原书条目和句中词形使用。,表示「午後は曇リ(曇る)でしよう」这一语法形式或助词用法,用于练习「午後は曇リ(曇る)でしよう」在句中的形式和基本功能；具体语义需结合前后文判断。,この文では（午後は曇リ(曇る)でしよう）の使い方を確認します。,这句话用于确认“午後は曇リ(曇る)でしよう”的用法。,同类或相近表达请结合原书相似语法页复习。,形式/用法,batch_08,大家的日语（第二版）初级2学习辅导书3A出版社__part_08-12.png,body_heading,30,auto_completed,,jp_grammar Minna 大家的日语_第二版_初级2学习辅导书3A出版社 batch_08 kept_needs_explanation auto_completed
5f4dbf2a07e685bc,Minna,大家的日语（第二版）初级2学习辅导书3A出版社,) 夜は雪が降るでしよう 。,夜は雪が降るでしよう。,名詞 + が / 普通形 + が,但是；主语标记,可表示主语，也可连接前后相反或铺垫内容。,値段は高い（が）、品質はいい。,价格高，但是质量好。,同类或相近表达请结合原书相似语法页复习。,助词/逆接,batch_08,大家的日语（第二版）初级2学习辅导书3A出版社__part_08-12.png,body_heading,30,auto_completed,,jp_grammar Minna 大家的日语_第二版_初级2学习辅导书3A出版社 batch_08 kept_needs_explanation auto_completed
a5965dcae1d31ce9,Minna,大家的日语（第二版）初级2学习辅导书3A出版社,) 彼女は道がわかるでしようか 。,彼女は道がわかるでしようか。,普通形 + か,是否；或者；疑问,表示疑问、不确定或选择。,彼が来る（か）分かりません。,不知道他是否会来。,同类或相近表达请结合原书相似语法页复习。,疑问/选择,batch_08,大家的日语（第二版）初级2学习辅导书3A出版社__part_08-12.png,body_heading,30,auto_completed,,jp_grammar Minna 大家的日语_第二版_初级2学习辅导书3A出版社 batch_08 kept_needs_explanation auto_completed
765ed852cd076c3e,Minna,大家的日语（第二版）初级2学习辅导书3A出版社,) ① 何もしない ② 子どものサッカーの試合を見に行こ,何もしない 2 子どものサッカの試合を見に行こ,普通形 + の,名词化；所属；说明,可表示所属、名词化，或替代前面提到的名词。,走る（の）が好きです。,我喜欢跑步。,同类或相近表达请结合原书相似语法页复习。,名词化/助词,batch_08,大家的日语（第二版）初级2学习辅导书3A出版社__part_08-14.png,body_heading,30,auto_completed,,jp_grammar Minna 大家的日语_第二版_初级2学习辅导书3A出版社 batch_08 kept_needs_explanation auto_completed
f2b964f09f4f6cf6,Minna,大家的日语（第二版）初级2学习辅导书3A出版社,) ① どこも行かない ② 友達とテニスをしよう,どこも行かない 2 友達とテニスをしよう,普通形 + か,是否；或者；疑问,表示疑问、不确定或选择。,彼が来る（か）分かりません。,不知道他是否会来。,同类或相近表达请结合原书相似语法页复习。,疑问/选择,batch_08,大家的日语（第二版）初级2学习辅导书3A出版社__part_08-14.png,body_heading,30,auto_completed,,jp_grammar Minna 大家的日语_第二版_初级2学习辅导书3A出版社 batch_08 kept_needs_explanation auto_completed
348c9597747f714b,Minna,大家的日语（第二版）初级2学习辅导书3A出版社,おじいさんに聞けば 、 昔のことがわかリます 。,おじいさんに聞けば、昔のことがわかリます。,普通形 + か,是否；或者；疑问,表示疑问、不确定或选择。,彼が来る（か）分かりません。,不知道他是否会来。,同类或相近表达请结合原书相似语法页复习。,疑问/选择,batch_08,大家的日语（第二版）初级2学习辅导书3A出版社__part_08-15.png,body_heading,30,auto_completed,,jp_grammar Minna 大家的日语_第二版_初级2学习辅导书3A出版社 batch_08 kept_needs_explanation auto_completed
07567dab40883ed1,Minna,大家的日语（第二版）初级2学习辅导书3A出版社,) ① ひらがなをかたかなに換え ② 換えたいことばを選んで,ひらがなをかたかなに換え 2 換えたいことばを選んで,動詞ます形 + たい,想要...,表示第一人称愿望或询问第二人称愿望。,日本へ行き（たい）です。,我想去日本。,同类或相近表达请结合原书相似语法页复习。,愿望,batch_08,大家的日语（第二版）初级2学习辅导书3A出版社__part_08-15.png,body_heading,30,auto_completed,,jp_grammar Minna 大家的日语_第二版_初级2学习辅导书3A出版社 batch_08 kept_needs_explanation auto_completed
7f4dd41ac9d265cd,Minna,大家的日语（第二版）初级2学习辅导书3A出版社,) 試合に出られるように 、 毎日練習しています 。,試合に出られるように、毎日練習しています。,接续：試合に出られるように、毎日練習しています。。按原书条目和句中词形使用。,为了能...；像...一样,可表示目的、愿望、变化目标或比喻。,この文では（試合に出られるように、毎日練習しています）の使い方を確認します。,这句话用于确认“試合に出られるように、毎日練習しています。”的用法。,同类或相近表达请结合原书相似语法页复习。,目的/样态,batch_08,大家的日语（第二版）初级2学习辅导书3A出版社__part_08-16.png,body_heading,30,needs_manual_review,,jp_grammar Minna 大家的日语_第二版_初级2学习辅导书3A出版社 batch_08 needs_manual_review auto_completed
0f4b50e412afc9f1,Minna,大家的日语（第二版）初级2学习辅导书3A出版社,) 道をまちがえないように,道をまちがえないように,名詞 + が / 普通形 + が,为了能...；像...一样,可表示目的、愿望、变化目标或比喻。,値段は高い（が）、品質はいい。,价格高，但是质量好。,同类或相近表达请结合原书相似语法页复习。,目的/样态,batch_08,大家的日语（第二版）初级2学习辅导书3A出版社__part_08-16.png,body_heading,30,needs_manual_review,,jp_grammar Minna 大家的日语_第二版_初级2学习辅导书3A出版社 batch_08 needs_manual_review auto_completed
787d962cec64d887,Minna,大家的日语（第二版）初级2学习辅导书3A出版社,) 年を取ってから 、 困らないように 、 貯金します 。,年を取ってから、困らないように、貯金します。,動詞て形 + から,为了能...；像...一样,可表示目的、愿望、变化目标或比喻。,ご飯を食べ（てから）、出かけます。,吃完饭后出门。,同类或相近表达请结合原书相似语法页复习。,目的/样态,batch_08,大家的日语（第二版）初级2学习辅导书3A出版社__part_08-16.png,body_heading,30,needs_manual_review,,jp_grammar Minna 大家的日语_第二版_初级2学习辅导书3A出版社 batch_08 needs_manual_review auto_completed
feda3b145b811b1f,Minna,大家的日语（第二版）初级2学习辅导书3A出版社,つくにはんリようり,つくにはんリようり,動詞辞書形 + には / 名詞 + には,要...就；对于...来说,表示目的所需条件，或提示对象范围。,合格する（には）、毎日練習が必要だ。,要合格，每天练习是必要的。,同类或相近表达请结合原书相似语法页复习。,条件/对象,batch_08,大家的日语（第二版）初级2学习辅导书3A出版社__part_08-17.png,body_heading,30,auto_completed,,jp_grammar Minna 大家的日语_第二版_初级2学习辅导书3A出版社 batch_08 kept_needs_explanation auto_completed
9d88fae97bae5cb1,Minna,大家的日语（第二版）初级2学习辅导书3A出版社,っくにんぎよう,っくにんぎよう,接续：っくにんぎよう。按原书条目和句中词形使用。,表示「っくにんぎよう」这一语法形式或助词用法,用于练习「っくにんぎよう」在句中的形式和基本功能；具体语义需结合前后文判断。,この文では（っくにんぎよう）の使い方を確認します。,这句话用于确认“っくにんぎよう”的用法。,同类或相近表达请结合原书相似语法页复习。,形式/用法,batch_08,大家的日语（第二版）初级2学习辅导书3A出版社__part_08-17.png,body_heading,30,auto_completed,,jp_grammar Minna 大家的日语_第二版_初级2学习辅导书3A出版社 batch_08 kept_needs_explanation auto_completed
0c80c781e1d240d3,Minna,大家的日语（第二版）初级2学习辅导书3A出版社,) 新しいことを知るのはおもしろいです 。,新しいことを知るのはおもしろいです。,普通形 + の,名词化；所属；说明,可表示所属、名词化，或替代前面提到的名词。,走る（の）が好きです。,我喜欢跑步。,同类或相近表达请结合原书相似语法页复习。,名词化/助词,batch_08,大家的日语（第二版）初级2学习辅导书3A出版社__part_08-18.png,body_heading,30,auto_completed,,jp_grammar Minna 大家的日语_第二版_初级2学习辅导书3A出版社 batch_08 kept_needs_explanation auto_completed
4a7ec5ed5c99a317,Minna,大家的日语（第二版）初级2学习辅导书3A出版社,) 電話しながら運転するのは危ないです 。,電話しながら運転するのは危ないです。,動詞ます形 + ながら,一边...一边...,表示两个动作同时进行。,音楽を聞き（ながら）、勉強します。,一边听音乐一边学习。,同类或相近表达请结合原书相似语法页复习。,同时,batch_08,大家的日语（第二版）初级2学习辅导书3A出版社__part_08-18.png,body_heading,30,auto_completed,,jp_grammar Minna 大家的日语_第二版_初级2学习辅导书3A出版社 batch_08 kept_needs_explanation auto_completed
0e2200e8f8bfaba0,Minna,大家的日语（第二版）初级2学习辅导书3A出版社,) ええ 、 日本のことを知るのはおもしろいです 。,ええ、日本のことを知るのはおもしろいです。,普通形 + の,名词化；所属；说明,可表示所属、名词化，或替代前面提到的名词。,走る（の）が好きです。,我喜欢跑步。,同类或相近表达请结合原书相似语法页复习。,名词化/助词,batch_08,大家的日语（第二版）初级2学习辅导书3A出版社__part_08-18.png,body_heading,30,auto_completed,,jp_grammar Minna 大家的日语_第二版_初级2学习辅导书3A出版社 batch_08 kept_needs_explanation auto_completed
e8286af8299458ba,Minna,大家的日语（第二版）初级2学习辅导书3A出版社,) いいえ 、 心配なのは 、 家族のことです 。,いいえ、心配なのは、家族のことです。,普通形 + の,名词化；所属；说明,可表示所属、名词化，或替代前面提到的名词。,走る（の）が好きです。,我喜欢跑步。,同类或相近表达请结合原书相似语法页复习。,名词化/助词,batch_08,大家的日语（第二版）初级2学习辅导书3A出版社__part_08-19.png,body_heading,30,auto_completed,,jp_grammar Minna 大家的日语_第二版_初级2学习辅导书3A出版社 batch_08 kept_needs_explanation auto_completed
a3a65630aca09569,Minna,大家的日语（第二版）初级2学习辅导书3A出版社,) 試験のことが心配で 、 寝られませんでした 。,試験のことが心配で、寝られませんでした。,名詞 + が / 普通形 + が,但是；主语标记,可表示主语，也可连接前后相反或铺垫内容。,値段は高い（が）、品質はいい。,价格高，但是质量好。,同类或相近表达请结合原书相似语法页复习。,助词/逆接,batch_08,大家的日语（第二版）初级2学习辅导书3A出版社__part_08-19.png,body_heading,30,auto_completed,,jp_grammar Minna 大家的日语_第二版_初级2学习辅导书3A出版社 batch_08 kept_needs_explanation auto_completed
c919ce891d33cca7,Minna,大家的日语（第二版）初级2学习辅导书3A出版社,) どの方法がいちばんいいか 、 考えましよう 。,どの方法がいちばんいいか、考えましよう。,普通形 + か,是否；或者；疑问,表示疑问、不确定或选择。,彼が来る（か）分かりません。,不知道他是否会来。,同类或相近表达请结合原书相似语法页复习。,疑问/选择,batch_08,大家的日语（第二版）初级2学习辅导书3A出版社__part_08-20.png,body_heading,30,auto_completed,,jp_grammar Minna 大家的日语_第二版_初级2学习辅导书3A出版社 batch_08 kept_needs_explanation auto_completed
ae7cc0e50715ca4a,Minna,大家的日语（第二版）初级2学习辅导书3A出版社,たんじようびはな,たんじようびはな,接续：たんじようびはな。按原书条目和句中词形使用。,表示「たんじようびはな」这一语法形式或助词用法,用于练习「たんじようびはな」在句中的形式和基本功能；具体语义需结合前后文判断。,この文では（たんじようびはな）の使い方を確認します。,这句话用于确认“たんじようびはな”的用法。,同类或相近表达请结合原书相似语法页复习。,形式/用法,batch_08,大家的日语（第二版）初级2学习辅导书3A出版社__part_08-20.png,body_heading,30,auto_completed,,jp_grammar Minna 大家的日语_第二版_初级2学习辅导书3A出版社 batch_08 kept_needs_explanation auto_completed
efccd21849434a54,Minna,大家的日语（第二版）初级2学习辅导书3A出版社,) 着物を着たことがないので 、 着てみたいです 。,着物を着たことがないので、着てみたいです。,動詞ます形 + たい,好像；像...,口语中表示比喻或推量。,日本へ行き（たい）です。,我想去日本。,同类或相近表达请结合原书相似语法页复习。,比喻/推量,batch_08,大家的日语（第二版）初级2学习辅导书3A出版社__part_08-21.png,body_heading,30,needs_manual_review,,jp_grammar Minna 大家的日语_第二版_初级2学习辅导书3A出版社 batch_08 needs_manual_review auto_completed
2e296c38646f3709,Minna,大家的日语（第二版）初级2学习辅导书3A出版社,) 生け花をしたことがないので 、 してみたいです 。,生け花をしたことがないので、してみたいです。,動詞ます形 + たい,好像；像...,口语中表示比喻或推量。,日本へ行き（たい）です。,我想去日本。,同类或相近表达请结合原书相似语法页复习。,比喻/推量,batch_08,大家的日语（第二版）初级2学习辅导书3A出版社__part_08-21.png,body_heading,30,needs_manual_review,,jp_grammar Minna 大家的日语_第二版_初级2学习辅导书3A出版社 batch_08 needs_manual_review auto_completed
6a0d3a7343299ca1,Minna,大家的日语（第二版）初级2学习辅导书3A出版社,) じぶんみせもいっか自分の店を持っために,じぶんみせもいっか自分の店を持っために,普通形 + か,为了；因为,表示目的，也可表示原因。,彼が来る（か）分かりません。,不知道他是否会来。,同类或相近表达请结合原书相似语法页复习。,目的/原因,batch_08,大家的日语（第二版）初级2学习辅导书3A出版社__part_08-22.png,body_heading,30,needs_manual_review,,jp_grammar Minna 大家的日语_第二版_初级2学习辅导书3A出版社 batch_08 needs_manual_review auto_completed
40bb463fcd555c89,Minna,大家的日语（第二版）初级2学习辅导书3A出版社,) 仕事のために 、 毎週日本語を習っています 。,仕事のために、毎週日本語を習っています。,普通形 + の,为了；因为,表示目的，也可表示原因。,走る（の）が好きです。,我喜欢跑步。,同类或相近表达请结合原书相似语法页复习。,目的/原因,batch_08,大家的日语（第二版）初级2学习辅导书3A出版社__part_08-22.png,body_heading,30,needs_manual_review,,jp_grammar Minna 大家的日语_第二版_初级2学习辅导书3A出版社 batch_08 needs_manual_review auto_completed
42b9620cf003fbfd,Minna,大家的日语（第二版）初级2学习辅导书3A出版社,) 子どもたちのために 、 絵本をかいています 。,子どもたちのために、絵本をかいています。,人を表す名詞 + たち,为了；因为,表示目的，也可表示原因。,学生（たち）が教室にいます。,学生们在教室里。,同类或相近表达请结合原书相似语法页复习。,目的/原因,batch_08,大家的日语（第二版）初级2学习辅导书3A出版社__part_08-22.png,body_heading,30,needs_manual_review,,jp_grammar Minna 大家的日语_第二版_初级2学习辅导书3A出版社 batch_08 needs_manual_review auto_completed
ddd4f5a0ddd3c494,Minna,大家的日语（第二版）初级2学习辅导书3A出版社,) 結婚するニ人のために,結婚するニ人のために,普通形 + の,为了；因为,表示目的，也可表示原因。,走る（の）が好きです。,我喜欢跑步。,同类或相近表达请结合原书相似语法页复习。,目的/原因,batch_08,大家的日语（第二版）初级2学习辅导书3A出版社__part_08-22.png,body_heading,30,needs_manual_review,,jp_grammar Minna 大家的日语_第二版_初级2学习辅导书3A出版社 batch_08 needs_manual_review auto_completed
d2c85c89920cae37,Minna,大家的日语（第二版）初级2学习辅导书3A出版社,) 世界の平和のために,世界の平和のために,普通形 + の,为了；因为,表示目的，也可表示原因。,走る（の）が好きです。,我喜欢跑步。,同类或相近表达请结合原书相似语法页复习。,目的/原因,batch_08,大家的日语（第二版）初级2学习辅导书3A出版社__part_08-22.png,body_heading,30,needs_manual_review,,jp_grammar Minna 大家的日语_第二版_初级2学习辅导书3A出版社 batch_08 needs_manual_review auto_completed
9fd8494a8791365d,N2,日语蓝宝书_N2,～ わりに / わりには,～ わりに/わりには,普通形 / 名詞の + わりに,虽然...却；比起...算是,表示按前项标准来看，后项程度出乎意料。,値段の（わりに）、品質がいい。,按价格来说，质量不错。,同类或相近表达请结合原书相似语法页复习。,评价/逆接,batch_08,日语蓝宝书_N2__part_08-02.png,body_heading,50,auto_completed,,jp_grammar N2 日语蓝宝书_N2 batch_08 kept_needs_explanation auto_completed
76cfadb35323b06c,N2,日语蓝宝书_N2,～ を申心に / を中心にして / を中心として,～ を申心に/を中心にして/を中心として,名詞 + を中心に,以...为中心,表示围绕某人、某事物展开。,駅前（を中心に）、店が増えている。,以车站前为中心，店铺正在增加。,同类或相近表达请结合原书相似语法页复习。,范围/中心,batch_08,日语蓝宝书_N2__part_08-02.png,body_heading,60,auto_completed,,jp_grammar N2 日语蓝宝书_N2 batch_08 kept_needs_explanation auto_completed
317707936bf8a9be,N2,日语蓝宝书_N2,名 + を中心に / を中心にして / を中心として,名+を中心に/を中心にして/を中心として,名詞 + を中心に,以...为中心,表示围绕某人、某事物展开。,駅前（を中心に）、店が増えている。,以车站前为中心，店铺正在增加。,同类或相近表达请结合原书相似语法页复习。,范围/中心,batch_08,日语蓝宝书_N2__part_08-02.png,body_heading,25,auto_completed,,jp_grammar N2 日语蓝宝书_N2 batch_08 kept_needs_explanation auto_completed
fbc1b488c46c7465,N2,日语蓝宝书_N2,～ を通じて / を通して名+を通じて / を通して,～ を通じて/を通して名+を通じて/を通して,接续：～ を通じて/を通して名+を通じて/を通して。按原书条目和句中词形使用。,通过；整个期间,表示手段媒介，或在整个时间范围内。,この文では（を通じて）の使い方を確認します。,这句话用于确认“～ を通じて/を通して名+を通じて/を通して”的用法。,同类或相近表达请结合原书相似语法页复习。,手段/期间,batch_08,日语蓝宝书_N2__part_08-03.png,body_heading,60,auto_enriched,,jp_grammar N2 日语蓝宝书_N2 batch_08 auto_enriched auto_completed
a782d62672b7fb53,N2,日语蓝宝书_N2,～ を除いて ( は ),～ を除いて(は),接续：～ を除いて(は)。按原书条目和句中词形使用。,表示「を除いて(は)」这一语法形式或助词用法,用于练习「～ を除いて(は)」在句中的形式和基本功能；具体语义需结合前后文判断。,この文では（を除いて(は)）の使い方を確認します。,这句话用于确认“～ を除いて(は)”的用法。,同类或相近表达请结合原书相似语法页复习。,形式/用法,batch_08,日语蓝宝书_N2__part_08-04.png,body_heading,50,auto_completed,,jp_grammar N2 日语蓝宝书_N2 batch_08 kept_needs_explanation auto_completed
962b17df83eb9d04,N2,日语蓝宝书_N2,～ をはじめ / をはじめとして / をはじめとする名+をはじめ / をはじめとして / をはじめとする,～ をはじめ/をはじめとして/をはじめとする名+をはじめ/をはじめとして/をはじめとする,名詞 + として,作为...,表示身份、资格、立场或用途。,彼は代表（として）、会議に出た。,他作为代表出席了会议。,同类或相近表达请结合原书相似语法页复习。,身份/资格,batch_08,日语蓝宝书_N2__part_08-04.png,body_heading,60,auto_completed,,jp_grammar N2 日语蓝宝书_N2 batch_08 kept_needs_explanation auto_completed
80e634e7f7c85c86,N2,日语蓝宝书_N2,～ を踏まえて / を踏まえ / を踏まえた名 + を踏まえて / を踏まえ / を踏まえた,～ を踏まえて/を踏まえ/を踏まえた名+を踏まえて/を踏まえ/を踏まえた,接续：～ を踏まえて/を踏まえ/を踏まえた名+を踏まえて/を踏まえ/を踏まえた。按原书条目和句中词形使用。,表示「を踏まえて」这一语法形式或助词用法,用于练习「～ を踏まえて/を踏まえ/を踏まえた名+を踏まえて/を踏まえ/を踏まえた」在句中的形式和基本功能；具体语义需结合前后文判断。,この文では（を踏まえて）の使い方を確認します。,这句话用于确认“～ を踏まえて/を踏まえ/を踏まえた名+を踏まえて/を踏まえ/を踏まえた”的用法。,同类或相近表达请结合原书相似语法页复习。,形式/用法,batch_08,日语蓝宝书_N2__part_08-04.png,body_heading,60,auto_completed,,jp_grammar N2 日语蓝宝书_N2 batch_08 kept_needs_explanation auto_completed
b9de007b6f872bd8,N2,日语蓝宝书_N2,～ をめぐって / をめぐり / をめぐる名+をめぐって / をめぐり / をめぐる,～ をめぐって/をめぐり/をめぐる名+をめぐって/をめぐり/をめぐる,接续：～ をめぐって/をめぐり/をめぐる名+をめぐって/をめぐり/をめぐる。按原书条目和句中词形使用。,围绕...,表示以某事为中心发生争论、讨论或动作。,この文では（をめぐって）の使い方を確認します。,这句话用于确认“～ をめぐって/をめぐり/をめぐる名+をめぐって/をめぐり/をめぐる”的用法。,同类或相近表达请结合原书相似语法页复习。,主题,batch_08,日语蓝宝书_N2__part_08-05.png,body_heading,60,auto_enriched,,jp_grammar N2 日语蓝宝书_N2 batch_08 auto_enriched auto_completed
f316193dc600e614,N2,日语蓝宝书_N2,わけにはいかない,わけにはいかない,動詞辞書形 + わけにはいかない,不能...；不可以...,表示从常识、责任或心理上不能做某事。,大事な会議なので、休む（わけにはいかない）。,因为是重要会议，不能休息。,同类或相近表达请结合原书相似语法页复习。,禁止/责任,batch_08,日语蓝宝书_N2__part_08-06.png,body_heading,30,auto_completed,,jp_grammar N2 日语蓝宝书_N2 batch_08 kept_needs_explanation auto_completed
1d8f387e6a8a188e,N2,日语蓝宝书_N2,わけではないけしようすい,わけではないけしようすい,接续：わけではないけしようすい。按原书条目和句中词形使用。,并不是...,用于部分否定，说明不是完全如此。,この文では（わけではないけしようすい）の使い方を確認します。,这句话用于确认“わけではないけしようすい”的用法。,同类或相近表达请结合原书相似语法页复习。,否定,batch_08,日语蓝宝书_N2__part_08-06.png,body_heading,30,needs_manual_review,,jp_grammar N2 日语蓝宝书_N2 batch_08 needs_manual_review auto_completed
0abaa0d2d2b87b52,N2,日语蓝宝书_N2,わけではいかない,わけではいかない,普通形 + か,是否；或者；疑问,表示疑问、不确定或选择。,彼が来る（か）分かりません。,不知道他是否会来。,同类或相近表达请结合原书相似语法页复习。,疑问/选择,batch_08,日语蓝宝书_N2__part_08-06.png,body_heading,30,auto_completed,,jp_grammar N2 日语蓝宝书_N2 batch_08 kept_needs_explanation auto_completed
4cc15bb399491a7b,N2,日语蓝宝书_N2,をもとにりようこくかん,をもとにりようこくかん,名詞 + をもとに,以...为基础,表示以后项为依据或素材进行创作、判断。,実話（をもとに）、映画が作られた。,电影是以真实故事为基础制作的。,同类或相近表达请结合原书相似语法页复习。,依据,batch_08,日语蓝宝书_N2__part_08-08.png,body_heading,30,auto_completed,,jp_grammar N2 日语蓝宝书_N2 batch_08 kept_needs_explanation auto_completed
cf7ae65a58ae2a43,N2,日语蓝宝书_N2,) 両国間の経済協力を進めることに合意した 。,両国間の経済協力を進めることに合意した。,動詞普通形 / 名詞の + 間,在...期间,表示某动作或状态持续的整个期间。,母が料理している（間）、私は宿題をした。,妈妈做饭期间，我写了作业。,同类或相近表达请结合原书相似语法页复习。,时间,batch_08,日语蓝宝书_N2__part_08-08.png,body_heading,30,auto_completed,,jp_grammar N2 日语蓝宝书_N2 batch_08 kept_needs_explanation auto_completed
ec230c9708b8655a,N2,日语蓝宝书_N2,反対するわけではない,反対するわけではない,接续：反対するわけではない。按原书条目和句中词形使用。,并不是...,用于部分否定，说明不是完全如此。,この文では（反対するわけではない）の使い方を確認します。,这句话用于确认“反対するわけではない”的用法。,同类或相近表达请结合原书相似语法页复习。,否定,batch_08,日语蓝宝书_N2__part_08-08.png,body_heading,30,needs_manual_review,,jp_grammar N2 日语蓝宝书_N2 batch_08 needs_manual_review auto_completed
0bf109014dab24e7,N2,日语蓝宝书_N2,賛成しないわけがない,賛成しないわけがない,名詞 + が / 普通形 + が,但是；主语标记,可表示主语，也可连接前后相反或铺垫内容。,値段は高い（が）、品質はいい。,价格高，但是质量好。,同类或相近表达请结合原书相似语法页复习。,助词/逆接,batch_08,日语蓝宝书_N2__part_08-08.png,body_heading,30,auto_completed,,jp_grammar N2 日语蓝宝书_N2 batch_08 kept_needs_explanation auto_completed
6163e180f81d67fa,N2,日语蓝宝书_N2,取るようがある 。,取るようがある。,名詞 + が / 普通形 + が,但是；主语标记,可表示主语，也可连接前后相反或铺垫内容。,値段は高い（が）、品質はいい。,价格高，但是质量好。,同类或相近表达请结合原书相似语法页复习。,助词/逆接,batch_08,日语蓝宝书_N2__part_08-09.png,body_heading,30,auto_completed,,jp_grammar N2 日语蓝宝书_N2 batch_08 kept_needs_explanation auto_completed
b76907c56bc66c9c,N2,日语蓝宝书_N2,尊敬浯 ① お / ご ～ になる,～ になる,名詞 / な形容詞 + になる,变成...,表示自然变化或结果。,春（になる）と、暖かくなる。,到了春天就变暖。,同类或相近表达请结合原书相似语法页复习。,变化,batch_08,日语蓝宝书_N2__part_08-12.png,body_heading,50,auto_completed,,jp_grammar N2 日语蓝宝书_N2 batch_08 kept_needs_explanation auto_completed
5954edf93e62a104,N2,日语蓝宝书_N2,自謙浯 ① お / ご ～ する,～ する,接续：～ する。按原书条目和句中词形使用。,表示「する」这一语法形式或助词用法,用于练习「～ する」在句中的形式和基本功能；具体语义需结合前后文判断。,この文では（する）の使い方を確認します。,这句话用于确认“～ する”的用法。,同类或相近表达请结合原书相似语法页复习。,形式/用法,batch_08,日语蓝宝书_N2__part_08-14.png,body_heading,50,auto_completed,,jp_grammar N2 日语蓝宝书_N2 batch_08 kept_needs_explanation auto_completed
63ebca93dbc24434,N2,日语蓝宝书_N2,"～ ていただく 」 之外 , 述有 「 ～ ていただきたい 」","～ ていただく」之外 , 述有「～ ていただきたい」",動詞ます形 + たい,想要...,表示第一人称愿望或询问第二人称愿望。,日本へ行き（たい）です。,我想去日本。,同类或相近表达请结合原书相似语法页复习。,愿望,batch_08,日语蓝宝书_N2__part_08-15.png,body_heading,50,auto_completed,,jp_grammar N2 日语蓝宝书_N2 batch_08 kept_needs_explanation auto_completed
95e231ae9f202ade,N2,日语蓝宝书_N2,自濂浯接共詞拙 ～ : 拙作 、 拙著 、 拙宅,～:拙作、拙著、拙宅,接续：～:拙作、拙著、拙宅。按原书条目和句中词形使用。,表示「:拙作、拙著、拙宅」这一语法形式或助词用法,用于练习「～:拙作、拙著、拙宅」在句中的形式和基本功能；具体语义需结合前后文判断。,この文では（:拙作、拙著、拙宅）の使い方を確認します。,这句话用于确认“～:拙作、拙著、拙宅”的用法。,同类或相近表达请结合原书相似语法页复习。,形式/用法,batch_08,日语蓝宝书_N2__part_08-16.png,body_heading,50,auto_completed,,jp_grammar N2 日语蓝宝书_N2 batch_08 kept_needs_explanation auto_completed
50e6f908a41b6ff6,N2,日语蓝宝书_N2,～ 様 : お嬢様 、 お客様 、 お父様,～ 様:お嬢様、お客様、お父様,接续：～ 様:お嬢様、お客様、お父様。按原书条目和句中词形使用。,表示「様:お嬢様、お客様、お父様」这一语法形式或助词用法,用于练习「～ 様:お嬢様、お客様、お父様」在句中的形式和基本功能；具体语义需结合前后文判断。,この文では（様:お嬢様、お客様、お父様）の使い方を確認します。,这句话用于确认“～ 様:お嬢様、お客様、お父様”的用法。,同类或相近表达请结合原书相似语法页复习。,形式/用法,batch_08,日语蓝宝书_N2__part_08-16.png,body_heading,50,auto_completed,,jp_grammar N2 日语蓝宝书_N2 batch_08 kept_needs_explanation auto_completed
7e80ae8203282d41,N2,日语蓝宝书_N2,～ 殿 : 社長殿 、 部長殿,～ 殿:社長殿、部長殿,接续：～ 殿:社長殿、部長殿。按原书条目和句中词形使用。,表示「殿:社長殿、部長殿」这一语法形式或助词用法,用于练习「～ 殿:社長殿、部長殿」在句中的形式和基本功能；具体语义需结合前后文判断。,この文では（殿:社長殿、部長殿）の使い方を確認します。,这句话用于确认“～ 殿:社長殿、部長殿”的用法。,同类或相近表达请结合原书相似语法页复习。,形式/用法,batch_08,日语蓝宝书_N2__part_08-16.png,body_heading,50,auto_completed,,jp_grammar N2 日语蓝宝书_N2 batch_08 kept_needs_explanation auto_completed
7f84c4675e54ad17,N2,日语蓝宝书_N2,～ おかげで / ～ せいで ～ うちに / ～ うちは一方 ( で ) / ～ 反面,～ おかげで,普通形 + か,多亏；幸亏,表示由于前项原因而得到好的结果，有时也可反讽。,彼が来る（か）分かりません。,不知道他是否会来。,同类或相近表达请结合原书相似语法页复习。,原因,batch_08,日语蓝宝书_N2__part_08-21.png,body_heading,50,auto_enriched,,jp_grammar N2 日语蓝宝书_N2 batch_08 auto_enriched auto_completed
a260ddd42343d4cf,N2,日语蓝宝书_N2,～ おかげで / ～ せいで ～ うちに / ～ うちは一方 ( で ) / ～ 反面,～ せいで,接续：～ せいで。按原书条目和句中词形使用。,都怪；因为,表示不好的结果由前项原因造成。,この文では（せいで）の使い方を確認します。,这句话用于确认“～ せいで”的用法。,同类或相近表达请结合原书相似语法页复习。,原因,batch_08,日语蓝宝书_N2__part_08-21.png,body_heading,50,auto_enriched,,jp_grammar N2 日语蓝宝书_N2 batch_08 auto_enriched auto_completed
a78797d20bed1d25,N2,日语蓝宝书_N2,～ おかげで / ～ せいで ～ うちに / ～ うちは一方 ( で ) / ～ 反面,～ うちは一方(で),接续：～ うちは一方(で)。按原书条目和句中词形使用。,在...期间,表示某状态持续的期间内发生或应该做某事。,この文では（うちは一方(で)）の使い方を確認します。,这句话用于确认“～ うちは一方(で)”的用法。,同类或相近表达请结合原书相似语法页复习。,时间,batch_08,日语蓝宝书_N2__part_08-21.png,body_heading,50,auto_enriched,,jp_grammar N2 日语蓝宝书_N2 batch_08 auto_enriched auto_completed
223830a017ef5c39,N2,日语蓝宝书_N2,～ おかげで / ～ せいで ～ うちに / ～ うちは一方 ( で ) / ～ 反面,～ 反面,接续：～ 反面。按原书条目和句中词形使用。,表示「反面」这一语法形式或助词用法,用于练习「～ 反面」在句中的形式和基本功能；具体语义需结合前后文判断。,この文では（反面）の使い方を確認します。,这句话用于确认“～ 反面”的用法。,同类或相近表达请结合原书相似语法页复习。,形式/用法,batch_08,日语蓝宝书_N2__part_08-21.png,body_heading,50,auto_completed,,jp_grammar N2 日语蓝宝书_N2 batch_08 kept_needs_explanation auto_completed
de59e792c2a4717c,N2,日语蓝宝书_N2,～ あげく / ～ 末,～ あげく,接续：～ あげく。按原书条目和句中词形使用。,结果，最后,表示经过一段过程或反复之后，最后出现某个结果。多用于不理想的结果。,この文では（あげく）の使い方を確認します。,这句话用于确认“～ あげく”的用法。,同类或相近表达请结合原书相似语法页复习。,结果,batch_08,日语蓝宝书_N2__part_08-21.png,body_heading,50,auto_enriched,,jp_grammar N2 日语蓝宝书_N2 batch_08 auto_enriched auto_completed
ede577064ec5a0e6,N2,日语蓝宝书_N2,～ あげく / ～ 末,～ 末,接续：～ 末。按原书条目和句中词形使用。,经过...之后,表示经过长时间或复杂过程后得出某结果。,この文では（末）の使い方を確認します。,这句话用于确认“～ 末”的用法。,同类或相近表达请结合原书相似语法页复习。,结果,batch_08,日语蓝宝书_N2__part_08-21.png,body_heading,50,auto_enriched,,jp_grammar N2 日语蓝宝书_N2 batch_08 auto_enriched auto_completed
ebee0ead22b77d50,N2,日语蓝宝书_N2,付録ーその1 ～ がちだ / ～ 気味だ / ～ っぽい ～ がたい / ～ かねる ～ か ～ ないかのうちに / ～ たとたん / ～ 次第,～ がちだ,名詞 + が / 普通形 + が,容易...；常常...,表示容易出现某种倾向，多用于不好的情况。,値段は高い（が）、品質はいい。,价格高，但是质量好。,同类或相近表达请结合原书相似语法页复习。,倾向,batch_08,日语蓝宝书_N2__part_08-21.png,body_heading,50,auto_enriched,,jp_grammar N2 日语蓝宝书_N2 batch_08 auto_enriched auto_completed
b7bd903a2a4add99,N2,日语蓝宝书_N2,付録ーその1 ～ がちだ / ～ 気味だ / ～ っぽい ～ がたい / ～ かねる ～ か ～ ないかのうちに / ～ たとたん / ～ 次第,～ 気味だ,接续：～ 気味だ。按原书条目和句中词形使用。,有点...,表示稍微带有某种不太好的倾向。,この文では（気味だ）の使い方を確認します。,这句话用于确认“～ 気味だ”的用法。,同类或相近表达请结合原书相似语法页复习。,倾向,batch_08,日语蓝宝书_N2__part_08-21.png,body_heading,50,auto_enriched,,jp_grammar N2 日语蓝宝书_N2 batch_08 auto_enriched auto_completed
61c81b7fe677992d,N2,日语蓝宝书_N2,付録ーその1 ～ がちだ / ～ 気味だ / ～ っぽい ～ がたい / ～ かねる ～ か ～ ないかのうちに / ～ たとたん / ～ 次第,～ かねる,普通形 + か,难以；不能,表示由于心理、立场或情况而难以做某事，语气委婉。,彼が来る（か）分かりません。,不知道他是否会来。,同类或相近表达请结合原书相似语法页复习。,困难/委婉,batch_08,日语蓝宝书_N2__part_08-21.png,body_heading,50,auto_enriched,,jp_grammar N2 日语蓝宝书_N2 batch_08 auto_enriched auto_completed
cd2ea5622d7e5398,N2,日语蓝宝书_N2,付録ーその1 ～ がちだ / ～ 気味だ / ～ っぽい ～ がたい / ～ かねる ～ か ～ ないかのうちに / ～ たとたん / ～ 次第,～ たとたん,接续：～ たとたん。按原书条目和句中词形使用。,刚一...就,表示前项刚发生，后项立刻发生，多为意外情况。,この文では（たとたん）の使い方を確認します。,这句话用于确认“～ たとたん”的用法。,同类或相近表达请结合原书相似语法页复习。,时间,batch_08,日语蓝宝书_N2__part_08-21.png,body_heading,50,auto_enriched,,jp_grammar N2 日语蓝宝书_N2 batch_08 auto_enriched auto_completed
3134e13179e14c85,N2,日语蓝宝书_N2,付録ーその1 ～ がちだ / ～ 気味だ / ～ っぽい ～ がたい / ～ かねる ～ か ～ ないかのうちに / ～ たとたん / ～ 次第,～ 次第,接续：～ 次第。按原书条目和句中词形使用。,一...就；取决于,可表示前项一完成就做后项，也可表示事情取决于某条件。,この文では（次第）の使い方を確認します。,这句话用于确认“～ 次第”的用法。,同类或相近表达请结合原书相似语法页复习。,时间/条件,batch_08,日语蓝宝书_N2__part_08-21.png,body_heading,50,auto_enriched,,jp_grammar N2 日语蓝宝书_N2 batch_08 auto_enriched auto_completed
b0ec427069029c05,N2,日语蓝宝书_N2,～ か何か / ～ とか ～ からいうと / ～ から見ると / ～ からして,～ からいうと,普通形 + か,从...来说,表示从某个立场、角度或依据来判断。,彼が来る（か）分かりません。,不知道他是否会来。,同类或相近表达请结合原书相似语法页复习。,立场/判断,batch_08,日语蓝宝书_N2__part_08-21.png,body_heading,50,auto_enriched,,jp_grammar N2 日语蓝宝书_N2 batch_08 auto_enriched auto_completed
aeabdad3ea97d055,N2,日语蓝宝书_N2,～ か何か / ～ とか ～ からいうと / ～ から見ると / ～ からして,～ から見ると,普通形 + か,从...来看,表示从某个角度观察或判断。,彼が来る（か）分かりません。,不知道他是否会来。,同类或相近表达请结合原书相似语法页复习。,判断,batch_08,日语蓝宝书_N2__part_08-21.png,body_heading,50,auto_enriched,,jp_grammar N2 日语蓝宝书_N2 batch_08 auto_enriched auto_completed
7f450385c1b0acd2,N2,日语蓝宝书_N2,～ からこそ / ～ からにほかならない,～ からにほかならない,普通形 + か,是否；或者；疑问,表示疑问、不确定或选择。,彼が来る（か）分かりません。,不知道他是否会来。,同类或相近表达请结合原书相似语法页复习。,疑问/选择,batch_08,日语蓝宝书_N2__part_08-21.png,body_heading,50,auto_completed,,jp_grammar N2 日语蓝宝书_N2 batch_08 kept_needs_explanation auto_completed
fe8ebbc63014f4a8,N2,日语蓝宝书_N2,「 ～ 反面 」 : 表示詞一事物相反的南个方面 。,「～ 反面」:表示詞一事物相反的南个方面。,接续：「～ 反面」:表示詞一事物相反的南个方面。。按原书条目和句中词形使用。,表示「「～ 反面」:表示詞一事物相反的南个方面」这一语法形式或助词用法,用于练习「「～ 反面」:表示詞一事物相反的南个方面。」在句中的形式和基本功能；具体语义需结合前后文判断。,この文では（「～ 反面」:表示詞一事物相反的南个方面）の使い方を確認します。,这句话用于确认“「～ 反面」:表示詞一事物相反的南个方面。”的用法。,同类或相近表达请结合原书相似语法页复习。,形式/用法,batch_08,日语蓝宝书_N2__part_08-21.png,body_heading,50,auto_completed,,jp_grammar N2 日语蓝宝书_N2 batch_08 kept_needs_explanation auto_completed
752f096e65e8f74a,N2,日语蓝宝书_N2,「 ～ うちに 」,「～ うちに」,接续：「～ うちに」。按原书条目和句中词形使用。,趁着...；在...期间,表示在某状态没有改变之前做某事，或在某期间内发生变化。,この文では（「～ うちに」）の使い方を確認します。,这句话用于确认“「～ うちに」”的用法。,同类或相近表达请结合原书相似语法页复习。,时间,batch_08,日语蓝宝书_N2__part_08-22.png,body_heading,50,auto_enriched,,jp_grammar N2 日语蓝宝书_N2 batch_08 auto_enriched auto_completed
ac86084daa886913,N2,日语蓝宝书_N2,"「 ～ おかげで 」 △ 気が完全に治らないうちは 、 ゆっくり休んでください 。 / 在病没有完全好的吋候 , 好好休息 。","「～ おかげで」△ 気が完全に治らないうちは、ゆっくり休んでください。/在病没有完全好的吋候 , 好好休息。",普通形 + か,在...期间,表示某状态持续的期间内发生或应该做某事。,彼が来る（か）分かりません。,不知道他是否会来。,同类或相近表达请结合原书相似语法页复习。,时间,batch_08,日语蓝宝书_N2__part_08-22.png,body_heading,20,needs_manual_review,,jp_grammar N2 日语蓝宝书_N2 batch_08 needs_manual_review auto_completed
fb17589cb52f8fe5,N2,日语蓝宝书_N2,「 ～ がちだ 」,「～ がちだ」,名詞 + が / 普通形 + が,容易...；常常...,表示容易出现某种倾向，多用于不好的情况。,値段は高い（が）、品質はいい。,价格高，但是质量好。,同类或相近表达请结合原书相似语法页复习。,倾向,batch_08,日语蓝宝书_N2__part_08-22.png,body_heading,50,auto_enriched,,jp_grammar N2 日语蓝宝书_N2 batch_08 auto_enriched auto_completed
59b47a4b71d6eef3,N2,日语蓝宝书_N2,「 ～ がたい 」,「～ がたい」,人を表す名詞 + がた,难以...,表示从心理或事实角度很难做到。,先生（がた）に相談します。,向各位老师商量。,同类或相近表达请结合原书相似语法页复习。,困难,batch_08,日语蓝宝书_N2__part_08-23.png,body_heading,50,auto_enriched,,jp_grammar N2 日语蓝宝书_N2 batch_08 auto_enriched auto_completed
6bfb86559aaeea9f,N2,日语蓝宝书_N2,「 ～ か ～ ないかのうちに 」,「～ か,普通形 + か,是否；或者；疑问,表示疑问、不确定或选择。,彼が来る（か）分かりません。,不知道他是否会来。,同类或相近表达请结合原书相似语法页复习。,疑问/选择,batch_08,日语蓝宝书_N2__part_08-23.png,body_heading,50,auto_completed,,jp_grammar N2 日语蓝宝书_N2 batch_08 kept_needs_explanation auto_completed
596e57e04284952e,N2,日语蓝宝书_N2,「 ～ か ～ ないかのうちに 」,～ ないかのうちに」,普通形 + か,刚...就...,表示前项刚发生或尚未完全结束时，后项紧接着发生。,彼が来る（か）分かりません。,不知道他是否会来。,同类或相近表达请结合原书相似语法页复习。,时间,batch_08,日语蓝宝书_N2__part_08-23.png,body_heading,50,auto_enriched,,jp_grammar N2 日语蓝宝书_N2 batch_08 auto_enriched auto_completed
cdd0d3ee653308e9,N2,日语蓝宝书_N2,"「 ～ か何か 」 △ 向こうに着き次第 、 連絡してください 。 / ー到那迯 , 就跟我朕系 。","「～ か何か」△ 向こうに着き次第、連絡してください。/ー到那迯 , 就跟我朕系。",普通形 + か,请...,用于请求对方做某事。,彼が来る（か）分かりません。,不知道他是否会来。,同类或相近表达请结合原书相似语法页复习。,请求,batch_08,日语蓝宝书_N2__part_08-24.png,body_heading,30,needs_manual_review,,jp_grammar N2 日语蓝宝书_N2 batch_08 needs_manual_review auto_completed
f110da0b8023ac94,N2,日语蓝宝书_N2,とじっか 「 ～ から見ると 」 : 可以接在表示人物的名詞后面 。,とじっか「～ から見ると」:可以接在表示人物的,普通形 + か,从...来看,表示从某个角度观察或判断。,彼が来る（か）分かりません。,不知道他是否会来。,同类或相近表达请结合原书相似语法页复习。,判断,batch_08,日语蓝宝书_N2__part_08-24.png,body_heading,50,auto_enriched,,jp_grammar N2 日语蓝宝书_N2 batch_08 auto_enriched auto_completed
f616255261317a4e,N2,日语蓝宝书_N2,「 ～ からいうと 」 △ 山口さんは有給を取って 、 実家に帰省したとか 。 / 山口悦是了年假回老家了 。,「～ からいうと」△ 山口さんは有給を取って、実家に帰省したとか。/山口悦是了年假回老家了。,名詞 / 普通形 + とか,从...来说,表示从某个立场、角度或依据来判断。,週末は映画（とか）買い物（とか）をします。,周末看电影啦购物啦。,同类或相近表达请结合原书相似语法页复习。,立场/判断,batch_08,日语蓝宝书_N2__part_08-24.png,body_heading,30,needs_manual_review,,jp_grammar N2 日语蓝宝书_N2 batch_08 needs_manual_review auto_completed
b7d81463028794bf,N2,日语蓝宝书_N2,～ だけに / ～ ばかりに ～ くらい / ～ ほど ～ きる / ～ ぬく,～ だけに,接续：～ だけに。按原书条目和句中词形使用。,正因为...更...,表示由于前项原因，后项程度更强或结果更自然。,この文では（だけに）の使い方を確認します。,这句话用于确认“～ だけに”的用法。,同类或相近表达请结合原书相似语法页复习。,原因/评价,batch_08,日语蓝宝书_N2__part_08-26.png,body_heading,50,auto_enriched,,jp_grammar N2 日语蓝宝书_N2 batch_08 auto_enriched auto_completed
7566780ddc9ce9ca,N2,日语蓝宝书_N2,～ だけに / ～ ばかりに ～ くらい / ～ ほど ～ きる / ～ ぬく,～ くらい,接续：～ くらい。按原书条目和句中词形使用。,大约；程度到...,表示大致数量、程度，或举出极端程度。,この文では（くらい）の使い方を確認します。,这句话用于确认“～ くらい”的用法。,同类或相近表达请结合原书相似语法页复习。,程度,batch_08,日语蓝宝书_N2__part_08-26.png,body_heading,50,auto_enriched,,jp_grammar N2 日语蓝宝书_N2 batch_08 auto_enriched auto_completed
7ac262173973ead5,N2,日语蓝宝书_N2,～ だけに / ～ ばかりに ～ くらい / ～ ほど ～ きる / ～ ぬく,～ ほど,接续：～ ほど。按原书条目和句中词形使用。,程度；越...越...,表示程度、比较基准或递进变化。,この文では（ほど）の使い方を確認します。,这句话用于确认“～ ほど”的用法。,同类或相近表达请结合原书相似语法页复习。,程度/比较,batch_08,日语蓝宝书_N2__part_08-26.png,body_heading,50,auto_enriched,,jp_grammar N2 日语蓝宝书_N2 batch_08 auto_enriched auto_completed
eda7368786f14597,N2,日语蓝宝书_N2,～ だけに / ～ ばかりに ～ くらい / ～ ほど ～ きる / ～ ぬく,～ きる,接续：～ きる。按原书条目和句中词形使用。,完全...；...到底,表示动作彻底完成，或达到极限。,この文では（きる）の使い方を確認します。,这句话用于确认“～ きる”的用法。,同类或相近表达请结合原书相似语法页复习。,完成/极限,batch_08,日语蓝宝书_N2__part_08-26.png,body_heading,50,auto_enriched,,jp_grammar N2 日语蓝宝书_N2 batch_08 auto_enriched auto_completed
b5156d575f47d422,N2,日语蓝宝书_N2,～ だけに / ～ ばかりに ～ くらい / ～ ほど ～ きる / ～ ぬく,～ ぬく,接续：～ ぬく。按原书条目和句中词形使用。,表示「ぬく」这一语法形式或助词用法,用于练习「～ ぬく」在句中的形式和基本功能；具体语义需结合前后文判断。,この文では（ぬく）の使い方を確認します。,这句话用于确认“～ ぬく”的用法。,同类或相近表达请结合原书相似语法页复习。,形式/用法,batch_08,日语蓝宝书_N2__part_08-26.png,body_heading,50,auto_completed,,jp_grammar N2 日语蓝宝书_N2 batch_08 kept_needs_explanation auto_completed
7122899bd0e33cf5,N2,日语蓝宝书_N2,～ きり / ～ て以来 ～ からといって / ～ といっても,～ きり,接续：～ きり。按原书条目和句中词形使用。,自从...以后就一直...,表示某动作后，状态持续不变，常带有之后没有再发生的意思。,この文では（きり）の使い方を確認します。,这句话用于确认“～ きり”的用法。,同类或相近表达请结合原书相似语法页复习。,时间/持续,batch_08,日语蓝宝书_N2__part_08-26.png,body_heading,50,auto_enriched,,jp_grammar N2 日语蓝宝书_N2 batch_08 auto_enriched auto_completed
027213f1db610be4,N2,日语蓝宝书_N2,ことか / ～ ものかことから / ～ ことだから / ～ ものだから,ことか,名詞 / 普通形 + とか,...啦...啦；听说...,口语中用于列举，或表示传闻。,週末は映画（とか）買い物（とか）をします。,周末看电影啦购物啦。,同类或相近表达请结合原书相似语法页复习。,列举/传闻,batch_08,日语蓝宝书_N2__part_08-26.png,body_heading,30,auto_completed,,jp_grammar N2 日语蓝宝书_N2 batch_08 kept_needs_explanation auto_completed
33225705b61327b6,N2,日语蓝宝书_N2,ことか / ～ ものかことから / ～ ことだから / ～ ものだから,～ ものかことから,名詞 / 普通形 + とか,...啦...啦；听说...,口语中用于列举，或表示传闻。,週末は映画（とか）買い物（とか）をします。,周末看电影啦购物啦。,同类或相近表达请结合原书相似语法页复习。,列举/传闻,batch_08,日语蓝宝书_N2__part_08-26.png,body_heading,65,auto_completed,,jp_grammar N2 日语蓝宝书_N2 batch_08 kept_needs_explanation auto_completed
f5a0f92df24efa52,N2,日语蓝宝书_N2,ことか / ～ ものかことから / ～ ことだから / ～ ものだから,～ ことだから,普通形 + か,应该...；最好...,用于提出忠告或说明重要做法。,彼が来る（か）分かりません。,不知道他是否会来。,同类或相近表达请结合原书相似语法页复习。,建议,batch_08,日语蓝宝书_N2__part_08-26.png,body_heading,65,auto_enriched,,jp_grammar N2 日语蓝宝书_N2 batch_08 auto_enriched auto_completed
56fb06557eb3296d,N2,日语蓝宝书_N2,ことか / ～ ものかことから / ～ ことだから / ～ ものだから,～ ものだから,普通形 + のだ / んだ,说明原因/强调判断,用于说明背景、理由或强调说话人的判断。,今日は学校へ行かない（んだ）。,今天不去学校。,同类或相近表达请结合原书相似语法页复习。,说明,batch_08,日语蓝宝书_N2__part_08-26.png,body_heading,65,auto_completed,,jp_grammar N2 日语蓝宝书_N2 batch_08 kept_needs_explanation auto_completed
86575d97a8e8f3d7,N2,日语蓝宝书_N2,～ 次第だ / ～ わけだ ～ たびに / ～ につけ,～ 次第だ,接续：～ 次第だ。按原书条目和句中词形使用。,一...就；取决于,可表示前项一完成就做后项，也可表示事情取决于某条件。,この文では（次第だ）の使い方を確認します。,这句话用于确认“～ 次第だ”的用法。,同类或相近表达请结合原书相似语法页复习。,时间/条件,batch_08,日语蓝宝书_N2__part_08-26.png,body_heading,50,auto_enriched,,jp_grammar N2 日语蓝宝书_N2 batch_08 auto_enriched auto_completed
67b586ab00dbed1e,N2,日语蓝宝书_N2,～ 次第だ / ～ わけだ ～ たびに / ～ につけ,～ わけだ,接续：～ わけだ。按原书条目和句中词形使用。,怪不得；也就是说,根据前项事实自然得出结论，或说明事情道理。,この文では（わけだ）の使い方を確認します。,这句话用于确认“～ わけだ”的用法。,同类或相近表达请结合原书相似语法页复习。,说明/结论,batch_08,日语蓝宝书_N2__part_08-26.png,body_heading,65,auto_enriched,,jp_grammar N2 日语蓝宝书_N2 batch_08 auto_enriched auto_completed
a2929236315f0758,N2,日语蓝宝书_N2,～ 次第だ / ～ わけだ ～ たびに / ～ につけ,～ につけ,動詞辞書形 + につけ,每当...就；无论...还是,表示每次遇到某事都会产生后项感情，或列举对立情况。,この写真を見る（につけ）、故郷を思い出す。,每当看到这张照片，就想起故乡。,同类或相近表达请结合原书相似语法页复习。,时间/列举,batch_08,日语蓝宝书_N2__part_08-26.png,body_heading,50,auto_completed,,jp_grammar N2 日语蓝宝书_N2 batch_08 kept_needs_explanation auto_completed
000ae70b594a56b3,N2,日语蓝宝书_N2,「 ～ て以来 」 : 前面接働て形 」 。,「～ て以来」:前面接働,て形」,自从...以来,表示从过去某时点到现在一直持续。,この文では（「～ て以来」:前面接働）の使い方を確認します。,这句话用于确认“「～ て以来」:前面接働”的用法。,同类或相近表达请结合原书相似语法页复习。,时间/持续,batch_08,日语蓝宝书_N2__part_08-26.png,body_heading,50,auto_enriched,,jp_grammar N2 日语蓝宝书_N2 batch_08 auto_enriched auto_completed
06264f0cda12a128,N3,日语蓝宝书_N3,ようです,ようです,接续：ようです。按原书条目和句中词形使用。,表示「ようです」这一语法形式或助词用法,用于练习「ようです」在句中的形式和基本功能；具体语义需结合前后文判断。,この文では（ようです）の使い方を確認します。,这句话用于确认“ようです”的用法。,同类或相近表达请结合原书相似语法页复习。,形式/用法,batch_08,日语蓝宝书_N3__part_08-01.png,body_heading,30,auto_completed,,jp_grammar N3 日语蓝宝书_N3 batch_08 kept_needs_explanation auto_completed
d7befbff9c43e1d7,N3,日语蓝宝书_N3,子どもの面倒を見るぶり,子どもの面倒を見るぶり,期間 + ぶり,时隔...；...的样子,表示隔了一段时间再次做某事，或表现出的样子。,三年（ぶり）に友人に会った。,时隔三年见到了朋友。,同类或相近表达请结合原书相似语法页复习。,时间/样态,batch_08,日语蓝宝书_N3__part_08-01.png,body_heading,30,auto_completed,,jp_grammar N3 日语蓝宝书_N3 batch_08 kept_needs_explanation auto_completed
754370da5c606476,N3,日语蓝宝书_N3,子どもの面倒を見たり,子どもの面倒を見たり,普通形 + の,名词化；所属；说明,可表示所属、名词化，或替代前面提到的名词。,走る（の）が好きです。,我喜欢跑步。,同类或相近表达请结合原书相似语法页复习。,名词化/助词,batch_08,日语蓝宝书_N3__part_08-01.png,body_heading,30,auto_completed,,jp_grammar N3 日语蓝宝书_N3 batch_08 kept_needs_explanation auto_completed
a74692b1d64dce4b,N3,日语蓝宝书_N3,子どもの面倒を見るやら,子どもの面倒を見るやら,普通形 + の,名词化；所属；说明,可表示所属、名词化，或替代前面提到的名词。,走る（の）が好きです。,我喜欢跑步。,同类或相近表达请结合原书相似语法页复习。,名词化/助词,batch_08,日语蓝宝书_N3__part_08-01.png,body_heading,30,auto_completed,,jp_grammar N3 日语蓝宝书_N3 batch_08 kept_needs_explanation auto_completed
fa22a7fd4d77abaa,N3,日语蓝宝书_N3,子どもの面倒を見ようがなく,子どもの面倒を見ようがなく,名詞 + が / 普通形 + が,但是；主语标记,可表示主语，也可连接前后相反或铺垫内容。,値段は高い（が）、品質はいい。,价格高，但是质量好。,同类或相近表达请结合原书相似语法页复习。,助词/逆接,batch_08,日语蓝宝书_N3__part_08-01.png,body_heading,30,auto_completed,,jp_grammar N3 日语蓝宝书_N3 batch_08 kept_needs_explanation auto_completed
a2238aa33cf12f72,N3,日语蓝宝书_N3,それでは刀ろえこと,それでは刀ろえこと,接续：それでは刀ろえこと。按原书条目和句中词形使用。,表示「それでは刀ろえこと」这一语法形式或助词用法,用于练习「それでは刀ろえこと」在句中的形式和基本功能；具体语义需结合前后文判断。,この文では（それでは刀ろえこと）の使い方を確認します。,这句话用于确认“それでは刀ろえこと”的用法。,同类或相近表达请结合原书相似语法页复习。,形式/用法,batch_08,日语蓝宝书_N3__part_08-01.png,body_heading,30,auto_completed,,jp_grammar N3 日语蓝宝书_N3 batch_08 kept_needs_explanation auto_completed
22a325d9c50260ed,N3,日语蓝宝书_N3,信頼感を持つばかりです,信頼感を持つばかりです,普通形 + か,刚刚；光是,可表示动作刚完成，也可表示限定或偏向。,彼が来る（か）分かりません。,不知道他是否会来。,同类或相近表达请结合原书相似语法页复习。,时间/限定,batch_08,日语蓝宝书_N3__part_08-01.png,body_heading,30,needs_manual_review,,jp_grammar N3 日语蓝宝书_N3 batch_08 needs_manual_review auto_completed
ad21fb5efd2c6bbb,N3,日语蓝宝书_N3,信頼感を持つわけはないのです,信頼感を持つわけはないのです,普通形 + の,因为...,表示原因理由，语气比から更客观、柔和。,走る（の）が好きです。,我喜欢跑步。,同类或相近表达请结合原书相似语法页复习。,原因,batch_08,日语蓝宝书_N3__part_08-01.png,body_heading,30,needs_manual_review,,jp_grammar N3 日语蓝宝书_N3 batch_08 needs_manual_review auto_completed
a4486fd3a6c9da11,N3,日语蓝宝书_N3,信頼感らしいものを持つわけです,信頼感らしいものを持つわけです,普通形 + の,好像；有...风格,可表示推量，也可表示具有典型特征。,走る（の）が好きです。,我喜欢跑步。,同类或相近表达请结合原书相似语法页复习。,推量/性质,batch_08,日语蓝宝书_N3__part_08-01.png,body_heading,30,needs_manual_review,,jp_grammar N3 日语蓝宝书_N3 batch_08 needs_manual_review auto_completed
c6d1e7088b19ab17,N3,日语蓝宝书_N3,信頼感を持つようになります,信頼感を持つようになります,接续：信頼感を持つようになります。按原书条目和句中词形使用。,为了能...；像...一样,可表示目的、愿望、变化目标或比喻。,この文では（信頼感を持つようになります）の使い方を確認します。,这句话用于确认“信頼感を持つようになります”的用法。,同类或相近表达请结合原书相似语法页复习。,目的/样态,batch_08,日语蓝宝书_N3__part_08-01.png,body_heading,30,needs_manual_review,,jp_grammar N3 日语蓝宝书_N3 batch_08 needs_manual_review auto_completed
a391275304f343a6,N3,日语蓝宝书_N3,～ ( ら ) れる ( 可能恣 ),～(ら)れる(可能恣),接续：～(ら)れる(可能恣)。按原书条目和句中词形使用。,表示「(ら)れる(可能恣)」这一语法形式或助词用法,用于练习「～(ら)れる(可能恣)」在句中的形式和基本功能；具体语义需结合前后文判断。,この文では（(ら)れる(可能恣)）の使い方を確認します。,这句话用于确认“～(ら)れる(可能恣)”的用法。,同类或相近表达请结合原书相似语法页复习。,形式/用法,batch_08,日语蓝宝书_N3__part_08-02.png,body_heading,50,auto_completed,,jp_grammar N3 日语蓝宝书_N3 batch_08 kept_needs_explanation auto_completed
56b6636c6053f63f,N3,日语蓝宝书_N3,～ ( ら ) れる ( 自友悉 ),～(ら)れる(自友悉),接续：～(ら)れる(自友悉)。按原书条目和句中词形使用。,表示「(ら)れる(自友悉)」这一语法形式或助词用法,用于练习「～(ら)れる(自友悉)」在句中的形式和基本功能；具体语义需结合前后文判断。,この文では（(ら)れる(自友悉)）の使い方を確認します。,这句话用于确认“～(ら)れる(自友悉)”的用法。,同类或相近表达请结合原书相似语法页复习。,形式/用法,batch_08,日语蓝宝书_N3__part_08-02.png,body_heading,50,auto_completed,,jp_grammar N3 日语蓝宝书_N3 batch_08 kept_needs_explanation auto_completed
7fb812aa56621949,N3,日语蓝宝书_N3,～ わけだ動 ・ 詞普通形 / い形容詞普通形+わけだ,～ わけだ動・詞,い形容詞普通形+わけだ,怪不得；也就是说,根据前项事实自然得出结论，或说明事情道理。,この文では（わけだ動・詞）の使い方を確認します。,这句话用于确认“～ わけだ動・詞”的用法。,同类或相近表达请结合原书相似语法页复习。,说明/结论,batch_08,日语蓝宝书_N3__part_08-03.png,body_heading,65,auto_enriched,,jp_grammar N3 日语蓝宝书_N3 batch_08 auto_enriched auto_completed
f7d619192419a484,N3,日语蓝宝书_N3,～ わけにはいかない,～ わけにはいかない,動詞辞書形 + わけにはいかない,不能...；不可以...,表示从常识、责任或心理上不能做某事。,大事な会議なので、休む（わけにはいかない）。,因为是重要会议，不能休息。,同类或相近表达请结合原书相似语法页复习。,禁止/责任,batch_08,日语蓝宝书_N3__part_08-04.png,body_heading,65,auto_completed,,jp_grammar N3 日语蓝宝书_N3 batch_08 kept_needs_explanation auto_completed
9d82ca9bfb6d8ea3,N3,日语蓝宝书_N3,～ わりに ( は ) 動詞普通形 / い形容詞普通形+わりに ( は ),～ わりに(は),動詞普通形/い形容詞普通形+わりに(は),虽然...却；比起...算是,表示按前项标准来看，后项程度出乎意料。,値段の（わりに）、品質がいい。,按价格来说，质量不错。,同类或相近表达请结合原书相似语法页复习。,评价/逆接,batch_08,日语蓝宝书_N3__part_08-04.png,body_heading,50,auto_completed,,jp_grammar N3 日语蓝宝书_N3 batch_08 kept_needs_explanation auto_completed
11b819e80e901266,N3,日语蓝宝书_N3,～ をきっかけに / がきっかけで / をきっかけとして名 - 詞+をきっかけに / がきっかけで / をきっかけとして,～ をきっかけに/がきっかけで/をきっかけとして名 - 詞+をきっかけに/がきっかけで/をきっかけとして,名詞 + として,以...为契机,表示某事成为后项行为、变化或认识的起点。,彼は代表（として）、会議に出た。,他作为代表出席了会议。,同类或相近表达请结合原书相似语法页复习。,契机,batch_08,日语蓝宝书_N3__part_08-05.png,body_heading,60,auto_enriched,,jp_grammar N3 日语蓝宝书_N3 batch_08 auto_enriched auto_completed
2937d8ddc6ff3ff4,N3,日语蓝宝书_N3,～ を申心に ( して ) / を中心として / を中心とする,～ を申心に(して)/を中心として/を中心とする,名詞 + として,作为...,表示身份、资格、立场或用途。,彼は代表（として）、会議に出た。,他作为代表出席了会议。,同类或相近表达请结合原书相似语法页复习。,身份/资格,batch_08,日语蓝宝书_N3__part_08-05.png,body_heading,60,auto_completed,,jp_grammar N3 日语蓝宝书_N3 batch_08 kept_needs_explanation auto_completed
07dc93ae74857637,N3,日语蓝宝书_N3,～ を ～ として / とする / とした名 - 詞+を+名 - 詞+として / とする / とした,～ を,接续：～ を。按原书条目和句中词形使用。,表示「を」这一语法形式或助词用法,用于练习「～ を」在句中的形式和基本功能；具体语义需结合前后文判断。,この文では（を）の使い方を確認します。,这句话用于确认“～ を”的用法。,同类或相近表达请结合原书相似语法页复习。,形式/用法,batch_08,日语蓝宝书_N3__part_08-06.png,body_heading,50,auto_completed,,jp_grammar N3 日语蓝宝书_N3 batch_08 kept_needs_explanation auto_completed
a15fe31f37b28451,N3,日语蓝宝书_N3,～ を ～ として / とする / とした名 - 詞+を+名 - 詞+として / とする / とした,～ として/とする/とした名 - 詞+を+名 - 詞+として/とする/とした,名詞 + として,作为...,表示身份、资格、立场或用途。,彼は代表（として）、会議に出た。,他作为代表出席了会议。,同类或相近表达请结合原书相似语法页复习。,身份/资格,batch_08,日语蓝宝书_N3__part_08-06.png,body_heading,60,auto_completed,,jp_grammar N3 日语蓝宝书_N3 batch_08 kept_needs_explanation auto_completed
eb9c4a4571b57d7c,N3,日语蓝宝书_N3,～ んじゃない 「 ～ をはじめ ( として ) 」 用在句中作中頓 「 ～ をはじめとする 」 后接名i詞作定語使用,～ んじゃない「～ をはじめ(として)」用在句中作中頓「～ をはじめとする」后接名i詞作定語使用,名詞 + として,作为...,表示身份、资格、立场或用途。,彼は代表（として）、会議に出た。,他作为代表出席了会议。,同类或相近表达请结合原书相似语法页复习。,身份/资格,batch_08,日语蓝宝书_N3__part_08-06.png,body_heading,50,auto_completed,,jp_grammar N3 日语蓝宝书_N3 batch_08 kept_needs_explanation auto_completed
3ed617796edd4f8a,N3,日语蓝宝书_N3,～ んだって動詞普通形 / い形容 - 詞普通形+んだって,～ んだって,動詞普通形/い形容 - 詞普通形+んだって,就连...也；因为...,口语，用于举例强调或说明理由。,子ども（だって）、分かります。,就连孩子也懂。,同类或相近表达请结合原书相似语法页复习。,口语/强调,batch_08,日语蓝宝书_N3__part_08-07.png,body_heading,50,auto_completed,,jp_grammar N3 日语蓝宝书_N3 batch_08 kept_needs_explanation auto_completed
3aec5ae22f511d89,N3,日语蓝宝书_N3,はずだ,はずだ,接续：はずだ。按原书条目和句中词形使用。,按理应该,根据已知事实推断某事理应如此。,この文では（はずだ）の使い方を確認します。,这句话用于确认“はずだ”的用法。,同类或相近表达请结合原书相似语法页复习。,推量,batch_08,日语蓝宝书_N3__part_08-08.png,body_heading,30,needs_manual_review,,jp_grammar N3 日语蓝宝书_N3 batch_08 needs_manual_review auto_completed
b000231b3fc5207b,N3,日语蓝宝书_N3,はじめりようがえ,はじめりようがえ,名詞 + が / 普通形 + が,但是；主语标记,可表示主语，也可连接前后相反或铺垫内容。,値段は高い（が）、品質はいい。,价格高，但是质量好。,同类或相近表达请结合原书相似语法页复习。,助词/逆接,batch_08,日语蓝宝书_N3__part_08-08.png,body_heading,30,auto_completed,,jp_grammar N3 日语蓝宝书_N3 batch_08 kept_needs_explanation auto_completed
b4ca7ff284548954,N3,日语蓝宝书_N3,はじめる ) 両替することができる 。,はじめる)両替することができる。,動詞辞書形 + ことができる,能够...,表示能力或客观可能。,日本語でメールを書く（ことができる）。,能够用日语写邮件。,同类或相近表达请结合原书相似语法页复习。,可能,batch_08,日语蓝宝书_N3__part_08-08.png,body_heading,30,auto_completed,,jp_grammar N3 日语蓝宝书_N3 batch_08 kept_needs_explanation auto_completed
f4d9d034364b821a,N3,日语蓝宝书_N3,ようにちゅうしん,ようにちゅうしん,接续：ようにちゅうしん。按原书条目和句中词形使用。,为了能...；像...一样,可表示目的、愿望、变化目标或比喻。,この文では（ようにちゅうしん）の使い方を確認します。,这句话用于确认“ようにちゅうしん”的用法。,同类或相近表达请结合原书相似语法页复习。,目的/样态,batch_08,日语蓝宝书_N3__part_08-10.png,body_heading,30,needs_manual_review,,jp_grammar N3 日语蓝宝书_N3 batch_08 needs_manual_review auto_completed
383a27138a0f55f8,N3,日语蓝宝书_N3,き ) 、 自分の国のいいところと悪いところに気づいた,き)、自分の国のいいところと悪いところに気づいた,普通形 + の,正在...的时候,表示某动作或状态发生的时间点，后项多为突然发生的事情。,走る（の）が好きです。,我喜欢跑步。,同类或相近表达请结合原书相似语法页复习。,时间,batch_08,日语蓝宝书_N3__part_08-10.png,body_heading,30,needs_manual_review,,jp_grammar N3 日语蓝宝书_N3 batch_08 needs_manual_review auto_completed
f2d28b374597c824,N3,日语蓝宝书_N3,ためで,ためで,接续：ためで。按原书条目和句中词形使用。,表示「ためで」这一语法形式或助词用法,用于练习「ためで」在句中的形式和基本功能；具体语义需结合前后文判断。,この文では（ためで）の使い方を確認します。,这句话用于确认“ためで”的用法。,同类或相近表达请结合原书相似语法页复习。,形式/用法,batch_08,日语蓝宝书_N3__part_08-10.png,body_heading,30,auto_completed,,jp_grammar N3 日语蓝宝书_N3 batch_08 kept_needs_explanation auto_completed
5275cc38575c1219,N3,日语蓝宝书_N3,順調なわけがない,順調なわけがない,名詞 + が / 普通形 + が,但是；主语标记,可表示主语，也可连接前后相反或铺垫内容。,値段は高い（が）、品質はいい。,价格高，但是质量好。,同类或相近表达请结合原书相似语法页复习。,助词/逆接,batch_08,日语蓝宝书_N3__part_08-10.png,body_heading,30,auto_completed,,jp_grammar N3 日语蓝宝书_N3 batch_08 kept_needs_explanation auto_completed
7befb4328f7164b4,N3,日语蓝宝书_N3,順調ではないわけがない,順調ではないわけがない,名詞 + が / 普通形 + が,但是；主语标记,可表示主语，也可连接前后相反或铺垫内容。,値段は高い（が）、品質はいい。,价格高，但是质量好。,同类或相近表达请结合原书相似语法页复习。,助词/逆接,batch_08,日语蓝宝书_N3__part_08-10.png,body_heading,30,auto_completed,,jp_grammar N3 日语蓝宝书_N3 batch_08 kept_needs_explanation auto_completed
11684c71cffc75f8,N3,日语蓝宝书_N3,見たものではない,見たものではない,普通形 + の,因为...,表示原因理由，语气比から更客观、柔和。,走る（の）が好きです。,我喜欢跑步。,同类或相近表达请结合原书相似语法页复习。,原因,batch_08,日语蓝宝书_N3__part_08-10.png,body_heading,30,needs_manual_review,,jp_grammar N3 日语蓝宝书_N3 batch_08 needs_manual_review auto_completed
3359943b76185c7c,N3,日语蓝宝书_N3,見させるものではない,見させるものではない,普通形 + の,因为...,表示原因理由，语气比から更客观、柔和。,走る（の）が好きです。,我喜欢跑步。,同类或相近表达请结合原书相似语法页复习。,原因,batch_08,日语蓝宝书_N3__part_08-10.png,body_heading,30,needs_manual_review,,jp_grammar N3 日语蓝宝书_N3 batch_08 needs_manual_review auto_completed
f46d6fc499e99216,N3,日语蓝宝书_N3,見ないわけではない,見ないわけではない,接续：見ないわけではない。按原书条目和句中词形使用。,并不是...,用于部分否定，说明不是完全如此。,この文では（見ないわけではない）の使い方を確認します。,这句话用于确认“見ないわけではない”的用法。,同类或相近表达请结合原书相似语法页复习。,否定,batch_08,日语蓝宝书_N3__part_08-10.png,body_heading,30,needs_manual_review,,jp_grammar N3 日语蓝宝书_N3 batch_08 needs_manual_review auto_completed
83985998ba9a8000,N3,日语蓝宝书_N3,見させるわけではない,見させるわけではない,接续：見させるわけではない。按原书条目和句中词形使用。,并不是...,用于部分否定，说明不是完全如此。,この文では（見させるわけではない）の使い方を確認します。,这句话用于确认“見させるわけではない”的用法。,同类或相近表达请结合原书相似语法页复习。,否定,batch_08,日语蓝宝书_N3__part_08-10.png,body_heading,30,needs_manual_review,,jp_grammar N3 日语蓝宝书_N3 batch_08 needs_manual_review auto_completed
a01c68b24d69253d,N3,日语蓝宝书_N3,詳しくようになった,詳しくようになった,接续：詳しくようになった。按原书条目和句中词形使用。,为了能...；像...一样,可表示目的、愿望、变化目标或比喻。,この文では（詳しくようになった）の使い方を確認します。,这句话用于确认“詳しくようになった”的用法。,同类或相近表达请结合原书相似语法页复习。,目的/样态,batch_08,日语蓝宝书_N3__part_08-10.png,body_heading,30,needs_manual_review,,jp_grammar N3 日语蓝宝书_N3 batch_08 needs_manual_review auto_completed
4ed3b689f4657ea0,N3,日语蓝宝书_N3,断るわけでもない,断るわけでもない,名詞 + も,也；连...都,表示同类追加或强调极端例子。,私（も）行きます。,我也去。,同类或相近表达请结合原书相似语法页复习。,助词/强调,batch_08,日语蓝宝书_N3__part_08-10.png,body_heading,30,auto_completed,,jp_grammar N3 日语蓝宝书_N3 batch_08 kept_needs_explanation auto_completed
2d8371b38ff2632f,N3,日语蓝宝书_N3,詳しいらしい詳しいようがない,詳しいらしい詳しいようがない,名詞 + が / 普通形 + が,好像；有...风格,可表示推量，也可表示具有典型特征。,値段は高い（が）、品質はいい。,价格高，但是质量好。,同类或相近表达请结合原书相似语法页复习。,推量/性质,batch_08,日语蓝宝书_N3__part_08-10.png,body_heading,30,needs_manual_review,,jp_grammar N3 日语蓝宝书_N3 batch_08 needs_manual_review auto_completed
7eacd75a05dcc223,N3,日语蓝宝书_N3,問題2断るわけにはいかない,断るわけにはいかない,動詞辞書形 + わけにはいかない,不能...；不可以...,表示从常识、责任或心理上不能做某事。,大事な会議なので、休む（わけにはいかない）。,因为是重要会议，不能休息。,同类或相近表达请结合原书相似语法页复习。,禁止/责任,batch_08,日语蓝宝书_N3__part_08-11.png,body_heading,30,auto_completed,,jp_grammar N3 日语蓝宝书_N3 batch_08 kept_needs_explanation auto_completed
2fd884e350c407ea,N3,日语蓝宝书_N3,わけでもない 」 旅行,わけでもない」旅行,名詞 + も,也；连...都,表示同类追加或强调极端例子。,私（も）行きます。,我也去。,同类或相近表达请结合原书相似语法页复习。,助词/强调,batch_08,日语蓝宝书_N3__part_08-11.png,body_heading,30,auto_completed,,jp_grammar N3 日语蓝宝书_N3 batch_08 kept_needs_explanation auto_completed
5354c2abdbeda5be,N3,日语蓝宝书_N3,ことにはいかない,ことにはいかない,感情形容詞 + ことに,令人...的是,表示说话人对后项事实的评价或感情。,うれしい（ことに）、全員が合格した。,令人高兴的是，全员都合格了。,同类或相近表达请结合原书相似语法页复习。,评价,batch_08,日语蓝宝书_N3__part_08-12.png,body_heading,30,auto_completed,,jp_grammar N3 日语蓝宝书_N3 batch_08 kept_needs_explanation auto_completed
bd95eadff3a75e8a,N3,日语蓝宝书_N3,ことができないことはしない,ことができないことはしない,名詞 + が / 普通形 + が,但是；主语标记,可表示主语，也可连接前后相反或铺垫内容。,値段は高い（が）、品質はいい。,价格高，但是质量好。,同类或相近表达请结合原书相似语法页复习。,助词/逆接,batch_08,日语蓝宝书_N3__part_08-12.png,body_heading,30,auto_completed,,jp_grammar N3 日语蓝宝书_N3 batch_08 kept_needs_explanation auto_completed
d0524fd6bb1c3ec7,N3,日语蓝宝书_N3,そのわけではないだろうな,そのわけではないだろうな,普通形 + だろう,并不是...,用于部分否定，说明不是完全如此。,明日は雨が降る（だろう）。,明天大概会下雨吧。,同类或相近表达请结合原书相似语法页复习。,否定,batch_08,日语蓝宝书_N3__part_08-12.png,body_heading,30,needs_manual_review,,jp_grammar N3 日语蓝宝书_N3 batch_08 needs_manual_review auto_completed
a9df03b52f295826,N3,日语蓝宝书_N3,そんなはずがないんじゃない,そんなはずがないんじゃない,名詞 + が / 普通形 + が,按理应该,根据已知事实推断某事理应如此。,値段は高い（が）、品質はいい。,价格高，但是质量好。,同类或相近表达请结合原书相似语法页复习。,推量,batch_08,日语蓝宝书_N3__part_08-12.png,body_heading,30,needs_manual_review,,jp_grammar N3 日语蓝宝书_N3 batch_08 needs_manual_review auto_completed
47fa21d39c7bf23f,N3,日语蓝宝书_N3,そのようがないんじゃない,そのようがないんじゃない,名詞 + が / 普通形 + が,但是；主语标记,可表示主语，也可连接前后相反或铺垫内容。,値段は高い（が）、品質はいい。,价格高，但是质量好。,同类或相近表达请结合原书相似语法页复习。,助词/逆接,batch_08,日语蓝宝书_N3__part_08-12.png,body_heading,30,auto_completed,,jp_grammar N3 日语蓝宝书_N3 batch_08 kept_needs_explanation auto_completed
e60d077c37a5376d,N3,日语蓝宝书_N3,季節を意識しながら外に出るやら,季節を意識しながら外に出るやら,動詞ます形 + ながら,一边...一边...,表示两个动作同时进行。,音楽を聞き（ながら）、勉強します。,一边听音乐一边学习。,同类或相近表达请结合原书相似语法页复习。,同时,batch_08,日语蓝宝书_N3__part_08-12.png,body_heading,30,auto_completed,,jp_grammar N3 日语蓝宝书_N3 batch_08 kept_needs_explanation auto_completed
9bf1e77fc52e89a0,N3,日语蓝宝书_N3,季節を意識しながら外を歩けば,季節を意識しながら外を歩けば,動詞ます形 + ながら,一边...一边...,表示两个动作同时进行。,音楽を聞き（ながら）、勉強します。,一边听音乐一边学习。,同类或相近表达请结合原书相似语法页复习。,同时,batch_08,日语蓝宝书_N3__part_08-12.png,body_heading,30,auto_completed,,jp_grammar N3 日语蓝宝书_N3 batch_08 kept_needs_explanation auto_completed
79d99f5921233a96,N3,日语蓝宝书_N3,そのわけで,そのわけで,普通形 + の,名词化；所属；说明,可表示所属、名词化，或替代前面提到的名词。,走る（の）が好きです。,我喜欢跑步。,同类或相近表达请结合原书相似语法页复习。,名词化/助词,batch_08,日语蓝宝书_N3__part_08-12.png,body_heading,30,auto_completed,,jp_grammar N3 日语蓝宝书_N3 batch_08 kept_needs_explanation auto_completed
836d3239eb912e69,N3,日语蓝宝书_N3,～ ていく / てくる ～ ていらっしやる,～ ていく/てくる,動詞て形 + いく,...下去；去...,表示动作离开说话人方向，或状态从现在持续到将来。,これからも勉強を続け（ていく）。,今后也会继续学习下去。,同类或相近表达请结合原书相似语法页复习。,方向/变化,batch_08,日语蓝宝书_N3__part_08-13.png,body_heading,60,auto_completed,,jp_grammar N3 日语蓝宝书_N3 batch_08 kept_needs_explanation auto_completed
f5d7424a1a0b124e,N3,日语蓝宝书_N3,～ ていく / てくる ～ ていらっしやる,～ ていらっしやる,名詞 + や + 名詞,...和...等,用于不完全列举。,机の上に本（や）ノートがあります。,桌上有书和笔记本等。,同类或相近表达请结合原书相似语法页复习。,列举,batch_08,日语蓝宝书_N3__part_08-13.png,body_heading,50,auto_completed,,jp_grammar N3 日语蓝宝书_N3 batch_08 kept_needs_explanation auto_completed
1df20be6b6c2cad4,N3,日语蓝宝书_N3,～ ていらっしやる ～ ている,～ ている,動詞て形 + いる,正在...；处于...状态,表示动作进行、结果状态或习惯。,今、本を読ん（でいる）。,现在正在读书。,同类或相近表达请结合原书相似语法页复习。,状态/进行,batch_08,日语蓝宝书_N3__part_08-13.png,body_heading,50,auto_completed,,jp_grammar N3 日语蓝宝书_N3 batch_08 kept_needs_explanation auto_completed
9a9e891d41763424,N3,日语蓝宝书_N3,～ れる / られる ( 敬浯助動i詞,～ れる/られる(敬語助動i詞,接续：～ れる/られる(敬語助動i詞。按原书条目和句中词形使用。,表示「れる」这一语法形式或助词用法,用于练习「～ れる/られる(敬語助動i詞」在句中的形式和基本功能；具体语义需结合前后文判断。,この文では（れる）の使い方を確認します。,这句话用于确认“～ れる/られる(敬語助動i詞”的用法。,同类或相近表达请结合原书相似语法页复习。,形式/用法,batch_08,日语蓝宝书_N3__part_08-14.png,body_heading,50,auto_completed,,jp_grammar N3 日语蓝宝书_N3 batch_08 kept_needs_explanation auto_completed
242d3c43635cba81,N3,日语蓝宝书_N3,お / ご ～ になる,～ になる,名詞 / な形容詞 + になる,变成...,表示自然变化或结果。,春（になる）と、暖かくなる。,到了春天就变暖。,同类或相近表达请结合原书相似语法页复习。,变化,batch_08,日语蓝宝书_N3__part_08-14.png,body_heading,50,auto_completed,,jp_grammar N3 日语蓝宝书_N3 batch_08 kept_needs_explanation auto_completed
f220a444a6f55d2b,N3,日语蓝宝书_N3,～ ください,～ ください,接续：～ ください。按原书条目和句中词形使用。,表示「ください」这一语法形式或助词用法,用于练习「～ ください」在句中的形式和基本功能；具体语义需结合前后文判断。,この文では（ください）の使い方を確認します。,这句话用于确认“～ ください”的用法。,同类或相近表达请结合原书相似语法页复习。,形式/用法,batch_08,日语蓝宝书_N3__part_08-14.png,body_heading,50,auto_completed,,jp_grammar N3 日语蓝宝书_N3 batch_08 kept_needs_explanation auto_completed
ec906c5b00ff0cae,N3,日语蓝宝书_N3,お / ご ～ なさる,～ なさる,接续：～ なさる。按原书条目和句中词形使用。,表示「なさる」这一语法形式或助词用法,用于练习「～ なさる」在句中的形式和基本功能；具体语义需结合前后文判断。,この文では（なさる）の使い方を確認します。,这句话用于确认“～ なさる”的用法。,同类或相近表达请结合原书相似语法页复习。,形式/用法,batch_08,日语蓝宝书_N3__part_08-15.png,body_heading,50,auto_completed,,jp_grammar N3 日语蓝宝书_N3 batch_08 kept_needs_explanation auto_completed
ee4f8d4934a8112c,N3,日语蓝宝书_N3,お / ご ～ です,～ です,接续：～ です。按原书条目和句中词形使用。,表示「です」这一语法形式或助词用法,用于练习「～ です」在句中的形式和基本功能；具体语义需结合前后文判断。,この文では（です）の使い方を確認します。,这句话用于确认“～ です”的用法。,同类或相近表达请结合原书相似语法页复习。,形式/用法,batch_08,日语蓝宝书_N3__part_08-15.png,body_heading,50,auto_completed,,jp_grammar N3 日语蓝宝书_N3 batch_08 kept_needs_explanation auto_completed
a9086cacda139403,N3,日语蓝宝书_N3,自謙浯動i詞く ～ てくる / ていく,～ てくる/ていく,動詞て形 + いく,...下去；去...,表示动作离开说话人方向，或状态从现在持续到将来。,これからも勉強を続け（ていく）。,今后也会继续学习下去。,同类或相近表达请结合原书相似语法页复习。,方向/变化,batch_08,日语蓝宝书_N3__part_08-16.png,body_heading,60,auto_completed,,jp_grammar N3 日语蓝宝书_N3 batch_08 kept_needs_explanation auto_completed
29519ce5c44e7987,N3,日语蓝宝书_N3,～ ている知っている,～ ている知っている,動詞て形 + いる,正在...；处于...状态,表示动作进行、结果状态或习惯。,今、本を読ん（でいる）。,现在正在读书。,同类或相近表达请结合原书相似语法页复习。,状态/进行,batch_08,日语蓝宝书_N3__part_08-16.png,body_heading,50,auto_completed,,jp_grammar N3 日语蓝宝书_N3 batch_08 kept_needs_explanation auto_completed
86ad10318fe9a2e1,N3,日语蓝宝书_N3,～ てまいるおる ～ ておる,～ てまいるおる,接续：～ てまいるおる。按原书条目和句中词形使用。,表示「てまいるおる」这一语法形式或助词用法,用于练习「～ てまいるおる」在句中的形式和基本功能；具体语义需结合前后文判断。,この文では（てまいるおる）の使い方を確認します。,这句话用于确认“～ てまいるおる”的用法。,同类或相近表达请结合原书相似语法页复习。,形式/用法,batch_08,日语蓝宝书_N3__part_08-16.png,body_heading,50,auto_completed,,jp_grammar N3 日语蓝宝书_N3 batch_08 kept_needs_explanation auto_completed
bb6ed0c2e6521b49,N3,日语蓝宝书_N3,～ てまいるおる ～ ておる,～ ておる,接续：～ ておる。按原书条目和句中词形使用。,表示「ておる」这一语法形式或助词用法,用于练习「～ ておる」在句中的形式和基本功能；具体语义需结合前后文判断。,この文では（ておる）の使い方を確認します。,这句话用于确认“～ ておる”的用法。,同类或相近表达请结合原书相似语法页复习。,形式/用法,batch_08,日语蓝宝书_N3__part_08-16.png,body_heading,50,auto_completed,,jp_grammar N3 日语蓝宝书_N3 batch_08 kept_needs_explanation auto_completed
26b090a70021135a,N3,日语蓝宝书_N3,お / ご ～ する,～ する,接续：～ する。按原书条目和句中词形使用。,表示「する」这一语法形式或助词用法,用于练习「～ する」在句中的形式和基本功能；具体语义需结合前后文判断。,この文では（する）の使い方を確認します。,这句话用于确认“～ する”的用法。,同类或相近表达请结合原书相似语法页复习。,形式/用法,batch_08,日语蓝宝书_N3__part_08-16.png,body_heading,50,auto_completed,,jp_grammar N3 日语蓝宝书_N3 batch_08 kept_needs_explanation auto_completed
a5700f3124a865d8,N3,日语蓝宝书_N3,～ ていただけますか此句型比 「 お / ご ～ する 」 在浯气上更加謙恭 。,～ ていただけますか此句型比「お/ご,普通形 + か,是否；或者；疑问,表示疑问、不确定或选择。,彼が来る（か）分かりません。,不知道他是否会来。,同类或相近表达请结合原书相似语法页复习。,疑问/选择,batch_08,日语蓝宝书_N3__part_08-17.png,body_heading,60,auto_completed,,jp_grammar N3 日语蓝宝书_N3 batch_08 kept_needs_explanation auto_completed
db03dd4965af8f47,N3,日语蓝宝书_N3,～ ていただけますか此句型比 「 お / ご ～ する 」 在浯气上更加謙恭 。,～ する」在語气上更加謙恭。,接续：～ する」在語气上更加謙恭。。按原书条目和句中词形使用。,表示「する」在語气上更加謙恭」这一语法形式或助词用法,用于练习「～ する」在語气上更加謙恭。」在句中的形式和基本功能；具体语义需结合前后文判断。,この文では（する」在語气上更加謙恭）の使い方を確認します。,这句话用于确认“～ する」在語气上更加謙恭。”的用法。,同类或相近表达请结合原书相似语法页复习。,形式/用法,batch_08,日语蓝宝书_N3__part_08-17.png,body_heading,50,auto_completed,,jp_grammar N3 日语蓝宝书_N3 batch_08 kept_needs_explanation auto_completed
2554128d75f66fb1,N3,日语蓝宝书_N3,けませんか / ていただけないでしようか 」,けませんか/ていただけないでしようか」,動詞ない形 + で,要不要...？,用于委婉邀请或提议。,傘を持た（ないで）、出かけた。,没带伞就出门了。,同类或相近表达请结合原书相似语法页复习。,邀请,batch_08,日语蓝宝书_N3__part_08-17.png,body_heading,30,needs_manual_review,,jp_grammar N3 日语蓝宝书_N3 batch_08 needs_manual_review auto_completed
da8416a15531e4b4,N3,日语蓝宝书_N3,～ いただく / 願う,～ いただく/願う,接续：～ いただく/願う。按原书条目和句中词形使用。,表示「いただく」这一语法形式或助词用法,用于练习「～ いただく/願う」在句中的形式和基本功能；具体语义需结合前后文判断。,この文では（いただく）の使い方を確認します。,这句话用于确认“～ いただく/願う”的用法。,同类或相近表达请结合原书相似语法页复习。,形式/用法,batch_08,日语蓝宝书_N3__part_08-18.png,body_heading,60,auto_completed,,jp_grammar N3 日语蓝宝书_N3 batch_08 kept_needs_explanation auto_completed
68f98af5720ad039,N3,日语蓝宝书_N3,～ でございますな形容詞 - 詞干 / 名詞+でございます,～ でございます,名詞+でございます,表示「でございます」这一语法形式或助词用法,用于练习「～ でございます」在句中的形式和基本功能；具体语义需结合前后文判断。,この文では（でございます）の使い方を確認します。,这句话用于确认“～ でございます”的用法。,同类或相近表达请结合原书相似语法页复习。,形式/用法,batch_08,日语蓝宝书_N3__part_08-19.png,body_heading,50,auto_completed,,jp_grammar N3 日语蓝宝书_N3 batch_08 kept_needs_explanation auto_completed
788906bd49b6078a,N3,日语蓝宝书_N3,お ～ / ～ ( 敬浯接共i詞 ),～(敬語接共i詞),接续：～(敬語接共i詞)。按原书条目和句中词形使用。,表示「(敬語接共i詞)」这一语法形式或助词用法,用于练习「～(敬語接共i詞)」在句中的形式和基本功能；具体语义需结合前后文判断。,この文では（(敬語接共i詞)）の使い方を確認します。,这句话用于确认“～(敬語接共i詞)”的用法。,同类或相近表达请结合原书相似语法页复习。,形式/用法,batch_08,日语蓝宝书_N3__part_08-19.png,body_heading,50,auto_completed,,jp_grammar N3 日语蓝宝书_N3 batch_08 kept_needs_explanation auto_completed
58f68427f80a3b36,N3,日语蓝宝书_N3,) ことがあ,ことがあ,名詞 + が / 普通形 + が,但是；主语标记,可表示主语，也可连接前后相反或铺垫内容。,値段は高い（が）、品質はいい。,价格高，但是质量好。,同类或相近表达请结合原书相似语法页复习。,助词/逆接,batch_08,日语蓝宝书_N3__part_08-21.png,body_heading,30,auto_completed,,jp_grammar N3 日语蓝宝书_N3 batch_08 kept_needs_explanation auto_completed
fb2b7fd984c2f6c9,N3,日语蓝宝书_N3,お借りしたかことがないので 、 今回はぜひ (,お借りしたかことがないので、今回はぜひ(,普通形 + か,因为...,表示原因理由，语气比から更客观、柔和。,彼が来る（か）分かりません。,不知道他是否会来。,同类或相近表达请结合原书相似语法页复习。,原因,batch_08,日语蓝宝书_N3__part_08-22.png,body_heading,30,needs_manual_review,,jp_grammar N3 日语蓝宝书_N3 batch_08 needs_manual_review auto_completed
a3f4d27854609b5b,N3,日语蓝宝书_N3,ご案内していいでしようか,ご案内していいでしようか,普通形 + か,是否；或者；疑问,表示疑问、不确定或选择。,彼が来る（か）分かりません。,不知道他是否会来。,同类或相近表达请结合原书相似语法页复习。,疑问/选择,batch_08,日语蓝宝书_N3__part_08-24.png,body_heading,30,auto_completed,,jp_grammar N3 日语蓝宝书_N3 batch_08 kept_needs_explanation auto_completed
584ab55a4d4c61d4,N3,日语蓝宝书_N3,～ すえに / ～ あげく,～ すえに,接续：～ すえに。按原书条目和句中词形使用。,表示「すえに」这一语法形式或助词用法,用于练习「～ すえに」在句中的形式和基本功能；具体语义需结合前后文判断。,この文では（すえに）の使い方を確認します。,这句话用于确认“～ すえに”的用法。,同类或相近表达请结合原书相似语法页复习。,形式/用法,batch_08,日语蓝宝书_N3__part_08-25.png,body_heading,50,auto_completed,,jp_grammar N3 日语蓝宝书_N3 batch_08 kept_needs_explanation auto_completed
9bab694cb38057bb,N3,日语蓝宝书_N3,～ すえに / ～ あげく,～ あげく,接续：～ あげく。按原书条目和句中词形使用。,结果，最后,表示经过一段过程或反复之后，最后出现某个结果。多用于不理想的结果。,この文では（あげく）の使い方を確認します。,这句话用于确认“～ あげく”的用法。,同类或相近表达请结合原书相似语法页复习。,结果,batch_08,日语蓝宝书_N3__part_08-25.png,body_heading,50,auto_enriched,,jp_grammar N3 日语蓝宝书_N3 batch_08 auto_enriched auto_completed
24bec8fb4b5d57e8,N3,日语蓝宝书_N3,～ おそれがある / ～ かもしれない,～ おそれがある,名詞 + が / 普通形 + が,但是；主语标记,可表示主语，也可连接前后相反或铺垫内容。,値段は高い（が）、品質はいい。,价格高，但是质量好。,同类或相近表达请结合原书相似语法页复习。,助词/逆接,batch_08,日语蓝宝书_N3__part_08-25.png,body_heading,50,auto_completed,,jp_grammar N3 日语蓝宝书_N3 batch_08 kept_needs_explanation auto_completed
2e419715a85d365d,N3,日语蓝宝书_N3,～ おかげで / ～ せいで,～ おかげで,普通形 + か,多亏；幸亏,表示由于前项原因而得到好的结果，有时也可反讽。,彼が来る（か）分かりません。,不知道他是否会来。,同类或相近表达请结合原书相似语法页复习。,原因,batch_08,日语蓝宝书_N3__part_08-25.png,body_heading,50,auto_enriched,,jp_grammar N3 日语蓝宝书_N3 batch_08 auto_enriched auto_completed
69c9dbbf715957cd,N3,日语蓝宝书_N3,～ おかげで / ～ せいで,～ せいで,接续：～ せいで。按原书条目和句中词形使用。,都怪；因为,表示不好的结果由前项原因造成。,この文では（せいで）の使い方を確認します。,这句话用于确认“～ せいで”的用法。,同类或相近表达请结合原书相似语法页复习。,原因,batch_08,日语蓝宝书_N3__part_08-25.png,body_heading,50,auto_enriched,,jp_grammar N3 日语蓝宝书_N3 batch_08 auto_enriched auto_completed
1c6ef06bf9143d12,N3,日语蓝宝书_N3,「 ～ おかげで 」,「～ おかげで」,普通形 + か,多亏；幸亏,表示由于前项原因而得到好的结果，有时也可反讽。,彼が来る（か）分かりません。,不知道他是否会来。,同类或相近表达请结合原书相似语法页复习。,原因,batch_08,日语蓝宝书_N3__part_08-25.png,body_heading,50,auto_enriched,,jp_grammar N3 日语蓝宝书_N3 batch_08 auto_enriched auto_completed
9d89fec043122741,N3,日语蓝宝书_N3,「 ～ 恐れがある 」,「～ 恐れがある」,名詞 + が / 普通形 + が,有...的恐怕/可能,表示可能发生不好的事情，语气较正式。,値段は高い（が）、品質はいい。,价格高，但是质量好。,同类或相近表达请结合原书相似语法页复习。,可能/担心,batch_08,日语蓝宝书_N3__part_08-25.png,body_heading,50,auto_enriched,,jp_grammar N3 日语蓝宝书_N3 batch_08 auto_enriched auto_completed
3b1a9deea79d2511,N3,日语蓝宝书_N3,"～ 恐れがある 」 表示対即将可能生的事情的担心 , 常用于新扱道等絞カ正式的坊合 。 意思是 "" 有可","～ 恐れがある」表示対即将可能生的事情的担心 , 常用于新扱道等絞カ正式的坊合。意思是 "" 有可",名詞 + が / 普通形 + が,有...的恐怕/可能,表示可能发生不好的事情，语气较正式。,値段は高い（が）、品質はいい。,价格高，但是质量好。,同类或相近表达请结合原书相似语法页复习。,可能/担心,batch_08,日语蓝宝书_N3__part_08-26.png,body_heading,20,needs_manual_review,,jp_grammar N3 日语蓝宝书_N3 batch_08 needs_manual_review auto_completed
31540e1d7b3f6803,N3,日语蓝宝书_N3,「 ～ カ ヾ たい 」,「～ カ ヾ たい」,動詞ます形 + たい,想要...,表示第一人称愿望或询问第二人称愿望。,日本へ行き（たい）です。,我想去日本。,同类或相近表达请结合原书相似语法页复习。,愿望,batch_08,日语蓝宝书_N3__part_08-26.png,body_heading,50,auto_completed,,jp_grammar N3 日语蓝宝书_N3 batch_08 kept_needs_explanation auto_completed
242fc451559cf14c,N3,日语蓝宝书_N3,「 ～ がちだ 」,「～ がちだ」,名詞 + が / 普通形 + が,容易...；常常...,表示容易出现某种倾向，多用于不好的情况。,値段は高い（が）、品質はいい。,价格高，但是质量好。,同类或相近表达请结合原书相似语法页复习。,倾向,batch_08,日语蓝宝书_N3__part_08-26.png,body_heading,50,auto_enriched,,jp_grammar N3 日语蓝宝书_N3 batch_08 auto_enriched auto_completed
a9a142ebb67c3fa2,N3,日语蓝宝书_N3,「 ～ から 」,「～ から」,普通形 + か,是否；或者；疑问,表示疑问、不确定或选择。,彼が来る（か）分かりません。,不知道他是否会来。,同类或相近表达请结合原书相似语法页复习。,疑问/选择,batch_08,日语蓝宝书_N3__part_08-27.png,body_heading,50,auto_completed,,jp_grammar N3 日语蓝宝书_N3 batch_08 kept_needs_explanation auto_completed
5082901d1a4e0f15,N3,日语蓝宝书_N3,「 ～ ことがある 」,「～ ことがある」,名詞 + が / 普通形 + が,有时会；曾经,接现在形时表示有时发生；接た形时表示曾有过某经历。,値段は高い（が）、品質はいい。,价格高，但是质量好。,同类或相近表达请结合原书相似语法页复习。,经验/频率,batch_08,日语蓝宝书_N3__part_08-27.png,body_heading,65,auto_enriched,,jp_grammar N3 日语蓝宝书_N3 batch_08 auto_enriched auto_completed
d11cffeb71444d6a,N5/N4,日语蓝宝书N5N4,～ なくて名+で / い形容詞詞干+く / な形容詞詞千+で / 動詞 「 ない形 」 +なくて,～ なくて名+で/,動詞「ない形」+なくて,表示「なくて名+で」这一语法形式或助词用法,用于练习「～ なくて名+で/」在句中的形式和基本功能；具体语义需结合前后文判断。,この文では（なくて名+で）の使い方を確認します。,这句话用于确认“～ なくて名+で/”的用法。,同类或相近表达请结合原书相似语法页复习。,形式/用法,batch_08,日语蓝宝书N5N4__part_08-01.png,body_heading,60,auto_completed,,jp_grammar N5_N4 日语蓝宝书N5N4 batch_08 kept_needs_explanation auto_completed
efab959eafc2299c,N5/N4,日语蓝宝书N5N4,～ がする名詞+がする,～ がする,名詞+がする,有...的感觉/声音/气味,表示感官感受到某种声音、气味、味道或感觉。,台所からいい匂い（がする）。,厨房传来好闻的味道。,同类或相近表达请结合原书相似语法页复习。,感官,batch_08,日语蓝宝书N5N4__part_08-01.png,body_heading,50,auto_completed,,jp_grammar N5_N4 日语蓝宝书N5N4 batch_08 kept_needs_explanation auto_completed
fca22200d15bf730,N5/N4,日语蓝宝书N5N4,～ か ～ ないか,～ か,普通形 + か,是否；或者；疑问,表示疑问、不确定或选择。,彼が来る（か）分かりません。,不知道他是否会来。,同类或相近表达请结合原书相似语法页复习。,疑问/选择,batch_08,日语蓝宝书N5N4__part_08-01.png,body_heading,50,auto_completed,,jp_grammar N5_N4 日语蓝宝书N5N4 batch_08 kept_needs_explanation auto_completed
0ac5ca699500974b,N5/N4,日语蓝宝书N5N4,～ か ～ ないか,～ ないか,普通形 + か,是否；或者；疑问,表示疑问、不确定或选择。,彼が来る（か）分かりません。,不知道他是否会来。,同类或相近表达请结合原书相似语法页复习。,疑问/选择,batch_08,日语蓝宝书N5N4__part_08-01.png,body_heading,50,auto_completed,,jp_grammar N5_N4 日语蓝宝书N5N4 batch_08 kept_needs_explanation auto_completed
a1937599dc5c8cf7,N5/N4,日语蓝宝书N5N4,～ かどうか 「 ～ か ～ ないか 」 表示在詞一个助作的肯定与否定之詞犹豫 △ 留学に行くか行かないかを迷っています 。 / 犹豫究竟要不要留学,～ かどうか「～ か,普通形 + か,是否...,表示不确定，需要确认是还是不是。,彼が来る（か）分かりません。,不知道他是否会来。,同类或相近表达请结合原书相似语法页复习。,疑问,batch_08,日语蓝宝书N5N4__part_08-01.png,body_heading,50,auto_enriched,,jp_grammar N5_N4 日语蓝宝书N5N4 batch_08 auto_enriched auto_completed
66a6ec589a36947a,N5/N4,日语蓝宝书N5N4,～ だい / かい句子筒体形+だい / かい,～ だい/かい句子,普通形+だい/かい,是否；或者；疑问,表示疑问、不确定或选择。,彼が来る（か）分かりません。,不知道他是否会来。,同类或相近表达请结合原书相似语法页复习。,疑问/选择,batch_08,日语蓝宝书N5N4__part_08-02.png,body_heading,50,auto_completed,,jp_grammar N5_N4 日语蓝宝书N5N4 batch_08 kept_needs_explanation auto_completed
56815d76d8034657,N5/N4,日语蓝宝书N5N4,～ という接レ名詞+という+名詞,～ という接レ,名詞+という+名詞,叫作...；据说...,可表示名称、引用或传闻。,田中さん（という）人から電話がありました。,有个叫田中的人打来了电话。,同类或相近表达请结合原书相似语法页复习。,引用/名称,batch_08,日语蓝宝书N5N4__part_08-03.png,body_heading,50,auto_completed,,jp_grammar N5_N4 日语蓝宝书N5N4 batch_08 kept_needs_explanation auto_completed
41c1a1c78ca26e52,N5/N4,日语蓝宝书N5N4,があおりようはう,があおりようはう,名詞 + が / 普通形 + が,但是；主语标记,可表示主语，也可连接前后相反或铺垫内容。,値段は高い（が）、品質はいい。,价格高，但是质量好。,同类或相近表达请结合原书相似语法页复习。,助词/逆接,batch_08,日语蓝宝书N5N4__part_08-05.png,body_heading,30,auto_completed,,jp_grammar N5_N4 日语蓝宝书N5N4 batch_08 kept_needs_explanation auto_completed
422f0abd25ff7434,N5/N4,日语蓝宝书N5N4,ことが (,ことが(,名詞 + が / 普通形 + が,但是；主语标记,可表示主语，也可连接前后相反或铺垫内容。,値段は高い（が）、品質はいい。,价格高，但是质量好。,同类或相近表达请结合原书相似语法页复习。,助词/逆接,batch_08,日语蓝宝书N5N4__part_08-05.png,body_heading,30,auto_completed,,jp_grammar N5_N4 日语蓝宝书N5N4 batch_08 kept_needs_explanation auto_completed
a7c9dcf3107df77f,N5/N4,日语蓝宝书N5N4,ことになります,ことになります,感情形容詞 + ことに,令人...的是,表示说话人对后项事实的评价或感情。,うれしい（ことに）、全員が合格した。,令人高兴的是，全员都合格了。,同类或相近表达请结合原书相似语法页复习。,评价,batch_08,日语蓝宝书N5N4__part_08-05.png,body_heading,30,auto_completed,,jp_grammar N5_N4 日语蓝宝书N5N4 batch_08 kept_needs_explanation auto_completed
0a9d3cb142c7044b,N5/N4,日语蓝宝书N5N4,ないでくだものし,ないでくだものし,動詞ない形 + で,不...而...,表示不做前项而做后项。,傘を持た（ないで）、出かけた。,没带伞就出门了。,同类或相近表达请结合原书相似语法页复习。,否定/伴随,batch_08,日语蓝宝书N5N4__part_08-06.png,body_heading,30,auto_completed,,jp_grammar N5_N4 日语蓝宝书N5N4 batch_08 kept_needs_explanation auto_completed
d18eeb9f333f1c50,N5/N4,日语蓝宝书N5N4,両親に叱られないように 、 賴をついたことが (,両親に叱られないように、賴をついたことが(,名詞 + が / 普通形 + が,为了能...；像...一样,可表示目的、愿望、变化目标或比喻。,値段は高い（が）、品質はいい。,价格高，但是质量好。,同类或相近表达请结合原书相似语法页复习。,目的/样态,batch_08,日语蓝宝书N5N4__part_08-07.png,body_heading,30,needs_manual_review,,jp_grammar N5_N4 日语蓝宝书N5N4 batch_08 needs_manual_review auto_completed
1d2ce6d80bcd9635,N5/N4,日语蓝宝书N5N4,ありますきよう今日から,ありますきよう今日から,普通形 + か,是否；或者；疑问,表示疑问、不确定或选择。,彼が来る（か）分かりません。,不知道他是否会来。,同类或相近表达请结合原书相似语法页复习。,疑问/选择,batch_08,日语蓝宝书N5N4__part_08-07.png,body_heading,30,auto_completed,,jp_grammar N5_N4 日语蓝宝书N5N4 batch_08 kept_needs_explanation auto_completed
76454aa076d7feee,N5/N4,日语蓝宝书N5N4,ことにする,ことにする,感情形容詞 + ことに,决定...,表示说话人或主语主动决定做某事。,うれしい（ことに）、全員が合格した。,令人高兴的是，全员都合格了。,同类或相近表达请结合原书相似语法页复习。,决定,batch_08,日语蓝宝书N5N4__part_08-08.png,body_heading,30,needs_manual_review,,jp_grammar N5_N4 日语蓝宝书N5N4 batch_08 needs_manual_review auto_completed
8294d91037da972e,N5/N4,日语蓝宝书N5N4,ことがあることがいる,ことがあることがいる,名詞 + が / 普通形 + が,有时会；曾经,接现在形时表示有时发生；接た形时表示曾有过某经历。,値段は高い（が）、品質はいい。,价格高，但是质量好。,同类或相近表达请结合原书相似语法页复习。,经验/频率,batch_08,日语蓝宝书N5N4__part_08-08.png,body_heading,30,needs_manual_review,,jp_grammar N5_N4 日语蓝宝书N5N4 batch_08 needs_manual_review auto_completed
17b8b9c0ad577339,N5/N4,日语蓝宝书N5N4,ことになる,ことになる,感情形容詞 + ことに,变成；结果是,表示由外部情况决定，或推导出的结果。,うれしい（ことに）、全員が合格した。,令人高兴的是，全员都合格了。,同类或相近表达请结合原书相似语法页复习。,结果/决定,batch_08,日语蓝宝书N5N4__part_08-08.png,body_heading,30,needs_manual_review,,jp_grammar N5_N4 日语蓝宝书N5N4 batch_08 needs_manual_review auto_completed
3ee0505ecb778b4c,N5/N4,日语蓝宝书N5N4,とことにする,とことにする,感情形容詞 + ことに,决定...,表示说话人或主语主动决定做某事。,うれしい（ことに）、全員が合格した。,令人高兴的是，全员都合格了。,同类或相近表达请结合原书相似语法页复习。,决定,batch_08,日语蓝宝书N5N4__part_08-08.png,body_heading,30,needs_manual_review,,jp_grammar N5_N4 日语蓝宝书N5N4 batch_08 needs_manual_review auto_completed
e97b40ebb4027e38,N5/N4,日语蓝宝书N5N4,ことができることがある,ことができることがある,動詞辞書形 + ことができる,有时会；曾经,接现在形时表示有时发生；接た形时表示曾有过某经历。,日本語でメールを書く（ことができる）。,能够用日语写邮件。,同类或相近表达请结合原书相似语法页复习。,经验/频率,batch_08,日语蓝宝书N5N4__part_08-08.png,body_heading,30,needs_manual_review,,jp_grammar N5_N4 日语蓝宝书N5N4 batch_08 needs_manual_review auto_completed
262c83c106ca721e,N5/N4,日语蓝宝书N5N4,～ もらう / いただ =,～ もらう/いただ =,名詞 + も,也；连...都,表示同类追加或强调极端例子。,私（も）行きます。,我也去。,同类或相近表达请结合原书相似语法页复习。,助词/强调,batch_08,日语蓝宝书N5N4__part_08-09.png,body_heading,50,auto_completed,,jp_grammar N5_N4 日语蓝宝书N5N4 batch_08 kept_needs_explanation auto_completed
ba1fdf47d3114432,N5/N4,日语蓝宝书N5N4,～ てもらう / ていただく,～ てもらう/ていただく,動詞て形 / い形容詞くて + も,即使...也,表示让步条件。,雨が降っ（ても）、行きます。,即使下雨也去。,同类或相近表达请结合原书相似语法页复习。,让步,batch_08,日语蓝宝书N5N4__part_08-09.png,body_heading,60,auto_completed,,jp_grammar N5_N4 日语蓝宝书N5N4 batch_08 kept_needs_explanation auto_completed
c77bdd39f8579eef,N5/N4,日语蓝宝书N5N4,～ くれる / くださる,～ くれる/くださる,接续：～ くれる/くださる。按原书条目和句中词形使用。,表示「くれる」这一语法形式或助词用法,用于练习「～ くれる/くださる」在句中的形式和基本功能；具体语义需结合前后文判断。,この文では（くれる）の使い方を確認します。,这句话用于确认“～ くれる/くださる”的用法。,同类或相近表达请结合原书相似语法页复习。,形式/用法,batch_08,日语蓝宝书N5N4__part_08-10.png,body_heading,50,auto_completed,,jp_grammar N5_N4 日语蓝宝书N5N4 batch_08 kept_needs_explanation auto_completed
0134b543ac78c277,N5/N4,日语蓝宝书N5N4,～ やる - きんぎよーーえさ例句ー △ 金魚に餌をやる 。 - ・ / 給金色隈伺料 。,～ やる - きんぎよーーえさ例句ー △ 金魚に餌をやる。-・/給金色隈伺料。,名詞 + や + 名詞,...和...等,用于不完全列举。,机の上に本（や）ノートがあります。,桌上有书和笔记本等。,同类或相近表达请结合原书相似语法页复习。,列举,batch_08,日语蓝宝书N5N4__part_08-10.png,body_heading,20,auto_completed,,jp_grammar N5_N4 日语蓝宝书N5N4 batch_08 kept_needs_explanation auto_completed
e342d5a452311099,N5/N4,日语蓝宝书N5N4,くれましたははも ・ ) らよう,くれましたははも・)らよう,名詞 + も,也；连...都,表示同类追加或强调极端例子。,私（も）行きます。,我也去。,同类或相近表达请结合原书相似语法页复习。,助词/强调,batch_08,日语蓝宝书N5N4__part_08-12.png,body_heading,30,auto_completed,,jp_grammar N5_N4 日语蓝宝书N5N4 batch_08 kept_needs_explanation auto_completed
0401d0ad80bfa092,N5/N4,日语蓝宝书N5N4,～ ー食べ彼,～ ー食べ彼,接续：～ ー食べ彼。按原书条目和句中词形使用。,表示「ー食べ彼」这一语法形式或助词用法,用于练习「～ ー食べ彼」在句中的形式和基本功能；具体语义需结合前后文判断。,この文では（ー食べ彼）の使い方を確認します。,这句话用于确认“～ ー食べ彼”的用法。,同类或相近表达请结合原书相似语法页复习。,形式/用法,batch_08,日语蓝宝书N5N4__part_08-14.png,body_heading,50,auto_completed,,jp_grammar N5_N4 日语蓝宝书N5N4 batch_08 kept_needs_explanation auto_completed
e795888bb2caa310,N5/N4,日语蓝宝书N5N4,ためにだけ送る,ためにだけ送る,接续：ためにだけ送る。按原书条目和句中词形使用。,为了；因为,表示目的，也可表示原因。,この文では（ためにだけ送る）の使い方を確認します。,这句话用于确认“ためにだけ送る”的用法。,同类或相近表达请结合原书相似语法页复习。,目的/原因,batch_08,日语蓝宝书N5N4__part_08-15.png,body_heading,30,needs_manual_review,,jp_grammar N5_N4 日语蓝宝书N5N4 batch_08 needs_manual_review auto_completed
123511c5145d281d,N5/N4,日语蓝宝书N5N4,送りようにわかもの,送りようにわかもの,普通形 + か,为了能...；像...一样,可表示目的、愿望、变化目标或比喻。,彼が来る（か）分かりません。,不知道他是否会来。,同类或相近表达请结合原书相似语法页复习。,目的/样态,batch_08,日语蓝宝书N5N4__part_08-15.png,body_heading,30,needs_manual_review,,jp_grammar N5_N4 日语蓝宝书N5N4 batch_08 needs_manual_review auto_completed
fee7aa35532dabdb,N5/N4,日语蓝宝书N5N4,～ 本 - 若者な,～ 本 - 若者な,接续：～ 本 - 若者な。按原书条目和句中词形使用。,表示「本 - 若者な」这一语法形式或助词用法,用于练习「～ 本 - 若者な」在句中的形式和基本功能；具体语义需结合前后文判断。,この文では（本 - 若者な）の使い方を確認します。,这句话用于确认“～ 本 - 若者な”的用法。,同类或相近表达请结合原书相似语法页复习。,形式/用法,batch_08,日语蓝宝书N5N4__part_08-15.png,body_heading,50,auto_completed,,jp_grammar N5_N4 日语蓝宝书N5N4 batch_08 kept_needs_explanation auto_completed
8b4f854a2786b8a8,N5/N4,日语蓝宝书N5N4,"～ 「 お ～. ございます 」 一 , 常成寒暄浯的固定句式 。 如 「 おはようござし 、 ます 」 ( 早上好 ) い 「 おめでとう",～「お,接续：～「お。按原书条目和句中词形使用。,表示「「お」这一语法形式或助词用法,用于练习「～「お」在句中的形式和基本功能；具体语义需结合前后文判断。,この文では（「お）の使い方を確認します。,这句话用于确认“～「お”的用法。,同类或相近表达请结合原书相似语法页复习。,形式/用法,batch_08,日语蓝宝书N5N4__part_08-16.png,body_heading,50,auto_completed,,jp_grammar N5_N4 日语蓝宝书N5N4 batch_08 kept_needs_explanation auto_completed
acd5344d90013fa2,N5/N4,日语蓝宝书N5N4,"～ 「 お ～. ございます 」 一 , 常成寒暄浯的固定句式 。 如 「 おはようござし 、 ます 」 ( 早上好 ) い 「 おめでとう","～. ございます」一 , 常成寒暄語的固定句式。如「おはようござし、ます」(早上好)い「おめでとう","接续：～. ございます」一 , 常成寒暄語的固定句式。如「おはようござし、ます」(早上好)い「おめでとう。按原书条目和句中词形使用。","表示「ございます」一 , 常成寒暄語的固定句式。如「おはようござし、ます」(早上好)い「おめでとう」这一语法形式或助词用法","用于练习「～. ございます」一 , 常成寒暄語的固定句式。如「おはようござし、ます」(早上好)い「おめでとう」在句中的形式和基本功能；具体语义需结合前后文判断。","この文では（ございます」一 , 常成寒暄語的固定句式。如「おはようござし、ます」(早上好)い「おめでとう）の使い方を確認します。","这句话用于确认“～. ございます」一 , 常成寒暄語的固定句式。如「おはようござし、ます」(早上好)い「おめでとう”的用法。",同类或相近表达请结合原书相似语法页复习。,形式/用法,batch_08,日语蓝宝书N5N4__part_08-16.png,body_heading,35,auto_completed,,jp_grammar N5_N4 日语蓝宝书N5N4 batch_08 kept_needs_explanation auto_completed
8045cf697f418f63,N5/N4,日语蓝宝书N5N4,～ でございます,～ でございます,接续：～ でございます。按原书条目和句中词形使用。,表示「でございます」这一语法形式或助词用法,用于练习「～ でございます」在句中的形式和基本功能；具体语义需结合前后文判断。,この文では（でございます）の使い方を確認します。,这句话用于确认“～ でございます”的用法。,同类或相近表达请结合原书相似语法页复习。,形式/用法,batch_08,日语蓝宝书N5N4__part_08-16.png,body_heading,50,auto_completed,,jp_grammar N5_N4 日语蓝宝书N5N4 batch_08 kept_needs_explanation auto_completed
d9ecba002a120015,N5/N4,日语蓝宝书N5N4,～ 来る 」 ・ 的特殊敬活格式 。,～ 来る」・的特殊敬活格式。,接续：～ 来る」・的特殊敬活格式。。按原书条目和句中词形使用。,表示「来る」・的特殊敬活格式」这一语法形式或助词用法,用于练习「～ 来る」・的特殊敬活格式。」在句中的形式和基本功能；具体语义需结合前后文判断。,この文では（来る」・的特殊敬活格式）の使い方を確認します。,这句话用于确认“～ 来る」・的特殊敬活格式。”的用法。,同类或相近表达请结合原书相似语法页复习。,形式/用法,batch_08,日语蓝宝书N5N4__part_08-16.png,body_heading,50,auto_completed,,jp_grammar N5_N4 日语蓝宝书N5N4 batch_08 kept_needs_explanation auto_completed
7f8a15cc6eabc545,N5/N4,日语蓝宝书N5N4,～ 例句 △ お客様がお見えになりました 。 / 客人来了,～ 例句 △ お客様がお見えになりました。/客人来了,名詞 + が / 普通形 + が,但是；主语标记,可表示主语，也可连接前后相反或铺垫内容。,値段は高い（が）、品質はいい。,价格高，但是质量好。,同类或相近表达请结合原书相似语法页复习。,助词/逆接,batch_08,日语蓝宝书N5N4__part_08-17.png,body_heading,60,auto_completed,,jp_grammar N5_N4 日语蓝宝书N5N4 batch_08 kept_needs_explanation auto_completed
d3c97f4a6aefd675,N5/N4,日语蓝宝书N5N4,～ おっしやる日7,～ おっしやる日7,名詞 + や + 名詞,...和...等,用于不完全列举。,机の上に本（や）ノートがあります。,桌上有书和笔记本等。,同类或相近表达请结合原书相似语法页复习。,列举,batch_08,日语蓝宝书N5N4__part_08-17.png,body_heading,50,auto_completed,,jp_grammar N5_N4 日语蓝宝书N5N4 batch_08 kept_needs_explanation auto_completed
6d9ab2b687617345,N5/N4,日语蓝宝书N5N4,～ ご覧になる 」 是 「 ～ 見る 」 的特殊敬浯格式 。,～ ご覧になる」是「～ 見る」的特殊敬語格式。,名詞 / な形容詞 + になる,变成...,表示自然变化或结果。,春（になる）と、暖かくなる。,到了春天就变暖。,同类或相近表达请结合原书相似语法页复习。,变化,batch_08,日语蓝宝书N5N4__part_08-17.png,body_heading,50,auto_completed,,jp_grammar N5_N4 日语蓝宝书N5N4 batch_08 kept_needs_explanation auto_completed
7e6be2988ed85401,N5/N4,日语蓝宝书N5N4,～ なさい接 、 動詞 「 ます形 」 +なさい,～ なさい接、,動詞「ます形」+なさい,表示「なさい接」这一语法形式或助词用法,用于练习「～ なさい接、」在句中的形式和基本功能；具体语义需结合前后文判断。,この文では（なさい接）の使い方を確認します。,这句话用于确认“～ なさい接、”的用法。,同类或相近表达请结合原书相似语法页复习。,形式/用法,batch_08,日语蓝宝书N5N4__part_08-18.png,body_heading,50,auto_completed,,jp_grammar N5_N4 日语蓝宝书N5N4 batch_08 kept_needs_explanation auto_completed
0f02a14718ff6c48,N5/N4,日语蓝宝书N5N4,～ てください助詞 「 て形ょ+ください,～ てください助詞「,て形ょ+ください,请...,用于请求对方做某事。,この文では（てください助詞「）の使い方を確認します。,这句话用于确认“～ てください助詞「”的用法。,同类或相近表达请结合原书相似语法页复习。,请求,batch_08,日语蓝宝书N5N4__part_08-18.png,body_heading,50,auto_enriched,,jp_grammar N5_N4 日语蓝宝书N5N4 batch_08 auto_enriched auto_completed
9254d3ab1c5ddc99,N5/N4,日语蓝宝书N5N4,～ くださいげんき,～ くださいげんき,接续：～ くださいげんき。按原书条目和句中词形使用。,表示「くださいげんき」这一语法形式或助词用法,用于练习「～ くださいげんき」在句中的形式和基本功能；具体语义需结合前后文判断。,この文では（くださいげんき）の使い方を確認します。,这句话用于确认“～ くださいげんき”的用法。,同类或相近表达请结合原书相似语法页复习。,形式/用法,batch_08,日语蓝宝书N5N4__part_08-19.png,body_heading,50,auto_completed,,jp_grammar N5_N4 日语蓝宝书N5N4 batch_08 kept_needs_explanation auto_completed
2fa2b655a35d18ef,Minna,大家的日语（第二版）初级2学习辅导书3A出版社,) ペんきようんん 。 子どもを育てるのにいいです 。,ペんきようんん。子どもを育てるのにいいです。,普通形 + のに,明明...却；为了...,可表示逆接，也可表示用途或目的。,一生懸命勉強した（のに）、合格できなかった。,明明努力学习了，却没能合格。,同类或相近表达请结合原书相似语法页复习。,逆接/目的,batch_09,大家的日语（第二版）初级2学习辅导书3A出版社__part_09-01.png,body_heading,30,auto_completed,,jp_grammar Minna 大家的日语_第二版_初级2学习辅导书3A出版社 batch_09 kept_needs_explanation auto_completed
a0f408bb3ad9ff69,Minna,大家的日语（第二版）初级2学习辅导书3A出版社,しようがっこうせんせい,しようがっこうせんせい,名詞 + が / 普通形 + が,但是；主语标记,可表示主语，也可连接前后相反或铺垫内容。,値段は高い（が）、品質はいい。,价格高，但是质量好。,同类或相近表达请结合原书相似语法页复习。,助词/逆接,batch_09,大家的日语（第二版）初级2学习辅导书3A出版社__part_09-04.png,body_heading,30,auto_completed,,jp_grammar Minna 大家的日语_第二版_初级2学习辅导书3A出版社 batch_09 kept_needs_explanation auto_completed
fea90e3b430a2666,Minna,大家的日语（第二版）初级2学习辅导书3A出版社,) ちょうど始まるところです 。,ちょうど始まるところです。,接续：ちょうど始まるところです。。按原书条目和句中词形使用。,表示「ちょうど始まるところです」这一语法形式或助词用法,用于练习「ちょうど始まるところです。」在句中的形式和基本功能；具体语义需结合前后文判断。,この文では（ちょうど始まるところです）の使い方を確認します。,这句话用于确认“ちょうど始まるところです。”的用法。,同类或相近表达请结合原书相似语法页复习。,形式/用法,batch_09,大家的日语（第二版）初级2学习辅导书3A出版社__part_09-04.png,body_heading,30,auto_completed,,jp_grammar Minna 大家的日语_第二版_初级2学习辅导书3A出版社 batch_09 kept_needs_explanation auto_completed
ba60edfda2372849,Minna,大家的日语（第二版）初级2学习辅导书3A出版社,) これからインターネットで探すところです 。,これからインターネットで探すところです。,普通形 + か,是否；或者；疑问,表示疑问、不确定或选择。,彼が来る（か）分かりません。,不知道他是否会来。,同类或相近表达请结合原书相似语法页复习。,疑问/选择,batch_09,大家的日语（第二版）初级2学习辅导书3A出版社__part_09-04.png,body_heading,30,auto_completed,,jp_grammar Minna 大家的日语_第二版_初级2学习辅导书3A出版社 batch_09 kept_needs_explanation auto_completed
8dd6de3b85a2f4e0,Minna,大家的日语（第二版）初级2学习辅导书3A出版社,) 今電話するところです 。,今電話するところです。,接续：今電話するところです。。按原书条目和句中词形使用。,表示「今電話するところです」这一语法形式或助词用法,用于练习「今電話するところです。」在句中的形式和基本功能；具体语义需结合前后文判断。,この文では（今電話するところです）の使い方を確認します。,这句话用于确认“今電話するところです。”的用法。,同类或相近表达请结合原书相似语法页复习。,形式/用法,batch_09,大家的日语（第二版）初级2学习辅导书3A出版社__part_09-04.png,body_heading,30,auto_completed,,jp_grammar Minna 大家的日语_第二版_初级2学习辅导书3A出版社 batch_09 kept_needs_explanation auto_completed
f8af3c2c56807352,Minna,大家的日语（第二版）初级2学习辅导书3A出版社,) 今調べているところです 。,今調べているところです。,動詞て形 + いる,正在...；处于...状态,表示动作进行、结果状态或习惯。,今、本を読ん（でいる）。,现在正在读书。,同类或相近表达请结合原书相似语法页复习。,状态/进行,batch_09,大家的日语（第二版）初级2学习辅导书3A出版社__part_09-04.png,body_heading,30,auto_completed,,jp_grammar Minna 大家的日语_第二版_初级2学习辅导书3A出版社 batch_09 kept_needs_explanation auto_completed
0a3da8ac6fffd960,Minna,大家的日语（第二版）初级2学习辅导书3A出版社,) 今書いているところです 。,今書いているところです。,動詞て形 + いる,正在...；处于...状态,表示动作进行、结果状态或习惯。,今、本を読ん（でいる）。,现在正在读书。,同类或相近表达请结合原书相似语法页复习。,状态/进行,batch_09,大家的日语（第二版）初级2学习辅导书3A出版社__part_09-04.png,body_heading,30,auto_completed,,jp_grammar Minna 大家的日语_第二版_初级2学习辅导书3A出版社 batch_09 kept_needs_explanation auto_completed
7dcb2ef4adf3e931,Minna,大家的日语（第二版）初级2学习辅导书3A出版社,) 今相談しているところです 。,今相談しているところです。,動詞て形 + いる,正在...；处于...状态,表示动作进行、结果状态或习惯。,今、本を読ん（でいる）。,现在正在读书。,同类或相近表达请结合原书相似语法页复习。,状态/进行,batch_09,大家的日语（第二版）初级2学习辅导书3A出版社__part_09-04.png,body_heading,30,auto_completed,,jp_grammar Minna 大家的日语_第二版_初级2学习辅导书3A出版社 batch_09 kept_needs_explanation auto_completed
e838ac6fa5f17a58,Minna,大家的日语（第二版）初级2学习辅导书3A出版社,) たった今出たところです 。,たった今出たところです。,接续：たった今出たところです。。按原书条目和句中词形使用。,即使...也；刚...,可表示做了前项后发现某结果，也可表示逆接条件。,この文では（たった今出たところです）の使い方を確認します。,这句话用于确认“たった今出たところです。”的用法。,同类或相近表达请结合原书相似语法页复习。,时间/逆接,batch_09,大家的日语（第二版）初级2学习辅导书3A出版社__part_09-04.png,body_heading,30,needs_manual_review,,jp_grammar Minna 大家的日语_第二版_初级2学习辅导书3A出版社 batch_09 needs_manual_review auto_completed
e20c7f14555f3b2d,Minna,大家的日语（第二版）初级2学习辅导书3A出版社,) 今寝たところです 。,今寝たところです。,接续：今寝たところです。。按原书条目和句中词形使用。,即使...也；刚...,可表示做了前项后发现某结果，也可表示逆接条件。,この文では（今寝たところです）の使い方を確認します。,这句话用于确认“今寝たところです。”的用法。,同类或相近表达请结合原书相似语法页复习。,时间/逆接,batch_09,大家的日语（第二版）初级2学习辅导书3A出版社__part_09-04.png,body_heading,30,needs_manual_review,,jp_grammar Minna 大家的日语_第二版_初级2学习辅导书3A出版社 batch_09 needs_manual_review auto_completed
cb23c97423788976,Minna,大家的日语（第二版）初级2学习辅导书3A出版社,) ちょうど終わったところです 。,ちょうど終わったところです。,接续：ちょうど終わったところです。。按原书条目和句中词形使用。,即使...也；刚...,可表示做了前项后发现某结果，也可表示逆接条件。,この文では（ちょうど終わったところです）の使い方を確認します。,这句话用于确认“ちょうど終わったところです。”的用法。,同类或相近表达请结合原书相似语法页复习。,时间/逆接,batch_09,大家的日语（第二版）初级2学习辅导书3A出版社__part_09-04.png,body_heading,30,needs_manual_review,,jp_grammar Minna 大家的日语_第二版_初级2学习辅导书3A出版社 batch_09 needs_manual_review auto_completed
091319bbccdd8f5c,Minna,大家的日语（第二版）初级2学习辅导书3A出版社,) たった今着いたところです 。,たった今着いたところです。,接续：たった今着いたところです。。按原书条目和句中词形使用。,即使...也；刚...,可表示做了前项后发现某结果，也可表示逆接条件。,この文では（たった今着いたところです）の使い方を確認します。,这句话用于确认“たった今着いたところです。”的用法。,同类或相近表达请结合原书相似语法页复习。,时间/逆接,batch_09,大家的日语（第二版）初级2学习辅导书3A出版社__part_09-04.png,body_heading,30,needs_manual_review,,jp_grammar Minna 大家的日语_第二版_初级2学习辅导书3A出版社 batch_09 needs_manual_review auto_completed
652b1ce7dabef8c3,Minna,大家的日语（第二版）初级2学习辅导书3A出版社,) 電車に乗ったところなんです 。,電車に乗ったところなんです。,接续：電車に乗ったところなんです。。按原书条目和句中词形使用。,即使...也；刚...,可表示做了前项后发现某结果，也可表示逆接条件。,この文では（電車に乗ったところなんです）の使い方を確認します。,这句话用于确认“電車に乗ったところなんです。”的用法。,同类或相近表达请结合原书相似语法页复习。,时间/逆接,batch_09,大家的日语（第二版）初级2学习辅导书3A出版社__part_09-04.png,body_heading,30,needs_manual_review,,jp_grammar Minna 大家的日语_第二版_初级2学习辅导书3A出版社 batch_09 needs_manual_review auto_completed
6fb1f169474a11f2,Minna,大家的日语（第二版）初级2学习辅导书3A出版社,) いいえ 、 勉強を始めたばかりです 。,いいえ、勉強を始めたばかりです。,普通形 + か,刚刚；光是,可表示动作刚完成，也可表示限定或偏向。,彼が来る（か）分かりません。,不知道他是否会来。,同类或相近表达请结合原书相似语法页复习。,时间/限定,batch_09,大家的日语（第二版）初级2学习辅导书3A出版社__part_09-04.png,body_heading,30,needs_manual_review,,jp_grammar Minna 大家的日语_第二版_初级2学习辅导书3A出版社 batch_09 needs_manual_review auto_completed
2d68025f3d2cb0e8,Minna,大家的日语（第二版）初级2学习辅导书3A出版社,) はい 、 この間行ったばかりです 。,はい、この間行ったばかりです。,動詞普通形 / 名詞の + 間,刚刚；光是,可表示动作刚完成，也可表示限定或偏向。,母が料理している（間）、私は宿題をした。,妈妈做饭期间，我写了作业。,同类或相近表达请结合原书相似语法页复习。,时间/限定,batch_09,大家的日语（第二版）初级2学习辅导书3A出版社__part_09-04.png,body_heading,30,needs_manual_review,,jp_grammar Minna 大家的日语_第二版_初级2学习辅导书3A出版社 batch_09 needs_manual_review auto_completed
0f664f886e7814e5,Minna,大家的日语（第二版）初级2学习辅导书3A出版社,) 出席の返事をもらいましたから 、 来るはずです 。,出席の返事をもらいましたから、来るはずです。,普通形 + か,按理应该,根据已知事实推断某事理应如此。,彼が来る（か）分かりません。,不知道他是否会来。,同类或相近表达请结合原书相似语法页复习。,推量,batch_09,大家的日语（第二版）初级2学习辅导书3A出版社__part_09-04.png,body_heading,30,needs_manual_review,,jp_grammar Minna 大家的日语_第二版_初级2学习辅导书3A出版社 batch_09 needs_manual_review auto_completed
12ca1d55d41a120e,Minna,大家的日语（第二版）初级2学习辅导书3A出版社,) いつも込んでいますから 、 おいしいはずです 。,いつも込んでいますから、おいしいはずです。,普通形 + か,按理应该,根据已知事实推断某事理应如此。,彼が来る（か）分かりません。,不知道他是否会来。,同类或相近表达请结合原书相似语法页复习。,推量,batch_09,大家的日语（第二版）初级2学习辅导书3A出版社__part_09-04.png,body_heading,30,needs_manual_review,,jp_grammar Minna 大家的日语_第二版_初级2学习辅导书3A出版社 batch_09 needs_manual_review auto_completed
7c53f3a89e2e26b4,Minna,大家的日语（第二版）初级2学习辅导书3A出版社,) 美術を勉強していますから 、 上手なはずです 。,美術を勉強していますから、上手なはずです。,普通形 + か,按理应该,根据已知事实推断某事理应如此。,彼が来る（か）分かりません。,不知道他是否会来。,同类或相近表达请结合原书相似语法页复习。,推量,batch_09,大家的日语（第二版）初级2学习辅导书3A出版社__part_09-04.png,body_heading,30,needs_manual_review,,jp_grammar Minna 大家的日语_第二版_初级2学习辅导书3A出版社 batch_09 needs_manual_review auto_completed
9e52922baf692b95,Minna,大家的日语（第二版）初级2学习辅导书3A出版社,) ① 一人で来られる ① 来られる ② まえに来たことがあリます,一人で来られる 1 来られる 2 まえに来たことがあリます,名詞 + が / 普通形 + が,但是；主语标记,可表示主语，也可连接前后相反或铺垫内容。,値段は高い（が）、品質はいい。,价格高，但是质量好。,同类或相近表达请结合原书相似语法页复习。,助词/逆接,batch_09,大家的日语（第二版）初级2学习辅导书3A出版社__part_09-05.png,body_heading,30,auto_completed,,jp_grammar Minna 大家的日语_第二版_初级2学习辅导书3A出版社 batch_09 kept_needs_explanation auto_completed
1b7a8bbf4547ba9d,Minna,大家的日语（第二版）初级2学习辅导书3A出版社,) 子どもの声がしますね 。,子どもの声がしますね。,名詞 + が / 普通形 + が,但是；主语标记,可表示主语，也可连接前后相反或铺垫内容。,値段は高い（が）、品質はいい。,价格高，但是质量好。,同类或相近表达请结合原书相似语法页复习。,助词/逆接,batch_09,大家的日语（第二版）初级2学习辅导书3A出版社__part_09-05.png,body_heading,30,auto_completed,,jp_grammar Minna 大家的日语_第二版_初级2学习辅导书3A出版社 batch_09 kept_needs_explanation auto_completed
33c493ccb2f4ba10,Minna,大家的日语（第二版）初级2学习辅导书3A出版社,) 庭に猫がいるようですから,庭に猫がいるようですから,普通形 + か,是否；或者；疑问,表示疑问、不确定或选择。,彼が来る（か）分かりません。,不知道他是否会来。,同类或相近表达请结合原书相似语法页复习。,疑问/选择,batch_09,大家的日语（第二版）初级2学习辅导书3A出版社__part_09-05.png,body_heading,30,auto_completed,,jp_grammar Minna 大家的日语_第二版_初级2学习辅导书3A出版社 batch_09 kept_needs_explanation auto_completed
aaaf7d9503967ca2,Minna,大家的日语（第二版）初级2学习辅导书3A出版社,) ① アメリカで飛行機が落ちた ② 詳しいことはまだわからない,アメリカで飛行機が落ちた 2 詳しいことはまだわからない,普通形 + か,是否；或者；疑问,表示疑问、不确定或选择。,彼が来る（か）分かりません。,不知道他是否会来。,同类或相近表达请结合原书相似语法页复习。,疑问/选择,batch_09,大家的日语（第二版）初级2学习辅导书3A出版社__part_09-06.png,body_heading,30,auto_completed,,jp_grammar Minna 大家的日语_第二版_初级2学习辅导书3A出版社 batch_09 kept_needs_explanation auto_completed
1494d27c22d7f305,Minna,大家的日语（第二版）初级2学习辅导书3A出版社,) きようのスケジュールをご説明します 。,きようのスケジュールをご,普通形 + の,名词化；所属；说明,可表示所属、名词化，或替代前面提到的名词。,走る（の）が好きです。,我喜欢跑步。,同类或相近表达请结合原书相似语法页复习。,名词化/助词,batch_09,大家的日语（第二版）初级2学习辅导书3A出版社__part_09-08.png,body_heading,30,auto_completed,,jp_grammar Minna 大家的日语_第二版_初级2学习辅导书3A出版社 batch_09 kept_needs_explanation auto_completed
fc74a6c34cd127fa,Minna,大家的日语（第二版）初级2学习辅导书3A出版社,) 電車の時間をお調べしましようか 。,電車の時間をお調べしましようか。,動詞普通形 / 名詞の + 間,在...期间,表示某动作或状态持续的整个期间。,母が料理している（間）、私は宿題をした。,妈妈做饭期间，我写了作业。,同类或相近表达请结合原书相似语法页复习。,时间,batch_09,大家的日语（第二版）初级2学习辅导书3A出版社__part_09-08.png,body_heading,30,auto_completed,,jp_grammar Minna 大家的日语_第二版_初级2学习辅导书3A出版社 batch_09 kept_needs_explanation auto_completed
70aabfb6cdff690d,Minna,大家的日语（第二版）初级2学习辅导书3A出版社,) できます / できる,できます/できる,接续：できます/できる。按原书条目和句中词形使用。,表示「できます」这一语法形式或助词用法,用于练习「できます/できる」在句中的形式和基本功能；具体语义需结合前后文判断。,この文では（できます）の使い方を確認します。,这句话用于确认“できます/できる”的用法。,同类或相近表达请结合原书相似语法页复习。,形式/用法,batch_09,大家的日语（第二版）初级2学习辅导书3A出版社__part_09-11.png,body_heading,25,auto_completed,,jp_grammar Minna 大家的日语_第二版_初级2学习辅导书3A出版社 batch_09 kept_needs_explanation auto_completed
af38966a75b08814,Minna,大家的日语（第二版）初级2学习辅导书3A出版社,) 子どものとき 、 泳げませんでした,子どものとき、泳げませんでした,普通形 + の,...的时候,表示动作或状态发生的时间。,走る（の）が好きです。,我喜欢跑步。,同类或相近表达请结合原书相似语法页复习。,时间,batch_09,大家的日语（第二版）初级2学习辅导书3A出版社__part_09-11.png,body_heading,30,needs_manual_review,,jp_grammar Minna 大家的日语_第二版_初级2学习辅导书3A出版社 batch_09 needs_manual_review auto_completed
442df1cc490eb0f5,Minna,大家的日语（第二版）初级2学习辅导书3A出版社,) は / 見えますは / 見えません,は/見えますは/見えません,接续：は/見えますは/見えません。按原书条目和句中词形使用。,表示「は」这一语法形式或助词用法,用于练习「は/見えますは/見えません」在句中的形式和基本功能；具体语义需结合前后文判断。,この文では（は）の使い方を確認します。,这句话用于确认“は/見えますは/見えません”的用法。,同类或相近表达请结合原书相似语法页复习。,形式/用法,batch_09,大家的日语（第二版）初级2学习辅导书3A出版社__part_09-11.png,body_heading,25,auto_completed,,jp_grammar Minna 大家的日语_第二版_初级2学习辅导书3A出版社 batch_09 kept_needs_explanation auto_completed
1f24718ec8084208,Minna,大家的日语（第二版）初级2学习辅导书3A出版社,) は / 飼えますは / 飼えません,は/飼えますは/飼えません,接续：は/飼えますは/飼えません。按原书条目和句中词形使用。,表示「は」这一语法形式或助词用法,用于练习「は/飼えますは/飼えません」在句中的形式和基本功能；具体语义需结合前后文判断。,この文では（は）の使い方を確認します。,这句话用于确认“は/飼えますは/飼えません”的用法。,同类或相近表达请结合原书相似语法页复习。,形式/用法,batch_09,大家的日语（第二版）初级2学习辅导书3A出版社__part_09-11.png,body_heading,25,auto_completed,,jp_grammar Minna 大家的日语_第二版_初级2学习辅导书3A出版社 batch_09 kept_needs_explanation auto_completed
a91101d100c95bc2,Minna,大家的日语（第二版）初级2学习辅导书3A出版社,) ピアノを弾きながら歌えますか 。,ピアノを弾きながら歌えますか。,動詞ます形 + ながら,一边...一边...,表示两个动作同时进行。,音楽を聞き（ながら）、勉強します。,一边听音乐一边学习。,同类或相近表达请结合原书相似语法页复习。,同时,batch_09,大家的日语（第二版）初级2学习辅导书3A出版社__part_09-11.png,body_heading,30,auto_completed,,jp_grammar Minna 大家的日语_第二版_初级2学习辅导书3A出版社 batch_09 kept_needs_explanation auto_completed
6b51bc0470cb8533,Minna,大家的日语（第二版）初级2学习辅导书3A出版社,) テレビを見ながらごはんを食べます,テレビを見ながらごはんを食べます,動詞ます形 + ながら,一边...一边...,表示两个动作同时进行。,音楽を聞き（ながら）、勉強します。,一边听音乐一边学习。,同类或相近表达请结合原书相似语法页复习。,同时,batch_09,大家的日语（第二版）初级2学习辅导书3A出版社__part_09-12.png,body_heading,30,auto_completed,,jp_grammar Minna 大家的日语_第二版_初级2学习辅导书3A出版社 batch_09 kept_needs_explanation auto_completed
17594d536d1bf054,Minna,大家的日语（第二版）初级2学习辅导书3A出版社,) 音楽を聞きながら勉強します4 ) 歌いながら踊ります,音楽を聞きながら勉強します4)歌いながら踊ります,動詞ます形 + ながら,一边...一边...,表示两个动作同时进行。,音楽を聞き（ながら）、勉強します。,一边听音乐一边学习。,同类或相近表达请结合原书相似语法页复习。,同时,batch_09,大家的日语（第二版）初级2学习辅导书3A出版社__part_09-12.png,body_heading,30,auto_completed,,jp_grammar Minna 大家的日语_第二版_初级2学习辅导书3A出版社 batch_09 kept_needs_explanation auto_completed
6df429b965252e2e,Minna,大家的日语（第二版）初级2学习辅导书3A出版社,) 食べています / 飲みませんでした,食べています/飲みませんでした,接续：食べています/飲みませんでした。按原书条目和句中词形使用。,表示「食べています」这一语法形式或助词用法,用于练习「食べています/飲みませんでした」在句中的形式和基本功能；具体语义需结合前后文判断。,この文では（食べています）の使い方を確認します。,这句话用于确认“食べています/飲みませんでした”的用法。,同类或相近表达请结合原书相似语法页复习。,形式/用法,batch_09,大家的日语（第二版）初级2学习辅导书3A出版社__part_09-12.png,body_heading,25,auto_completed,,jp_grammar Minna 大家的日语_第二版_初级2学习辅导书3A出版社 batch_09 kept_needs_explanation auto_completed
3530f93bd7b17db2,Minna,大家的日语（第二版）初级2学习辅导书3A出版社,) ジョギングをしています / 泳ぎました,ジョギングをしています/泳ぎました,接续：ジョギングをしています/泳ぎました。按原书条目和句中词形使用。,表示「ジョギングをしています」这一语法形式或助词用法,用于练习「ジョギングをしています/泳ぎました」在句中的形式和基本功能；具体语义需结合前后文判断。,この文では（ジョギングをしています）の使い方を確認します。,这句话用于确认“ジョギングをしています/泳ぎました”的用法。,同类或相近表达请结合原书相似语法页复习。,形式/用法,batch_09,大家的日语（第二版）初级2学习辅导书3A出版社__part_09-12.png,body_heading,25,auto_completed,,jp_grammar Minna 大家的日语_第二版_初级2学习辅导书3A出版社 batch_09 kept_needs_explanation auto_completed
63a023ed89a0cbbf,Minna,大家的日语（第二版）初级2学习辅导书3A出版社,) 手伝ってもらうつもりです2 ) 帰らないつもリです,手伝ってもらうつもりです2)帰らないつもリです,動詞て形 / い形容詞くて + も,打算；自以为,表示计划、意图，或说话人主观认为如此。,雨が降っ（ても）、行きます。,即使下雨也去。,同类或相近表达请结合原书相似语法页复习。,意志/判断,batch_09,大家的日语（第二版）初级2学习辅导书3A出版社__part_09-15.png,body_heading,30,needs_manual_review,,jp_grammar Minna 大家的日语_第二版_初级2学习辅导书3A出版社 batch_09 needs_manual_review auto_completed
7175207be0494638,Minna,大家的日语（第二版）初级2学习辅导书3A出版社,) 出かけるつもりです4 ) 持って行かないつもリです,出かけるつもりです4)持って行かないつもリです,普通形 + か,打算；自以为,表示计划、意图，或说话人主观认为如此。,彼が来る（か）分かりません。,不知道他是否会来。,同类或相近表达请结合原书相似语法页复习。,意志/判断,batch_09,大家的日语（第二版）初级2学习辅导书3A出版社__part_09-15.png,body_heading,30,needs_manual_review,,jp_grammar Minna 大家的日语_第二版_初级2学习辅导书3A出版社 batch_09 needs_manual_review auto_completed
3b6be0ec79bca823,Minna,大家的日语（第二版）初级2学习辅导书3A出版社,) 読みます / 使ってはいけない,読みます/使ってはいけない,接续：読みます/使ってはいけない。按原书条目和句中词形使用。,不可以...,表示禁止。,この文では（読みます）の使い方を確認します。,这句话用于确认“読みます/使ってはいけない”的用法。,同类或相近表达请结合原书相似语法页复习。,禁止,batch_09,大家的日语（第二版）初级2学习辅导书3A出版社__part_09-17.png,body_heading,25,needs_manual_review,,jp_grammar Minna 大家的日语_第二版_初级2学习辅导书3A出版社 batch_09 needs_manual_review auto_completed
12a896ea7d26bbf0,Minna,大家的日语（第二版）初级2学习辅导书3A出版社,) 読みます / 壊れている2 ) 書いてあります / お金を払わなくてもいい,読みます/壊れている2)書いてあります/お金を払わなくてもいい,動詞て形 + いる,不...也可以,表示没有必要做某事。,今、本を読ん（でいる）。,现在正在读书。,同类或相近表达请结合原书相似语法页复习。,不必要,batch_09,大家的日语（第二版）初级2学习辅导书3A出版社__part_09-17.png,body_heading,25,needs_manual_review,,jp_grammar Minna 大家的日语_第二版_初级2学习辅导书3A出版社 batch_09 needs_manual_review auto_completed
df5c945408b7456d,Minna,大家的日语（第二版）初级2学习辅导书3A出版社,) 鈴木さん / きようは会議がない,鈴木さん/きようは会議がない,名詞 + が / 普通形 + が,但是；主语标记,可表示主语，也可连接前后相反或铺垫内容。,値段は高い（が）、品質はいい。,价格高，但是质量好。,同类或相近表达请结合原书相似语法页复习。,助词/逆接,batch_09,大家的日语（第二版）初级2学习辅导书3A出版社__part_09-18.png,body_heading,30,auto_completed,,jp_grammar Minna 大家的日语_第二版_初级2学习辅导书3A出版社 batch_09 kept_needs_explanation auto_completed
a1b89fa68a3c1322,Minna,大家的日语（第二版）初级2学习辅导书3A出版社,) 夜寝ないで 、 勉強したことがあリますか 。,夜寝ないで、勉強したことがあリますか。,動詞ない形 + で,不...而...,表示不做前项而做后项。,傘を持た（ないで）、出かけた。,没带伞就出门了。,同类或相近表达请结合原书相似语法页复习。,否定/伴随,batch_09,大家的日语（第二版）初级2学习辅导书3A出版社__part_09-18.png,body_heading,30,auto_completed,,jp_grammar Minna 大家的日语_第二版_初级2学习辅导书3A出版社 batch_09 kept_needs_explanation auto_completed
317e72e33eb6d8fa,Minna,大家的日语（第二版）初级2学习辅导书3A出版社,) 持たないで2 ) 話しながら3 ) して,持たないで2)話しながら3)して,動詞ます形 + ながら,一边...一边...,表示两个动作同时进行。,音楽を聞き（ながら）、勉強します。,一边听音乐一边学习。,同类或相近表达请结合原书相似语法页复习。,同时,batch_09,大家的日语（第二版）初级2学习辅导书3A出版社__part_09-19.png,body_heading,30,auto_completed,,jp_grammar Minna 大家的日语_第二版_初级2学习辅导书3A出版社 batch_09 kept_needs_explanation auto_completed
3a35c1dee40ea02c,Minna,大家的日语（第二版）初级2学习辅导书3A出版社,) 仕事の ( 仕事をした ) / ビールを飲みました,仕事の(仕事をした)/ビールを飲みました,普通形 + の,名词化；所属；说明,可表示所属、名词化，或替代前面提到的名词。,走る（の）が好きです。,我喜欢跑步。,同类或相近表达请结合原书相似语法页复习。,名词化/助词,batch_09,大家的日语（第二版）初级2学习辅导书3A出版社__part_09-19.png,body_heading,25,auto_completed,,jp_grammar Minna 大家的日语_第二版_初级2学习辅导书3A出版社 batch_09 kept_needs_explanation auto_completed
4aedf78b96db6d6f,Minna,大家的日语（第二版）初级2学习辅导书3A出版社,) 病気にならないように,病気にならないように,接续：病気にならないように。按原书条目和句中词形使用。,为了能...；像...一样,可表示目的、愿望、变化目标或比喻。,この文では（病気にならないように）の使い方を確認します。,这句话用于确认“病気にならないように”的用法。,同类或相近表达请结合原书相似语法页复习。,目的/样态,batch_09,大家的日语（第二版）初级2学习辅导书3A出版社__part_09-20.png,body_heading,30,needs_manual_review,,jp_grammar Minna 大家的日语_第二版_初级2学习辅导书3A出版社 batch_09 needs_manual_review auto_completed
d42437715e1bd13c,Minna,大家的日语（第二版）初级2学习辅导书3A出版社,) 日本語のニュースがわかるようになりましたか 。,日本語のニュースがわかるようになりましたか。,普通形 + か,为了能...；像...一样,可表示目的、愿望、变化目标或比喻。,彼が来る（か）分かりません。,不知道他是否会来。,同类或相近表达请结合原书相似语法页复习。,目的/样态,batch_09,大家的日语（第二版）初级2学习辅导书3A出版社__part_09-20.png,body_heading,30,needs_manual_review,,jp_grammar Minna 大家的日语_第二版_初级2学习辅导书3A出版社 batch_09 needs_manual_review auto_completed
4660c340d5e2b234,Minna,大家的日语（第二版）初级2学习辅导书3A出版社,にくりようりさかな,にくりようりさかな,普通形 + か,是否；或者；疑问,表示疑问、不确定或选择。,彼が来る（か）分かりません。,不知道他是否会来。,同类或相近表达请结合原书相似语法页复习。,疑问/选择,batch_09,大家的日语（第二版）初级2学习辅导书3A出版社__part_09-20.png,body_heading,30,auto_completed,,jp_grammar Minna 大家的日语_第二版_初级2学习辅导书3A出版社 batch_09 kept_needs_explanation auto_completed
f88bff940c095d4e,Minna,大家的日语（第二版）初级2学习辅导书3A出版社,てやっとおいしい物が作れるようになリ,てやっとおいしい物が作れるようになリ,名詞 + が / 普通形 + が,为了能...；像...一样,可表示目的、愿望、变化目标或比喻。,値段は高い（が）、品質はいい。,价格高，但是质量好。,同类或相近表达请结合原书相似语法页复习。,目的/样态,batch_09,大家的日语（第二版）初级2学习辅导书3A出版社__part_09-21.png,body_heading,30,needs_manual_review,,jp_grammar Minna 大家的日语_第二版_初级2学习辅导书3A出版社 batch_09 needs_manual_review auto_completed
e42b4e2490e6cf3a,Minna,大家的日语（第二版）初级2学习辅导书3A出版社,) 泳げる2 ) 治る3 ) ならない4 ) 忘れないショパンの曲が弾ける / 弾けるようになリました,泳げる2)治る3)ならない4)忘れないショパンの曲が弾ける/弾けるようになリました,名詞 + が / 普通形 + が,为了能...；像...一样,可表示目的、愿望、变化目标或比喻。,値段は高い（が）、品質はいい。,价格高，但是质量好。,同类或相近表达请结合原书相似语法页复习。,目的/样态,batch_09,大家的日语（第二版）初级2学习辅导书3A出版社__part_09-21.png,body_heading,30,needs_manual_review,,jp_grammar Minna 大家的日语_第二版_初级2学习辅导书3A出版社 batch_09 needs_manual_review auto_completed
ca86cd9cad0bbc02,Minna,大家的日语（第二版）初级2学习辅导书3A出版社,) 女 : 高橋さん 、 何かいいことがあったんですか 。,女:高橋さん、何かいいことがあったんですか。,普通形 + か,是否；或者；疑问,表示疑问、不确定或选择。,彼が来る（か）分かりません。,不知道他是否会来。,同类或相近表达请结合原书相似语法页复习。,疑问/选择,batch_09,大家的日语（第二版）初级2学习辅导书3A出版社__part_09-22.png,body_heading,30,auto_completed,,jp_grammar Minna 大家的日语_第二版_初级2学习辅导书3A出版社 batch_09 kept_needs_explanation auto_completed
36dd934b47888ff3,Minna,大家的日语（第二版）初级2学习辅导书3A出版社,のはいだいじようぶ,のはいだいじようぶ,普通形 + の,名词化；所属；说明,可表示所属、名词化，或替代前面提到的名词。,走る（の）が好きです。,我喜欢跑步。,同类或相近表达请结合原书相似语法页复习。,名词化/助词,batch_09,大家的日语（第二版）初级2学习辅导书3A出版社__part_09-22.png,body_heading,30,auto_completed,,jp_grammar Minna 大家的日语_第二版_初级2学习辅导书3A出版社 batch_09 kept_needs_explanation auto_completed
061a880826198be6,N2,日语蓝宝书_N2,"～ きり 」 述可以表示 “ 仗イ又 , 只有 ” 。","～ きり」述可以表示 “ 仗イ又 , 只有 ”。","接续：～ きり」述可以表示 “ 仗イ又 , 只有 ”。。按原书条目和句中词形使用。",自从...以后就一直...,表示某动作后，状态持续不变，常带有之后没有再发生的意思。,"この文では（きり」述可以表示 “ 仗イ又 , 只有 ”）の使い方を確認します。","这句话用于确认“～ きり」述可以表示 “ 仗イ又 , 只有 ”。”的用法。",同类或相近表达请结合原书相似语法页复习。,时间/持续,batch_09,日语蓝宝书_N2__part_09-01.png,body_heading,50,auto_enriched,,jp_grammar N2 日语蓝宝书_N2 batch_09 auto_enriched auto_completed
657da95bcf30f672,N2,日语蓝宝书_N2,～ がわかる 」 等形式 。 述可以,～ がわかる」等形式。述可以,普通形 + か,是否；或者；疑问,表示疑问、不确定或选择。,彼が来る（か）分かりません。,不知道他是否会来。,同类或相近表达请结合原书相似语法页复习。,疑问/选择,batch_09,日语蓝宝书_N2__part_09-02.png,body_heading,50,auto_completed,,jp_grammar N2 日语蓝宝书_N2 batch_09 kept_needs_explanation auto_completed
cb2e119bf14ce517,N2,日语蓝宝书_N2,「 ～ たびに 」,「～ たびに」,動詞辞書形 / 名詞の + たびに,每当...就,表示每次发生前项时，都会发生后项。,この歌を聞く（たびに）、学生時代を思い出す。,每次听这首歌都会想起学生时代。,同类或相近表达请结合原书相似语法页复习。,时间/反复,batch_09,日语蓝宝书_N2__part_09-04.png,body_heading,50,auto_enriched,,jp_grammar N2 日语蓝宝书_N2 batch_09 auto_enriched auto_completed
923d6205acd56e5b,N2,日语蓝宝书_N2,～ つつも / ～ ながらも,～ つつも,動詞ます形 + つつも,虽然...但是,书面语，表示一边承认前项，一边出现相反后项。,悪いと知り（つつも）、やめられない。,虽然知道不好，却停不下来。,同类或相近表达请结合原书相似语法页复习。,逆接,batch_09,日语蓝宝书_N2__part_09-05.png,body_heading,50,auto_completed,,jp_grammar N2 日语蓝宝书_N2 batch_09 kept_needs_explanation auto_completed
da6733ead98ae030,N2,日语蓝宝书_N2,～ つつも / ～ ながらも,～ ながらも,動詞ます形 / い形容詞 / な形容詞語幹 + ながらも,虽然...但是,表示承认前项事实，同时后项出现与其相反或不相称的结果。,狭い（ながらも）、住みやすい部屋です。,虽然小，但是是个好住的房间。,同类或相近表达请结合原书相似语法页复习。,逆接,batch_09,日语蓝宝书_N2__part_09-05.png,body_heading,65,auto_enriched,,jp_grammar N2 日语蓝宝书_N2 batch_09 auto_enriched auto_completed
06f134eb23f0d588,N2,日语蓝宝书_N2,～ っこない / ～ ものか,～ っこない,接续：～ っこない。按原书条目和句中词形使用。,表示「っこない」这一语法形式或助词用法,用于练习「～ っこない」在句中的形式和基本功能；具体语义需结合前后文判断。,この文では（っこない）の使い方を確認します。,这句话用于确认“～ っこない”的用法。,同类或相近表达请结合原书相似语法页复习。,形式/用法,batch_09,日语蓝宝书_N2__part_09-05.png,body_heading,50,auto_completed,,jp_grammar N2 日语蓝宝书_N2 batch_09 kept_needs_explanation auto_completed
8dc55428075bc095,N2,日语蓝宝书_N2,～ っこない / ～ ものか,～ ものか,普通形 + か,是否；或者；疑问,表示疑问、不确定或选择。,彼が来る（か）分かりません。,不知道他是否会来。,同类或相近表达请结合原书相似语法页复习。,疑问/选择,batch_09,日语蓝宝书_N2__part_09-05.png,body_heading,65,auto_completed,,jp_grammar N2 日语蓝宝书_N2 batch_09 kept_needs_explanation auto_completed
e54cf4a15c304e97,N2,日语蓝宝书_N2,～ てからでないと / ～ てはじめて / ～ ないことには,～ てからでないと,動詞て形 + からでないと / からでなければ,不...之后就不能,表示必须先完成前项，后项才可能成立。,実物を見（てからでないと）、決められません。,不看过实物之后，就不能决定。,同类或相近表达请结合原书相似语法页复习。,条件/顺序,batch_09,日语蓝宝书_N2__part_09-05.png,body_heading,50,auto_completed,,jp_grammar N2 日语蓝宝书_N2 batch_09 kept_needs_explanation auto_completed
5780a1558808a288,N2,日语蓝宝书_N2,【 辨析 】 不詞点 : 「 ～ ものか 」 : 前面接 「 動 / ナ形 / イ形の名詞修飾形 」,【 辨析 】 不詞点:「～ ものか」:前面接「動/ナ形/イ形の,普通形 + か,是否；或者；疑问,表示疑问、不确定或选择。,彼が来る（か）分かりません。,不知道他是否会来。,同类或相近表达请结合原书相似语法页复习。,疑问/选择,batch_09,日语蓝宝书_N2__part_09-05.png,body_heading,75,auto_completed,,jp_grammar N2 日语蓝宝书_N2 batch_09 kept_needs_explanation auto_completed
1fe70254ff78eda2,N2,日语蓝宝书_N2,「 ～ つつも 」,「～ つつも」,動詞ます形 + つつも,虽然...但是,书面语，表示一边承认前项，一边出现相反后项。,悪いと知り（つつも）、やめられない。,虽然知道不好，却停不下来。,同类或相近表达请结合原书相似语法页复习。,逆接,batch_09,日语蓝宝书_N2__part_09-05.png,body_heading,50,auto_completed,,jp_grammar N2 日语蓝宝书_N2 batch_09 kept_needs_explanation auto_completed
8ac2a16e7a07b6f6,N2,日语蓝宝书_N2,「 ～ てからでないと 」,「～ てからでないと」,動詞て形 + からでないと / からでなければ,不...之后就不能,表示必须先完成前项，后项才可能成立。,実物を見（てからでないと）、決められません。,不看过实物之后，就不能决定。,同类或相近表达请结合原书相似语法页复习。,条件/顺序,batch_09,日语蓝宝书_N2__part_09-06.png,body_heading,50,auto_completed,,jp_grammar N2 日语蓝宝书_N2 batch_09 kept_needs_explanation auto_completed
c6af1cc42c350919,N2,日语蓝宝书_N2,「 ～ てしようがない 」,「～ てしようがない」,動詞て形 / い形容詞くて / な形容詞で + しようがない,非常...；...得不得了,表示感情或感觉强烈到无法控制。,試験の結果が気になっ（てしようがない）。,非常在意考试结果。,同类或相近表达请结合原书相似语法页复习。,程度,batch_09,日语蓝宝书_N2__part_09-06.png,body_heading,65,auto_completed,,jp_grammar N2 日语蓝宝书_N2 batch_09 kept_needs_explanation auto_completed
aec67f371a144aac,N2,日语蓝宝书_N2,「 ～ どころか 」,「～ どころか」,普通形 / 名詞 + どころか,别说...就连；不但不...反而,表示实际情况与前项程度相差很大，常用于强调。,漢字（どころか）、ひらがなもまだ読めません。,别说汉字了，连平假名还读不了。,同类或相近表达请结合原书相似语法页复习。,递进/反差,batch_09,日语蓝宝书_N2__part_09-07.png,body_heading,50,auto_completed,,jp_grammar N2 日语蓝宝书_N2 batch_09 kept_needs_explanation auto_completed
cce1f4f72cec4fb1,N2,日语蓝宝书_N2,「 ～ ところに / ～ ところへ 」,「～ ところに,接续：「～ ところに。按原书条目和句中词形使用。,正在...的时候,表示某动作或状态发生的时间点，后项多为突然发生的事情。,この文では（「～ ところに）の使い方を確認します。,这句话用于确认“「～ ところに”的用法。,同类或相近表达请结合原书相似语法页复习。,时间,batch_09,日语蓝宝书_N2__part_09-07.png,body_heading,65,auto_enriched,,jp_grammar N2 日语蓝宝书_N2 batch_09 auto_enriched auto_completed
e8c055e18fa26a9e,N2,日语蓝宝书_N2,「 ～ ところに / ～ ところへ 」,～ ところへ」,接续：～ ところへ」。按原书条目和句中词形使用。,表示「ところへ」」这一语法形式或助词用法,用于练习「～ ところへ」」在句中的形式和基本功能；具体语义需结合前后文判断。,この文では（ところへ」）の使い方を確認します。,这句话用于确认“～ ところへ」”的用法。,同类或相近表达请结合原书相似语法页复习。,形式/用法,batch_09,日语蓝宝书_N2__part_09-07.png,body_heading,65,auto_completed,,jp_grammar N2 日语蓝宝书_N2 batch_09 kept_needs_explanation auto_completed
97aa2e9ebce7f913,N2,日语蓝宝书_N2,「 ～ としたら 」,「～ としたら」,接续：「～ としたら」。按原书条目和句中词形使用。,如果...的话,表示假定条件。,この文では（「～ としたら」）の使い方を確認します。,这句话用于确认“「～ としたら」”的用法。,同类或相近表达请结合原书相似语法页复习。,假定,batch_09,日语蓝宝书_N2__part_09-08.png,body_heading,50,auto_enriched,,jp_grammar N2 日语蓝宝书_N2 batch_09 auto_enriched auto_completed
b278950d38dbba68,N2,日语蓝宝书_N2,「 ～ にかかわらす 」,「～ にかかわらす」,普通形 + か,是否；或者；疑问,表示疑问、不确定或选择。,彼が来る（か）分かりません。,不知道他是否会来。,同类或相近表达请结合原书相似语法页复习。,疑问/选择,batch_09,日语蓝宝书_N2__part_09-08.png,body_heading,50,auto_completed,,jp_grammar N2 日语蓝宝书_N2 batch_09 kept_needs_explanation auto_completed
d38bf061cdf716ac,N2,日语蓝宝书_N2,「 ～ こかけては 」,「～ こかけては」,普通形 + か,是否；或者；疑问,表示疑问、不确定或选择。,彼が来る（か）分かりません。,不知道他是否会来。,同类或相近表达请结合原书相似语法页复习。,疑问/选择,batch_09,日语蓝宝书_N2__part_09-09.png,body_heading,50,auto_completed,,jp_grammar N2 日语蓝宝书_N2 batch_09 kept_needs_explanation auto_completed
cb29c611c68a490c,N2,日语蓝宝书_N2,～ にかけては 」 : 只能用在句中 。,～ にかけては」:只能用在句中。,普通形 + か,在...方面,表示在某方面特别优秀、突出或值得评价。,彼が来る（か）分かりません。,不知道他是否会来。,同类或相近表达请结合原书相似语法页复习。,范围/评价,batch_09,日语蓝宝书_N2__part_09-09.png,body_heading,50,auto_enriched,,jp_grammar N2 日语蓝宝书_N2 batch_09 auto_enriched auto_completed
38c885a273df549a,N2,日语蓝宝书_N2,「 ～ に応えて 」,「～ に応えて」,接续：「～ に応えて」。按原书条目和句中词形使用。,表示「「～ に応えて」」这一语法形式或助词用法,用于练习「「～ に応えて」」在句中的形式和基本功能；具体语义需结合前后文判断。,この文では（「～ に応えて」）の使い方を確認します。,这句话用于确认“「～ に応えて」”的用法。,同类或相近表达请结合原书相似语法页复习。,形式/用法,batch_09,日语蓝宝书_N2__part_09-09.png,body_heading,50,auto_completed,,jp_grammar N2 日语蓝宝书_N2 batch_09 kept_needs_explanation auto_completed
6918e8a1abc6ea27,N2,日语蓝宝书_N2,～ にしては / ～ わりに ( は ) ～ に基づいて / ～ をもとに ～ にわたって / ～ を通じて ～ はともかく ( として ) / ～ は別として,～ にしては,接续：～ にしては。按原书条目和句中词形使用。,表示「にしては」这一语法形式或助词用法,用于练习「～ にしては」在句中的形式和基本功能；具体语义需结合前后文判断。,この文では（にしては）の使い方を確認します。,这句话用于确认“～ にしては”的用法。,同类或相近表达请结合原书相似语法页复习。,形式/用法,batch_09,日语蓝宝书_N2__part_09-10.png,body_heading,50,auto_completed,,jp_grammar N2 日语蓝宝书_N2 batch_09 kept_needs_explanation auto_completed
9d9ccdcd7c4ef8c9,N2,日语蓝宝书_N2,～ にしては / ～ わりに ( は ) ～ に基づいて / ～ をもとに ～ にわたって / ～ を通じて ～ はともかく ( として ) / ～ は別として,～ わりに(は)～ に基づいて,普通形 / 名詞の + わりに,基于...,表示以前项为依据或基础。,値段の（わりに）、品質がいい。,按价格来说，质量不错。,同类或相近表达请结合原书相似语法页复习。,依据,batch_09,日语蓝宝书_N2__part_09-10.png,body_heading,50,auto_enriched,,jp_grammar N2 日语蓝宝书_N2 batch_09 auto_enriched auto_completed
c24daadae43d88ed,N2,日语蓝宝书_N2,～ にしては / ～ わりに ( は ) ～ に基づいて / ～ をもとに ～ にわたって / ～ を通じて ～ はともかく ( として ) / ～ は別として,～ をもとに,名詞 + をもとに,以...为基础,表示以后项为依据或素材进行创作、判断。,実話（をもとに）、映画が作られた。,电影是以真实故事为基础制作的。,同类或相近表达请结合原书相似语法页复习。,依据,batch_09,日语蓝宝书_N2__part_09-10.png,body_heading,50,auto_completed,,jp_grammar N2 日语蓝宝书_N2 batch_09 kept_needs_explanation auto_completed
447e2ec9864b8e5a,N2,日语蓝宝书_N2,～ にしては / ～ わりに ( は ) ～ に基づいて / ～ をもとに ～ にわたって / ～ を通じて ～ はともかく ( として ) / ～ は別として,～ にわたって,接续：～ にわたって。按原书条目和句中词形使用。,历经；涉及,表示时间、空间或范围很广。,この文では（にわたって）の使い方を確認します。,这句话用于确认“～ にわたって”的用法。,同类或相近表达请结合原书相似语法页复习。,范围,batch_09,日语蓝宝书_N2__part_09-10.png,body_heading,50,auto_enriched,,jp_grammar N2 日语蓝宝书_N2 batch_09 auto_enriched auto_completed
bcd901db22cc82b6,N2,日语蓝宝书_N2,～ にしては / ～ わりに ( は ) ～ に基づいて / ～ をもとに ～ にわたって / ～ を通じて ～ はともかく ( として ) / ～ は別として,～ を通じて,接续：～ を通じて。按原书条目和句中词形使用。,通过；整个期间,表示手段媒介，或在整个时间范围内。,この文では（を通じて）の使い方を確認します。,这句话用于确认“～ を通じて”的用法。,同类或相近表达请结合原书相似语法页复习。,手段/期间,batch_09,日语蓝宝书_N2__part_09-10.png,body_heading,50,auto_enriched,,jp_grammar N2 日语蓝宝书_N2 batch_09 auto_enriched auto_completed
f8f96d98a532c2cf,N2,日语蓝宝书_N2,～ べきではない / ～ ものではない,～ べきではない,接续：～ べきではない。按原书条目和句中词形使用。,应该,表示从常识、责任或道理上应当做某事。,この文では（べきではない）の使い方を確認します。,这句话用于确认“～ べきではない”的用法。,同类或相近表达请结合原书相似语法页复习。,义务,batch_09,日语蓝宝书_N2__part_09-10.png,body_heading,65,auto_enriched,,jp_grammar N2 日语蓝宝书_N2 batch_09 auto_enriched auto_completed
0163d07499c195a7,N2,日语蓝宝书_N2,～ をめぐって / ～ について,～ をめぐって,接续：～ をめぐって。按原书条目和句中词形使用。,围绕...,表示以某事为中心发生争论、讨论或动作。,この文では（をめぐって）の使い方を確認します。,这句话用于确认“～ をめぐって”的用法。,同类或相近表达请结合原书相似语法页复习。,主题,batch_09,日语蓝宝书_N2__part_09-10.png,body_heading,50,auto_enriched,,jp_grammar N2 日语蓝宝书_N2 batch_09 auto_enriched auto_completed
71a5d7ad371a88e7,N2,日语蓝宝书_N2,～ をめぐって / ～ について,～ について,接续：～ について。按原书条目和句中词形使用。,关于...,表示谈论、调查、说明等动作涉及的主题。,この文では（について）の使い方を確認します。,这句话用于确认“～ について”的用法。,同类或相近表达请结合原书相似语法页复习。,主题,batch_09,日语蓝宝书_N2__part_09-10.png,body_heading,50,auto_enriched,,jp_grammar N2 日语蓝宝书_N2 batch_09 auto_enriched auto_completed
06d81e89c3abb55c,N2,日语蓝宝书_N2,～ わけがない / ～ わけではない / ～ わけにはいかない,～ わけがない,名詞 + が / 普通形 + が,但是；主语标记,可表示主语，也可连接前后相反或铺垫内容。,値段は高い（が）、品質はいい。,价格高，但是质量好。,同类或相近表达请结合原书相似语法页复习。,助词/逆接,batch_09,日语蓝宝书_N2__part_09-10.png,body_heading,65,auto_completed,,jp_grammar N2 日语蓝宝书_N2 batch_09 kept_needs_explanation auto_completed
cb03eae979a27457,N2,日语蓝宝书_N2,～ わけがない / ～ わけではない / ～ わけにはいかない,～ わけではない,接续：～ わけではない。按原书条目和句中词形使用。,并不是...,用于部分否定，说明不是完全如此。,この文では（わけではない）の使い方を確認します。,这句话用于确认“～ わけではない”的用法。,同类或相近表达请结合原书相似语法页复习。,否定,batch_09,日语蓝宝书_N2__part_09-10.png,body_heading,65,auto_enriched,,jp_grammar N2 日语蓝宝书_N2 batch_09 auto_enriched auto_completed
25efda6b53bb8171,N2,日语蓝宝书_N2,～ わけがない / ～ わけではない / ～ わけにはいかない,～ わけにはいかない,動詞辞書形 + わけにはいかない,不能...；不可以...,表示从常识、责任或心理上不能做某事。,大事な会議なので、休む（わけにはいかない）。,因为是重要会议，不能休息。,同类或相近表达请结合原书相似语法页复习。,禁止/责任,batch_09,日语蓝宝书_N2__part_09-10.png,body_heading,65,auto_completed,,jp_grammar N2 日语蓝宝书_N2 batch_09 kept_needs_explanation auto_completed
b0d310e7b407a9c2,N2,日语蓝宝书_N2,～ ようで / ～ ようでは / ～ ようなら,～ ようで,接续：～ ようで。按原书条目和句中词形使用。,表示「ようで」这一语法形式或助词用法,用于练习「～ ようで」在句中的形式和基本功能；具体语义需结合前后文判断。,この文では（ようで）の使い方を確認します。,这句话用于确认“～ ようで”的用法。,同类或相近表达请结合原书相似语法页复习。,形式/用法,batch_09,日语蓝宝书_N2__part_09-10.png,body_heading,65,auto_completed,,jp_grammar N2 日语蓝宝书_N2 batch_09 kept_needs_explanation auto_completed
14356a7e3c3129e3,N2,日语蓝宝书_N2,～ ようで / ～ ようでは / ～ ようなら,～ ようでは,接续：～ ようでは。按原书条目和句中词形使用。,表示「ようでは」这一语法形式或助词用法,用于练习「～ ようでは」在句中的形式和基本功能；具体语义需结合前后文判断。,この文では（ようでは）の使い方を確認します。,这句话用于确认“～ ようでは”的用法。,同类或相近表达请结合原书相似语法页复习。,形式/用法,batch_09,日语蓝宝书_N2__part_09-10.png,body_heading,65,auto_completed,,jp_grammar N2 日语蓝宝书_N2 batch_09 kept_needs_explanation auto_completed
119daf83f10b3723,N2,日语蓝宝书_N2,～ ようで / ～ ようでは / ～ ようなら,～ ようなら,接续：～ ようなら。按原书条目和句中词形使用。,表示「ようなら」这一语法形式或助词用法,用于练习「～ ようなら」在句中的形式和基本功能；具体语义需结合前后文判断。,この文では（ようなら）の使い方を確認します。,这句话用于确认“～ ようなら”的用法。,同类或相近表达请结合原书相似语法页复习。,形式/用法,batch_09,日语蓝宝书_N2__part_09-10.png,body_heading,65,auto_completed,,jp_grammar N2 日语蓝宝书_N2 batch_09 kept_needs_explanation auto_completed
d00db6cef2453a9e,N2,日语蓝宝书_N2,～ ものの / ～ ものを,～ ものを,普通形 + の,名词化；所属；说明,可表示所属、名词化，或替代前面提到的名词。,走る（の）が好きです。,我喜欢跑步。,同类或相近表达请结合原书相似语法页复习。,名词化/助词,batch_09,日语蓝宝书_N2__part_09-10.png,body_heading,65,auto_completed,,jp_grammar N2 日语蓝宝书_N2 batch_09 kept_needs_explanation auto_completed
2f521997a37c2225,N2,日语蓝宝书_N2,～ ものがある / ～ ことがある,～ ものがある,名詞 + が / 普通形 + が,有一种...的感觉,表示说话人感受到某种强烈性质或评价。,値段は高い（が）、品質はいい。,价格高，但是质量好。,同类或相近表达请结合原书相似语法页复习。,评价,batch_09,日语蓝宝书_N2__part_09-10.png,body_heading,65,auto_enriched,,jp_grammar N2 日语蓝宝书_N2 batch_09 auto_enriched auto_completed
627edbdfda9d3399,N2,日语蓝宝书_N2,～ ものがある / ～ ことがある,～ ことがある,名詞 + が / 普通形 + が,有时会；曾经,接现在形时表示有时发生；接た形时表示曾有过某经历。,値段は高い（が）、品質はいい。,价格高，但是质量好。,同类或相近表达请结合原书相似语法页复习。,经验/频率,batch_09,日语蓝宝书_N2__part_09-10.png,body_heading,65,auto_enriched,,jp_grammar N2 日语蓝宝书_N2 batch_09 auto_enriched auto_completed
dfdb9da9e318e3e9,N2,日语蓝宝书_N2,「 ～ に基づいて 」,「～ に基づいて」,接续：「～ に基づいて」。按原书条目和句中词形使用。,基于...,表示以前项为依据或基础。,この文では（「～ に基づいて」）の使い方を確認します。,这句话用于确认“「～ に基づいて」”的用法。,同类或相近表达请结合原书相似语法页复习。,依据,batch_09,日语蓝宝书_N2__part_09-10.png,body_heading,50,auto_enriched,,jp_grammar N2 日语蓝宝书_N2 batch_09 auto_enriched auto_completed
048b8ae485139412,N2,日语蓝宝书_N2,「 ～ にわたって 」,「～ にわたって」,接续：「～ にわたって」。按原书条目和句中词形使用。,历经；涉及,表示时间、空间或范围很广。,この文では（「～ にわたって」）の使い方を確認します。,这句话用于确认“「～ にわたって」”的用法。,同类或相近表达请结合原书相似语法页复习。,范围,batch_09,日语蓝宝书_N2__part_09-11.png,body_heading,50,auto_enriched,,jp_grammar N2 日语蓝宝书_N2 batch_09 auto_enriched auto_completed
3ad62c08b0434c19,N2,日语蓝宝书_N2,"～ を通じて 」 : 前面接表示吋詞的名詞 , 表示整个吋詞范囿 , 整个期詞 。",～ を通じて」:前面接表示時詞的,接续：～ を通じて」:前面接表示時詞的。按原书条目和句中词形使用。,通过；整个期间,表示手段媒介，或在整个时间范围内。,この文では（を通じて」:前面接表示時詞的）の使い方を確認します。,这句话用于确认“～ を通じて」:前面接表示時詞的”的用法。,同类或相近表达请结合原书相似语法页复习。,手段/期间,batch_09,日语蓝宝书_N2__part_09-11.png,body_heading,50,auto_enriched,,jp_grammar N2 日语蓝宝书_N2 batch_09 auto_enriched auto_completed
e49fce8b4aaf276f,N2,日语蓝宝书_N2,「 ～ はともかく ( として ) 」,「～ はともかく(として)」,名詞 + として,作为...,表示身份、资格、立场或用途。,彼は代表（として）、会議に出た。,他作为代表出席了会议。,同类或相近表达请结合原书相似语法页复习。,身份/资格,batch_09,日语蓝宝书_N2__part_09-11.png,body_heading,50,auto_completed,,jp_grammar N2 日语蓝宝书_N2 batch_09 kept_needs_explanation auto_completed
8f168e65c7bdcb17,N2,日语蓝宝书_N2,「 ～ べきではない 」,「～ べきではない」,接续：「～ べきではない」。按原书条目和句中词形使用。,应该,表示从常识、责任或道理上应当做某事。,この文では（「～ べきではない」）の使い方を確認します。,这句话用于确认“「～ べきではない」”的用法。,同类或相近表达请结合原书相似语法页复习。,义务,batch_09,日语蓝宝书_N2__part_09-12.png,body_heading,65,auto_enriched,,jp_grammar N2 日语蓝宝书_N2 batch_09 auto_enriched auto_completed
b61d226264a1167d,N2,日语蓝宝书_N2,「 ～ ものがある 」,「～ ものがある」,名詞 + が / 普通形 + が,有一种...的感觉,表示说话人感受到某种强烈性质或评价。,値段は高い（が）、品質はいい。,价格高，但是质量好。,同类或相近表达请结合原书相似语法页复习。,评价,batch_09,日语蓝宝书_N2__part_09-12.png,body_heading,65,auto_enriched,,jp_grammar N2 日语蓝宝书_N2 batch_09 auto_enriched auto_completed
c4237170cb98d0d8,N2,日语蓝宝书_N2,「 ～ ものの 」,「～ ものの」,普通形 + ものの,虽然...但是,表示承认前项事实，但后项与预期不同。,免許は取った（ものの）、まだ運転に自信がない。,虽然拿到了驾照，但还没有驾驶信心。,同类或相近表达请结合原书相似语法页复习。,逆接,batch_09,日语蓝宝书_N2__part_09-12.png,body_heading,65,auto_completed,,jp_grammar N2 日语蓝宝书_N2 batch_09 kept_needs_explanation auto_completed
39ddab7e26dfde94,N2,日语蓝宝书_N2,「 ～ ようで 」,「～ ようで」,接续：「～ ようで」。按原书条目和句中词形使用。,表示「「～ ようで」」这一语法形式或助词用法,用于练习「「～ ようで」」在句中的形式和基本功能；具体语义需结合前后文判断。,この文では（「～ ようで」）の使い方を確認します。,这句话用于确认“「～ ようで」”的用法。,同类或相近表达请结合原书相似语法页复习。,形式/用法,batch_09,日语蓝宝书_N2__part_09-13.png,body_heading,65,auto_completed,,jp_grammar N2 日语蓝宝书_N2 batch_09 kept_needs_explanation auto_completed
892c5fdfcabca9dc,N2,日语蓝宝书_N2,「 ～ わけがない 」,「～ わけがない」,名詞 + が / 普通形 + が,但是；主语标记,可表示主语，也可连接前后相反或铺垫内容。,値段は高い（が）、品質はいい。,价格高，但是质量好。,同类或相近表达请结合原书相似语法页复习。,助词/逆接,batch_09,日语蓝宝书_N2__part_09-14.png,body_heading,65,auto_completed,,jp_grammar N2 日语蓝宝书_N2 batch_09 kept_needs_explanation auto_completed
de4887b27e3d8286,N2,日语蓝宝书_N2,「 ～ をめぐって 」 、 △ 李先生は日本の古典文学について研している 。 / 李老研究日本舌典文学 。,「～ をめぐって」、△ 李先生は日本の古典文学について研している。/李老研究日本舌典文学。,動詞て形 + いる,围绕...,表示以某事为中心发生争论、讨论或动作。,今、本を読ん（でいる）。,现在正在读书。,同类或相近表达请结合原书相似语法页复习。,主题,batch_09,日语蓝宝书_N2__part_09-14.png,body_heading,30,needs_manual_review,,jp_grammar N2 日语蓝宝书_N2 batch_09 needs_manual_review auto_completed
eaf37bd1b1f580b3,N2,日语蓝宝书_N2,ロ ～ 伴って / に伴い / に伴う,～ 伴って/に伴い/に伴う,接续：～ 伴って/に伴い/に伴う。按原书条目和句中词形使用。,表示「伴って」这一语法形式或助词用法,用于练习「～ 伴って/に伴い/に伴う」在句中的形式和基本功能；具体语义需结合前后文判断。,この文では（伴って）の使い方を確認します。,这句话用于确认“～ 伴って/に伴い/に伴う”的用法。,同类或相近表达请结合原书相似语法页复习。,形式/用法,batch_09,日语蓝宝书_N2__part_09-18.png,body_heading,60,auto_completed,,jp_grammar N2 日语蓝宝书_N2 batch_09 kept_needs_explanation auto_completed
6301c099a31da2ca,N2,日语蓝宝书_N2,年前に会って以来 、 一度も連絡したことが,年前に会って以来、一度も連絡したことが,名詞 + が / 普通形 + が,自从...以来,表示从过去某时点到现在一直持续。,値段は高い（が）、品質はいい。,价格高，但是质量好。,同类或相近表达请结合原书相似语法页复习。,时间/持续,batch_09,日语蓝宝书_N2__part_09-18.png,body_heading,30,needs_manual_review,,jp_grammar N2 日语蓝宝书_N2 batch_09 needs_manual_review auto_completed
6e5a18d679f093da,N2,日语蓝宝书_N2,条件 ・ 仮定を表す表現リストロ ～ 限り / ない限り,～ 限り/ない限り,接续：～ 限り/ない限り。按原书条目和句中词形使用。,只要；据...范围,可表示条件范围、持续范围或根据某信息判断。,この文では（限り）の使い方を確認します。,这句话用于确认“～ 限り/ない限り”的用法。,同类或相近表达请结合原书相似语法页复习。,范围/条件,batch_09,日语蓝宝书_N2__part_09-21.png,body_heading,50,auto_enriched,,jp_grammar N2 日语蓝宝书_N2 batch_09 auto_enriched auto_completed
e0c158fe9e2485df,N2,日语蓝宝书_N2,日も休むことなく小説を書き続けてい,日も休むことなく小説を書き続けてい,名詞 + も,不...就...,表示没有进行前项动作，而直接出现后项。书面语色彩较强。,私（も）行きます。,我也去。,同类或相近表达请结合原书相似语法页复习。,否定/伴随,batch_09,日语蓝宝书_N2__part_09-25.png,toc_or_heading,30,needs_manual_review,,jp_grammar N2 日语蓝宝书_N2 batch_09 needs_manual_review auto_completed
7ecc35bb8ada9e81,N3,日语蓝宝书_N3,「 ～ ことにする 」,「～ ことにする」,感情形容詞 + ことに,决定...,表示说话人或主语主动决定做某事。,うれしい（ことに）、全員が合格した。,令人高兴的是，全员都合格了。,同类或相近表达请结合原书相似语法页复习。,决定,batch_09,日语蓝宝书_N3__part_09-01.png,body_heading,65,auto_enriched,,jp_grammar N3 日语蓝宝书_N3 batch_09 auto_enriched auto_completed
ada968f1ff3795db,N3,日语蓝宝书_N3,「 ～ しか ～ ない 」,「～ しか,普通形 + か,只；仅,与否定搭配，表示数量或范围少。,彼が来る（か）分かりません。,不知道他是否会来。,同类或相近表达请结合原书相似语法页复习。,限定,batch_09,日语蓝宝书_N3__part_09-01.png,body_heading,50,auto_enriched,,jp_grammar N3 日语蓝宝书_N3 batch_09 auto_enriched auto_completed
2192da79075da254,N3,日语蓝宝书_N3,「 ～ しか ～ ない 」,～ ない」,接续：～ ない」。按原书条目和句中词形使用。,表示「ない」」这一语法形式或助词用法,用于练习「～ ない」」在句中的形式和基本功能；具体语义需结合前后文判断。,この文では（ない」）の使い方を確認します。,这句话用于确认“～ ない」”的用法。,同类或相近表达请结合原书相似语法页复习。,形式/用法,batch_09,日语蓝宝书_N3__part_09-01.png,body_heading,50,auto_completed,,jp_grammar N3 日语蓝宝书_N3 batch_09 kept_needs_explanation auto_completed
b8b59f7584b8e792,N3,日语蓝宝书_N3,～ 出す / ～ 始める,～ 出す,接续：～ 出す。按原书条目和句中词形使用。,表示「出す」这一语法形式或助词用法,用于练习「～ 出す」在句中的形式和基本功能；具体语义需结合前后文判断。,この文では（出す）の使い方を確認します。,这句话用于确认“～ 出す”的用法。,同类或相近表达请结合原书相似语法页复习。,形式/用法,batch_09,日语蓝宝书_N3__part_09-03.png,body_heading,50,auto_completed,,jp_grammar N3 日语蓝宝书_N3 batch_09 kept_needs_explanation auto_completed
d4f681e78a469c43,N3,日语蓝宝书_N3,～ 出す / ～ 始める,～ 始める,接续：～ 始める。按原书条目和句中词形使用。,表示「始める」这一语法形式或助词用法,用于练习「～ 始める」在句中的形式和基本功能；具体语义需结合前后文判断。,この文では（始める）の使い方を確認します。,这句话用于确认“～ 始める”的用法。,同类或相近表达请结合原书相似语法页复习。,形式/用法,batch_09,日语蓝宝书_N3__part_09-03.png,body_heading,50,auto_completed,,jp_grammar N3 日语蓝宝书_N3 batch_09 kept_needs_explanation auto_completed
734058aaed927814,N3,日语蓝宝书_N3,～ たところだ / ～ たばかりだ ～ ために / ～ ように,～ たところだ,接续：～ たところだ。按原书条目和句中词形使用。,即使...也；刚...,可表示做了前项后发现某结果，也可表示逆接条件。,この文では（たところだ）の使い方を確認します。,这句话用于确认“～ たところだ”的用法。,同类或相近表达请结合原书相似语法页复习。,时间/逆接,batch_09,日语蓝宝书_N3__part_09-03.png,body_heading,65,auto_enriched,,jp_grammar N3 日语蓝宝书_N3 batch_09 auto_enriched auto_completed
dc1199bbc94b74d3,N3,日语蓝宝书_N3,～ たところだ / ～ たばかりだ ～ ために / ～ ように,～ ように,接续：～ ように。按原书条目和句中词形使用。,为了能...；像...一样,可表示目的、愿望、变化目标或比喻。,この文では（ように）の使い方を確認します。,这句话用于确认“～ ように”的用法。,同类或相近表达请结合原书相似语法页复习。,目的/样态,batch_09,日语蓝宝书_N3__part_09-03.png,body_heading,65,auto_enriched,,jp_grammar N3 日语蓝宝书_N3 batch_09 auto_enriched auto_completed
5f4920bd68d55dc7,N3,日语蓝宝书_N3,～ たら / ～ ば / ～ と / ～ なら,～ と,接续：～ と。按原书条目和句中词形使用。,表示「と」这一语法形式或助词用法,用于练习「～ と」在句中的形式和基本功能；具体语义需结合前后文判断。,この文では（と）の使い方を確認します。,这句话用于确认“～ と”的用法。,同类或相近表达请结合原书相似语法页复习。,形式/用法,batch_09,日语蓝宝书_N3__part_09-03.png,body_heading,50,auto_completed,,jp_grammar N3 日语蓝宝书_N3 batch_09 kept_needs_explanation auto_completed
c12aefe203226f52,N3,日语蓝宝书_N3,～ たら / ～ ば / ～ と / ～ なら,～ なら,接续：～ なら。按原书条目和句中词形使用。,表示「なら」这一语法形式或助词用法,用于练习「～ なら」在句中的形式和基本功能；具体语义需结合前后文判断。,この文では（なら）の使い方を確認します。,这句话用于确认“～ なら”的用法。,同类或相近表达请结合原书相似语法页复习。,形式/用法,batch_09,日语蓝宝书_N3__part_09-03.png,body_heading,50,auto_completed,,jp_grammar N3 日语蓝宝书_N3 batch_09 kept_needs_explanation auto_completed
dc5ff3454161ace7,N3,日语蓝宝书_N3,～ つもりだ / ～ ようと思う,～ つもりだ,名詞 + も,打算；自以为,表示计划、意图，或说话人主观认为如此。,私（も）行きます。,我也去。,同类或相近表达请结合原书相似语法页复习。,意志/判断,batch_09,日语蓝宝书_N3__part_09-03.png,body_heading,65,auto_enriched,,jp_grammar N3 日语蓝宝书_N3 batch_09 auto_enriched auto_completed
27dcf013a0d70dc6,N3,日语蓝宝书_N3,～ つもりだ / ～ ようと思う,～ ようと思う,接续：～ ようと思う。按原书条目和句中词形使用。,表示「ようと思う」这一语法形式或助词用法,用于练习「～ ようと思う」在句中的形式和基本功能；具体语义需结合前后文判断。,この文では（ようと思う）の使い方を確認します。,这句话用于确认“～ ようと思う”的用法。,同类或相近表达请结合原书相似语法页复习。,形式/用法,batch_09,日语蓝宝书_N3__part_09-03.png,body_heading,65,auto_completed,,jp_grammar N3 日语蓝宝书_N3 batch_09 kept_needs_explanation auto_completed
5a5c25a91a38fa34,N3,日语蓝宝书_N3,～ てあげる / ～ てくれる / ～ てもらう,～ てあげる,動詞て形 + あげる,为别人做...,表示说话人或主语为他人做某事。,友だちに本を貸し（てあげる）。,借书给朋友。,同类或相近表达请结合原书相似语法页复习。,授受,batch_09,日语蓝宝书_N3__part_09-03.png,body_heading,50,auto_completed,,jp_grammar N3 日语蓝宝书_N3 batch_09 kept_needs_explanation auto_completed
fc3f2e7d87833133,N3,日语蓝宝书_N3,～ てあげる / ～ てくれる / ～ てもらう,～ てくれる,動詞て形 + くれる,别人为我方做...,表示别人为说话人或我方做某事。,友だちが手伝っ（てくれた）。,朋友帮了我。,同类或相近表达请结合原书相似语法页复习。,授受,batch_09,日语蓝宝书_N3__part_09-03.png,body_heading,50,auto_completed,,jp_grammar N3 日语蓝宝书_N3 batch_09 kept_needs_explanation auto_completed
453801b18f2accc6,N3,日语蓝宝书_N3,～ てあげる / ～ てくれる / ～ てもらう,～ てもらう,動詞て形 / い形容詞くて + も,即使...也,表示让步条件。,雨が降っ（ても）、行きます。,即使下雨也去。,同类或相近表达请结合原书相似语法页复习。,让步,batch_09,日语蓝宝书_N3__part_09-03.png,body_heading,50,auto_completed,,jp_grammar N3 日语蓝宝书_N3 batch_09 kept_needs_explanation auto_completed
62f69d80560ed505,N3,日语蓝宝书_N3,～ ておく / ～ てある,～ ておく,動詞て形 + おく,预先...；保持...,表示为将来做准备，或让状态保持。,旅行の前にホテルを予約し（ておく）。,旅行前先预约酒店。,同类或相近表达请结合原书相似语法页复习。,准备/保持,batch_09,日语蓝宝书_N3__part_09-03.png,body_heading,50,auto_completed,,jp_grammar N3 日语蓝宝书_N3 batch_09 kept_needs_explanation auto_completed
2685baad3e49db03,N3,日语蓝宝书_N3,～ てならない / ～ てはならない,～ てはならない,接续：～ てはならない。按原书条目和句中词形使用。,表示「てはならない」这一语法形式或助词用法,用于练习「～ てはならない」在句中的形式和基本功能；具体语义需结合前后文判断。,この文では（てはならない）の使い方を確認します。,这句话用于确认“～ てはならない”的用法。,同类或相近表达请结合原书相似语法页复习。,形式/用法,batch_09,日语蓝宝书_N3__part_09-03.png,body_heading,50,auto_completed,,jp_grammar N3 日语蓝宝书_N3 batch_09 kept_needs_explanation auto_completed
6c381c7b4e89727a,N3,日语蓝宝书_N3,～ てみる / ～ ようとする,～ ようとする,接续：～ ようとする。按原书条目和句中词形使用。,表示「ようとする」这一语法形式或助词用法,用于练习「～ ようとする」在句中的形式和基本功能；具体语义需结合前后文判断。,この文では（ようとする）の使い方を確認します。,这句话用于确认“～ ようとする”的用法。,同类或相近表达请结合原书相似语法页复习。,形式/用法,batch_09,日语蓝宝书_N3__part_09-03.png,body_heading,65,auto_completed,,jp_grammar N3 日语蓝宝书_N3 batch_09 kept_needs_explanation auto_completed
86d8418620cc12d4,N3,日语蓝宝书_N3,「 ～ 出す 」,「～ 出す」,接续：「～ 出す」。按原书条目和句中词形使用。,表示「「～ 出す」」这一语法形式或助词用法,用于练习「「～ 出す」」在句中的形式和基本功能；具体语义需结合前后文判断。,この文では（「～ 出す」）の使い方を確認します。,这句话用于确认“「～ 出す」”的用法。,同类或相近表达请结合原书相似语法页复习。,形式/用法,batch_09,日语蓝宝书_N3__part_09-03.png,body_heading,50,auto_completed,,jp_grammar N3 日语蓝宝书_N3 batch_09 kept_needs_explanation auto_completed
adc8eeb137926982,N3,日语蓝宝书_N3,) 「 ～ ば 」,「～ ば」,動詞ば形 / い形容詞ければ + ば,如果...；一...就,表示条件。,時間があれ（ば）、行きます。,如果有时间就去。,同类或相近表达请结合原书相似语法页复习。,条件,batch_09,日语蓝宝书_N3__part_09-04.png,body_heading,50,auto_completed,,jp_grammar N3 日语蓝宝书_N3 batch_09 kept_needs_explanation auto_completed
d4179468458ec326,N3,日语蓝宝书_N3,) 「 ～ たら 」,「～ たら」,接续：「～ たら」。按原书条目和句中词形使用。,表示「「～ たら」」这一语法形式或助词用法,用于练习「「～ たら」」在句中的形式和基本功能；具体语义需结合前后文判断。,この文では（「～ たら」）の使い方を確認します。,这句话用于确认“「～ たら」”的用法。,同类或相近表达请结合原书相似语法页复习。,形式/用法,batch_09,日语蓝宝书_N3__part_09-04.png,body_heading,50,auto_completed,,jp_grammar N3 日语蓝宝书_N3 batch_09 kept_needs_explanation auto_completed
5bb28054fc58cac1,N3,日语蓝宝书_N3,") 「 ～ と 」 可以表示詞一主体相継迸行的南項動作 , 「 ～ たら 」","「～ と」可以表示詞一主体相継迸行的南項動作 ,「～ たら」","接续：「～ と」可以表示詞一主体相継迸行的南項動作 ,「～ たら」。按原书条目和句中词形使用。","表示「「～ と」可以表示詞一主体相継迸行的南項動作 ,「～ たら」」这一语法形式或助词用法","用于练习「「～ と」可以表示詞一主体相継迸行的南項動作 ,「～ たら」」在句中的形式和基本功能；具体语义需结合前后文判断。","この文では（「～ と」可以表示詞一主体相継迸行的南項動作 ,「～ たら」）の使い方を確認します。","这句话用于确认“「～ と」可以表示詞一主体相継迸行的南項動作 ,「～ たら」”的用法。",同类或相近表达请结合原书相似语法页复习。,形式/用法,batch_09,日语蓝宝书_N3__part_09-04.png,body_heading,50,auto_completed,,jp_grammar N3 日语蓝宝书_N3 batch_09 kept_needs_explanation auto_completed
7a7c63fded8d7cfb,N3,日语蓝宝书_N3,") 「 ～ なら 」 可以用于接対方剛提到的活題 , 「 ～ ば 」","「～ なら」可以用于接対方剛提到的活題 ,「～ ば」",動詞ば形 / い形容詞ければ + ば,如果...；一...就,表示条件。,時間があれ（ば）、行きます。,如果有时间就去。,同类或相近表达请结合原书相似语法页复习。,条件,batch_09,日语蓝宝书_N3__part_09-04.png,body_heading,50,auto_completed,,jp_grammar N3 日语蓝宝书_N3 batch_09 kept_needs_explanation auto_completed
778e4a7d16c9808a,N3,日语蓝宝书_N3,「 ～ てみる 」 、 「 ～ ようとする 」 △ うそを言ってはならない 。 / 不能撒 。,「～ てみる」、「～ ようとする」△ うそを言ってはならない。/不能撒。,動詞て形 + みる,试着...,表示尝试做某事。,新しい方法を試し（てみる）。,试试新的方法。,同类或相近表达请结合原书相似语法页复习。,尝试,batch_09,日语蓝宝书_N3__part_09-06.png,body_heading,45,auto_completed,,jp_grammar N3 日语蓝宝书_N3 batch_09 kept_needs_explanation auto_completed
80241c0d2043f965,N3,日语蓝宝书_N3,～ ないで / ～ なくて,～ ないで,動詞ない形 + で,不...而...,表示不做前项而做后项。,傘を持た（ないで）、出かけた。,没带伞就出门了。,同类或相近表达请结合原书相似语法页复习。,否定/伴随,batch_09,日语蓝宝书_N3__part_09-08.png,body_heading,50,auto_completed,,jp_grammar N3 日语蓝宝书_N3 batch_09 kept_needs_explanation auto_completed
9ddc6faa0e7c632b,N3,日语蓝宝书_N3,～ ないで / ～ なくて,～ なくて,接续：～ なくて。按原书条目和句中词形使用。,表示「なくて」这一语法形式或助词用法,用于练习「～ なくて」在句中的形式和基本功能；具体语义需结合前后文判断。,この文では（なくて）の使い方を確認します。,这句话用于确认“～ なくて”的用法。,同类或相近表达请结合原书相似语法页复习。,形式/用法,batch_09,日语蓝宝书_N3__part_09-08.png,body_heading,50,auto_completed,,jp_grammar N3 日语蓝宝书_N3 batch_09 kept_needs_explanation auto_completed
5fbdf7308c228ea0,N3,日语蓝宝书_N3,～ とか / ～ そうだ ～ といえば / ～ というと / ～ といったら,～ そうだ,普通形 + そうだ / 動詞ます形 + そうだ,听说...；看起来...,可表示传闻，也可表示样态。,天気予報によると、明日は雨だ（そうだ）。,据天气预报说，明天有雨。,同类或相近表达请结合原书相似语法页复习。,传闻/样态,batch_09,日语蓝宝书_N3__part_09-08.png,body_heading,50,auto_completed,,jp_grammar N3 日语蓝宝书_N3 batch_09 kept_needs_explanation auto_completed
05cf061821f76329,N3,日语蓝宝书_N3,～ とか / ～ そうだ ～ といえば / ～ というと / ～ といったら,～ といえば,動詞ば形 / い形容詞ければ + ば,说到...,用于以某话题为线索展开说明或联想。,時間があれ（ば）、行きます。,如果有时间就去。,同类或相近表达请结合原书相似语法页复习。,话题,batch_09,日语蓝宝书_N3__part_09-08.png,body_heading,50,auto_enriched,,jp_grammar N3 日语蓝宝书_N3 batch_09 auto_enriched auto_completed
6a6e8a71880b4c02,N3,日语蓝宝书_N3,～ とか / ～ そうだ ～ といえば / ～ というと / ～ といったら,～ というと,名詞 + という,叫作...；据说...,可表示名称、引用或传闻。,田中さん（という）人から電話がありました。,有个叫田中的人打来了电话。,同类或相近表达请结合原书相似语法页复习。,引用/名称,batch_09,日语蓝宝书_N3__part_09-08.png,body_heading,50,auto_completed,,jp_grammar N3 日语蓝宝书_N3 batch_09 kept_needs_explanation auto_completed
ac0c04ae4772966a,N3,日语蓝宝书_N3,～ とか / ～ そうだ ～ といえば / ～ というと / ～ といったら,～ といったら,接续：～ といったら。按原书条目和句中词形使用。,说起...；要说...真是,用于提出话题，或强调程度之高。,この文では（といったら）の使い方を確認します。,这句话用于确认“～ といったら”的用法。,同类或相近表达请结合原书相似语法页复习。,话题/强调,batch_09,日语蓝宝书_N3__part_09-08.png,body_heading,50,auto_enriched,,jp_grammar N3 日语蓝宝书_N3 batch_09 auto_enriched auto_completed
ab365ae365130a3a,N3,日语蓝宝书_N3,～ の / ～ こと,～ こと,接续：～ こと。按原书条目和句中词形使用。,表示「こと」这一语法形式或助词用法,用于练习「～ こと」在句中的形式和基本功能；具体语义需结合前后文判断。,この文では（こと）の使い方を確認します。,这句话用于确认“～ こと”的用法。,同类或相近表达请结合原书相似语法页复习。,形式/用法,batch_09,日语蓝宝书_N3__part_09-08.png,body_heading,65,auto_completed,,jp_grammar N3 日语蓝宝书_N3 batch_09 kept_needs_explanation auto_completed
765d01e909803a49,N3,日语蓝宝书_N3,肚 ～ によって / ～ によると / によれば,～ によって,接续：～ によって。按原书条目和句中词形使用。,由于；根据；通过,可表示原因、依据、手段或被动句的动作主体。,この文では（によって）の使い方を確認します。,这句话用于确认“～ によって”的用法。,同类或相近表达请结合原书相似语法页复习。,依据/原因/手段,batch_09,日语蓝宝书_N3__part_09-08.png,body_heading,50,auto_enriched,,jp_grammar N3 日语蓝宝书_N3 batch_09 auto_enriched auto_completed
bb8af9ba7073fa46,N3,日语蓝宝书_N3,肚 ～ によって / ～ によると / によれば,～ によると/によれば,動詞ば形 / い形容詞ければ + ば,据...说,表示信息来源。,時間があれ（ば）、行きます。,如果有时间就去。,同类或相近表达请结合原书相似语法页复习。,信息来源,batch_09,日语蓝宝书_N3__part_09-08.png,body_heading,50,auto_enriched,,jp_grammar N3 日语蓝宝书_N3 batch_09 auto_enriched auto_completed
8ad53664010d2263,N3,日语蓝宝书_N3,～ に対して / ～ について / ～ にとって,～ に対して,接续：～ に対して。按原书条目和句中词形使用。,对...；与...相对,表示动作、态度的对象，也可表示对比。,この文では（に対して）の使い方を確認します。,这句话用于确认“～ に対して”的用法。,同类或相近表达请结合原书相似语法页复习。,对象/对比,batch_09,日语蓝宝书_N3__part_09-08.png,body_heading,50,auto_enriched,,jp_grammar N3 日语蓝宝书_N3 batch_09 auto_enriched auto_completed
f7fa3c1c3c91ea71,N3,日语蓝宝书_N3,～ に対して / ～ について / ～ にとって,～ について,接续：～ について。按原书条目和句中词形使用。,关于...,表示谈论、调查、说明等动作涉及的主题。,この文では（について）の使い方を確認します。,这句话用于确认“～ について”的用法。,同类或相近表达请结合原书相似语法页复习。,主题,batch_09,日语蓝宝书_N3__part_09-08.png,body_heading,50,auto_enriched,,jp_grammar N3 日语蓝宝书_N3 batch_09 auto_enriched auto_completed
9246be386c0a5793,N3,日语蓝宝书_N3,～ に対して / ～ について / ～ にとって,～ にとって,接续：～ にとって。按原书条目和句中词形使用。,对...来说,表示从某人或某立场来看。,この文では（にとって）の使い方を確認します。,这句话用于确认“～ にとって”的用法。,同类或相近表达请结合原书相似语法页复习。,立场,batch_09,日语蓝宝书_N3__part_09-08.png,body_heading,50,auto_enriched,,jp_grammar N3 日语蓝宝书_N3 batch_09 auto_enriched auto_completed
09ec2cb42e39ab1e,N3,日语蓝宝书_N3,～ について / ～ に関して,～ に関して,接续：～ に関して。按原书条目和句中词形使用。,表示「に関して」这一语法形式或助词用法,用于练习「～ に関して」在句中的形式和基本功能；具体语义需结合前后文判断。,この文では（に関して）の使い方を確認します。,这句话用于确认“～ に関して”的用法。,同类或相近表达请结合原书相似语法页复习。,形式/用法,batch_09,日语蓝宝书_N3__part_09-08.png,body_heading,50,auto_completed,,jp_grammar N3 日语蓝宝书_N3 batch_09 kept_needs_explanation auto_completed
275f1c701a3131ec,N3,日语蓝宝书_N3,～ にくい / ～ づらい ～ なんか / ～ なんて / ～ など,～ にくい,接续：～ にくい。按原书条目和句中词形使用。,表示「にくい」这一语法形式或助词用法,用于练习「～ にくい」在句中的形式和基本功能；具体语义需结合前后文判断。,この文では（にくい）の使い方を確認します。,这句话用于确认“～ にくい”的用法。,同类或相近表达请结合原书相似语法页复习。,形式/用法,batch_09,日语蓝宝书_N3__part_09-08.png,body_heading,50,auto_completed,,jp_grammar N3 日语蓝宝书_N3 batch_09 kept_needs_explanation auto_completed
0d93caed380c7110,N3,日语蓝宝书_N3,～ にくい / ～ づらい ～ なんか / ～ なんて / ～ など,～ づらい,接续：～ づらい。按原书条目和句中词形使用。,表示「づらい」这一语法形式或助词用法,用于练习「～ づらい」在句中的形式和基本功能；具体语义需结合前后文判断。,この文では（づらい）の使い方を確認します。,这句话用于确认“～ づらい”的用法。,同类或相近表达请结合原书相似语法页复习。,形式/用法,batch_09,日语蓝宝书_N3__part_09-08.png,body_heading,50,auto_completed,,jp_grammar N3 日语蓝宝书_N3 batch_09 kept_needs_explanation auto_completed
73e9ad3807bef3f7,N3,日语蓝宝书_N3,～ にくい / ～ づらい ～ なんか / ～ なんて / ～ など,～ なんか,普通形 + か,是否；或者；疑问,表示疑问、不确定或选择。,彼が来る（か）分かりません。,不知道他是否会来。,同类或相近表达请结合原书相似语法页复习。,疑问/选择,batch_09,日语蓝宝书_N3__part_09-08.png,body_heading,50,auto_completed,,jp_grammar N3 日语蓝宝书_N3 batch_09 kept_needs_explanation auto_completed
7bb34d18cd1d2408,N3,日语蓝宝书_N3,～ にくい / ～ づらい ～ なんか / ～ なんて / ～ など,～ なんて,接续：～ なんて。按原书条目和句中词形使用。,表示「なんて」这一语法形式或助词用法,用于练习「～ なんて」在句中的形式和基本功能；具体语义需结合前后文判断。,この文では（なんて）の使い方を確認します。,这句话用于确认“～ なんて”的用法。,同类或相近表达请结合原书相似语法页复习。,形式/用法,batch_09,日语蓝宝书_N3__part_09-08.png,body_heading,50,auto_completed,,jp_grammar N3 日语蓝宝书_N3 batch_09 kept_needs_explanation auto_completed
533c5d0e21ac215d,N3,日语蓝宝书_N3,～ にくい / ～ づらい ～ なんか / ～ なんて / ～ など,～ など,接续：～ など。按原书条目和句中词形使用。,表示「など」这一语法形式或助词用法,用于练习「～ など」在句中的形式和基本功能；具体语义需结合前后文判断。,この文では（など）の使い方を確認します。,这句话用于确认“～ など”的用法。,同类或相近表达请结合原书相似语法页复习。,形式/用法,batch_09,日语蓝宝书_N3__part_09-08.png,body_heading,50,auto_completed,,jp_grammar N3 日语蓝宝书_N3 batch_09 kept_needs_explanation auto_completed
01de9f35f704d273,N3,日语蓝宝书_N3,「 ～ とか 」,「～ とか」,名詞 / 普通形 + とか,...啦...啦；听说...,口语中用于列举，或表示传闻。,週末は映画（とか）買い物（とか）をします。,周末看电影啦购物啦。,同类或相近表达请结合原书相似语法页复习。,列举/传闻,batch_09,日语蓝宝书_N3__part_09-08.png,body_heading,50,auto_completed,,jp_grammar N3 日语蓝宝书_N3 batch_09 kept_needs_explanation auto_completed
3fcea990c5c6934d,N3,日语蓝宝书_N3,「 ～ ないで 」,「～ ないで」,動詞ない形 + で,不...而...,表示不做前项而做后项。,傘を持た（ないで）、出かけた。,没带伞就出门了。,同类或相近表达请结合原书相似语法页复习。,否定/伴随,batch_09,日语蓝宝书_N3__part_09-09.png,body_heading,50,auto_completed,,jp_grammar N3 日语蓝宝书_N3 batch_09 kept_needs_explanation auto_completed
cb41477604c0a232,N3,日语蓝宝书_N3,「 ～ なんか 」,「～ なんか」,普通形 + か,是否；或者；疑问,表示疑问、不确定或选择。,彼が来る（か）分かりません。,不知道他是否会来。,同类或相近表达请结合原书相似语法页复习。,疑问/选择,batch_09,日语蓝宝书_N3__part_09-09.png,body_heading,50,auto_completed,,jp_grammar N3 日语蓝宝书_N3 batch_09 kept_needs_explanation auto_completed
285eb8850277910b,N3,日语蓝宝书_N3,") 「 ～ など 」 用于弔面浯 , 而 「 ～ なんか / なんて 」 用于ロ浯 , 其中 「 ～ なんて 」 多含有経蔑 、 不可思等","「～ など」用于書面語 , 而「～ なんか/なんて」用于ロ語 , 其中「～ なんて」多含有経蔑、不可思等",普通形 + か,是否；或者；疑问,表示疑问、不确定或选择。,彼が来る（か）分かりません。,不知道他是否会来。,同类或相近表达请结合原书相似语法页复习。,疑问/选择,batch_09,日语蓝宝书_N3__part_09-09.png,body_heading,50,auto_completed,,jp_grammar N3 日语蓝宝书_N3 batch_09 kept_needs_explanation auto_completed
bc2a180a5cb1ee1f,N3,日语蓝宝书_N3,「 ～ 【 辨析 】,「～ 【 辨析 】,接续：「～ 【 辨析 】。按原书条目和句中词形使用。,表示「「～ 【 辨析 】」这一语法形式或助词用法,用于练习「「～ 【 辨析 】」在句中的形式和基本功能；具体语义需结合前后文判断。,この文では（「～ 【 辨析 】）の使い方を確認します。,这句话用于确认“「～ 【 辨析 】”的用法。,同类或相近表达请结合原书相似语法页复习。,形式/用法,batch_09,日语蓝宝书_N3__part_09-09.png,body_heading,50,auto_completed,,jp_grammar N3 日语蓝宝书_N3 batch_09 kept_needs_explanation auto_completed
f4a006626beba528,N3,日语蓝宝书_N3,～ にくい 」 与 「 ～ づらい 」 前面接 「 動詞ます形 」 。,～ にくい」与「～ づらい」前面接「,ます形」,表示「にくい」与「～ づらい」前面接「」这一语法形式或助词用法,用于练习「～ にくい」与「～ づらい」前面接「」在句中的形式和基本功能；具体语义需结合前后文判断。,この文では（にくい」与「～ づらい」前面接「）の使い方を確認します。,这句话用于确认“～ にくい」与「～ づらい」前面接「”的用法。,同类或相近表达请结合原书相似语法页复习。,形式/用法,batch_09,日语蓝宝书_N3__part_09-09.png,body_heading,50,auto_completed,,jp_grammar N3 日语蓝宝书_N3 batch_09 kept_needs_explanation auto_completed
8ed5ad0a5621ba4f,N3,日语蓝宝书_N3,「 ～ について 」,「～ について」,接续：「～ について」。按原书条目和句中词形使用。,关于...,表示谈论、调查、说明等动作涉及的主题。,この文では（「～ について」）の使い方を確認します。,这句话用于确认“「～ について」”的用法。,同类或相近表达请结合原书相似语法页复习。,主题,batch_09,日语蓝宝书_N3__part_09-10.png,body_heading,50,auto_enriched,,jp_grammar N3 日语蓝宝书_N3 batch_09 auto_enriched auto_completed
191f2205e4ec9eb2,N3,日语蓝宝书_N3,「 ～ に対して 」,「～ に対して」,接续：「～ に対して」。按原书条目和句中词形使用。,对...；与...相对,表示动作、态度的对象，也可表示对比。,この文では（「～ に対して」）の使い方を確認します。,这句话用于确认“「～ に対して」”的用法。,同类或相近表达请结合原书相似语法页复习。,对象/对比,batch_09,日语蓝宝书_N3__part_09-10.png,body_heading,50,auto_enriched,,jp_grammar N3 日语蓝宝书_N3 batch_09 auto_enriched auto_completed
952f5814d8f323fd,N3,日语蓝宝书_N3,「 ～ によって 」,「～ によって」,接续：「～ によって」。按原书条目和句中词形使用。,由于；根据；通过,可表示原因、依据、手段或被动句的动作主体。,この文では（「～ によって」）の使い方を確認します。,这句话用于确认“「～ によって」”的用法。,同类或相近表达请结合原书相似语法页复习。,依据/原因/手段,batch_09,日语蓝宝书_N3__part_09-10.png,body_heading,50,auto_enriched,,jp_grammar N3 日语蓝宝书_N3 batch_09 auto_enriched auto_completed
9fe4d6f5e17a9789,N3,日语蓝宝书_N3,「 ～ のに 」,「～ のに」,普通形 + のに,明明...却；为了...,可表示逆接，也可表示用途或目的。,一生懸命勉強した（のに）、合格できなかった。,明明努力学习了，却没能合格。,同类或相近表达请结合原书相似语法页复习。,逆接/目的,batch_09,日语蓝宝书_N3__part_09-12.png,body_heading,50,auto_completed,,jp_grammar N3 日语蓝宝书_N3 batch_09 kept_needs_explanation auto_completed
dc22d905c6b41746,N3,日语蓝宝书_N3,～ まで / ～ までに ～ ほど / ～ ぐらい,～ ぐらい,接续：～ ぐらい。按原书条目和句中词形使用。,表示「ぐらい」这一语法形式或助词用法,用于练习「～ ぐらい」在句中的形式和基本功能；具体语义需结合前后文判断。,この文では（ぐらい）の使い方を確認します。,这句话用于确认“～ ぐらい”的用法。,同类或相近表达请结合原书相似语法页复习。,形式/用法,batch_09,日语蓝宝书_N3__part_09-13.png,body_heading,50,auto_completed,,jp_grammar N3 日语蓝宝书_N3 batch_09 kept_needs_explanation auto_completed
391385fc5e9fc99a,N3,日语蓝宝书_N3,～ はずだ / ～ わけだ,～ はずだ,接续：～ はずだ。按原书条目和句中词形使用。,按理应该,根据已知事实推断某事理应如此。,この文では（はずだ）の使い方を確認します。,这句话用于确认“～ はずだ”的用法。,同类或相近表达请结合原书相似语法页复习。,推量,batch_09,日语蓝宝书_N3__part_09-13.png,body_heading,65,auto_enriched,,jp_grammar N3 日语蓝宝书_N3 batch_09 auto_enriched auto_completed
a7218947bc189ece,N3,日语蓝宝书_N3,～ はずだ / ～ わけだ,～ わけだ,接续：～ わけだ。按原书条目和句中词形使用。,怪不得；也就是说,根据前项事实自然得出结论，或说明事情道理。,この文では（わけだ）の使い方を確認します。,这句话用于确认“～ わけだ”的用法。,同类或相近表达请结合原书相似语法页复习。,说明/结论,batch_09,日语蓝宝书_N3__part_09-13.png,body_heading,65,auto_enriched,,jp_grammar N3 日语蓝宝书_N3 batch_09 auto_enriched auto_completed
bec6e08f5d11bf07,N3,日语蓝宝书_N3,～ ようになる / ～ ことになる,～ ようになる,名詞 / な形容詞 + になる,变得会...；逐渐...,表示能力、状态或习惯发生变化。,春（になる）と、暖かくなる。,到了春天就变暖。,同类或相近表达请结合原书相似语法页复习。,变化,batch_09,日语蓝宝书_N3__part_09-13.png,body_heading,65,auto_enriched,,jp_grammar N3 日语蓝宝书_N3 batch_09 auto_enriched auto_completed
966c2fcc98dbd2de,N3,日语蓝宝书_N3,～ ようになる / ～ ことになる,～ ことになる,感情形容詞 + ことに,变成；结果是,表示由外部情况决定，或推导出的结果。,うれしい（ことに）、全員が合格した。,令人高兴的是，全员都合格了。,同类或相近表达请结合原书相似语法页复习。,结果/决定,batch_09,日语蓝宝书_N3__part_09-13.png,body_heading,65,auto_enriched,,jp_grammar N3 日语蓝宝书_N3 batch_09 auto_enriched auto_completed
6353f8437a382bae,N3,日语蓝宝书_N3,～ らしい / ～ ようた,～ らしい,接续：～ らしい。按原书条目和句中词形使用。,好像；有...风格,可表示推量，也可表示具有典型特征。,この文では（らしい）の使い方を確認します。,这句话用于确认“～ らしい”的用法。,同类或相近表达请结合原书相似语法页复习。,推量/性质,batch_09,日语蓝宝书_N3__part_09-13.png,body_heading,50,auto_enriched,,jp_grammar N3 日语蓝宝书_N3 batch_09 auto_enriched auto_completed
e998b3876af23c87,N3,日语蓝宝书_N3,～ わけがない / ～ わけではない,～ わけがない,名詞 + が / 普通形 + が,但是；主语标记,可表示主语，也可连接前后相反或铺垫内容。,値段は高い（が）、品質はいい。,价格高，但是质量好。,同类或相近表达请结合原书相似语法页复习。,助词/逆接,batch_09,日语蓝宝书_N3__part_09-13.png,body_heading,65,auto_completed,,jp_grammar N3 日语蓝宝书_N3 batch_09 kept_needs_explanation auto_completed
417638d88395feb4,N3,日语蓝宝书_N3,～ わけがない / ～ わけではない,～ わけではない,接续：～ わけではない。按原书条目和句中词形使用。,并不是...,用于部分否定，说明不是完全如此。,この文では（わけではない）の使い方を確認します。,这句话用于确认“～ わけではない”的用法。,同类或相近表达请结合原书相似语法页复习。,否定,batch_09,日语蓝宝书_N3__part_09-13.png,body_heading,65,auto_enriched,,jp_grammar N3 日语蓝宝书_N3 batch_09 auto_enriched auto_completed
2ea03e8450b3ba1a,N3,日语蓝宝书_N3,～ を ～ とする / ～ を ～ にする,～ とする,接续：～ とする。按原书条目和句中词形使用。,表示「とする」这一语法形式或助词用法,用于练习「～ とする」在句中的形式和基本功能；具体语义需结合前后文判断。,この文では（とする）の使い方を確認します。,这句话用于确认“～ とする”的用法。,同类或相近表达请结合原书相似语法页复习。,形式/用法,batch_09,日语蓝宝书_N3__part_09-13.png,body_heading,50,auto_completed,,jp_grammar N3 日语蓝宝书_N3 batch_09 kept_needs_explanation auto_completed
ba3d3fe7cffc135e,N3,日语蓝宝书_N3,「 ～ ほと 」,「～ ほと」,接续：「～ ほと」。按原书条目和句中词形使用。,表示「「～ ほと」」这一语法形式或助词用法,用于练习「「～ ほと」」在句中的形式和基本功能；具体语义需结合前后文判断。,この文では（「～ ほと」）の使い方を確認します。,这句话用于确认“「～ ほと」”的用法。,同类或相近表达请结合原书相似语法页复习。,形式/用法,batch_09,日语蓝宝书_N3__part_09-13.png,body_heading,50,auto_completed,,jp_grammar N3 日语蓝宝书_N3 batch_09 kept_needs_explanation auto_completed
ead9ba2dfa7c2d9e,N3,日语蓝宝书_N3,") 「 ～ ほど 」 后面可以接否定形式 , 即以 「 ～ ほど ～ ない 」 形式表示否定比較基准 , 而 「 ～ ぐらい 」 没有送","「～ ほど」后面可以接否定形式 , 即以「～ ほど","接续：「～ ほど」后面可以接否定形式 , 即以「～ ほど。按原书条目和句中词形使用。",程度；越...越...,表示程度、比较基准或递进变化。,"この文では（「～ ほど」后面可以接否定形式 , 即以「～ ほど）の使い方を確認します。","这句话用于确认“「～ ほど」后面可以接否定形式 , 即以「～ ほど”的用法。",同类或相近表达请结合原书相似语法页复习。,程度/比较,batch_09,日语蓝宝书_N3__part_09-13.png,body_heading,50,auto_enriched,,jp_grammar N3 日语蓝宝书_N3 batch_09 auto_enriched auto_completed
c65f7bf5f8df74ef,N3,日语蓝宝书_N3,") 「 ～ ほど 」 后面可以接否定形式 , 即以 「 ～ ほど ～ ない 」 形式表示否定比較基准 , 而 「 ～ ぐらい 」 没有送","～ ない」形式表示否定比較基准 , 而「～ ぐらい」没有送","接续：～ ない」形式表示否定比較基准 , 而「～ ぐらい」没有送。按原书条目和句中词形使用。","表示「ない」形式表示否定比較基准 , 而「～ ぐらい」没有送」这一语法形式或助词用法","用于练习「～ ない」形式表示否定比較基准 , 而「～ ぐらい」没有送」在句中的形式和基本功能；具体语义需结合前后文判断。","この文では（ない」形式表示否定比較基准 , 而「～ ぐらい」没有送）の使い方を確認します。","这句话用于确认“～ ない」形式表示否定比較基准 , 而「～ ぐらい」没有送”的用法。",同类或相近表达请结合原书相似语法页复习。,形式/用法,batch_09,日语蓝宝书_N3__part_09-13.png,body_heading,50,auto_completed,,jp_grammar N3 日语蓝宝书_N3 batch_09 kept_needs_explanation auto_completed
75c0e50c513cb481,N3,日语蓝宝书_N3,") 在表示動作或状悉的程度吋 , 「 ～ ほど 」 和 「 ～ ぐらい 」 都可以使用 , 意思是 “ ・ ・ ・ ・ 得 ” 。","在表示動作或状悉的程度吋 ,「～ ほど」和「～ ぐらい」都可以使用 , 意思是 “・・・・得 ”。","接续：在表示動作或状悉的程度吋 ,「～ ほど」和「～ ぐらい」都可以使用 , 意思是 “・・・・得 ”。。按原书条目和句中词形使用。",程度；越...越...,表示程度、比较基准或递进变化。,"この文では（在表示動作或状悉的程度吋 ,「～ ほど」和「～ ぐらい」都可以使用 , 意思是 “・・・・得 ”）の使い方を確認します。","这句话用于确认“在表示動作或状悉的程度吋 ,「～ ほど」和「～ ぐらい」都可以使用 , 意思是 “・・・・得 ”。”的用法。",同类或相近表达请结合原书相似语法页复习。,程度/比较,batch_09,日语蓝宝书_N3__part_09-14.png,body_heading,20,needs_manual_review,,jp_grammar N3 日语蓝宝书_N3 batch_09 needs_manual_review auto_completed
648b939fe82f0b5e,N3,日语蓝宝书_N3,「 ～ まで 」,「～ まで」,名詞 + まで,到...为止；甚至,表示范围终点，也可表示极端例子。,子ども（まで）、そのニュースを知っている。,甚至孩子都知道那条新闻。,同类或相近表达请结合原书相似语法页复习。,范围/强调,batch_09,日语蓝宝书_N3__part_09-14.png,body_heading,50,auto_completed,,jp_grammar N3 日语蓝宝书_N3 batch_09 kept_needs_explanation auto_completed
336703883b09580a,N3,日语蓝宝书_N3,「 ～ やら ～ やら 」,「～ やら,名詞 + や + 名詞,...和...等,用于不完全列举。,机の上に本（や）ノートがあります。,桌上有书和笔记本等。,同类或相近表达请结合原书相似语法页复习。,列举,batch_09,日语蓝宝书_N3__part_09-14.png,body_heading,50,auto_completed,,jp_grammar N3 日语蓝宝书_N3 batch_09 kept_needs_explanation auto_completed
4f8f47fb9edb34e8,N3,日语蓝宝书_N3,「 ～ やら ～ やら 」,～ やら」,名詞 + や + 名詞,...和...等,用于不完全列举。,机の上に本（や）ノートがあります。,桌上有书和笔记本等。,同类或相近表达请结合原书相似语法页复习。,列举,batch_09,日语蓝宝书_N3__part_09-14.png,body_heading,50,auto_completed,,jp_grammar N3 日语蓝宝书_N3 batch_09 kept_needs_explanation auto_completed
f2399bc8c0a8abb8,N3,日语蓝宝书_N3,【 辨析 】 「 ～ ことになる 」 「 ～ ようになる 」 前面接銕 「 動詞辞弔形 / 動詞ない形 / 動 - 詞可能形 」 。,【 辨析 】「～ ことになる」「～ ようになる」前面接銕「,動詞辞書形/動詞ない形/動詞可能形」,变成；结果是,表示由外部情况决定，或推导出的结果。,うれしい（ことに）、全員が合格した。,令人高兴的是，全员都合格了。,同类或相近表达请结合原书相似语法页复习。,结果/决定,batch_09,日语蓝宝书_N3__part_09-14.png,body_heading,65,auto_enriched,,jp_grammar N3 日语蓝宝书_N3 batch_09 auto_enriched auto_completed
ee98e1c573b7e8ca,N3,日语蓝宝书_N3,「 ～ を ～ とする 」,「～ を,接续：「～ を。按原书条目和句中词形使用。,表示「「～ を」这一语法形式或助词用法,用于练习「「～ を」在句中的形式和基本功能；具体语义需结合前后文判断。,この文では（「～ を）の使い方を確認します。,这句话用于确认“「～ を”的用法。,同类或相近表达请结合原书相似语法页复习。,形式/用法,batch_09,日语蓝宝书_N3__part_09-15.png,body_heading,50,auto_completed,,jp_grammar N3 日语蓝宝书_N3 batch_09 kept_needs_explanation auto_completed
4190ec3325fe4eb9,N3,日语蓝宝书_N3,「 ～ を ～ とする 」,～ とする」,接续：～ とする」。按原书条目和句中词形使用。,表示「とする」」这一语法形式或助词用法,用于练习「～ とする」」在句中的形式和基本功能；具体语义需结合前后文判断。,この文では（とする」）の使い方を確認します。,这句话用于确认“～ とする」”的用法。,同类或相近表达请结合原书相似语法页复习。,形式/用法,batch_09,日语蓝宝书_N3__part_09-15.png,body_heading,50,auto_completed,,jp_grammar N3 日语蓝宝书_N3 batch_09 kept_needs_explanation auto_completed
8cb6efa62eda27bb,N3,日语蓝宝书_N3,「 ～ らしい ( 推量 ) 」,「～ らしい(推量)」,接续：「～ らしい(推量)」。按原书条目和句中词形使用。,好像；有...风格,可表示推量，也可表示具有典型特征。,この文では（「～ らしい(推量)」）の使い方を確認します。,这句话用于确认“「～ らしい(推量)」”的用法。,同类或相近表达请结合原书相似语法页复习。,推量/性质,batch_09,日语蓝宝书_N3__part_09-15.png,body_heading,50,auto_enriched,,jp_grammar N3 日语蓝宝书_N3 batch_09 auto_enriched auto_completed
32087563429b52e1,N3,日语蓝宝书_N3,「 ～ わけがない 」,「～ わけがない」,名詞 + が / 普通形 + が,但是；主语标记,可表示主语，也可连接前后相反或铺垫内容。,値段は高い（が）、品質はいい。,价格高，但是质量好。,同类或相近表达请结合原书相似语法页复习。,助词/逆接,batch_09,日语蓝宝书_N3__part_09-15.png,body_heading,65,auto_completed,,jp_grammar N3 日语蓝宝书_N3 batch_09 kept_needs_explanation auto_completed
45e9f556eb14f109,N3,日语蓝宝书_N3,表示身イ分 、 資格立坊 、 ヌ見点的句型ロ ～ から言うと / から言えば / 从 ・ ・ ・ ・ ・ ・ 来税,～ から言うと/から言えば/从・・・・・・来税,普通形 + か,是否；或者；疑问,表示疑问、不确定或选择。,彼が来る（か）分かりません。,不知道他是否会来。,同类或相近表达请结合原书相似语法页复习。,疑问/选择,batch_09,日语蓝宝书_N3__part_09-19.png,body_heading,50,auto_completed,,jp_grammar N3 日语蓝宝书_N3 batch_09 kept_needs_explanation auto_completed
ec0e1508e9e7001c,N3,日语蓝宝书_N3,助動i詞ロ ～ てもらう / ていただくロ ～ てくれる / てくださる,～ てもらう/ていただくロ,動詞て形 / い形容詞くて + も,即使...也,表示让步条件。,雨が降っ（ても）、行きます。,即使下雨也去。,同类或相近表达请结合原书相似语法页复习。,让步,batch_09,日语蓝宝书_N3__part_09-26.png,body_heading,60,auto_completed,,jp_grammar N3 日语蓝宝书_N3 batch_09 kept_needs_explanation auto_completed
2cae0383ce092774,N3,日语蓝宝书_N3,朴助動詞ロ ～ ( ら ) れる ( 自悉 ),～(ら)れる(自悉),接续：～(ら)れる(自悉)。按原书条目和句中词形使用。,表示「(ら)れる(自悉)」这一语法形式或助词用法,用于练习「～(ら)れる(自悉)」在句中的形式和基本功能；具体语义需结合前后文判断。,この文では（(ら)れる(自悉)）の使い方を確認します。,这句话用于确认“～(ら)れる(自悉)”的用法。,同类或相近表达请结合原书相似语法页复习。,形式/用法,batch_09,日语蓝宝书_N3__part_09-26.png,body_heading,50,auto_completed,,jp_grammar N3 日语蓝宝书_N3 batch_09 kept_needs_explanation auto_completed
ae0c1706f54dc751,N5/N4,日语蓝宝书N5N4,～ おるかいしや,～ おるかいしや,普通形 + か,是否；或者；疑问,表示疑问、不确定或选择。,彼が来る（か）分かりません。,不知道他是否会来。,同类或相近表达请结合原书相似语法页复习。,疑问/选择,batch_09,日语蓝宝书N5N4__part_09-03.png,body_heading,50,auto_completed,,jp_grammar N5_N4 日语蓝宝书N5N4 batch_09 kept_needs_explanation auto_completed
97800c0bcaf01887,N5/N4,日语蓝宝书N5N4,～ 参るまいく 「 ～ 参る 」 是 「 ～ 行く 」 和 「 ～ 来る 」 的特殊自濂表込 。 △ 電車が参ります 。 / 屯牟幵逆来了 。,～ 参るまいく「～ 参る」是「～ 行く」和「～ 来る」的特殊自濂表込。△ 電車が参ります。/屯牟幵逆来了。,名詞 + が / 普通形 + が,但是；主语标记,可表示主语，也可连接前后相反或铺垫内容。,値段は高い（が）、品質はいい。,价格高，但是质量好。,同类或相近表达请结合原书相似语法页复习。,助词/逆接,batch_09,日语蓝宝书N5N4__part_09-03.png,body_heading,30,auto_completed,,jp_grammar N5_N4 日语蓝宝书N5N4 batch_09 kept_needs_explanation auto_completed
085e2e6a1a599388,N5/N4,日语蓝宝书N5N4,～ お目にかかを,～ お目にかかを,普通形 + か,是否；或者；疑问,表示疑问、不确定或选择。,彼が来る（か）分かりません。,不知道他是否会来。,同类或相近表达请结合原书相似语法页复习。,疑问/选择,batch_09,日语蓝宝书N5N4__part_09-03.png,body_heading,50,auto_completed,,jp_grammar N5_N4 日语蓝宝书N5N4 batch_09 kept_needs_explanation auto_completed
4dc985133b79838f,N5/N4,日语蓝宝书N5N4,～ 見するてがみはいけん △ お手紙拝見しました 。 / 我看恷的信了 。,～ 見するてがみはいけん △ お手紙拝見しました。/我看恷的信了。,名詞 + が / 普通形 + が,但是；主语标记,可表示主语，也可连接前后相反或铺垫内容。,値段は高い（が）、品質はいい。,价格高，但是质量好。,同类或相近表达请结合原书相似语法页复习。,助词/逆接,batch_09,日语蓝宝书N5N4__part_09-04.png,body_heading,60,auto_completed,,jp_grammar N5_N4 日语蓝宝书N5N4 batch_09 kept_needs_explanation auto_completed
e857759b1cbcb460,N5/N4,日语蓝宝书N5N4,～ うかがう △ この件についてご意見をおうかがいします 。 / 美于選件事想听听恷的意見 。,～ うかがう △ この件についてご意見をおうかがいします。/美于選件事想听听恷的意見。,普通形 + か,关于...,表示谈论、调查、说明等动作涉及的主题。,彼が来る（か）分かりません。,不知道他是否会来。,同类或相近表达请结合原书相似语法页复习。,主题,batch_09,日语蓝宝书N5N4__part_09-04.png,body_heading,30,needs_manual_review,,jp_grammar N5_N4 日语蓝宝书N5N4 batch_09 needs_manual_review auto_completed
20b4de1825335622,N5/N4,日语蓝宝书N5N4,～ 来る 」,～ 来る」,接续：～ 来る」。按原书条目和句中词形使用。,表示「来る」」这一语法形式或助词用法,用于练习「～ 来る」」在句中的形式和基本功能；具体语义需结合前后文判断。,この文では（来る」）の使い方を確認します。,这句话用于确认“～ 来る」”的用法。,同类或相近表达请结合原书相似语法页复习。,形式/用法,batch_09,日语蓝宝书N5N4__part_09-04.png,body_heading,50,auto_completed,,jp_grammar N5_N4 日语蓝宝书N5N4 batch_09 kept_needs_explanation auto_completed
2e321bd77908da11,N5/N4,日语蓝宝书N5N4,～ 尋ねる 」 、 「 ～ 訪ねる 」 和 「 ～ 訪問す,～ 尋ねる」、「～ 訪ねる」和「～ 訪問す,接续：～ 尋ねる」、「～ 訪ねる」和「～ 訪問す。按原书条目和句中词形使用。,表示「尋ねる」、「～ 訪ねる」和「～ 訪問す」这一语法形式或助词用法,用于练习「～ 尋ねる」、「～ 訪ねる」和「～ 訪問す」在句中的形式和基本功能；具体语义需结合前后文判断。,この文では（尋ねる」、「～ 訪ねる」和「～ 訪問す）の使い方を確認します。,这句话用于确认“～ 尋ねる」、「～ 訪ねる」和「～ 訪問す”的用法。,同类或相近表达请结合原书相似语法页复习。,形式/用法,batch_09,日语蓝宝书N5N4__part_09-04.png,body_heading,50,auto_completed,,jp_grammar N5_N4 日语蓝宝书N5N4 batch_09 kept_needs_explanation auto_completed
e38b610272578dbf,N5/N4,日语蓝宝书N5N4,～ ておる助詞 「 て形 」 +おる,～ ておる助詞「,て形」+おる,表示「ておる助詞「」这一语法形式或助词用法,用于练习「～ ておる助詞「」在句中的形式和基本功能；具体语义需结合前后文判断。,この文では（ておる助詞「）の使い方を確認します。,这句话用于确认“～ ておる助詞「”的用法。,同类或相近表达请结合原书相似语法页复习。,形式/用法,batch_09,日语蓝宝书N5N4__part_09-05.png,body_heading,50,auto_completed,,jp_grammar N5_N4 日语蓝宝书N5N4 batch_09 kept_needs_explanation auto_completed
bf7d6233e95ca4c5,N5/N4,日语蓝宝书N5N4,～ ていただく功詞 「 て形 」 +いただく,～ ていただく功詞「,て形」+いただく,表示「ていただく功詞「」这一语法形式或助词用法,用于练习「～ ていただく功詞「」在句中的形式和基本功能；具体语义需结合前后文判断。,この文では（ていただく功詞「）の使い方を確認します。,这句话用于确认“～ ていただく功詞「”的用法。,同类或相近表达请结合原书相似语法页复习。,形式/用法,batch_09,日语蓝宝书N5N4__part_09-05.png,body_heading,50,auto_completed,,jp_grammar N5_N4 日语蓝宝书N5N4 batch_09 kept_needs_explanation auto_completed
314f74cb4ea6e505,N5/N4,日语蓝宝书N5N4,拝見しわたしがそのことを先生に (,拝見しわたしがそのことを先生に(,名詞 + が / 普通形 + が,但是；主语标记,可表示主语，也可连接前后相反或铺垫内容。,値段は高い（が）、品質はいい。,价格高，但是质量好。,同类或相近表达请结合原书相似语法页复习。,助词/逆接,batch_09,日语蓝宝书N5N4__part_09-06.png,body_heading,30,auto_completed,,jp_grammar N5_N4 日语蓝宝书N5N4 batch_09 kept_needs_explanation auto_completed
808cc07c335ed057,N5/N4,日语蓝宝书N5N4,にな屮ましよう,にな屮ましよう,接续：にな屮ましよう。按原书条目和句中词形使用。,表示「にな屮ましよう」这一语法形式或助词用法,用于练习「にな屮ましよう」在句中的形式和基本功能；具体语义需结合前后文判断。,この文では（にな屮ましよう）の使い方を確認します。,这句话用于确认“にな屮ましよう”的用法。,同类或相近表达请结合原书相似语法页复习。,形式/用法,batch_09,日语蓝宝书N5N4__part_09-06.png,body_heading,30,auto_completed,,jp_grammar N5_N4 日语蓝宝书N5N4 batch_09 kept_needs_explanation auto_completed
02dbbf0355f9e634,N5/N4,日语蓝宝书N5N4,お目にかかり一 ) ましよう 。,お目にかかり一)ましよう。,普通形 + か,是否；或者；疑问,表示疑问、不确定或选择。,彼が来る（か）分かりません。,不知道他是否会来。,同类或相近表达请结合原书相似语法页复习。,疑问/选择,batch_09,日语蓝宝书N5N4__part_09-06.png,body_heading,30,auto_completed,,jp_grammar N5_N4 日语蓝宝书N5N4 batch_09 kept_needs_explanation auto_completed
ccde7e005b992971,N5/N4,日语蓝宝书N5N4,参りますぶらようまいにちをびろ,参りますぶらようまいにちをびろ,接续：参りますぶらようまいにちをびろ。按原书条目和句中词形使用。,表示「参りますぶらようまいにちをびろ」这一语法形式或助词用法,用于练习「参りますぶらようまいにちをびろ」在句中的形式和基本功能；具体语义需结合前后文判断。,この文では（参りますぶらようまいにちをびろ）の使い方を確認します。,这句话用于确认“参りますぶらようまいにちをびろ”的用法。,同类或相近表达请结合原书相似语法页复习。,形式/用法,batch_09,日语蓝宝书N5N4__part_09-08.png,body_heading,30,auto_completed,,jp_grammar N5_N4 日语蓝宝书N5N4 batch_09 kept_needs_explanation auto_completed
3ef6093e8194abb9,N5/N4,日语蓝宝书N5N4,句子的変形小詰 (I) 敬体形的変形,句子的変形小詰(I)敬体形的変形,接续：句子的変形小詰(I)敬体形的変形。按原书条目和句中词形使用。,表示「句子的変形小詰(I)敬体形的変形」这一语法形式或助词用法,用于练习「句子的変形小詰(I)敬体形的変形」在句中的形式和基本功能；具体语义需结合前后文判断。,この文では（句子的変形小詰(I)敬体形的変形）の使い方を確認します。,这句话用于确认“句子的変形小詰(I)敬体形的変形”的用法。,同类或相近表达请结合原书相似语法页复习。,形式/用法,batch_09,日语蓝宝书N5N4__part_09-13.png,body_heading,30,auto_completed,,jp_grammar N5_N4 日语蓝宝书N5N4 batch_09 kept_needs_explanation auto_completed
c515cca9c2721fd9,N5/N4,日语蓝宝书N5N4,秒はちびよう,秒はちびよう,接续：秒はちびよう。按原书条目和句中词形使用。,表示「秒はちびよう」这一语法形式或助词用法,用于练习「秒はちびよう」在句中的形式和基本功能；具体语义需结合前后文判断。,この文では（秒はちびよう）の使い方を確認します。,这句话用于确认“秒はちびよう”的用法。,同类或相近表达请结合原书相似语法页复习。,形式/用法,batch_09,日语蓝宝书N5N4__part_09-15.png,body_heading,30,auto_completed,,jp_grammar N5_N4 日语蓝宝书N5N4 batch_09 kept_needs_explanation auto_completed
55a90b73ec3c5987,N5/N4,日语蓝宝书N5N4,年 ③ ～ 週間附求1NS部分,～ 週間附求1NS部分,動詞普通形 / 名詞の + 間,在...期间,表示某动作或状态持续的整个期间。,母が料理している（間）、私は宿題をした。,妈妈做饭期间，我写了作业。,同类或相近表达请结合原书相似语法页复习。,时间,batch_09,日语蓝宝书N5N4__part_09-16.png,body_heading,50,auto_completed,,jp_grammar N5_N4 日语蓝宝书N5N4 batch_09 kept_needs_explanation auto_completed
579efda737360051,N5/N4,日语蓝宝书N5N4,週 ① ～ 杯い - い,～ 杯い - い,接续：～ 杯い - い。按原书条目和句中词形使用。,表示「杯い - い」这一语法形式或助词用法,用于练习「～ 杯い - い」在句中的形式和基本功能；具体语义需结合前后文判断。,この文では（杯い - い）の使い方を確認します。,这句话用于确认“～ 杯い - い”的用法。,同类或相近表达请结合原书相似语法页复习。,形式/用法,batch_09,日语蓝宝书N5N4__part_09-16.png,body_heading,50,auto_completed,,jp_grammar N5_N4 日语蓝宝书N5N4 batch_09 kept_needs_explanation auto_completed
bc39bf3c8c6d4b7e,N5/N4,日语蓝宝书N5N4,杯 ⑤ ～ 番いちばん,～ 番いちばん,動詞ば形 / い形容詞ければ + ば,如果...；一...就,表示条件。,時間があれ（ば）、行きます。,如果有时间就去。,同类或相近表达请结合原书相似语法页复习。,条件,batch_09,日语蓝宝书N5N4__part_09-16.png,body_heading,50,auto_completed,,jp_grammar N5_N4 日语蓝宝书N5N4 batch_09 kept_needs_explanation auto_completed
dd4db7bbbbe9514f,N5/N4,日语蓝宝书N5N4,台 ⑦ ～ 回い,～ 回い,接续：～ 回い。按原书条目和句中词形使用。,表示「回い」这一语法形式或助词用法,用于练习「～ 回い」在句中的形式和基本功能；具体语义需结合前后文判断。,この文では（回い）の使い方を確認します。,这句话用于确认“～ 回い”的用法。,同类或相近表达请结合原书相似语法页复习。,形式/用法,batch_09,日语蓝宝书N5N4__part_09-16.png,body_heading,50,auto_completed,,jp_grammar N5_N4 日语蓝宝书N5N4 batch_09 kept_needs_explanation auto_completed
2326fb2fa22b8ec2,Minna,大家的日语（第二版）初级2学习辅导书3A出版社,) 10歳2 ) おとなしくて 、 優しい3 ) 本を読むこと 、 大の世話,10歳2)おとなしくて、優しい3)本を読むこと、大の世話,普通形 + の,名词化；所属；说明,可表示所属、名词化，或替代前面提到的名词。,走る（の）が好きです。,我喜欢跑步。,同类或相近表达请结合原书相似语法页复习。,名词化/助词,batch_10,大家的日语（第二版）初级2学习辅导书3A出版社__part_10-02.png,body_heading,30,auto_completed,,jp_grammar Minna 大家的日语_第二版_初级2学习辅导书3A出版社 batch_10 kept_needs_explanation auto_completed
e4feb028ee55b807,Minna,大家的日语（第二版）初级2学习辅导书3A出版社,) 雨で学校が休みになったことがありますか 。,雨で学校が休みになったことがありますか。,普通形 + か,是否；或者；疑问,表示疑问、不确定或选择。,彼が来る（か）分かりません。,不知道他是否会来。,同类或相近表达请结合原书相似语法页复习。,疑问/选择,batch_10,大家的日语（第二版）初级2学习辅导书3A出版社__part_10-02.png,body_heading,30,auto_completed,,jp_grammar Minna 大家的日语_第二版_初级2学习辅导书3A出版社 batch_10 kept_needs_explanation auto_completed
11978dd9a2379b0e,Minna,大家的日语（第二版）初级2学习辅导书3A出版社,はい 。 らいしうすいようび,はい。らいしうすいようび,接续：はい。らいしうすいようび。按原书条目和句中词形使用。,表示「はい。らいしうすいようび」这一语法形式或助词用法,用于练习「はい。らいしうすいようび」在句中的形式和基本功能；具体语义需结合前后文判断。,この文では（はい。らいしうすいようび）の使い方を確認します。,这句话用于确认“はい。らいしうすいようび”的用法。,同类或相近表达请结合原书相似语法页复习。,形式/用法,batch_10,大家的日语（第二版）初级2学习辅导书3A出版社__part_10-02.png,body_heading,30,auto_completed,,jp_grammar Minna 大家的日语_第二版_初级2学习辅导书3A出版社 batch_10 kept_needs_explanation auto_completed
b76240670f36029d,Minna,大家的日语（第二版）初级2学习辅导书3A出版社,～ ん道が込んでいて 、 車が全然動かないんだ 。 30分ぐらい遅れるかもしれない 。,～ ん道が込んでいて、車が全然動かないんだ。30分ぐらい遅れるかもしれない。,普通形 + んだ,也许；可能,表示可能性不高但不能排除。,実は、少し熱がある（んだ）。,其实有点发烧。,同类或相近表达请结合原书相似语法页复习。,推量,batch_10,大家的日语（第二版）初级2学习辅导书3A出版社__part_10-03.png,body_heading,20,needs_manual_review,,jp_grammar Minna 大家的日语_第二版_初级2学习辅导书3A出版社 batch_10 needs_manual_review auto_completed
240d00ce2f55b91c,Minna,大家的日语（第二版）初级2学习辅导书3A出版社,) 小さくて / 聞こえません4 ) 心配で / 寝られませんでした,小さくて/聞こえません4)心配で/寝られませんでした,接续：小さくて/聞こえません4)心配で/寝られませんでした。按原书条目和句中词形使用。,表示「小さくて」这一语法形式或助词用法,用于练习「小さくて/聞こえません4)心配で/寝られませんでした」在句中的形式和基本功能；具体语义需结合前后文判断。,この文では（小さくて）の使い方を確認します。,这句话用于确认“小さくて/聞こえません4)心配で/寝られませんでした”的用法。,同类或相近表达请结合原书相似语法页复习。,形式/用法,batch_10,大家的日语（第二版）初级2学习辅导书3A出版社__part_10-03.png,body_heading,25,auto_completed,,jp_grammar Minna 大家的日语_第二版_初级2学习辅导书3A出版社 batch_10 kept_needs_explanation auto_completed
1117051cb1fe3464,Minna,大家的日语（第二版）初级2学习辅导书3A出版社,) 健康のために 、 何か気をつけていますか 。,健康のために、何か気をつけていますか。,普通形 + か,为了；因为,表示目的，也可表示原因。,彼が来る（か）分かりません。,不知道他是否会来。,同类或相近表达请结合原书相似语法页复习。,目的/原因,batch_10,大家的日语（第二版）初级2学习辅导书3A出版社__part_10-06.png,body_heading,30,needs_manual_review,,jp_grammar Minna 大家的日语_第二版_初级2学习辅导书3A出版社 batch_10 needs_manual_review auto_completed
9cd965e3a9d33637,Minna,大家的日语（第二版）初级2学习辅导书3A出版社,) お酒を飲みすぎたことがありますか 。,お酒を飲みすぎたことがありますか。,普通形 + か,是否；或者；疑问,表示疑问、不确定或选择。,彼が来る（か）分かりません。,不知道他是否会来。,同类或相近表达请结合原书相似语法页复习。,疑问/选择,batch_10,大家的日语（第二版）初级2学习辅导书3A出版社__part_10-08.png,body_heading,30,auto_completed,,jp_grammar Minna 大家的日语_第二版_初级2学习辅导书3A出版社 batch_10 kept_needs_explanation auto_completed
30c151ddb6654e78,Minna,大家的日语（第二版）初级2学习辅导书3A出版社,) 女 : おはようございます 。,女:おはようございます。,接续：女:おはようございます。。按原书条目和句中词形使用。,表示「女:おはようございます」这一语法形式或助词用法,用于练习「女:おはようございます。」在句中的形式和基本功能；具体语义需结合前后文判断。,この文では（女:おはようございます）の使い方を確認します。,这句话用于确认“女:おはようございます。”的用法。,同类或相近表达请结合原书相似语法页复习。,形式/用法,batch_10,大家的日语（第二版）初级2学习辅导书3A出版社__part_10-08.png,body_heading,30,auto_completed,,jp_grammar Minna 大家的日语_第二版_初级2学习辅导书3A出版社 batch_10 kept_needs_explanation auto_completed
f9a3ea956675daba,Minna,大家的日语（第二版）初级2学习辅导书3A出版社,) 中止の / お金を返して4 ) 無理な / あさって来て,中止の/お金を返して4)無理な/あさって来て,普通形 + の,名词化；所属；说明,可表示所属、名词化，或替代前面提到的名词。,走る（の）が好きです。,我喜欢跑步。,同类或相近表达请结合原书相似语法页复习。,名词化/助词,batch_10,大家的日语（第二版）初级2学习辅导书3A出版社__part_10-10.png,body_heading,25,auto_completed,,jp_grammar Minna 大家的日语_第二版_初级2学习辅导书3A出版社 batch_10 kept_needs_explanation auto_completed
ff5a18b850175900,Minna,大家的日语（第二版）初级2学习辅导书3A出版社,) を / 遊ばせます2 ) に / 掃除させます3 ) に / 手伝わせます,を/遊ばせます2)に/掃除させます3)に/手伝わせます,動詞ば形 / い形容詞ければ + ば,如果...；一...就,表示条件。,時間があれ（ば）、行きます。,如果有时间就去。,同类或相近表达请结合原书相似语法页复习。,条件,batch_10,大家的日语（第二版）初级2学习辅导书3A出版社__part_10-13.png,body_heading,25,auto_completed,,jp_grammar Minna 大家的日语_第二版_初级2学习辅导书3A出版社 batch_10 kept_needs_explanation auto_completed
b55e5030d8040b1d,Minna,大家的日语（第二版）初级2学习辅导书3A出版社,① 子どもが好きなこと ② ピアノ ③ 英語 ④ 習字 ⑤ そろばん,子どもが好きなこと 2 ピアノ 3 英語 4 習字 5 そろばん,名詞 + が / 普通形 + が,但是；主语标记,可表示主语，也可连接前后相反或铺垫内容。,値段は高い（が）、品質はいい。,价格高，但是质量好。,同类或相近表达请结合原书相似语法页复习。,助词/逆接,batch_10,大家的日语（第二版）初级2学习辅导书3A出版社__part_10-13.png,body_heading,20,auto_completed,,jp_grammar Minna 大家的日语_第二版_初级2学习辅导书3A出版社 batch_10 kept_needs_explanation auto_completed
7e98083041a79803,Minna,大家的日语（第二版）初级2学习辅导书3A出版社,) 男きようは山本先生に来ていただきました 。,男きようは山本先生に来ていただきました。,接续：男きようは山本先生に来ていただきました。。按原书条目和句中词形使用。,表示「男きようは山本先生に来ていただきました」这一语法形式或助词用法,用于练习「男きようは山本先生に来ていただきました。」在句中的形式和基本功能；具体语义需结合前后文判断。,この文では（男きようは山本先生に来ていただきました）の使い方を確認します。,这句话用于确认“男きようは山本先生に来ていただきました。”的用法。,同类或相近表达请结合原书相似语法页复习。,形式/用法,batch_10,大家的日语（第二版）初级2学习辅导书3A出版社__part_10-15.png,body_heading,30,auto_completed,,jp_grammar Minna 大家的日语_第二版_初级2学习辅导书3A出版社 batch_10 kept_needs_explanation auto_completed
9a6d8aa333d9904e,Minna,大家的日语（第二版）初级2学习辅导书3A出版社,) を15 ) に / が来なかった / 悪かった,を15)に/が来なかった/悪かった,普通形 + か,是否；或者；疑问,表示疑问、不确定或选择。,彼が来る（か）分かりません。,不知道他是否会来。,同类或相近表达请结合原书相似语法页复习。,疑问/选择,batch_10,大家的日语（第二版）初级2学习辅导书3A出版社__part_10-16.png,body_heading,25,auto_completed,,jp_grammar Minna 大家的日语_第二版_初级2学习辅导书3A出版社 batch_10 kept_needs_explanation auto_completed
a4930fb4bdbb37cf,Minna,大家的日语（第二版）初级2学习辅导书3A出版社,) 破れて / 例 : 着られません4 ) 閉まって / 例 : 買い物できません,破れて/例:着られません4)閉まって/例:買い物できません,接续：破れて/例:着られません4)閉まって/例:買い物できません。按原书条目和句中词形使用。,表示「破れて」这一语法形式或助词用法,用于练习「破れて/例:着られません4)閉まって/例:買い物できません」在句中的形式和基本功能；具体语义需结合前后文判断。,この文では（破れて）の使い方を確認します。,这句话用于确认“破れて/例:着られません4)閉まって/例:買い物できません”的用法。,同类或相近表达请结合原书相似语法页复习。,形式/用法,batch_10,大家的日语（第二版）初级2学习辅导书3A出版社__part_10-16.png,body_heading,25,auto_completed,,jp_grammar Minna 大家的日语_第二版_初级2学习辅导书3A出版社 batch_10 kept_needs_explanation auto_completed
e3be3867989d02c1,Minna,大家的日语（第二版）初级2学习辅导书3A出版社,) できる / しよう / しろ / すれば,できる/しよう/しろ/すれば,動詞ば形 / い形容詞ければ + ば,如果...；一...就,表示条件。,時間があれ（ば）、行きます。,如果有时间就去。,同类或相近表达请结合原书相似语法页复习。,条件,batch_10,大家的日语（第二版）初级2学习辅导书3A出版社__part_10-16.png,body_heading,30,auto_completed,,jp_grammar Minna 大家的日语_第二版_初级2学习辅导书3A出版社 batch_10 kept_needs_explanation auto_completed
c1190cc2ce4cc387,Minna,大家的日语（第二版）初级2学习辅导书3A出版社,) もらいました2 ) 持てる3 ) ために,もらいました2)持てる3)ために,名詞 + も,为了；因为,表示目的，也可表示原因。,私（も）行きます。,我也去。,同类或相近表达请结合原书相似语法页复习。,目的/原因,batch_10,大家的日语（第二版）初级2学习辅导书3A出版社__part_10-17.png,body_heading,30,needs_manual_review,,jp_grammar Minna 大家的日语_第二版_初级2学习辅导书3A出版社 batch_10 needs_manual_review auto_completed
f9200bd10cbc66e0,Minna,大家的日语（第二版）初级2学习辅导书3A出版社,) にひつようす,にひつようす,接续：にひつようす。按原书条目和句中词形使用。,表示「にひつようす」这一语法形式或助词用法,用于练习「にひつようす」在句中的形式和基本功能；具体语义需结合前后文判断。,この文では（にひつようす）の使い方を確認します。,这句话用于确认“にひつようす”的用法。,同类或相近表达请结合原书相似语法页复习。,形式/用法,batch_10,大家的日语（第二版）初级2学习辅导书3A出版社__part_10-17.png,body_heading,30,auto_completed,,jp_grammar Minna 大家的日语_第二版_初级2学习辅导书3A出版社 batch_10 kept_needs_explanation auto_completed
9f5a7b1e577348cc,Minna,大家的日语（第二版）初级2学习辅导书3A出版社,) 届くはずです6 ) 事故のようです7 ) 送らせます,届くはずです6)事故のようです7)送らせます,普通形 + の,按理应该,根据已知事实推断某事理应如此。,走る（の）が好きです。,我喜欢跑步。,同类或相近表达请结合原书相似语法页复习。,推量,batch_10,大家的日语（第二版）初级2学习辅导书3A出版社__part_10-17.png,body_heading,30,needs_manual_review,,jp_grammar Minna 大家的日语_第二版_初级2学习辅导书3A出版社 batch_10 needs_manual_review auto_completed
a5f108599b5fcdc9,Minna,大家的日语（第二版）初级2学习辅导书3A出版社,) 汚した2 ) 入らない / 掛けて3 ) なくして / 見つかリませんでした,汚した2)入らない/掛けて3)なくして/見つかリませんでした,普通形 + か,是否；或者；疑问,表示疑问、不确定或选择。,彼が来る（か）分かりません。,不知道他是否会来。,同类或相近表达请结合原书相似语法页复习。,疑问/选择,batch_10,大家的日语（第二版）初级2学习辅导书3A出版社__part_10-18.png,body_heading,25,auto_completed,,jp_grammar Minna 大家的日语_第二版_初级2学习辅导书3A出版社 batch_10 kept_needs_explanation auto_completed
a25944c6508fb5dc,N2,日语蓝宝书_N2,言葉を4失ったようだ 。,言葉を4失ったようだ。,接续：言葉を4失ったようだ。。按原书条目和句中词形使用。,表示「言葉を4失ったようだ」这一语法形式或助词用法,用于练习「言葉を4失ったようだ。」在句中的形式和基本功能；具体语义需结合前后文判断。,この文では（言葉を4失ったようだ）の使い方を確認します。,这句话用于确认“言葉を4失ったようだ。”的用法。,同类或相近表达请结合原书相似语法页复习。,形式/用法,batch_10,日语蓝宝书_N2__part_10-02.png,body_heading,30,auto_completed,,jp_grammar N2 日语蓝宝书_N2 batch_10 kept_needs_explanation auto_completed
464032ef222e1d4a,N2,日语蓝宝书_N2,か何かを3飲みながら2楽しく話している 。,か何かを3飲みながら2楽しく話している。,動詞ます形 + ながら,...之类的,表示不确定地举出一个例子。,音楽を聞き（ながら）、勉強します。,一边听音乐一边学习。,同类或相近表达请结合原书相似语法页复习。,举例,batch_10,日语蓝宝书_N2__part_10-04.png,body_heading,30,needs_manual_review,,jp_grammar N2 日语蓝宝书_N2 batch_10 needs_manual_review auto_completed
24e61e683a72240c,N2,日语蓝宝书_N2,ロこうなったのは3あなたのせい1じゃないから2自分を責める4ことはない,ロこうなったのは3あなたのせい1じゃないから2自分を責める4ことはない,普通形 + か,没必要...,表示不需要做某事，用于安慰或建议。,彼が来る（か）分かりません。,不知道他是否会来。,同类或相近表达请结合原书相似语法页复习。,不必要,batch_10,日语蓝宝书_N2__part_10-06.png,body_heading,30,needs_manual_review,,jp_grammar N2 日语蓝宝书_N2 batch_10 needs_manual_review auto_completed
1f3d428cdeac329a,N2,日语蓝宝书_N2,指導を3行うことができる 。,指導を3行うことができる。,動詞辞書形 + ことができる,能够...,表示能力或客观可能。,日本語でメールを書く（ことができる）。,能够用日语写邮件。,同类或相近表达请结合原书相似语法页复习。,可能,batch_10,日语蓝宝书_N2__part_10-12.png,body_heading,30,auto_completed,,jp_grammar N2 日语蓝宝书_N2 batch_10 kept_needs_explanation auto_completed
9a95ac0431375778,N2,日语蓝宝书_N2,ばかりに1携帯も4忘れて3出かけてしまった 。,ばかりに1携帯も4忘れて3出かけてしまった。,普通形 + か,正因为...才,表示由于前项原因导致不理想结果，带后悔语气。,彼が来る（か）分かりません。,不知道他是否会来。,同类或相近表达请结合原书相似语法页复习。,原因,batch_10,日语蓝宝书_N2__part_10-16.png,body_heading,30,needs_manual_review,,jp_grammar N2 日语蓝宝书_N2 batch_10 needs_manual_review auto_completed
2c37a76b06c01c5e,N2,日语蓝宝书_N2,～ うちに ～ うちは ～ ( よ ) うではないか ～ ( よ ) うじゃないか ～ 得る ～ 得ない,～(よ)うではないか,普通形 + か,让我们...吧,表示号召、提议大家一起做某事，书面或演说语气较强。,彼が来る（か）分かりません。,不知道他是否会来。,同类或相近表达请结合原书相似语法页复习。,劝诱,batch_10,日语蓝宝书_N2__part_10-21.png,body_heading,50,auto_enriched,,jp_grammar N2 日语蓝宝书_N2 batch_10 auto_enriched auto_completed
3acd59b3d4248bfa,N2,日语蓝宝书_N2,～ うちに ～ うちは ～ ( よ ) うではないか ～ ( よ ) うじゃないか ～ 得る ～ 得ない,～(よ)うじゃないか,普通形 + か,让我们...吧,表示号召、提议大家一起做某事，口语色彩较强。,彼が来る（か）分かりません。,不知道他是否会来。,同类或相近表达请结合原书相似语法页复习。,劝诱,batch_10,日语蓝宝书_N2__part_10-21.png,body_heading,50,auto_enriched,,jp_grammar N2 日语蓝宝书_N2 batch_10 auto_enriched auto_completed
dc072703be71833b,N2,日语蓝宝书_N2,～ 甲斐がある ～ 甲斐がない,～ 甲斐がある,名詞 + が / 普通形 + が,值得；有效果,表示付出的努力、行为有价值或有相应结果。,値段は高い（が）、品質はいい。,价格高，但是质量好。,同类或相近表达请结合原书相似语法页复习。,价值,batch_10,日语蓝宝书_N2__part_10-21.png,body_heading,50,auto_enriched,,jp_grammar N2 日语蓝宝书_N2 batch_10 auto_enriched auto_completed
51fec3e7f8d2a7fd,N2,日语蓝宝书_N2,～ 甲斐がある ～ 甲斐がない,～ 甲斐がない,名詞 + が / 普通形 + が,没有价值；白费,表示付出没有相应结果或意义。,値段は高い（が）、品質はいい。,价格高，但是质量好。,同类或相近表达请结合原书相似语法页复习。,价值/否定,batch_10,日语蓝宝书_N2__part_10-21.png,body_heading,50,auto_enriched,,jp_grammar N2 日语蓝宝书_N2 batch_10 auto_enriched auto_completed
4ab47648bf049fe1,N2,日语蓝宝书_N2,～ 甲斐もなく,～ 甲斐もなく,名詞 + も,也；连...都,表示同类追加或强调极端例子。,私（も）行きます。,我也去。,同类或相近表达请结合原书相似语法页复习。,助词/强调,batch_10,日语蓝宝书_N2__part_10-21.png,body_heading,50,auto_completed,,jp_grammar N2 日语蓝宝书_N2 batch_10 kept_needs_explanation auto_completed
d42a040dd658672f,N2,日语蓝宝书_N2,～ がきっかけで,～ がきっかけで,普通形 + か,以...为契机,表示某事成为后项行为、变化或认识的起点。,彼が来る（か）分かりません。,不知道他是否会来。,同类或相近表达请结合原书相似语法页复习。,契机,batch_10,日语蓝宝书_N2__part_10-21.png,body_heading,50,auto_enriched,,jp_grammar N2 日语蓝宝书_N2 batch_10 auto_enriched auto_completed
ccea2123b8d5b04c,N2,日语蓝宝书_N2,～ がきっかけになって,～ がきっかけになって,普通形 + か,以...为契机,表示某事成为后项行为、变化或认识的起点。,彼が来る（か）分かりません。,不知道他是否会来。,同类或相近表达请结合原书相似语法页复习。,契机,batch_10,日语蓝宝书_N2__part_10-21.png,body_heading,50,auto_enriched,,jp_grammar N2 日语蓝宝书_N2 batch_10 auto_enriched auto_completed
1ddc6375dd0236fe,N2,日语蓝宝书_N2,～ をきっかけに ( して ),～ をきっかけに(して),普通形 + か,以...为契机,表示某事成为后项行为、变化或认识的起点。,彼が来る（か）分かりません。,不知道他是否会来。,同类或相近表达请结合原书相似语法页复习。,契机,batch_10,日语蓝宝书_N2__part_10-21.png,body_heading,50,auto_enriched,,jp_grammar N2 日语蓝宝书_N2 batch_10 auto_enriched auto_completed
e6f88768143113f4,N2,日语蓝宝书_N2,～ をきっかけとして ～ が契機で,～ をきっかけとして,名詞 + として,以...为契机,表示某事成为后项行为、变化或认识的起点。,彼は代表（として）、会議に出た。,他作为代表出席了会议。,同类或相近表达请结合原书相似语法页复习。,契机,batch_10,日语蓝宝书_N2__part_10-21.png,body_heading,50,auto_enriched,,jp_grammar N2 日语蓝宝书_N2 batch_10 auto_enriched auto_completed
bb745bcd5d5596f8,N2,日语蓝宝书_N2,～ をきっかけとして ～ が契機で,～ が契機で,名詞 + が / 普通形 + が,以...为契机,表示某事成为后项变化或行动的起点。,値段は高い（が）、品質はいい。,价格高，但是质量好。,同类或相近表达请结合原书相似语法页复习。,契机,batch_10,日语蓝宝书_N2__part_10-21.png,body_heading,50,auto_enriched,,jp_grammar N2 日语蓝宝书_N2 batch_10 auto_enriched auto_completed
ef0df69bebace1e7,N2,日语蓝宝书_N2,～ が契機になって,～ が契機になって,名詞 + が / 普通形 + が,以...为契机,表示某事成为后项变化或行动的起点。,値段は高い（が）、品質はいい。,价格高，但是质量好。,同类或相近表达请结合原书相似语法页复习。,契机,batch_10,日语蓝宝书_N2__part_10-21.png,body_heading,50,auto_enriched,,jp_grammar N2 日语蓝宝书_N2 batch_10 auto_enriched auto_completed
fa451f2cae905924,N2,日语蓝宝书_N2,～ を契機に ( して ),～ を契機に(して),接续：～ を契機に(して)。按原书条目和句中词形使用。,以...为契机,表示某事成为后项变化或行动的起点。,この文では（を契機に(して)）の使い方を確認します。,这句话用于确认“～ を契機に(して)”的用法。,同类或相近表达请结合原书相似语法页复习。,契机,batch_10,日语蓝宝书_N2__part_10-21.png,body_heading,50,auto_enriched,,jp_grammar N2 日语蓝宝书_N2 batch_10 auto_enriched auto_completed
c928079210a7579e,N2,日语蓝宝书_N2,～ を契機と - して,～ を契機と - して,接续：～ を契機と - して。按原书条目和句中词形使用。,以...为契机,表示某事成为后项变化或行动的起点。,この文では（を契機と - して）の使い方を確認します。,这句话用于确认“～ を契機と - して”的用法。,同类或相近表达请结合原书相似语法页复习。,契机,batch_10,日语蓝宝书_N2__part_10-21.png,body_heading,50,auto_enriched,,jp_grammar N2 日语蓝宝书_N2 batch_10 auto_enriched auto_completed
070f9c3e4536fa26,N2,日语蓝宝书_N2,～ からすれば,～ からすれば,普通形 + か,从...来看,表示以某信息、立场或情况为依据进行判断。,彼が来る（か）分かりません。,不知道他是否会来。,同类或相近表达请结合原书相似语法页复习。,判断,batch_10,日语蓝宝书_N2__part_10-22.png,body_heading,50,auto_enriched,,jp_grammar N2 日语蓝宝书_N2 batch_10 auto_enriched auto_completed
932261787abe00f5,N2,日语蓝宝书_N2,～ から見れば,～ から見れば,普通形 + か,从...来看,表示从某个角度观察或判断。,彼が来る（か）分かりません。,不知道他是否会来。,同类或相近表达请结合原书相似语法页复习。,判断,batch_10,日语蓝宝书_N2__part_10-22.png,body_heading,50,auto_enriched,,jp_grammar N2 日语蓝宝书_N2 batch_10 auto_enriched auto_completed
c514e45fd51bc9aa,N2,日语蓝宝书_N2,～ から見て,～ から見て,普通形 + か,从...来看,表示从某个角度观察或判断。,彼が来る（か）分かりません。,不知道他是否会来。,同类或相近表达请结合原书相似语法页复习。,判断,batch_10,日语蓝宝书_N2__part_10-22.png,body_heading,50,auto_enriched,,jp_grammar N2 日语蓝宝书_N2 batch_10 auto_enriched auto_completed
17eeb22a4d7b8077,N2,日语蓝宝书_N2,～ から見ても,～ から見ても,普通形 + か,从...来看,表示从某个角度观察或判断。,彼が来る（か）分かりません。,不知道他是否会来。,同类或相近表达请结合原书相似语法页复习。,判断,batch_10,日语蓝宝书_N2__part_10-22.png,body_heading,50,auto_enriched,,jp_grammar N2 日语蓝宝书_N2 batch_10 auto_enriched auto_completed
b204dfb0cfafdcd8,N2,日语蓝宝书_N2,～ きり ～ きりだ,～ きりだ,接续：～ きりだ。按原书条目和句中词形使用。,自从...以后就一直...,表示某动作后，状态持续不变，常带有之后没有再发生的意思。,この文では（きりだ）の使い方を確認します。,这句话用于确认“～ きりだ”的用法。,同类或相近表达请结合原书相似语法页复习。,时间/持续,batch_10,日语蓝宝书_N2__part_10-22.png,body_heading,50,auto_enriched,,jp_grammar N2 日语蓝宝书_N2 batch_10 auto_enriched auto_completed
b65686537b5de80d,N2,日语蓝宝书_N2,～ きれる ～ きれない,～ きれる,接续：～ きれる。按原书条目和句中词形使用。,能完全...；...得完,表示某动作可以完全做完。,この文では（きれる）の使い方を確認します。,这句话用于确认“～ きれる”的用法。,同类或相近表达请结合原书相似语法页复习。,完成/可能,batch_10,日语蓝宝书_N2__part_10-22.png,body_heading,50,auto_enriched,,jp_grammar N2 日语蓝宝书_N2 batch_10 auto_enriched auto_completed
97ac49c7d55fd3fe,N2,日语蓝宝书_N2,～ きれる ～ きれない,～ きれない,接续：～ きれない。按原书条目和句中词形使用。,不能完全...；...不完,表示某动作无法完全做完。,この文では（きれない）の使い方を確認します。,这句话用于确认“～ きれない”的用法。,同类或相近表达请结合原书相似语法页复习。,完成/否定,batch_10,日语蓝宝书_N2__part_10-22.png,body_heading,50,auto_enriched,,jp_grammar N2 日语蓝宝书_N2 batch_10 auto_enriched auto_completed
b7ac6b8d0641d846,N2,日语蓝宝书_N2,～ くせに,～ くせに,接续：～ くせに。按原书条目和句中词形使用。,明明...却,表示责备或不满，认为后项与前项不相称。,この文では（くせに）の使い方を確認します。,这句话用于确认“～ くせに”的用法。,同类或相近表达请结合原书相似语法页复习。,逆接/责备,batch_10,日语蓝宝书_N2__part_10-22.png,body_heading,65,auto_enriched,,jp_grammar N2 日语蓝宝书_N2 batch_10 auto_enriched auto_completed
5b61aeba550fe581,N2,日语蓝宝书_N2,～ くせして,～ くせして,接续：～ くせして。按原书条目和句中词形使用。,表示「くせして」这一语法形式或助词用法,用于练习「～ くせして」在句中的形式和基本功能；具体语义需结合前后文判断。,この文では（くせして）の使い方を確認します。,这句话用于确认“～ くせして”的用法。,同类或相近表达请结合原书相似语法页复习。,形式/用法,batch_10,日语蓝宝书_N2__part_10-22.png,body_heading,50,auto_completed,,jp_grammar N2 日语蓝宝书_N2 batch_10 kept_needs_explanation auto_completed
bad0cbf66aae561e,N2,日语蓝宝书_N2,～ ぐらいことか,～ ぐらいことか,名詞 / 普通形 + とか,...啦...啦；听说...,口语中用于列举，或表示传闻。,週末は映画（とか）買い物（とか）をします。,周末看电影啦购物啦。,同类或相近表达请结合原书相似语法页复习。,列举/传闻,batch_10,日语蓝宝书_N2__part_10-22.png,body_heading,65,auto_completed,,jp_grammar N2 日语蓝宝书_N2 batch_10 kept_needs_explanation auto_completed
66c7d5a1a08ee15f,N2,日语蓝宝书_N2,～ ないですむ ～ なくてすむ ～ ずにはいられない,～ ないですむ,動詞ない形 + で,不...而...,表示不做前项而做后项。,傘を持た（ないで）、出かけた。,没带伞就出门了。,同类或相近表达请结合原书相似语法页复习。,否定/伴随,batch_10,日语蓝宝书_N2__part_10-22.png,body_heading,50,auto_completed,,jp_grammar N2 日语蓝宝书_N2 batch_10 kept_needs_explanation auto_completed
4e720d61d97d03d8,N2,日语蓝宝书_N2,～ ないですむ ～ なくてすむ ～ ずにはいられない,～ なくてすむ,接续：～ なくてすむ。按原书条目和句中词形使用。,表示「なくてすむ」这一语法形式或助词用法,用于练习「～ なくてすむ」在句中的形式和基本功能；具体语义需结合前后文判断。,この文では（なくてすむ）の使い方を確認します。,这句话用于确认“～ なくてすむ”的用法。,同类或相近表达请结合原书相似语法页复习。,形式/用法,batch_10,日语蓝宝书_N2__part_10-22.png,body_heading,50,auto_completed,,jp_grammar N2 日语蓝宝书_N2 batch_10 kept_needs_explanation auto_completed
3799985f50fd90d0,N2,日语蓝宝书_N2,～ ないですむ ～ なくてすむ ～ ずにはいられない,～ ずにはいられない,動詞ない形去ない + ずに,不由得...；忍不住...,表示情感或身体反应强烈，无法抑制。,朝ご飯を食べ（ずに）、学校へ行った。,没吃早饭就去了学校。,同类或相近表达请结合原书相似语法页复习。,自然反应,batch_10,日语蓝宝书_N2__part_10-22.png,body_heading,50,auto_enriched,,jp_grammar N2 日语蓝宝书_N2 batch_10 auto_enriched auto_completed
1513ba27b1e852f1,N2,日语蓝宝书_N2,～ ないではいられない,～ ないではいられない,動詞ない形 + で,不...而...,表示不做前项而做后项。,傘を持た（ないで）、出かけた。,没带伞就出门了。,同类或相近表达请结合原书相似语法页复习。,否定/伴随,batch_10,日语蓝宝书_N2__part_10-22.png,body_heading,50,auto_completed,,jp_grammar N2 日语蓝宝书_N2 batch_10 kept_needs_explanation auto_completed
648301c1510b20da,N2,日语蓝宝书_N2,～ せいカ 、 ～ せいだ,～ せいカ、～ せいだ,接续：～ せいカ、～ せいだ。按原书条目和句中词形使用。,表示「せいカ、～ せいだ」这一语法形式或助词用法,用于练习「～ せいカ、～ せいだ」在句中的形式和基本功能；具体语义需结合前后文判断。,この文では（せいカ、～ せいだ）の使い方を確認します。,这句话用于确认“～ せいカ、～ せいだ”的用法。,同类或相近表达请结合原书相似语法页复习。,形式/用法,batch_10,日语蓝宝书_N2__part_10-22.png,body_heading,50,auto_completed,,jp_grammar N2 日语蓝宝书_N2 batch_10 kept_needs_explanation auto_completed
e2ac1350e04ea152,N2,日语蓝宝书_N2,～ せいにする,～ せいにする,名詞 + にする,决定...；使...成为,表示选择、决定，或人为改变状态。,昼ご飯はカレー（にする）。,午饭决定吃咖喱。,同类或相近表达请结合原书相似语法页复习。,决定/变化,batch_10,日语蓝宝书_N2__part_10-22.png,body_heading,50,auto_completed,,jp_grammar N2 日语蓝宝书_N2 batch_10 kept_needs_explanation auto_completed
fe36d245c247f0ad,N2,日语蓝宝书_N2,～ たいばかりに,～ たいばかりに,動詞ます形 + たい,正因为...才,表示由于前项原因导致不理想结果，带后悔语气。,日本へ行き（たい）です。,我想去日本。,同类或相近表达请结合原书相似语法页复习。,原因,batch_10,日语蓝宝书_N2__part_10-22.png,body_heading,65,auto_enriched,,jp_grammar N2 日语蓝宝书_N2 batch_10 auto_enriched auto_completed
51044127d88b99ee,N2,日语蓝宝书_N2,～ ほしいばかりに,～ ほしいばかりに,普通形 + か,正因为...才,表示由于前项原因导致不理想结果，带后悔语气。,彼が来る（か）分かりません。,不知道他是否会来。,同类或相近表达请结合原书相似语法页复习。,原因,batch_10,日语蓝宝书_N2__part_10-22.png,body_heading,65,auto_enriched,,jp_grammar N2 日语蓝宝书_N2 batch_10 auto_enriched auto_completed
a7c3b1855ed452ce,N2,日语蓝宝书_N2,～ だけ,～ だけ,接续：～ だけ。按原书条目和句中词形使用。,只；仅,表示限定范围。,この文では（だけ）の使い方を確認します。,这句话用于确认“～ だけ”的用法。,同类或相近表达请结合原书相似语法页复习。,限定,batch_10,日语蓝宝书_N2__part_10-22.png,body_heading,50,auto_enriched,,jp_grammar N2 日语蓝宝书_N2 batch_10 auto_enriched auto_completed
a76f750634d5f00e,N2,日语蓝宝书_N2,～ だけあって,～ だけあって,接续：～ だけあって。按原书条目和句中词形使用。,不愧是...,表示正因为具备前项身份或特点，后项结果很自然。,この文では（だけあって）の使い方を確認します。,这句话用于确认“～ だけあって”的用法。,同类或相近表达请结合原书相似语法页复习。,评价,batch_10,日语蓝宝书_N2__part_10-22.png,body_heading,50,auto_enriched,,jp_grammar N2 日语蓝宝书_N2 batch_10 auto_enriched auto_completed
f5ee42e633b7d806,N2,日语蓝宝书_N2,～ だけのことはある,～ だけのことはある,普通形 + の,不愧是；值得,表示与前项评价相称，确实有相应价值。,走る（の）が好きです。,我喜欢跑步。,同类或相近表达请结合原书相似语法页复习。,评价,batch_10,日语蓝宝书_N2__part_10-22.png,body_heading,65,auto_enriched,,jp_grammar N2 日语蓝宝书_N2 batch_10 auto_enriched auto_completed
24db933e8ca41b14,N2,日语蓝宝书_N2,～ ′ つノつ ～ つつも,～ ′ つノつ,接续：～ ′ つノつ。按原书条目和句中词形使用。,表示「′ つノつ」这一语法形式或助词用法,用于练习「～ ′ つノつ」在句中的形式和基本功能；具体语义需结合前后文判断。,この文では（′ つノつ）の使い方を確認します。,这句话用于确认“～ ′ つノつ”的用法。,同类或相近表达请结合原书相似语法页复习。,形式/用法,batch_10,日语蓝宝书_N2__part_10-22.png,body_heading,50,auto_completed,,jp_grammar N2 日语蓝宝书_N2 batch_10 kept_needs_explanation auto_completed
87e21188149473a8,N2,日语蓝宝书_N2,～ 際 ( は ),～ 際(は),接续：～ 際(は)。按原书条目和句中词形使用。,在...的时候；借...之际,表示某个特殊时间或场合，语气较正式。,この文では（際(は)）の使い方を確認します。,这句话用于确认“～ 際(は)”的用法。,同类或相近表达请结合原书相似语法页复习。,时间/场合,batch_10,日语蓝宝书_N2__part_10-22.png,body_heading,50,auto_enriched,,jp_grammar N2 日语蓝宝书_N2 batch_10 auto_enriched auto_completed
6f63888dbad2ac38,N2,日语蓝宝书_N2,～ 際に ( は ),～ 際に(は),接续：～ 際に(は)。按原书条目和句中词形使用。,在...的时候；借...之际,表示某个特殊时间或场合，语气较正式。,この文では（際に(は)）の使い方を確認します。,这句话用于确认“～ 際に(は)”的用法。,同类或相近表达请结合原书相似语法页复习。,时间/场合,batch_10,日语蓝宝书_N2__part_10-22.png,body_heading,50,auto_enriched,,jp_grammar N2 日语蓝宝书_N2 batch_10 auto_enriched auto_completed
5bd51213b104ae23,N2,日语蓝宝书_N2,～ 最中 ( に ),～ 最中(に),接续：～ 最中(に)。按原书条目和句中词形使用。,正在...的时候,表示某动作正在进行的中途。,この文では（最中(に)）の使い方を確認します。,这句话用于确认“～ 最中(に)”的用法。,同类或相近表达请结合原书相似语法页复习。,时间,batch_10,日语蓝宝书_N2__part_10-22.png,body_heading,50,auto_enriched,,jp_grammar N2 日语蓝宝书_N2 batch_10 auto_enriched auto_completed
f7b07a4a0b620220,N2,日语蓝宝书_N2,～ 最中だ,～ 最中だ,接续：～ 最中だ。按原书条目和句中词形使用。,正在...的时候,表示某动作正在进行的中途。,この文では（最中だ）の使い方を確認します。,这句话用于确认“～ 最中だ”的用法。,同类或相近表达请结合原书相似语法页复习。,时间,batch_10,日语蓝宝书_N2__part_10-22.png,body_heading,50,auto_enriched,,jp_grammar N2 日语蓝宝书_N2 batch_10 auto_enriched auto_completed
da188da4b0742932,N2,日语蓝宝书_N2,～ 次第でさ行ワ 」 っ乙っ乙ワ 」 っ 」 っ0っ000,～ 次第でさ行ワ」っ乙っ乙ワ」っ」っ0っ000,接续：～ 次第でさ行ワ」っ乙っ乙ワ」っ」っ0っ000。按原书条目和句中词形使用。,一...就；取决于,可表示前项一完成就做后项，也可表示事情取决于某条件。,この文では（次第でさ行ワ」っ乙っ乙ワ」っ」っ0っ000）の使い方を確認します。,这句话用于确认“～ 次第でさ行ワ」っ乙っ乙ワ」っ」っ0っ000”的用法。,同类或相近表达请结合原书相似语法页复习。,时间/条件,batch_10,日语蓝宝书_N2__part_10-22.png,body_heading,50,auto_enriched,,jp_grammar N2 日语蓝宝书_N2 batch_10 auto_enriched auto_completed
ff4e8ec7fe0a3f31,N2,日语蓝宝书_N2,～ てからでなければ,～ てからでなければ,動詞て形 + からでなければ,不...之后就不能,表示必须先完成前项，后项才可能成立。,説明を聞い（てからでなければ）、操作できません。,不听完说明之后，就不能操作。,同类或相近表达请结合原书相似语法页复习。,条件/顺序,batch_10,日语蓝宝书_N2__part_10-23.png,body_heading,50,auto_completed,,jp_grammar N2 日语蓝宝书_N2 batch_10 kept_needs_explanation auto_completed
79f17cc934c0d7a3,N2,日语蓝宝书_N2,～ てしようがない,～ てしようがない,動詞て形 / い形容詞くて / な形容詞で + しようがない,非常...；...得不得了,表示感情或感觉强烈到无法控制。,試験の結果が気になっ（てしようがない）。,非常在意考试结果。,同类或相近表达请结合原书相似语法页复习。,程度,batch_10,日语蓝宝书_N2__part_10-23.png,body_heading,65,auto_completed,,jp_grammar N2 日语蓝宝书_N2 batch_10 kept_needs_explanation auto_completed
e32c2764cf7cdea2,N2,日语蓝宝书_N2,～ てばかりはいられない,～ てばかりはいられない,普通形 + か,刚刚；光是,可表示动作刚完成，也可表示限定或偏向。,彼が来る（か）分かりません。,不知道他是否会来。,同类或相近表达请结合原书相似语法页复习。,时间/限定,batch_10,日语蓝宝书_N2__part_10-23.png,body_heading,65,auto_enriched,,jp_grammar N2 日语蓝宝书_N2 batch_10 auto_enriched auto_completed
e56d8af4927a3200,N2,日语蓝宝书_N2,～ てばかりもいられない,～ てばかりもいられない,普通形 + か,刚刚；光是,可表示动作刚完成，也可表示限定或偏向。,彼が来る（か）分かりません。,不知道他是否会来。,同类或相近表达请结合原书相似语法页复习。,时间/限定,batch_10,日语蓝宝书_N2__part_10-23.png,body_heading,65,auto_enriched,,jp_grammar N2 日语蓝宝书_N2 batch_10 auto_enriched auto_completed
6e7ed4c052b1318e,N2,日语蓝宝书_N2,～ というものではない,～ というものではない,名詞 + という,因为...,表示原因理由，语气比から更客观、柔和。,田中さん（という）人から電話がありました。,有个叫田中的人打来了电话。,同类或相近表达请结合原书相似语法页复习。,原因,batch_10,日语蓝宝书_N2__part_10-23.png,body_heading,65,auto_enriched,,jp_grammar N2 日语蓝宝书_N2 batch_10 auto_enriched auto_completed
2fe2cf44416570f3,N2,日语蓝宝书_N2,～ というものでもない,～ というものでもない,名詞 + という,因为...,表示原因理由，语气比から更客观、柔和。,田中さん（という）人から電話がありました。,有个叫田中的人打来了电话。,同类或相近表达请结合原书相似语法页复习。,原因,batch_10,日语蓝宝书_N2__part_10-23.png,body_heading,65,auto_enriched,,jp_grammar N2 日语蓝宝书_N2 batch_10 auto_enriched auto_completed
70754873cea6a9f1,N2,日语蓝宝书_N2,～ とおり ( に ),～ とおり(に),接续：～ とおり(に)。按原书条目和句中词形使用。,按照...；如...那样,表示后项按照前项所示的内容、方法或状态进行。,この文では（とおり(に)）の使い方を確認します。,这句话用于确认“～ とおり(に)”的用法。,同类或相近表达请结合原书相似语法页复习。,依据,batch_10,日语蓝宝书_N2__part_10-23.png,body_heading,50,auto_enriched,,jp_grammar N2 日语蓝宝书_N2 batch_10 auto_enriched auto_completed
4367800542a236f0,N2,日语蓝宝书_N2,～ どおり ( に ),～ どおり(に),接续：～ どおり(に)。按原书条目和句中词形使用。,表示「どおり(に)」这一语法形式或助词用法,用于练习「～ どおり(に)」在句中的形式和基本功能；具体语义需结合前后文判断。,この文では（どおり(に)）の使い方を確認します。,这句话用于确认“～ どおり(に)”的用法。,同类或相近表达请结合原书相似语法页复习。,形式/用法,batch_10,日语蓝宝书_N2__part_10-23.png,body_heading,50,auto_completed,,jp_grammar N2 日语蓝宝书_N2 batch_10 kept_needs_explanation auto_completed
dfec64ded85f44da,N2,日语蓝宝书_N2,～ どころではない,～ どころではない,接续：～ どころではない。按原书条目和句中词形使用。,不是...的时候；哪能...,表示由于某种情况，根本没有余裕做前项。,この文では（どころではない）の使い方を確認します。,这句话用于确认“～ どころではない”的用法。,同类或相近表达请结合原书相似语法页复习。,否定/状态,batch_10,日语蓝宝书_N2__part_10-23.png,body_heading,50,auto_enriched,,jp_grammar N2 日语蓝宝书_N2 batch_10 auto_enriched auto_completed
ce6dc5686eb53db5,N2,日语蓝宝书_N2,～ どころではなく,～ どころではなく,接续：～ どころではなく。按原书条目和句中词形使用。,表示「どころではなく」这一语法形式或助词用法,用于练习「～ どころではなく」在句中的形式和基本功能；具体语义需结合前后文判断。,この文では（どころではなく）の使い方を確認します。,这句话用于确认“～ どころではなく”的用法。,同类或相近表达请结合原书相似语法页复习。,形式/用法,batch_10,日语蓝宝书_N2__part_10-23.png,body_heading,50,auto_completed,,jp_grammar N2 日语蓝宝书_N2 batch_10 kept_needs_explanation auto_completed
a033e4ed2f2d3b30,N2,日语蓝宝书_N2,～ ところに,～ ところに,接续：～ ところに。按原书条目和句中词形使用。,正在...的时候,表示某动作或状态发生的时间点，后项多为突然发生的事情。,この文では（ところに）の使い方を確認します。,这句话用于确认“～ ところに”的用法。,同类或相近表达请结合原书相似语法页复习。,时间,batch_10,日语蓝宝书_N2__part_10-23.png,body_heading,65,auto_enriched,,jp_grammar N2 日语蓝宝书_N2 batch_10 auto_enriched auto_completed
eda9aefc03ef76d9,N2,日语蓝宝书_N2,～ ところへ,～ ところへ,接续：～ ところへ。按原书条目和句中词形使用。,表示「ところへ」这一语法形式或助词用法,用于练习「～ ところへ」在句中的形式和基本功能；具体语义需结合前后文判断。,この文では（ところへ）の使い方を確認します。,这句话用于确认“～ ところへ”的用法。,同类或相近表达请结合原书相似语法页复习。,形式/用法,batch_10,日语蓝宝书_N2__part_10-23.png,body_heading,65,auto_completed,,jp_grammar N2 日语蓝宝书_N2 batch_10 kept_needs_explanation auto_completed
8a9e5cd53daf0c71,N2,日语蓝宝书_N2,～ とし力 、 言いようがない,～ とし力、言いようがない,名詞 + が / 普通形 + が,但是；主语标记,可表示主语，也可连接前后相反或铺垫内容。,値段は高い（が）、品質はいい。,价格高，但是质量好。,同类或相近表达请结合原书相似语法页复习。,助词/逆接,batch_10,日语蓝宝书_N2__part_10-23.png,body_heading,65,auto_completed,,jp_grammar N2 日语蓝宝书_N2 batch_10 kept_needs_explanation auto_completed
2b03f96ab726477a,N2,日语蓝宝书_N2,～ としたら,～ としたら,接续：～ としたら。按原书条目和句中词形使用。,如果...的话,表示假定条件。,この文では（としたら）の使い方を確認します。,这句话用于确认“～ としたら”的用法。,同类或相近表达请结合原书相似语法页复习。,假定,batch_10,日语蓝宝书_N2__part_10-23.png,body_heading,50,auto_enriched,,jp_grammar N2 日语蓝宝书_N2 batch_10 auto_enriched auto_completed
1ac0c16fe3d6be14,N2,日语蓝宝书_N2,～ とすると,～ とすると,接续：～ とすると。按原书条目和句中词形使用。,表示「とすると」这一语法形式或助词用法,用于练习「～ とすると」在句中的形式和基本功能；具体语义需结合前后文判断。,この文では（とすると）の使い方を確認します。,这句话用于确认“～ とすると”的用法。,同类或相近表达请结合原书相似语法页复习。,形式/用法,batch_10,日语蓝宝书_N2__part_10-23.png,body_heading,50,auto_completed,,jp_grammar N2 日语蓝宝书_N2 batch_10 kept_needs_explanation auto_completed
abaa7a37705eba16,N2,日语蓝宝书_N2,～ とすれば,～ とすれば,動詞ば形 / い形容詞ければ + ば,如果...的话,表示基于前项假设进行判断。,時間があれ（ば）、行きます。,如果有时间就去。,同类或相近表达请结合原书相似语法页复习。,假定,batch_10,日语蓝宝书_N2__part_10-23.png,body_heading,50,auto_enriched,,jp_grammar N2 日语蓝宝书_N2 batch_10 auto_enriched auto_completed
361cbd0d5c1a7237,N2,日语蓝宝书_N2,～ に先立ち,～ に先立ち,接续：～ に先立ち。按原书条目和句中词形使用。,表示「に先立ち」这一语法形式或助词用法,用于练习「～ に先立ち」在句中的形式和基本功能；具体语义需结合前后文判断。,この文では（に先立ち）の使い方を確認します。,这句话用于确认“～ に先立ち”的用法。,同类或相近表达请结合原书相似语法页复习。,形式/用法,batch_10,日语蓝宝书_N2__part_10-23.png,body_heading,50,auto_completed,,jp_grammar N2 日语蓝宝书_N2 batch_10 kept_needs_explanation auto_completed
221f6e426d315fe0,N2,日语蓝宝书_N2,～ に従って,～ に従って,接续：～ に従って。按原书条目和句中词形使用。,随着；按照,表示随着前项变化后项也变化，或按规则行动。,この文では（に従って）の使い方を確認します。,这句话用于确认“～ に従って”的用法。,同类或相近表达请结合原书相似语法页复习。,变化/依据,batch_10,日语蓝宝书_N2__part_10-23.png,body_heading,50,auto_enriched,,jp_grammar N2 日语蓝宝书_N2 batch_10 auto_enriched auto_completed
4f7b98a28185dacb,N2,日语蓝宝书_N2,～ に沿って,～ に沿って,接续：～ に沿って。按原书条目和句中词形使用。,沿着；按照,表示按照方针、路线、计划等进行。,この文では（に沿って）の使い方を確認します。,这句话用于确认“～ に沿って”的用法。,同类或相近表达请结合原书相似语法页复习。,依据,batch_10,日语蓝宝书_N2__part_10-24.png,body_heading,50,auto_enriched,,jp_grammar N2 日语蓝宝书_N2 batch_10 auto_enriched auto_completed
105049e2ee6077bb,N2,日语蓝宝书_N2,～ に沿った,～ に沿った,接续：～ に沿った。按原书条目和句中词形使用。,表示「に沿った」这一语法形式或助词用法,用于练习「～ に沿った」在句中的形式和基本功能；具体语义需结合前后文判断。,この文では（に沿った）の使い方を確認します。,这句话用于确认“～ に沿った”的用法。,同类或相近表达请结合原书相似语法页复习。,形式/用法,batch_10,日语蓝宝书_N2__part_10-24.png,body_heading,50,auto_completed,,jp_grammar N2 日语蓝宝书_N2 batch_10 kept_needs_explanation auto_completed
d515328fe1c3761a,N2,日语蓝宝书_N2,～ に違いない,～ に違いない,接续：～ に違いない。按原书条目和句中词形使用。,表示「に違いない」这一语法形式或助词用法,用于练习「～ に違いない」在句中的形式和基本功能；具体语义需结合前后文判断。,この文では（に違いない）の使い方を確認します。,这句话用于确认“～ に違いない”的用法。,同类或相近表达请结合原书相似语法页复习。,形式/用法,batch_10,日语蓝宝书_N2__part_10-24.png,body_heading,50,auto_completed,,jp_grammar N2 日语蓝宝书_N2 batch_10 kept_needs_explanation auto_completed
981fdbea9afca45f,N2,日语蓝宝书_N2,～ につけては,～ につけては,動詞辞書形 + につけ,每当...就；无论...还是,表示每次遇到某事都会产生后项感情，或列举对立情况。,この写真を見る（につけ）、故郷を思い出す。,每当看到这张照片，就想起故乡。,同类或相近表达请结合原书相似语法页复习。,时间/列举,batch_10,日语蓝宝书_N2__part_10-24.png,body_heading,50,auto_completed,,jp_grammar N2 日语蓝宝书_N2 batch_10 kept_needs_explanation auto_completed
825bbb8206f7baf7,N2,日语蓝宝书_N2,～ につけても,～ につけても,動詞辞書形 + につけ,每当...就；无论...还是,表示每次遇到某事都会产生后项感情，或列举对立情况。,この写真を見る（につけ）、故郷を思い出す。,每当看到这张照片，就想起故乡。,同类或相近表达请结合原书相似语法页复习。,时间/列举,batch_10,日语蓝宝书_N2__part_10-24.png,body_heading,50,auto_completed,,jp_grammar N2 日语蓝宝书_N2 batch_10 kept_needs_explanation auto_completed
1e2fb94b97abc0f2,N2,日语蓝宝书_N2,～ に伴って,～ に伴って,名詞 / 動詞辞書形 + に伴って,随着...；伴随...,表示前项变化发生时，后项也随之变化。,人口が増える（に伴って）、交通量も増えた。,随着人口增加，交通量也增加了。,同类或相近表达请结合原书相似语法页复习。,变化,batch_10,日语蓝宝书_N2__part_10-24.png,body_heading,50,auto_completed,,jp_grammar N2 日语蓝宝书_N2 batch_10 kept_needs_explanation auto_completed
0218acb9b5fc84a7,N2,日语蓝宝书_N2,～ 抜きで ( は ),～ 抜きで(は),接续：～ 抜きで(は)。按原书条目和句中词形使用。,表示「抜きで(は)」这一语法形式或助词用法,用于练习「～ 抜きで(は)」在句中的形式和基本功能；具体语义需结合前后文判断。,この文では（抜きで(は)）の使い方を確認します。,这句话用于确认“～ 抜きで(は)”的用法。,同类或相近表达请结合原书相似语法页复习。,形式/用法,batch_10,日语蓝宝书_N2__part_10-24.png,body_heading,50,auto_completed,,jp_grammar N2 日语蓝宝书_N2 batch_10 kept_needs_explanation auto_completed
56587aaa0227769d,N2,日语蓝宝书_N2,～ 抜きに ( は ),～ 抜きに(は),接续：～ 抜きに(は)。按原书条目和句中词形使用。,表示「抜きに(は)」这一语法形式或助词用法,用于练习「～ 抜きに(は)」在句中的形式和基本功能；具体语义需结合前后文判断。,この文では（抜きに(は)）の使い方を確認します。,这句话用于确认“～ 抜きに(は)”的用法。,同类或相近表达请结合原书相似语法页复习。,形式/用法,batch_10,日语蓝宝书_N2__part_10-24.png,body_heading,50,auto_completed,,jp_grammar N2 日语蓝宝书_N2 batch_10 kept_needs_explanation auto_completed
073501deadacf892,N2,日语蓝宝书_N2,～ を抜きにして ( は ),～ を抜きにして(は),接续：～ を抜きにして(は)。按原书条目和句中词形使用。,表示「を抜きにして(は)」这一语法形式或助词用法,用于练习「～ を抜きにして(は)」在句中的形式和基本功能；具体语义需结合前后文判断。,この文では（を抜きにして(は)）の使い方を確認します。,这句话用于确认“～ を抜きにして(は)”的用法。,同类或相近表达请结合原书相似语法页复习。,形式/用法,batch_10,日语蓝宝书_N2__part_10-24.png,body_heading,50,auto_completed,,jp_grammar N2 日语蓝宝书_N2 batch_10 kept_needs_explanation auto_completed
036062ad14cf157f,N2,日语蓝宝书_N2,～ は抜きにして,～ は抜きにして,接续：～ は抜きにして。按原书条目和句中词形使用。,表示「は抜きにして」这一语法形式或助词用法,用于练习「～ は抜きにして」在句中的形式和基本功能；具体语义需结合前后文判断。,この文では（は抜きにして）の使い方を確認します。,这句话用于确认“～ は抜きにして”的用法。,同类或相近表达请结合原书相似语法页复习。,形式/用法,batch_10,日语蓝宝书_N2__part_10-24.png,body_heading,50,auto_completed,,jp_grammar N2 日语蓝宝书_N2 batch_10 kept_needs_explanation auto_completed
2debd35e181b7215,N2,日语蓝宝书_N2,～ 抜く,～ 抜く,接续：～ 抜く。按原书条目和句中词形使用。,表示「抜く」这一语法形式或助词用法,用于练习「～ 抜く」在句中的形式和基本功能；具体语义需结合前后文判断。,この文では（抜く）の使い方を確認します。,这句话用于确认“～ 抜く”的用法。,同类或相近表达请结合原书相似语法页复习。,形式/用法,batch_10,日语蓝宝书_N2__part_10-24.png,body_heading,50,auto_completed,,jp_grammar N2 日语蓝宝书_N2 batch_10 kept_needs_explanation auto_completed
a1ccdb14b20421d2,N2,日语蓝宝书_N2,～ のもとで ～ のもとに,～ のもとで,普通形 + の,名词化；所属；说明,可表示所属、名词化，或替代前面提到的名词。,走る（の）が好きです。,我喜欢跑步。,同类或相近表达请结合原书相似语法页复习。,名词化/助词,batch_10,日语蓝宝书_N2__part_10-24.png,body_heading,50,auto_completed,,jp_grammar N2 日语蓝宝书_N2 batch_10 kept_needs_explanation auto_completed
72b9efed2e4de261,N2,日语蓝宝书_N2,～ のもとで ～ のもとに,～ のもとに,普通形 + の,名词化；所属；说明,可表示所属、名词化，或替代前面提到的名词。,走る（の）が好きです。,我喜欢跑步。,同类或相近表达请结合原书相似语法页复习。,名词化/助词,batch_10,日语蓝宝书_N2__part_10-24.png,body_heading,50,auto_completed,,jp_grammar N2 日语蓝宝书_N2 batch_10 kept_needs_explanation auto_completed
da591b024584d579,N2,日语蓝宝书_N2,～ はおろか,～ はおろか,普通形 + か,是否；或者；疑问,表示疑问、不确定或选择。,彼が来る（か）分かりません。,不知道他是否会来。,同类或相近表达请结合原书相似语法页复习。,疑问/选择,batch_10,日语蓝宝书_N2__part_10-24.png,body_heading,50,auto_completed,,jp_grammar N2 日语蓝宝书_N2 batch_10 kept_needs_explanation auto_completed
990b02ad576d9bbf,N2,日语蓝宝书_N2,～ ばかりか,～ ばかりか,普通形 + か,刚刚；光是,可表示动作刚完成，也可表示限定或偏向。,彼が来る（か）分かりません。,不知道他是否会来。,同类或相近表达请结合原书相似语法页复习。,时间/限定,batch_10,日语蓝宝书_N2__part_10-24.png,body_heading,65,auto_enriched,,jp_grammar N2 日语蓝宝书_N2 batch_10 auto_enriched auto_completed
738a87c679f00544,N2,日语蓝宝书_N2,～ はもちろん,～ はもちろん,名詞 + はもちろん,不用说...；当然...,表示前项当然如此，后项也同样成立。,日本語（はもちろん）、英語も話せます。,日语不用说，英语也会说。,同类或相近表达请结合原书相似语法页复习。,递进,batch_10,日语蓝宝书_N2__part_10-24.png,body_heading,50,auto_completed,,jp_grammar N2 日语蓝宝书_N2 batch_10 kept_needs_explanation auto_completed
7c5dd9d93662e709,N2,日语蓝宝书_N2,～ はもとより,～ はもとより,名詞 + はもとより,不用说...；当然...,书面语，表示前项当然如此，后项也成立。,学生（はもとより）、先生も参加した。,学生不用说，老师也参加了。,同类或相近表达请结合原书相似语法页复习。,递进,batch_10,日语蓝宝书_N2__part_10-24.png,body_heading,50,auto_completed,,jp_grammar N2 日语蓝宝书_N2 batch_10 kept_needs_explanation auto_completed
4826e21d8443933d,N2,日语蓝宝书_N2,～ 半面,～ 半面,接续：～ 半面。按原书条目和句中词形使用。,表示「半面」这一语法形式或助词用法,用于练习「～ 半面」在句中的形式和基本功能；具体语义需结合前后文判断。,この文では（半面）の使い方を確認します。,这句话用于确认“～ 半面”的用法。,同类或相近表达请结合原书相似语法页复习。,形式/用法,batch_10,日语蓝宝书_N2__part_10-24.png,body_heading,50,auto_completed,,jp_grammar N2 日语蓝宝书_N2 batch_10 kept_needs_explanation auto_completed
20c3c0dfb7b8a88e,N2,日语蓝宝书_N2,～ べきだ,～ べきだ,接续：～ べきだ。按原书条目和句中词形使用。,应该,表示从常识、责任或道理上应当做某事。,この文では（べきだ）の使い方を確認します。,这句话用于确认“～ べきだ”的用法。,同类或相近表达请结合原书相似语法页复习。,义务,batch_10,日语蓝宝书_N2__part_10-24.png,body_heading,65,auto_enriched,,jp_grammar N2 日语蓝宝书_N2 batch_10 auto_enriched auto_completed
e2c87a6e662901f4,N2,日语蓝宝书_N2,～ ほ力 、 ( は ) ない,～ ほ力、(は)ない,接续：～ ほ力、(は)ない。按原书条目和句中词形使用。,表示「ほ力、(は)ない」这一语法形式或助词用法,用于练习「～ ほ力、(は)ない」在句中的形式和基本功能；具体语义需结合前后文判断。,この文では（ほ力、(は)ない）の使い方を確認します。,这句话用于确认“～ ほ力、(は)ない”的用法。,同类或相近表达请结合原书相似语法页复习。,形式/用法,batch_10,日语蓝宝书_N2__part_10-24.png,body_heading,50,auto_completed,,jp_grammar N2 日语蓝宝书_N2 batch_10 kept_needs_explanation auto_completed
ea05b44d2ca9fb57,N2,日语蓝宝书_N2,～ よりほか ( は ) ない,～ よりほか(は)ない,普通形 + か,是否；或者；疑问,表示疑问、不确定或选择。,彼が来る（か）分かりません。,不知道他是否会来。,同类或相近表达请结合原书相似语法页复习。,疑问/选择,batch_10,日语蓝宝书_N2__part_10-24.png,body_heading,50,auto_completed,,jp_grammar N2 日语蓝宝书_N2 batch_10 kept_needs_explanation auto_completed
b68bbdb2882e79ed,N2,日语蓝宝书_N2,～ ほどだ,～ ほどだ,接续：～ ほどだ。按原书条目和句中词形使用。,程度；越...越...,表示程度、比较基准或递进变化。,この文では（ほどだ）の使い方を確認します。,这句话用于确认“～ ほどだ”的用法。,同类或相近表达请结合原书相似语法页复习。,程度/比较,batch_10,日语蓝宝书_N2__part_10-24.png,body_heading,50,auto_enriched,,jp_grammar N2 日语蓝宝书_N2 batch_10 auto_enriched auto_completed
3bcd0dc529180ab3,N2,日语蓝宝书_N2,～ ほどの,～ ほどの,普通形 + の,程度；越...越...,表示程度、比较基准或递进变化。,走る（の）が好きです。,我喜欢跑步。,同类或相近表达请结合原书相似语法页复习。,程度/比较,batch_10,日语蓝宝书_N2__part_10-24.png,body_heading,50,auto_enriched,,jp_grammar N2 日语蓝宝书_N2 batch_10 auto_enriched auto_completed
edd013e01d8d597c,N2,日语蓝宝书_N2,ま行もずも ～ わだ ～ ら,～ わだ,接续：～ わだ。按原书条目和句中词形使用。,表示「わだ」这一语法形式或助词用法,用于练习「～ わだ」在句中的形式和基本功能；具体语义需结合前后文判断。,この文では（わだ）の使い方を確認します。,这句话用于确认“～ わだ”的用法。,同类或相近表达请结合原书相似语法页复习。,形式/用法,batch_10,日语蓝宝书_N2__part_10-24.png,body_heading,50,auto_completed,,jp_grammar N2 日语蓝宝书_N2 batch_10 kept_needs_explanation auto_completed
95b0185960ab0353,N2,日语蓝宝书_N2,ま行もずも ～ わだ ～ ら,～ ら,接续：～ ら。按原书条目和句中词形使用。,表示「ら」这一语法形式或助词用法,用于练习「～ ら」在句中的形式和基本功能；具体语义需结合前后文判断。,この文では（ら）の使い方を確認します。,这句话用于确认“～ ら”的用法。,同类或相近表达请结合原书相似语法页复习。,形式/用法,batch_10,日语蓝宝书_N2__part_10-24.png,body_heading,50,auto_completed,,jp_grammar N2 日语蓝宝书_N2 batch_10 kept_needs_explanation auto_completed
71eed35250b554bc,N2,日语蓝宝书_N2,～ をはじめとして ～ をはじめとする ～ を踏まえて ～ を踏まえ ～ を踏まえた ～ をめぐって ～ をめぐり ～ をめぐる ～ をもとに ( して ),～ をはじめとして,名詞 + として,作为...,表示身份、资格、立场或用途。,彼は代表（として）、会議に出た。,他作为代表出席了会议。,同类或相近表达请结合原书相似语法页复习。,身份/资格,batch_10,日语蓝宝书_N2__part_10-25.png,body_heading,50,auto_completed,,jp_grammar N2 日语蓝宝书_N2 batch_10 kept_needs_explanation auto_completed
188f8df8a83e5444,N2,日语蓝宝书_N2,～ をはじめとして ～ をはじめとする ～ を踏まえて ～ を踏まえ ～ を踏まえた ～ をめぐって ～ をめぐり ～ をめぐる ～ をもとに ( して ),～ をはじめとする,接续：～ をはじめとする。按原书条目和句中词形使用。,表示「をはじめとする」这一语法形式或助词用法,用于练习「～ をはじめとする」在句中的形式和基本功能；具体语义需结合前后文判断。,この文では（をはじめとする）の使い方を確認します。,这句话用于确认“～ をはじめとする”的用法。,同类或相近表达请结合原书相似语法页复习。,形式/用法,batch_10,日语蓝宝书_N2__part_10-25.png,body_heading,50,auto_completed,,jp_grammar N2 日语蓝宝书_N2 batch_10 kept_needs_explanation auto_completed
4e2a73f411514e34,N2,日语蓝宝书_N2,～ をはじめとして ～ をはじめとする ～ を踏まえて ～ を踏まえ ～ を踏まえた ～ をめぐって ～ をめぐり ～ をめぐる ～ をもとに ( して ),～ を踏まえて,接续：～ を踏まえて。按原书条目和句中词形使用。,表示「を踏まえて」这一语法形式或助词用法,用于练习「～ を踏まえて」在句中的形式和基本功能；具体语义需结合前后文判断。,この文では（を踏まえて）の使い方を確認します。,这句话用于确认“～ を踏まえて”的用法。,同类或相近表达请结合原书相似语法页复习。,形式/用法,batch_10,日语蓝宝书_N2__part_10-25.png,body_heading,50,auto_completed,,jp_grammar N2 日语蓝宝书_N2 batch_10 kept_needs_explanation auto_completed
6c4a1c73a5cc4c41,N2,日语蓝宝书_N2,～ をはじめとして ～ をはじめとする ～ を踏まえて ～ を踏まえ ～ を踏まえた ～ をめぐって ～ をめぐり ～ をめぐる ～ をもとに ( して ),～ を踏まえ,接续：～ を踏まえ。按原书条目和句中词形使用。,表示「を踏まえ」这一语法形式或助词用法,用于练习「～ を踏まえ」在句中的形式和基本功能；具体语义需结合前后文判断。,この文では（を踏まえ）の使い方を確認します。,这句话用于确认“～ を踏まえ”的用法。,同类或相近表达请结合原书相似语法页复习。,形式/用法,batch_10,日语蓝宝书_N2__part_10-25.png,body_heading,50,auto_completed,,jp_grammar N2 日语蓝宝书_N2 batch_10 kept_needs_explanation auto_completed
902661b72e3168ad,N2,日语蓝宝书_N2,～ をはじめとして ～ をはじめとする ～ を踏まえて ～ を踏まえ ～ を踏まえた ～ をめぐって ～ をめぐり ～ をめぐる ～ をもとに ( して ),～ を踏まえた,接续：～ を踏まえた。按原书条目和句中词形使用。,表示「を踏まえた」这一语法形式或助词用法,用于练习「～ を踏まえた」在句中的形式和基本功能；具体语义需结合前后文判断。,この文では（を踏まえた）の使い方を確認します。,这句话用于确认“～ を踏まえた”的用法。,同类或相近表达请结合原书相似语法页复习。,形式/用法,batch_10,日语蓝宝书_N2__part_10-25.png,body_heading,50,auto_completed,,jp_grammar N2 日语蓝宝书_N2 batch_10 kept_needs_explanation auto_completed
b12158eb82e7b9be,N2,日语蓝宝书_N2,～ をはじめとして ～ をはじめとする ～ を踏まえて ～ を踏まえ ～ を踏まえた ～ をめぐって ～ をめぐり ～ をめぐる ～ をもとに ( して ),～ をめぐり,接续：～ をめぐり。按原书条目和句中词形使用。,表示「をめぐり」这一语法形式或助词用法,用于练习「～ をめぐり」在句中的形式和基本功能；具体语义需结合前后文判断。,この文では（をめぐり）の使い方を確認します。,这句话用于确认“～ をめぐり”的用法。,同类或相近表达请结合原书相似语法页复习。,形式/用法,batch_10,日语蓝宝书_N2__part_10-25.png,body_heading,50,auto_completed,,jp_grammar N2 日语蓝宝书_N2 batch_10 kept_needs_explanation auto_completed
38d74d6c7add0d87,N2,日语蓝宝书_N2,～ をはじめとして ～ をはじめとする ～ を踏まえて ～ を踏まえ ～ を踏まえた ～ をめぐって ～ をめぐり ～ をめぐる ～ をもとに ( して ),～ をめぐる,接续：～ をめぐる。按原书条目和句中词形使用。,表示「をめぐる」这一语法形式或助词用法,用于练习「～ をめぐる」在句中的形式和基本功能；具体语义需结合前后文判断。,この文では（をめぐる）の使い方を確認します。,这句话用于确认“～ をめぐる”的用法。,同类或相近表达请结合原书相似语法页复习。,形式/用法,batch_10,日语蓝宝书_N2__part_10-25.png,body_heading,50,auto_completed,,jp_grammar N2 日语蓝宝书_N2 batch_10 kept_needs_explanation auto_completed
02c427ad93268c38,N3,日语蓝宝书_N3,おこなを行うことになった 。,おこなを行うことになった。,感情形容詞 + ことに,令人...的是,表示说话人对后项事实的评价或感情。,うれしい（ことに）、全員が合格した。,令人高兴的是，全员都合格了。,同类或相近表达请结合原书相似语法页复习。,评价,batch_10,日语蓝宝书_N3__part_10-04.png,body_heading,30,auto_completed,,jp_grammar N3 日语蓝宝书_N3 batch_10 kept_needs_explanation auto_completed
d554c4c498158702,N3,日语蓝宝书_N3,ことを身につけたし,ことを身につけたし,動詞辞書形 + につけ,每当...就；无论...还是,表示每次遇到某事都会产生后项感情，或列举对立情况。,この写真を見る（につけ）、故郷を思い出す。,每当看到这张照片，就想起故乡。,同类或相近表达请结合原书相似语法页复习。,时间/列举,batch_10,日语蓝宝书_N3__part_10-12.png,body_heading,30,auto_completed,,jp_grammar N3 日语蓝宝书_N3 batch_10 kept_needs_explanation auto_completed
75ae4e66d46f786d,N3,日语蓝宝书_N3,計画はとても利益のあることだ 。,計画はとても利益のあることだ。,動詞て形 / い形容詞くて + も,应该...；最好...,用于提出忠告或说明重要做法。,雨が降っ（ても）、行きます。,即使下雨也去。,同类或相近表达请结合原书相似语法页复习。,建议,batch_10,日语蓝宝书_N3__part_10-16.png,body_heading,30,needs_manual_review,,jp_grammar N3 日语蓝宝书_N3 batch_10 needs_manual_review auto_completed
c160f02404fa1963,N3,日语蓝宝书_N3,だから3お茶2に詳しいはずだ 。,だから3お茶2に詳しいはずだ。,普通形 + か,按理应该,根据已知事实推断某事理应如此。,彼が来る（か）分かりません。,不知道他是否会来。,同类或相近表达请结合原书相似语法页复习。,推量,batch_10,日语蓝宝书_N3__part_10-16.png,body_heading,30,needs_manual_review,,jp_grammar N3 日语蓝宝书_N3 batch_10 needs_manual_review auto_completed
22414a2a40de0764,N3,日语蓝宝书_N3,く3ない1わけでもないが 、 ちょうど手離せない仕事があるので,く3ない1わけでもないが、ちょうど手離せない仕事があるので,名詞 + が / 普通形 + が,因为...,表示原因理由，语气比から更客观、柔和。,値段は高い（が）、品質はいい。,价格高，但是质量好。,同类或相近表达请结合原书相似语法页复习。,原因,batch_10,日语蓝宝书_N3__part_10-19.png,body_heading,30,needs_manual_review,,jp_grammar N3 日语蓝宝书_N3 batch_10 needs_manual_review auto_completed
2785cfbe686bf583,N3,日语蓝宝书_N3,～ 上での ( 方面 ),～ 上での(方面),普通形 + の,在...之后；在...方面,表示先完成前项再做后项，也可表示从某个方面来看。,走る（の）が好きです。,我喜欢跑步。,同类或相近表达请结合原书相似语法页复习。,时间/范围,batch_10,日语蓝宝书_N3__part_10-22.png,body_heading,50,auto_enriched,,jp_grammar N3 日语蓝宝书_N3 batch_10 auto_enriched auto_completed
2dfc6c7da1aeda74,N3,日语蓝宝书_N3,～ 上での ( 之后 ),～ 上での(之后),普通形 + の,在...之后；在...方面,表示先完成前项再做后项，也可表示从某个方面来看。,走る（の）が好きです。,我喜欢跑步。,同类或相近表达请结合原书相似语法页复习。,时间/范围,batch_10,日语蓝宝书_N3__part_10-22.png,body_heading,50,auto_enriched,,jp_grammar N3 日语蓝宝书_N3 batch_10 auto_enriched auto_completed
ccbb984b6e7bf71b,N3,日语蓝宝书_N3,～ 上 ( に ) ～ うちに,～ 上(に)～ うちに,接续：～ 上(に)～ うちに。按原书条目和句中词形使用。,趁着...；在...期间,表示在某状态没有改变之前做某事，或在某期间内发生变化。,この文では（上(に)～ うちに）の使い方を確認します。,这句话用于确认“～ 上(に)～ うちに”的用法。,同类或相近表达请结合原书相似语法页复习。,时间,batch_10,日语蓝宝书_N3__part_10-22.png,body_heading,50,auto_enriched,,jp_grammar N3 日语蓝宝书_N3 batch_10 auto_enriched auto_completed
c135eefe4b571fbe,N3,日语蓝宝书_N3,～ うちは,～ うちは,接续：～ うちは。按原书条目和句中词形使用。,在...期间,表示某状态持续的期间内发生或应该做某事。,この文では（うちは）の使い方を確認します。,这句话用于确认“～ うちは”的用法。,同类或相近表达请结合原书相似语法页复习。,时间,batch_10,日语蓝宝书_N3__part_10-22.png,body_heading,50,auto_enriched,,jp_grammar N3 日语蓝宝书_N3 batch_10 auto_enriched auto_completed
5257387529336575,N3,日语蓝宝书_N3,～ おかげだ,～ おかげだ,普通形 + か,多亏；幸亏,表示由于前项原因而得到好的结果，有时也可反讽。,彼が来る（か）分かりません。,不知道他是否会来。,同类或相近表达请结合原书相似语法页复习。,原因,batch_10,日语蓝宝书_N3__part_10-22.png,body_heading,50,auto_enriched,,jp_grammar N3 日语蓝宝书_N3 batch_10 auto_enriched auto_completed
fcc0ad97c5afaf72,N3,日语蓝宝书_N3,～ だって ～ たら ( 提示活題 ),～ たら(提示活題),接续：～ たら(提示活題)。按原书条目和句中词形使用。,表示「たら(提示活題)」这一语法形式或助词用法,用于练习「～ たら(提示活題)」在句中的形式和基本功能；具体语义需结合前后文判断。,この文では（たら(提示活題)）の使い方を確認します。,这句话用于确认“～ たら(提示活題)”的用法。,同类或相近表达请结合原书相似语法页复习。,形式/用法,batch_10,日语蓝宝书_N3__part_10-23.png,body_heading,50,auto_completed,,jp_grammar N3 日语蓝宝书_N3 batch_10 kept_needs_explanation auto_completed
258e1bfb5a43f6d4,N3,日语蓝宝书_N3,～ たら ( 意外等 ),～ たら(意外等),接续：～ たら(意外等)。按原书条目和句中词形使用。,表示「たら(意外等)」这一语法形式或助词用法,用于练习「～ たら(意外等)」在句中的形式和基本功能；具体语义需结合前后文判断。,この文では（たら(意外等)）の使い方を確認します。,这句话用于确认“～ たら(意外等)”的用法。,同类或相近表达请结合原书相似语法页复习。,形式/用法,batch_10,日语蓝宝书_N3__part_10-23.png,body_heading,50,auto_completed,,jp_grammar N3 日语蓝宝书_N3 batch_10 kept_needs_explanation auto_completed
100b85a7e4cb6cc7,N3,日语蓝宝书_N3,～ ったら,～ ったら,接续：～ ったら。按原书条目和句中词形使用。,表示「ったら」这一语法形式或助词用法,用于练习「～ ったら」在句中的形式和基本功能；具体语义需结合前后文判断。,この文では（ったら）の使い方を確認します。,这句话用于确认“～ ったら”的用法。,同类或相近表达请结合原书相似语法页复习。,形式/用法,batch_10,日语蓝宝书_N3__part_10-23.png,body_heading,50,auto_completed,,jp_grammar N3 日语蓝宝书_N3 batch_10 kept_needs_explanation auto_completed
18c3f356016c2369,N3,日语蓝宝书_N3,～ で,～ で,接续：～ で。按原书条目和句中词形使用。,表示「で」这一语法形式或助词用法,用于练习「～ で」在句中的形式和基本功能；具体语义需结合前后文判断。,この文では（で）の使い方を確認します。,这句话用于确认“～ で”的用法。,同类或相近表达请结合原书相似语法页复习。,形式/用法,batch_10,日语蓝宝书_N3__part_10-23.png,body_heading,50,auto_completed,,jp_grammar N3 日语蓝宝书_N3 batch_10 kept_needs_explanation auto_completed
f763e28c6c95b032,N3,日语蓝宝书_N3,～ ていただく,～ ていただく,接续：～ ていただく。按原书条目和句中词形使用。,表示「ていただく」这一语法形式或助词用法,用于练习「～ ていただく」在句中的形式和基本功能；具体语义需结合前后文判断。,この文では（ていただく）の使い方を確認します。,这句话用于确认“～ ていただく”的用法。,同类或相近表达请结合原书相似语法页复习。,形式/用法,batch_10,日语蓝宝书_N3__part_10-23.png,body_heading,50,auto_completed,,jp_grammar N3 日语蓝宝书_N3 batch_10 kept_needs_explanation auto_completed
61c2dce5ad6cf48e,N3,日语蓝宝书_N3,～ てくださる,～ てくださる,動詞て形 + くださる,别人为我方做...（尊敬）,「てくれる」的尊敬表达。,先生が説明し（てくださった）。,老师为我说明了。,同类或相近表达请结合原书相似语法页复习。,授受/敬语,batch_10,日语蓝宝书_N3__part_10-23.png,body_heading,50,auto_completed,,jp_grammar N3 日语蓝宝书_N3 batch_10 kept_needs_explanation auto_completed
a92e3d18ab41a3be,N3,日语蓝宝书_N3,～ てさしあげる,～ てさしあげる,接续：～ てさしあげる。按原书条目和句中词形使用。,表示「てさしあげる」这一语法形式或助词用法,用于练习「～ てさしあげる」在句中的形式和基本功能；具体语义需结合前后文判断。,この文では（てさしあげる）の使い方を確認します。,这句话用于确认“～ てさしあげる”的用法。,同类或相近表达请结合原书相似语法页复习。,形式/用法,batch_10,日语蓝宝书_N3__part_10-23.png,body_heading,50,auto_completed,,jp_grammar N3 日语蓝宝书_N3 batch_10 kept_needs_explanation auto_completed
f36e17136131388a,N3,日语蓝宝书_N3,～ てしかたがない,～ てしかたがない,普通形 + か,只；仅,与否定搭配，表示数量或范围少。,彼が来る（か）分かりません。,不知道他是否会来。,同类或相近表达请结合原书相似语法页复习。,限定,batch_10,日语蓝宝书_N3__part_10-23.png,body_heading,50,auto_enriched,,jp_grammar N3 日语蓝宝书_N3 batch_10 auto_enriched auto_completed
81e5451743ba32f3,N3,日语蓝宝书_N3,～ てしようがない,～ てしようがない,動詞て形 / い形容詞くて / な形容詞で + しようがない,非常...；...得不得了,表示感情或感觉强烈到无法控制。,試験の結果が気になっ（てしようがない）。,非常在意考试结果。,同类或相近表达请结合原书相似语法页复习。,程度,batch_10,日语蓝宝书_N3__part_10-23.png,body_heading,65,auto_completed,,jp_grammar N3 日语蓝宝书_N3 batch_10 kept_needs_explanation auto_completed
55b5de74938298f1,N3,日语蓝宝书_N3,～ て済む,～ て済む,動詞て形 / 名詞で + 済む,...就解决；用...即可,表示通过前项就能解决问题或避免更坏情况。,メールで連絡し（て済む）。,用邮件联系就可以解决。,同类或相近表达请结合原书相似语法页复习。,解决,batch_10,日语蓝宝书_N3__part_10-23.png,body_heading,50,auto_completed,,jp_grammar N3 日语蓝宝书_N3 batch_10 kept_needs_explanation auto_completed
5d3677bb0cf04b9d,N3,日语蓝宝书_N3,～ で済む,～ で済む,接续：～ で済む。按原书条目和句中词形使用。,表示「で済む」这一语法形式或助词用法,用于练习「～ で済む」在句中的形式和基本功能；具体语义需结合前后文判断。,この文では（で済む）の使い方を確認します。,这句话用于确认“～ で済む”的用法。,同类或相近表达请结合原书相似语法页复习。,形式/用法,batch_10,日语蓝宝书_N3__part_10-23.png,body_heading,50,auto_completed,,jp_grammar N3 日语蓝宝书_N3 batch_10 kept_needs_explanation auto_completed
1022056a96af89b3,N3,日语蓝宝书_N3,さ行 ～ さえ ～ さえ ～ ば ～ ( さ ) せられる ～ ( さ ) せる ～ だけでは,～(さ)せる,接续：～(さ)せる。按原书条目和句中词形使用。,表示「(さ)せる」这一语法形式或助词用法,用于练习「～(さ)せる」在句中的形式和基本功能；具体语义需结合前后文判断。,この文では（(さ)せる）の使い方を確認します。,这句话用于确认“～(さ)せる”的用法。,同类或相近表达请结合原书相似语法页复习。,形式/用法,batch_10,日语蓝宝书_N3__part_10-23.png,body_heading,50,auto_completed,,jp_grammar N3 日语蓝宝书_N3 batch_10 kept_needs_explanation auto_completed
0dd88a771a02400a,N3,日语蓝宝书_N3,～ ては,～ ては,接续：～ ては。按原书条目和句中词形使用。,表示「ては」这一语法形式或助词用法,用于练习「～ ては」在句中的形式和基本功能；具体语义需结合前后文判断。,この文では（ては）の使い方を確認します。,这句话用于确认“～ ては”的用法。,同类或相近表达请结合原书相似语法页复习。,形式/用法,batch_10,日语蓝宝书_N3__part_10-24.png,body_heading,50,auto_completed,,jp_grammar N3 日语蓝宝书_N3 batch_10 kept_needs_explanation auto_completed
8bf40e93c3b3a878,N3,日语蓝宝书_N3,～ では,～ では,接续：～ では。按原书条目和句中词形使用。,表示「では」这一语法形式或助词用法,用于练习「～ では」在句中的形式和基本功能；具体语义需结合前后文判断。,この文では（では）の使い方を確認します。,这句话用于确认“～ では”的用法。,同类或相近表达请结合原书相似语法页复习。,形式/用法,batch_10,日语蓝宝书_N3__part_10-24.png,body_heading,50,auto_completed,,jp_grammar N3 日语蓝宝书_N3 batch_10 kept_needs_explanation auto_completed
9c3dd7bc615ac1d9,N3,日语蓝宝书_N3,～ ではないか,～ ではないか,普通形 + か,是否；或者；疑问,表示疑问、不确定或选择。,彼が来る（か）分かりません。,不知道他是否会来。,同类或相近表达请结合原书相似语法页复习。,疑问/选择,batch_10,日语蓝宝书_N3__part_10-24.png,body_heading,50,auto_completed,,jp_grammar N3 日语蓝宝书_N3 batch_10 kept_needs_explanation auto_completed
602bc34e30458a21,N3,日语蓝宝书_N3,～ てほしい,～ てほしい,接续：～ てほしい。按原书条目和句中词形使用。,表示「てほしい」这一语法形式或助词用法,用于练习「～ てほしい」在句中的形式和基本功能；具体语义需结合前后文判断。,この文では（てほしい）の使い方を確認します。,这句话用于确认“～ てほしい”的用法。,同类或相近表达请结合原书相似语法页复习。,形式/用法,batch_10,日语蓝宝书_N3__part_10-24.png,body_heading,50,auto_completed,,jp_grammar N3 日语蓝宝书_N3 batch_10 kept_needs_explanation auto_completed
681b61c4848f39da,N3,日语蓝宝书_N3,～ でも,～ でも,名詞 + も,也；连...都,表示同类追加或强调极端例子。,私（も）行きます。,我也去。,同类或相近表达请结合原书相似语法页复习。,助词/强调,batch_10,日语蓝宝书_N3__part_10-24.png,body_heading,50,auto_completed,,jp_grammar N3 日语蓝宝书_N3 batch_10 kept_needs_explanation auto_completed
d2ab08e860676112,N3,日语蓝宝书_N3,～ てもしかたがない,～ てもしかたがない,普通形 + か,即使...也没办法,表示做某事没有意义或无法改变结果。,彼が来る（か）分かりません。,不知道他是否会来。,同类或相近表达请结合原书相似语法页复习。,让步/无益,batch_10,日语蓝宝书_N3__part_10-24.png,body_heading,50,auto_enriched,,jp_grammar N3 日语蓝宝书_N3 batch_10 auto_enriched auto_completed
ca3858ca7e06a85d,N3,日语蓝宝书_N3,～ てもしようがない,～ てもしようがない,名詞 + が / 普通形 + が,但是；主语标记,可表示主语，也可连接前后相反或铺垫内容。,値段は高い（が）、品質はいい。,价格高，但是质量好。,同类或相近表达请结合原书相似语法页复习。,助词/逆接,batch_10,日语蓝宝书_N3__part_10-24.png,body_heading,65,auto_completed,,jp_grammar N3 日语蓝宝书_N3 batch_10 kept_needs_explanation auto_completed
f0812470629d10ea,N3,日语蓝宝书_N3,( ) ～ ても始まらない,()～ ても始まらない,動詞て形 / い形容詞くて + も,即使...也,表示让步条件。,雨が降っ（ても）、行きます。,即使下雨也去。,同类或相近表达请结合原书相似语法页复习。,让步,batch_10,日语蓝宝书_N3__part_10-24.png,body_heading,50,auto_completed,,jp_grammar N3 日语蓝宝书_N3 batch_10 kept_needs_explanation auto_completed
8f4642fa7c890744,N3,日语蓝宝书_N3,～ てやる,～ てやる,名詞 + や + 名詞,...和...等,用于不完全列举。,机の上に本（や）ノートがあります。,桌上有书和笔记本等。,同类或相近表达请结合原书相似语法页复习。,列举,batch_10,日语蓝宝书_N3__part_10-24.png,body_heading,50,auto_completed,,jp_grammar N3 日语蓝宝书_N3 batch_10 kept_needs_explanation auto_completed
a30fc303d715dafe,N3,日语蓝宝书_N3,～ てよかった,～ てよかった,普通形 + か,是否；或者；疑问,表示疑问、不确定或选择。,彼が来る（か）分かりません。,不知道他是否会来。,同类或相近表达请结合原书相似语法页复习。,疑问/选择,batch_10,日语蓝宝书_N3__part_10-24.png,body_heading,50,auto_completed,,jp_grammar N3 日语蓝宝书_N3 batch_10 kept_needs_explanation auto_completed
a999c4adba918b22,N3,日语蓝宝书_N3,～ ということ,～ ということ,普通形 + ということ,也就是说；...这件事,用于概括前文内容或说明结论。,彼が来ない（ということ）は、忙しいのだろう。,他不来这件事，说明大概很忙吧。,同类或相近表达请结合原书相似语法页复习。,说明/概括,batch_10,日语蓝宝书_N3__part_10-24.png,body_heading,65,auto_completed,,jp_grammar N3 日语蓝宝书_N3 batch_10 kept_needs_explanation auto_completed
59179a83625e9cde,N3,日语蓝宝书_N3,～ ということだ,～ ということだ,普通形 + ということ,应该...；最好...,用于提出忠告或说明重要做法。,彼が来ない（ということ）は、忙しいのだろう。,他不来这件事，说明大概很忙吧。,同类或相近表达请结合原书相似语法页复习。,建议,batch_10,日语蓝宝书_N3__part_10-24.png,body_heading,65,auto_enriched,,jp_grammar N3 日语蓝宝书_N3 batch_10 auto_enriched auto_completed
684968c4bce61b8d,N3,日语蓝宝书_N3,～ というのは,～ というのは,名詞 + という,叫作...；据说...,可表示名称、引用或传闻。,田中さん（という）人から電話がありました。,有个叫田中的人打来了电话。,同类或相近表达请结合原书相似语法页复习。,引用/名称,batch_10,日语蓝宝书_N3__part_10-24.png,body_heading,50,auto_completed,,jp_grammar N3 日语蓝宝书_N3 batch_10 kept_needs_explanation auto_completed
0784826c1d67470f,N3,日语蓝宝书_N3,～ とは,～ とは,接续：～ とは。按原书条目和句中词形使用。,表示「とは」这一语法形式或助词用法,用于练习「～ とは」在句中的形式和基本功能；具体语义需结合前后文判断。,この文では（とは）の使い方を確認します。,这句话用于确认“～ とは”的用法。,同类或相近表达请结合原书相似语法页复习。,形式/用法,batch_10,日语蓝宝书_N3__part_10-24.png,body_heading,50,auto_completed,,jp_grammar N3 日语蓝宝书_N3 batch_10 kept_needs_explanation auto_completed
2c99211c6b388eae,N3,日语蓝宝书_N3,～ というほどではない,～ というほどではない,名詞 + という,程度；越...越...,表示程度、比较基准或递进变化。,田中さん（という）人から電話がありました。,有个叫田中的人打来了电话。,同类或相近表达请结合原书相似语法页复习。,程度/比较,batch_10,日语蓝宝书_N3__part_10-24.png,body_heading,50,auto_enriched,,jp_grammar N3 日语蓝宝书_N3 batch_10 auto_enriched auto_completed
fb40f3adde2f6246,N3,日语蓝宝书_N3,～ というほどでもない,～ というほどでもない,名詞 + という,程度；越...越...,表示程度、比较基准或递进变化。,田中さん（という）人から電話がありました。,有个叫田中的人打来了电话。,同类或相近表达请结合原书相似语法页复习。,程度/比较,batch_10,日语蓝宝书_N3__part_10-24.png,body_heading,50,auto_enriched,,jp_grammar N3 日语蓝宝书_N3 batch_10 auto_enriched auto_completed
ae70e1075fbda03c,N3,日语蓝宝书_N3,～ とおり ( に ),～ とおり(に),接续：～ とおり(に)。按原书条目和句中词形使用。,按照...；如...那样,表示后项按照前项所示的内容、方法或状态进行。,この文では（とおり(に)）の使い方を確認します。,这句话用于确认“～ とおり(に)”的用法。,同类或相近表达请结合原书相似语法页复习。,依据,batch_10,日语蓝宝书_N3__part_10-24.png,body_heading,50,auto_enriched,,jp_grammar N3 日语蓝宝书_N3 batch_10 auto_enriched auto_completed
1665a39d9b785491,N3,日语蓝宝书_N3,～ としたら,～ としたら,接续：～ としたら。按原书条目和句中词形使用。,如果...的话,表示假定条件。,この文では（としたら）の使い方を確認します。,这句话用于确认“～ としたら”的用法。,同类或相近表达请结合原书相似语法页复习。,假定,batch_10,日语蓝宝书_N3__part_10-24.png,body_heading,50,auto_enriched,,jp_grammar N3 日语蓝宝书_N3 batch_10 auto_enriched auto_completed
6a0955aa1fcee615,N3,日语蓝宝书_N3,～ らしい ～ らしい ( 接尾 - 詞 ) ～ ( ら ) れる ( 被悉 ) ～ ( ら ) れる ( 可能悉 ) ～ ( ら ) れる ( 自友悉 ),～ らしい(接尾 - 詞)～(ら)れる(被悉)～(ら)れる(可能悉)～(ら)れる(自友悉),接续：～ らしい(接尾 - 詞)～(ら)れる(被悉)～(ら)れる(可能悉)～(ら)れる(自友悉)。按原书条目和句中词形使用。,好像；有...风格,可表示推量，也可表示具有典型特征。,この文では（らしい(接尾 - 詞)～(ら)れる(被悉)～(ら)れる(可能悉)～(ら)れる(自友悉)）の使い方を確認します。,这句话用于确认“～ らしい(接尾 - 詞)～(ら)れる(被悉)～(ら)れる(可能悉)～(ら)れる(自友悉)”的用法。,同类或相近表达请结合原书相似语法页复习。,推量/性质,batch_10,日语蓝宝书_N3__part_10-25.png,body_heading,50,auto_enriched,,jp_grammar N3 日语蓝宝书_N3 batch_10 auto_enriched auto_completed
404cae3325d6b4d6,N3,日语蓝宝书_N3,～ わけでもない ～ わけにはいかない ～ わけはない ～ わりに ( は ),～ わけでもない,名詞 + も,也；连...都,表示同类追加或强调极端例子。,私（も）行きます。,我也去。,同类或相近表达请结合原书相似语法页复习。,助词/强调,batch_10,日语蓝宝书_N3__part_10-26.png,body_heading,65,auto_completed,,jp_grammar N3 日语蓝宝书_N3 batch_10 kept_needs_explanation auto_completed
bdb607b0eab449a1,N3,日语蓝宝书_N3,～ わけでもない ～ わけにはいかない ～ わけはない ～ わりに ( は ),～ わけはない,接续：～ わけはない。按原书条目和句中词形使用。,表示「わけはない」这一语法形式或助词用法,用于练习「～ わけはない」在句中的形式和基本功能；具体语义需结合前后文判断。,この文では（わけはない）の使い方を確認します。,这句话用于确认“～ わけはない”的用法。,同类或相近表达请结合原书相似语法页复习。,形式/用法,batch_10,日语蓝宝书_N3__part_10-26.png,body_heading,65,auto_completed,,jp_grammar N3 日语蓝宝书_N3 batch_10 kept_needs_explanation auto_completed
053b3aae55bc7a74,N3,日语蓝宝书_N3,～ ん ～ んじゃない ～ んだ ～ んだって,～ ん,接续：～ ん。按原书条目和句中词形使用。,表示「ん」这一语法形式或助词用法,用于练习「～ ん」在句中的形式和基本功能；具体语义需结合前后文判断。,この文では（ん）の使い方を確認します。,这句话用于确认“～ ん”的用法。,同类或相近表达请结合原书相似语法页复习。,形式/用法,batch_10,日语蓝宝书_N3__part_10-26.png,body_heading,50,auto_completed,,jp_grammar N3 日语蓝宝书_N3 batch_10 kept_needs_explanation auto_completed
48b24c5c4b86100f,N3,日语蓝宝书_N3,～ ん ～ んじゃない ～ んだ ～ んだって,～ んじゃない,接续：～ んじゃない。按原书条目和句中词形使用。,表示「んじゃない」这一语法形式或助词用法,用于练习「～ んじゃない」在句中的形式和基本功能；具体语义需结合前后文判断。,この文では（んじゃない）の使い方を確認します。,这句话用于确认“～ んじゃない”的用法。,同类或相近表达请结合原书相似语法页复习。,形式/用法,batch_10,日语蓝宝书_N3__part_10-26.png,body_heading,50,auto_completed,,jp_grammar N3 日语蓝宝书_N3 batch_10 kept_needs_explanation auto_completed
b3f7457906500d1e,N3,日语蓝宝书_N3,～ ん ～ んじゃない ～ んだ ～ んだって,～ んだ,普通形 + んだ,说明原因/强调判断,「のだ」的口语形式，用于说明背景或理由。,実は、少し熱がある（んだ）。,其实有点发烧。,同类或相近表达请结合原书相似语法页复习。,说明,batch_10,日语蓝宝书_N3__part_10-26.png,body_heading,50,auto_completed,,jp_grammar N3 日语蓝宝书_N3 batch_10 kept_needs_explanation auto_completed
6fc1884b59dd79bd,N5/N4,日语蓝宝书N5N4,二人4工1どこかへ3旅に行きましよう 。,二人4工1どこかへ3旅に行きましよう。,普通形 + か,是否；或者；疑问,表示疑问、不确定或选择。,彼が来る（か）分かりません。,不知道他是否会来。,同类或相近表达请结合原书相似语法页复习。,疑问/选择,batch_10,日语蓝宝书N5N4__part_10-01.png,body_heading,30,auto_completed,,jp_grammar N5_N4 日语蓝宝书N5N4 batch_10 kept_needs_explanation auto_completed
a74ed792fc55673e,N5/N4,日语蓝宝书N5N4,") 「 ～ そうだ上 ( 国助詞 ) 表示税活人将听来的信息原原本本地給听活人 , 不帯有推断的意思 , 常与","「～ そうだ上(国助詞)表示税活人将听来的信息原原本本地給听活人 , 不帯有推断的意思 , 常与",普通形 + そうだ / 動詞ます形 + そうだ,听说...；看起来...,可表示传闻，也可表示样态。,天気予報によると、明日は雨だ（そうだ）。,据天气预报说，明天有雨。,同类或相近表达请结合原书相似语法页复习。,传闻/样态,batch_10,日语蓝宝书N5N4__part_10-05.png,body_heading,50,auto_completed,,jp_grammar N5_N4 日语蓝宝书N5N4 batch_10 kept_needs_explanation auto_completed
d10fd4896421016c,N5/N4,日语蓝宝书N5N4,") 「 ～ たらお 、 「 ～ ば 」 、 「 ～ なら 」 的后項都可以是話人的主張成意志 , 只有 「 ～ と 」 不可以 。","「～ たらお、「～ ば」、「～ なら」的后項都可以是話人的主張成意志 , 只有「～ と」不可以。",動詞ば形 / い形容詞ければ + ば,如果...；一...就,表示条件。,時間があれ（ば）、行きます。,如果有时间就去。,同类或相近表达请结合原书相似语法页复习。,条件,batch_10,日语蓝宝书N5N4__part_10-08.png,body_heading,20,auto_completed,,jp_grammar N5_N4 日语蓝宝书N5N4 batch_10 kept_needs_explanation auto_completed
1e9fa3dcb6593ee4,N5/N4,日语蓝宝书N5N4,) 「 ～ なら長可用于接対方別提到的活題を 「 ～ ばr 、 「 ～ と 」 不可以 .. ～,「～ なら長可用于接対方別提到的活題を「～ ばr、「～ と」不可以 ..,動詞ば形 / い形容詞ければ + ば,如果...；一...就,表示条件。,時間があれ（ば）、行きます。,如果有时间就去。,同类或相近表达请结合原书相似语法页复习。,条件,batch_10,日语蓝宝书N5N4__part_10-08.png,body_heading,50,auto_completed,,jp_grammar N5_N4 日语蓝宝书N5N4 batch_10 kept_needs_explanation auto_completed
506fd25fdcfd9fcd,N5/N4,日语蓝宝书N5N4,") 「 ～ と 」 可表示詞一主体相避行的南項作 , 「 ～ た - ら 」 、 「 ～ なら 」 、 「 ～ ばェ都不可以","「～ と」可表示詞一主体相避行的南項作 ,「～ た - ら」、「～ なら」、「～ ばェ都不可以",動詞ば形 / い形容詞ければ + ば,如果...；一...就,表示条件。,時間があれ（ば）、行きます。,如果有时间就去。,同类或相近表达请结合原书相似语法页复习。,条件,batch_10,日语蓝宝书N5N4__part_10-08.png,body_heading,50,auto_completed,,jp_grammar N5_N4 日语蓝宝书N5N4 batch_10 kept_needs_explanation auto_completed
b2be6f0578c5c819,N5/N4,日语蓝宝书N5N4,) 「 ～ たら ↓ 、 . 「 ～ と 」 可表示意外及現 . 「 ～ ば 」 一和 「 ～ なら 」 不可以,「～ たら ↓、.「～ と」可表示意外及現 .「～ ば」一和「～ なら」不可以,動詞ば形 / い形容詞ければ + ば,如果...；一...就,表示条件。,時間があれ（ば）、行きます。,如果有时间就去。,同类或相近表达请结合原书相似语法页复习。,条件,batch_10,日语蓝宝书N5N4__part_10-08.png,body_heading,50,auto_completed,,jp_grammar N5_N4 日语蓝宝书N5N4 batch_10 kept_needs_explanation auto_completed
fbdc5a1dfa197ace,N5/N4,日语蓝宝书N5N4,) 「 ～ ば一 、 「 ～ ど 」 可用于表示恒常的条件 ;,「～ ば一、「～ ど」可用于表示恒常的条件;,動詞ば形 / い形容詞ければ + ば,如果...；一...就,表示条件。,時間があれ（ば）、行きます。,如果有时间就去。,同类或相近表达请结合原书相似语法页复习。,条件,batch_10,日语蓝宝书N5N4__part_10-08.png,body_heading,50,auto_completed,,jp_grammar N5_N4 日语蓝宝书N5N4 batch_10 kept_needs_explanation auto_completed
e8323a714708a1dd,N5/N4,日语蓝宝书N5N4,) ～ てあげる / て - くれる / ～ てもらう,～ てあげる/て - くれる,動詞て形 + あげる,为别人做...,表示说话人或主语为他人做某事。,友だちに本を貸し（てあげる）。,借书给朋友。,同类或相近表达请结合原书相似语法页复习。,授受,batch_10,日语蓝宝书N5N4__part_10-10.png,body_heading,60,auto_completed,,jp_grammar N5_N4 日语蓝宝书N5N4 batch_10 kept_needs_explanation auto_completed
aae2c79fd018a149,N5/N4,日语蓝宝书N5N4,) ～ てあげる / て - くれる / ～ てもらう,～ てもらう,動詞て形 / い形容詞くて + も,即使...也,表示让步条件。,雨が降っ（ても）、行きます。,即使下雨也去。,同类或相近表达请结合原书相似语法页复习。,让步,batch_10,日语蓝宝书N5N4__part_10-10.png,body_heading,50,auto_completed,,jp_grammar N5_N4 日语蓝宝书N5N4 batch_10 kept_needs_explanation auto_completed
829ed66b344d7b45,N5/N4,日语蓝宝书N5N4,～ 【 参考句 [ 暄 } 朝シャワーを浴びる3ことはを通4な2 ; のです,～ 【 参考句 [ 暄 } 朝シャワーを浴びる3ことはを通4な2;のです,普通形 + の,因为...,表示原因理由，语气比から更客观、柔和。,走る（の）が好きです。,我喜欢跑步。,同类或相近表达请结合原书相似语法页复习。,原因,batch_10,日语蓝宝书N5N4__part_10-12.png,body_heading,65,auto_enriched,,jp_grammar N5_N4 日语蓝宝书N5N4 batch_10 auto_enriched auto_completed
d519b7308466fa8c,N5/N4,日语蓝宝书N5N4,作って2ました 。 ～,作って2ました。～,接续：作って2ました。～。按原书条目和句中词形使用。,表示「作って2ました。～」这一语法形式或助词用法,用于练习「作って2ました。～」在句中的形式和基本功能；具体语义需结合前后文判断。,この文では（作って2ました。～）の使い方を確認します。,这句话用于确认“作って2ました。～”的用法。,同类或相近表达请结合原书相似语法页复习。,形式/用法,batch_10,日语蓝宝书N5N4__part_10-12.png,body_heading,50,auto_completed,,jp_grammar N5_N4 日语蓝宝书N5N4 batch_10 kept_needs_explanation auto_completed
2a5c9846f2f4cc0f,N5/N4,日语蓝宝书N5N4,とい立3こと一1を一知らていますか 。,とい立3こと一1を一知らていますか。,普通形 + か,是否；或者；疑问,表示疑问、不确定或选择。,彼が来る（か）分かりません。,不知道他是否会来。,同类或相近表达请结合原书相似语法页复习。,疑问/选择,batch_10,日语蓝宝书N5N4__part_10-12.png,body_heading,30,auto_completed,,jp_grammar N5_N4 日语蓝宝书N5N4 batch_10 kept_needs_explanation auto_completed
