2026-07-31 23:57:42 | INFO | audio_filter_tools.app | Starting Audio Filter Tools
2026-07-31 23:58:58 | INFO | audio_filter_tools.app | Scanning duplicate songs...
2026-07-31 23:59:00 | INFO | audio_filter_tools.app | Scan complete: 379 duplicate groups, 777 files
2026-08-01 00:05:52 | INFO | audio_filter_tools.app | Starting Audio Filter Tools
2026-08-01 00:06:52 | INFO | audio_filter_tools.app | Starting Audio Filter Tools
2026-08-01 00:07:56 | INFO | audio_filter_tools.app | Starting Audio Filter Tools
2026-08-01 00:10:30 | INFO | audio_filter_tools.app | Starting Audio Filter Tools
2026-08-01 00:11:40 | INFO | audio_filter_tools.app | Scanning duplicate songs...
2026-08-01 00:11:42 | INFO | audio_filter_tools.app | Scan complete: 388 duplicate groups, 795 files
2026-08-01 00:12:58 | INFO | audio_filter_tools.storage | Deleting local file: /mnt/samsung4t/lost+found/usr/bin/github/CodexWorkFolder/MusicPrj/TelegramDownload/TMDownload/Agathodaimon - A Death in Its Plenitude.flac
2026-08-01 00:12:58 | INFO | audio_filter_tools.storage | Deleting local file: /mnt/samsung4t/lost+found/usr/bin/github/CodexWorkFolder/MusicPrj/TelegramDownload/TMDownload/Agathodaimon - Ain t Death Grand.flac
2026-08-01 00:12:58 | INFO | audio_filter_tools.storage | Deleting local file: /mnt/samsung4t/lost+found/usr/bin/github/CodexWorkFolder/MusicPrj/TelegramDownload/TMDownload/Agathodaimon - Alone in the Dark (Death Angel s Shadow).flac
2026-08-01 00:12:58 | INFO | audio_filter_tools.storage | Deleting local file: /mnt/samsung4t/lost+found/usr/bin/github/CodexWorkFolder/MusicPrj/TelegramDownload/TMDownload/Agathodaimon - Alone in the Dark (Death Angel s Shadow) (1).flac
2026-08-01 00:12:58 | INFO | audio_filter_tools.storage | Deleting local file: /mnt/samsung4t/lost+found/usr/bin/github/CodexWorkFolder/MusicPrj/TelegramDownload/TMDownload/Agathodaimon - Amongst the Vultures.flac
2026-08-01 00:12:58 | INFO | audio_filter_tools.storage | Deleting local file: /mnt/samsung4t/lost+found/usr/bin/github/CodexWorkFolder/MusicPrj/TelegramDownload/TMDownload/Agathodaimon - An Angel s Funeral.flac
2026-08-01 00:12:58 | INFO | audio_filter_tools.storage | Deleting local file: /mnt/samsung4t/lost+found/usr/bin/github/CodexWorkFolder/MusicPrj/TelegramDownload/TMDownload/Agathodaimon - Back Into The Shadows.flac
2026-08-01 00:12:58 | INFO | audio_filter_tools.storage | Deleting local file: /mnt/samsung4t/lost+found/usr/bin/github/CodexWorkFolder/MusicPrj/TelegramDownload/TMDownload/Agathodaimon - Bitter End.flac
2026-08-01 00:12:58 | INFO | audio_filter_tools.storage | Deleting local file: /mnt/samsung4t/lost+found/usr/bin/github/CodexWorkFolder/MusicPrj/TelegramDownload/TMDownload/Agathodaimon - Body of Clay.flac
2026-08-01 00:12:58 | INFO | audio_filter_tools.storage | Deleting local file: /mnt/samsung4t/lost+found/usr/bin/github/CodexWorkFolder/MusicPrj/TelegramDownload/TMDownload/Agathodaimon - Burden Of Time.flac
2026-08-01 00:12:58 | INFO | audio_filter_tools.storage | Deleting local file: /mnt/samsung4t/lost+found/usr/bin/github/CodexWorkFolder/MusicPrj/TelegramDownload/TMDownload/Agathodaimon - Cellos for the Insatiable.flac
2026-08-01 00:12:58 | INFO | audio_filter_tools.storage | Deleting local file: /mnt/samsung4t/lost+found/usr/bin/github/CodexWorkFolder/MusicPrj/TelegramDownload/TMDownload/Agathodaimon - Decline.flac
2026-08-01 00:12:58 | INFO | audio_filter_tools.storage | Deleting local file: /mnt/samsung4t/lost+found/usr/bin/github/CodexWorkFolder/MusicPrj/TelegramDownload/TMDownload/Agathodaimon - Departure.mp3
2026-08-01 00:12:58 | INFO | audio_filter_tools.storage | Deleting local file: /mnt/samsung4t/lost+found/usr/bin/github/CodexWorkFolder/MusicPrj/TelegramDownload/TMDownload/Agathodaimon - Devil s Deal.flac
2026-08-01 00:12:58 | INFO | audio_filter_tools.storage | Deleting local file: /mnt/samsung4t/lost+found/usr/bin/github/CodexWorkFolder/MusicPrj/TelegramDownload/TMDownload/Agathodaimon - Estrangement.flac
2026-08-01 00:12:58 | INFO | audio_filter_tools.storage | Deleting local file: /mnt/samsung4t/lost+found/usr/bin/github/CodexWorkFolder/MusicPrj/TelegramDownload/TMDownload/Agathodaimon - Faded Years.flac
2026-08-01 00:12:58 | INFO | audio_filter_tools.storage | Deleting local file: /mnt/samsung4t/lost+found/usr/bin/github/CodexWorkFolder/MusicPrj/TelegramDownload/TMDownload/Agathodaimon - Feelings.flac
2026-08-01 00:12:58 | INFO | audio_filter_tools.storage | Deleting local file: /mnt/samsung4t/lost+found/usr/bin/github/CodexWorkFolder/MusicPrj/TelegramDownload/TMDownload/Agathodaimon - Ghost of a Soul.flac
2026-08-01 00:12:58 | INFO | audio_filter_tools.storage | Deleting local file: /mnt/samsung4t/lost+found/usr/bin/github/CodexWorkFolder/MusicPrj/TelegramDownload/TMDownload/Agathodaimon - Ghosts of Greed.flac
2026-08-01 00:12:58 | INFO | audio_filter_tools.storage | Deleting local file: /mnt/samsung4t/lost+found/usr/bin/github/CodexWorkFolder/MusicPrj/TelegramDownload/TMDownload/Agathodaimon - Glasul artei viitoare.flac
2026-08-01 00:12:58 | INFO | audio_filter_tools.storage | Deleting local file: /mnt/samsung4t/lost+found/usr/bin/github/CodexWorkFolder/MusicPrj/TelegramDownload/TMDownload/Agathodaimon - Grey Whisper.flac
2026-08-01 00:12:58 | INFO | audio_filter_tools.storage | Deleting local file: /mnt/samsung4t/lost+found/usr/bin/github/CodexWorkFolder/MusicPrj/TelegramDownload/TMDownload/Agathodaimon - Ground Zero.flac
2026-08-01 00:12:58 | INFO | audio_filter_tools.storage | Deleting local file: /mnt/samsung4t/lost+found/usr/bin/github/CodexWorkFolder/MusicPrj/TelegramDownload/TMDownload/Agathodaimon - Heliopolis.flac
2026-08-01 00:12:58 | INFO | audio_filter_tools.storage | Deleting local file: /mnt/samsung4t/lost+found/usr/bin/github/CodexWorkFolder/MusicPrj/TelegramDownload/TMDownload/Agathodaimon - In My Dreams (Part 2 - in Bitterness).flac
2026-08-01 00:12:58 | INFO | audio_filter_tools.storage | Deleting local file: /mnt/samsung4t/lost+found/usr/bin/github/CodexWorkFolder/MusicPrj/TelegramDownload/TMDownload/Agathodaimon - Kyrie   Gloria.flac
2026-08-01 00:12:58 | INFO | audio_filter_tools.storage | Deleting local file: /mnt/samsung4t/lost+found/usr/bin/github/CodexWorkFolder/MusicPrj/TelegramDownload/TMDownload/Agathodaimon - La Haine.flac
2026-08-01 00:12:58 | INFO | audio_filter_tools.storage | Deleting local file: /mnt/samsung4t/lost+found/usr/bin/github/CodexWorkFolder/MusicPrj/TelegramDownload/TMDownload/Agathodaimon - Les Posedes.flac
2026-08-01 00:12:58 | INFO | audio_filter_tools.storage | Deleting local file: /mnt/samsung4t/lost+found/usr/bin/github/CodexWorkFolder/MusicPrj/TelegramDownload/TMDownload/Agathodaimon - Light Reborn.flac
2026-08-01 00:12:58 | INFO | audio_filter_tools.storage | Deleting local file: /mnt/samsung4t/lost+found/usr/bin/github/CodexWorkFolder/MusicPrj/TelegramDownload/TMDownload/Agathodaimon - Limbs of a Stare.flac
2026-08-01 00:12:58 | INFO | audio_filter_tools.storage | Deleting local file: /mnt/samsung4t/lost+found/usr/bin/github/CodexWorkFolder/MusicPrj/TelegramDownload/TMDownload/Agathodaimon - Ne Cheama Pamintul.flac
2026-08-01 00:12:58 | INFO | audio_filter_tools.storage | Deleting local file: /mnt/samsung4t/lost+found/usr/bin/github/CodexWorkFolder/MusicPrj/TelegramDownload/TMDownload/Agathodaimon - Novus Ordo Seclorum.flac
2026-08-01 00:12:58 | INFO | audio_filter_tools.storage | Deleting local file: /mnt/samsung4t/lost+found/usr/bin/github/CodexWorkFolder/MusicPrj/TelegramDownload/TMDownload/Agathodaimon - Oncoming Storm.flac
2026-08-01 00:12:58 | INFO | audio_filter_tools.storage | Deleting local file: /mnt/samsung4t/lost+found/usr/bin/github/CodexWorkFolder/MusicPrj/TelegramDownload/TMDownload/Agathodaimon - Paradise Beyond.mp3
2026-08-01 00:12:58 | INFO | audio_filter_tools.storage | Deleting local file: /mnt/samsung4t/lost+found/usr/bin/github/CodexWorkFolder/MusicPrj/TelegramDownload/TMDownload/Agathodaimon - Past Shadows.flac
2026-08-01 00:12:58 | INFO | audio_filter_tools.storage | Deleting local file: /mnt/samsung4t/lost+found/usr/bin/github/CodexWorkFolder/MusicPrj/TelegramDownload/TMDownload/Agathodaimon - Rebirth.flac
2026-08-01 00:12:58 | INFO | audio_filter_tools.storage | Deleting local file: /mnt/samsung4t/lost+found/usr/bin/github/CodexWorkFolder/MusicPrj/TelegramDownload/TMDownload/Agathodaimon - Ribbons Requiem  99.flac
2026-08-01 00:12:58 | INFO | audio_filter_tools.storage | Deleting local file: /mnt/samsung4t/lost+found/usr/bin/github/CodexWorkFolder/MusicPrj/TelegramDownload/TMDownload/Agathodaimon - Sacred Divinity.flac
2026-08-01 00:12:58 | INFO | audio_filter_tools.storage | Deleting local file: /mnt/samsung4t/lost+found/usr/bin/github/CodexWorkFolder/MusicPrj/TelegramDownload/TMDownload/Agathodaimon - Serpent s Embrace.flac
2026-08-01 00:12:58 | INFO | audio_filter_tools.storage | Deleting local file: /mnt/samsung4t/lost+found/usr/bin/github/CodexWorkFolder/MusicPrj/TelegramDownload/TMDownload/Agathodaimon - Spirit Soldier.flac
2026-08-01 00:12:58 | INFO | audio_filter_tools.storage | Deleting local file: /mnt/samsung4t/lost+found/usr/bin/github/CodexWorkFolder/MusicPrj/TelegramDownload/TMDownload/Agathodaimon - The Darkness Inside.flac
2026-08-01 00:12:58 | INFO | audio_filter_tools.storage | Deleting local file: /mnt/samsung4t/lost+found/usr/bin/github/CodexWorkFolder/MusicPrj/TelegramDownload/TMDownload/Agathodaimon - The Divine.flac
2026-08-01 00:12:58 | INFO | audio_filter_tools.storage | Deleting local file: /mnt/samsung4t/lost+found/usr/bin/github/CodexWorkFolder/MusicPrj/TelegramDownload/TMDownload/Agathodaimon - The Ending Of Our Yesterday.mp3
2026-08-01 00:12:58 | INFO | audio_filter_tools.storage | Deleting local file: /mnt/samsung4t/lost+found/usr/bin/github/CodexWorkFolder/MusicPrj/TelegramDownload/TMDownload/Agathodaimon - Throughout the Fields.flac
2026-08-01 00:12:58 | INFO | audio_filter_tools.storage | Deleting local file: /mnt/samsung4t/lost+found/usr/bin/github/CodexWorkFolder/MusicPrj/TelegramDownload/TMDownload/Agathodaimon - Time Is the Fire.flac
2026-08-01 00:12:58 | INFO | audio_filter_tools.storage | Deleting local file: /mnt/samsung4t/lost+found/usr/bin/github/CodexWorkFolder/MusicPrj/TelegramDownload/TMDownload/Agathodaimon - To Our Ashes.flac
2026-08-01 00:12:58 | INFO | audio_filter_tools.storage | Deleting local file: /mnt/samsung4t/lost+found/usr/bin/github/CodexWorkFolder/MusicPrj/TelegramDownload/TMDownload/Agathodaimon - When She s Mute.flac
2026-08-01 00:12:58 | INFO | audio_filter_tools.storage | Deleting local file: /mnt/samsung4t/lost+found/usr/bin/github/CodexWorkFolder/MusicPrj/TelegramDownload/TMDownload/Agathodaimon - Winterchild.flac
2026-08-01 00:12:58 | INFO | audio_filter_tools.storage | Deleting local file: /mnt/samsung4t/lost+found/usr/bin/github/CodexWorkFolder/MusicPrj/TelegramDownload/TMDownload/Agathodaimon - Wolf Within.flac
2026-08-01 00:12:58 | INFO | audio_filter_tools.storage | Deleting local file: /mnt/samsung4t/lost+found/usr/bin/github/CodexWorkFolder/MusicPrj/TelegramDownload/TMDownload/Agathodaimon - Yesterday s Reprise.flac
2026-08-01 00:12:58 | INFO | audio_filter_tools.storage | Deleting local file: /mnt/samsung4t/lost+found/usr/bin/github/CodexWorkFolder/MusicPrj/TelegramDownload/TMDownload/Agathodaimon,Vlad_Dracul_Mother_of_All_Gods_Feat_Vlad_Dracul.flac
2026-08-01 00:12:58 | INFO | audio_filter_tools.storage | Deleting local file: /mnt/samsung4t/lost+found/usr/bin/github/CodexWorkFolder/MusicPrj/TelegramDownload/TMDownload/Alabama - Born Country.mp3
2026-08-01 00:12:58 | INFO | audio_filter_tools.storage | Deleting local file: /mnt/samsung4t/lost+found/usr/bin/github/CodexWorkFolder/MusicPrj/TelegramDownload/TMDownload/Alabama - She Ain t Your Ordinary Girl (Single Edit).mp3
2026-08-01 00:12:58 | INFO | audio_filter_tools.storage | Deleting local file: /mnt/samsung4t/lost+found/usr/bin/github/CodexWorkFolder/MusicPrj/TelegramDownload/TMDownload/Alabama - The Closer You Get.mp3
2026-08-01 00:12:58 | INFO | audio_filter_tools.storage | Deleting local file: /mnt/samsung4t/lost+found/usr/bin/github/CodexWorkFolder/MusicPrj/TelegramDownload/TMDownload/Alabama - You ve Got the Touch.flac
2026-08-01 00:12:58 | INFO | audio_filter_tools.storage | Deleting local file: /mnt/samsung4t/lost+found/usr/bin/github/CodexWorkFolder/MusicPrj/TelegramDownload/TMDownload/Blind Guardian - Don t Talk to Strangers (Remastered 2007).flac
2026-08-01 00:12:58 | INFO | audio_filter_tools.storage | Deleting local file: /mnt/samsung4t/lost+found/usr/bin/github/CodexWorkFolder/MusicPrj/TelegramDownload/TMDownload/Bülent Ceylan,Doro - Wolfsherz.flac
2026-08-01 00:12:58 | INFO | audio_filter_tools.storage | Deleting local file: /mnt/samsung4t/lost+found/usr/bin/github/CodexWorkFolder/MusicPrj/TelegramDownload/TMDownload/Doro - Children of the Night.mp3
2026-08-01 00:12:58 | INFO | audio_filter_tools.storage | Deleting local file: /mnt/samsung4t/lost+found/usr/bin/github/CodexWorkFolder/MusicPrj/TelegramDownload/TMDownload/Doro - Egypt (The Chains Are On).flac
2026-08-01 00:12:58 | INFO | audio_filter_tools.storage | Deleting local file: /mnt/samsung4t/lost+found/usr/bin/github/CodexWorkFolder/MusicPrj/TelegramDownload/TMDownload/Doro - Light in the Window.mp3
2026-08-01 00:12:58 | INFO | audio_filter_tools.storage | Deleting local file: /mnt/samsung4t/lost+found/usr/bin/github/CodexWorkFolder/MusicPrj/TelegramDownload/TMDownload/Doro - So Alone Together.mp3
2026-08-01 00:12:58 | INFO | audio_filter_tools.storage | Deleting local file: /mnt/samsung4t/lost+found/usr/bin/github/CodexWorkFolder/MusicPrj/TelegramDownload/TMDownload/Edguy - All the Clowns.flac
2026-08-01 00:12:58 | INFO | audio_filter_tools.storage | Deleting local file: /mnt/samsung4t/lost+found/usr/bin/github/CodexWorkFolder/MusicPrj/TelegramDownload/TMDownload/Edguy - Avantasia (Live in Sao Paolo 2006).mp3
2026-08-01 00:12:58 | INFO | audio_filter_tools.storage | Deleting local file: /mnt/samsung4t/lost+found/usr/bin/github/CodexWorkFolder/MusicPrj/TelegramDownload/TMDownload/Edguy - Behind the Gates to Midnight World.flac
2026-08-01 00:12:58 | INFO | audio_filter_tools.storage | Deleting local file: /mnt/samsung4t/lost+found/usr/bin/github/CodexWorkFolder/MusicPrj/TelegramDownload/TMDownload/Edguy - Breathe.flac
2026-08-01 00:12:58 | INFO | audio_filter_tools.storage | Deleting local file: /mnt/samsung4t/lost+found/usr/bin/github/CodexWorkFolder/MusicPrj/TelegramDownload/TMDownload/Edguy - Down To The Devil.mp3
2026-08-01 00:12:58 | INFO | audio_filter_tools.storage | Deleting local file: /mnt/samsung4t/lost+found/usr/bin/github/CodexWorkFolder/MusicPrj/TelegramDownload/TMDownload/Edguy - Every Night Without You.flac
2026-08-01 00:12:58 | INFO | audio_filter_tools.storage | Deleting local file: /mnt/samsung4t/lost+found/usr/bin/github/CodexWorkFolder/MusicPrj/TelegramDownload/TMDownload/Edguy - Fairytale.flac
2026-08-01 00:12:58 | INFO | audio_filter_tools.storage | Deleting local file: /mnt/samsung4t/lost+found/usr/bin/github/CodexWorkFolder/MusicPrj/TelegramDownload/TMDownload/Edguy - Jerusalem.flac
2026-08-01 00:12:58 | INFO | audio_filter_tools.storage | Deleting local file: /mnt/samsung4t/lost+found/usr/bin/github/CodexWorkFolder/MusicPrj/TelegramDownload/TMDownload/Edguy - Key to My Fate (Remastered 2021).flac
2026-08-01 00:12:58 | INFO | audio_filter_tools.storage | Deleting local file: /mnt/samsung4t/lost+found/usr/bin/github/CodexWorkFolder/MusicPrj/TelegramDownload/TMDownload/Edguy - Nailed to the Wheel.flac
2026-08-01 00:12:58 | INFO | audio_filter_tools.storage | Deleting local file: /mnt/samsung4t/lost+found/usr/bin/github/CodexWorkFolder/MusicPrj/TelegramDownload/TMDownload/Edguy - Pandora s Box.flac
2026-08-01 00:12:58 | INFO | audio_filter_tools.storage | Deleting local file: /mnt/samsung4t/lost+found/usr/bin/github/CodexWorkFolder/MusicPrj/TelegramDownload/TMDownload/Edguy - Rise Of The Morning Glory.flac
2026-08-01 00:12:58 | INFO | audio_filter_tools.storage | Deleting local file: /mnt/samsung4t/lost+found/usr/bin/github/CodexWorkFolder/MusicPrj/TelegramDownload/TMDownload/Edguy - Robin Hood (single version).flac
2026-08-01 00:12:58 | INFO | audio_filter_tools.storage | Deleting local file: /mnt/samsung4t/lost+found/usr/bin/github/CodexWorkFolder/MusicPrj/TelegramDownload/TMDownload/Edguy - Scarlet Rose.flac
2026-08-01 00:12:58 | INFO | audio_filter_tools.storage | Deleting local file: /mnt/samsung4t/lost+found/usr/bin/github/CodexWorkFolder/MusicPrj/TelegramDownload/TMDownload/Edguy - Tears of a Mandrake.flac
2026-08-01 00:12:58 | INFO | audio_filter_tools.storage | Deleting local file: /mnt/samsung4t/lost+found/usr/bin/github/CodexWorkFolder/MusicPrj/TelegramDownload/TMDownload/Edguy - The Arcane Guild.mp3
2026-08-01 00:12:58 | INFO | audio_filter_tools.storage | Deleting local file: /mnt/samsung4t/lost+found/usr/bin/github/CodexWorkFolder/MusicPrj/TelegramDownload/TMDownload/Edguy - Theater of Salvation.flac
2026-08-01 00:12:58 | INFO | audio_filter_tools.storage | Deleting local file: /mnt/samsung4t/lost+found/usr/bin/github/CodexWorkFolder/MusicPrj/TelegramDownload/TMDownload/Edguy - The Devil and the Savant.flac
2026-08-01 00:12:58 | INFO | audio_filter_tools.storage | Deleting local file: /mnt/samsung4t/lost+found/usr/bin/github/CodexWorkFolder/MusicPrj/TelegramDownload/TMDownload/Edguy - Two Out of Seven.mp3
2026-08-01 00:12:58 | INFO | audio_filter_tools.storage | Deleting local file: /mnt/samsung4t/lost+found/usr/bin/github/CodexWorkFolder/MusicPrj/TelegramDownload/TMDownload/Edguy - Under The Moon.mp3
2026-08-01 00:12:58 | INFO | audio_filter_tools.storage | Deleting local file: /mnt/samsung4t/lost+found/usr/bin/github/CodexWorkFolder/MusicPrj/TelegramDownload/TMDownload/Edguy - Vain Glory Opera (Live).flac
2026-08-01 00:12:58 | INFO | audio_filter_tools.storage | Deleting local file: /mnt/samsung4t/lost+found/usr/bin/github/CodexWorkFolder/MusicPrj/TelegramDownload/TMDownload/Edguy - We don t need a hero.mp3
2026-08-01 00:12:58 | INFO | audio_filter_tools.storage | Deleting local file: /mnt/samsung4t/lost+found/usr/bin/github/CodexWorkFolder/MusicPrj/TelegramDownload/TMDownload/Equilibrium - Aufbruch (bonus).flac
2026-08-01 00:12:58 | INFO | audio_filter_tools.storage | Deleting local file: /mnt/samsung4t/lost+found/usr/bin/github/CodexWorkFolder/MusicPrj/TelegramDownload/TMDownload/Equilibrium - Aus ferner Zeit.flac
2026-08-01 00:12:58 | INFO | audio_filter_tools.storage | Deleting local file: /mnt/samsung4t/lost+found/usr/bin/github/CodexWorkFolder/MusicPrj/TelegramDownload/TMDownload/Equilibrium - Blut im Auge.mp3
2026-08-01 00:12:58 | INFO | audio_filter_tools.storage | Deleting local file: /mnt/samsung4t/lost+found/usr/bin/github/CodexWorkFolder/MusicPrj/TelegramDownload/TMDownload/Equilibrium - Blut Im Auge (acoustic version Sagas).flac
2026-08-01 00:12:58 | INFO | audio_filter_tools.storage | Deleting local file: /mnt/samsung4t/lost+found/usr/bin/github/CodexWorkFolder/MusicPrj/TelegramDownload/TMDownload/Equilibrium - Born to Be Epic.flac
2026-08-01 00:12:58 | INFO | audio_filter_tools.storage | Deleting local file: /mnt/samsung4t/lost+found/usr/bin/github/CodexWorkFolder/MusicPrj/TelegramDownload/TMDownload/Equilibrium - Der ewige Sieg.flac
2026-08-01 00:12:58 | INFO | audio_filter_tools.storage | Deleting local file: /mnt/samsung4t/lost+found/usr/bin/github/CodexWorkFolder/MusicPrj/TelegramDownload/TMDownload/Equilibrium - Der Sturm.flac
2026-08-01 00:12:58 | INFO | audio_filter_tools.storage | Deleting local file: /mnt/samsung4t/lost+found/usr/bin/github/CodexWorkFolder/MusicPrj/TelegramDownload/TMDownload/Equilibrium - Der Wassermann.flac
2026-08-01 00:12:58 | INFO | audio_filter_tools.storage | Deleting local file: /mnt/samsung4t/lost+found/usr/bin/github/CodexWorkFolder/MusicPrj/TelegramDownload/TMDownload/Equilibrium - Des Sängers Fluch.flac
2026-08-01 00:12:58 | INFO | audio_filter_tools.storage | Deleting local file: /mnt/samsung4t/lost+found/usr/bin/github/CodexWorkFolder/MusicPrj/TelegramDownload/TMDownload/Equilibrium - Die Affeninsel.flac
2026-08-01 00:12:58 | INFO | audio_filter_tools.storage | Deleting local file: /mnt/samsung4t/lost+found/usr/bin/github/CodexWorkFolder/MusicPrj/TelegramDownload/TMDownload/Equilibrium - Die Prophezeihung.flac
2026-08-01 00:12:58 | INFO | audio_filter_tools.storage | Deleting local file: /mnt/samsung4t/lost+found/usr/bin/github/CodexWorkFolder/MusicPrj/TelegramDownload/TMDownload/Equilibrium - Die Weide und der Fluß.flac
2026-08-01 00:12:58 | INFO | audio_filter_tools.storage | Deleting local file: /mnt/samsung4t/lost+found/usr/bin/github/CodexWorkFolder/MusicPrj/TelegramDownload/TMDownload/Equilibrium - Dämmerung.flac
2026-08-01 00:12:58 | INFO | audio_filter_tools.storage | Deleting local file: /mnt/samsung4t/lost+found/usr/bin/github/CodexWorkFolder/MusicPrj/TelegramDownload/TMDownload/Equilibrium - Eternal Destination.flac
2026-08-01 00:12:58 | INFO | audio_filter_tools.storage | Deleting local file: /mnt/samsung4t/lost+found/usr/bin/github/CodexWorkFolder/MusicPrj/TelegramDownload/TMDownload/Equilibrium - Fahrtwind.flac
2026-08-01 00:12:58 | INFO | audio_filter_tools.storage | Deleting local file: /mnt/samsung4t/lost+found/usr/bin/github/CodexWorkFolder/MusicPrj/TelegramDownload/TMDownload/Equilibrium - Freiflug.flac
2026-08-01 00:12:58 | INFO | audio_filter_tools.storage | Deleting local file: /mnt/samsung4t/lost+found/usr/bin/github/CodexWorkFolder/MusicPrj/TelegramDownload/TMDownload/Equilibrium - Heavy Chill.flac
2026-08-01 00:12:58 | INFO | audio_filter_tools.storage | Deleting local file: /mnt/samsung4t/lost+found/usr/bin/github/CodexWorkFolder/MusicPrj/TelegramDownload/TMDownload/Equilibrium - Heiderauche.flac
2026-08-01 00:12:58 | INFO | audio_filter_tools.storage | Deleting local file: /mnt/samsung4t/lost+found/usr/bin/github/CodexWorkFolder/MusicPrj/TelegramDownload/TMDownload/Equilibrium - Heimwärts.flac
2026-08-01 00:12:58 | INFO | audio_filter_tools.storage | Deleting local file: /mnt/samsung4t/lost+found/usr/bin/github/CodexWorkFolder/MusicPrj/TelegramDownload/TMDownload/Equilibrium - Helden.flac
2026-08-01 00:12:58 | INFO | audio_filter_tools.storage | Deleting local file: /mnt/samsung4t/lost+found/usr/bin/github/CodexWorkFolder/MusicPrj/TelegramDownload/TMDownload/Equilibrium - In Heiligen Hallen.flac
2026-08-01 00:12:58 | INFO | audio_filter_tools.storage | Deleting local file: /mnt/samsung4t/lost+found/usr/bin/github/CodexWorkFolder/MusicPrj/TelegramDownload/TMDownload/Equilibrium - Karawane.flac
2026-08-01 00:12:58 | INFO | audio_filter_tools.storage | Deleting local file: /mnt/samsung4t/lost+found/usr/bin/github/CodexWorkFolder/MusicPrj/TelegramDownload/TMDownload/Equilibrium - Katharsis (Instrumental).flac
2026-08-01 00:12:58 | INFO | audio_filter_tools.storage | Deleting local file: /mnt/samsung4t/lost+found/usr/bin/github/CodexWorkFolder/MusicPrj/TelegramDownload/TMDownload/Equilibrium - Katharsis (Instrumental) (1).flac
2026-08-01 00:12:58 | INFO | audio_filter_tools.storage | Deleting local file: /mnt/samsung4t/lost+found/usr/bin/github/CodexWorkFolder/MusicPrj/TelegramDownload/TMDownload/Equilibrium - Koyaaniskatsi.flac
2026-08-01 00:12:58 | INFO | audio_filter_tools.storage | Deleting local file: /mnt/samsung4t/lost+found/usr/bin/github/CodexWorkFolder/MusicPrj/TelegramDownload/TMDownload/Equilibrium - Kurzes Epos.flac
2026-08-01 00:12:58 | INFO | audio_filter_tools.storage | Deleting local file: /mnt/samsung4t/lost+found/usr/bin/github/CodexWorkFolder/MusicPrj/TelegramDownload/TMDownload/Equilibrium - Mana.flac
2026-08-01 00:12:58 | INFO | audio_filter_tools.storage | Deleting local file: /mnt/samsung4t/lost+found/usr/bin/github/CodexWorkFolder/MusicPrj/TelegramDownload/TMDownload/Equilibrium - Nach dem Winter.flac
2026-08-01 00:12:58 | INFO | audio_filter_tools.storage | Deleting local file: /mnt/samsung4t/lost+found/usr/bin/github/CodexWorkFolder/MusicPrj/TelegramDownload/TMDownload/Equilibrium - Nordheim.flac
2026-08-01 00:12:58 | INFO | audio_filter_tools.storage | Deleting local file: /mnt/samsung4t/lost+found/usr/bin/github/CodexWorkFolder/MusicPrj/TelegramDownload/TMDownload/Equilibrium - Prey.flac
2026-08-01 00:12:58 | INFO | audio_filter_tools.storage | Deleting local file: /mnt/samsung4t/lost+found/usr/bin/github/CodexWorkFolder/MusicPrj/TelegramDownload/TMDownload/Equilibrium - Rise Again.flac
2026-08-01 00:12:58 | INFO | audio_filter_tools.storage | Deleting local file: /mnt/samsung4t/lost+found/usr/bin/github/CodexWorkFolder/MusicPrj/TelegramDownload/TMDownload/Equilibrium - Ruf in den Wind.flac
2026-08-01 00:12:58 | INFO | audio_filter_tools.storage | Deleting local file: /mnt/samsung4t/lost+found/usr/bin/github/CodexWorkFolder/MusicPrj/TelegramDownload/TMDownload/Equilibrium - Sehnsucht.flac
2026-08-01 00:12:58 | INFO | audio_filter_tools.storage | Deleting local file: /mnt/samsung4t/lost+found/usr/bin/github/CodexWorkFolder/MusicPrj/TelegramDownload/TMDownload/Equilibrium - Snüffel.flac
2026-08-01 00:12:58 | INFO | audio_filter_tools.storage | Deleting local file: /mnt/samsung4t/lost+found/usr/bin/github/CodexWorkFolder/MusicPrj/TelegramDownload/TMDownload/Equilibrium - Tote Heldensagen.flac
2026-08-01 00:12:58 | INFO | audio_filter_tools.storage | Deleting local file: /mnt/samsung4t/lost+found/usr/bin/github/CodexWorkFolder/MusicPrj/TelegramDownload/TMDownload/Equilibrium - Unbesiegt.flac
2026-08-01 00:12:58 | INFO | audio_filter_tools.storage | Deleting local file: /mnt/samsung4t/lost+found/usr/bin/github/CodexWorkFolder/MusicPrj/TelegramDownload/TMDownload/Equilibrium - Uns rer Floten Klang (Instrumental).flac
2026-08-01 00:12:58 | INFO | audio_filter_tools.storage | Deleting local file: /mnt/samsung4t/lost+found/usr/bin/github/CodexWorkFolder/MusicPrj/TelegramDownload/TMDownload/Equilibrium - Unter der Eiche.flac
2026-08-01 00:12:58 | INFO | audio_filter_tools.storage | Deleting local file: /mnt/samsung4t/lost+found/usr/bin/github/CodexWorkFolder/MusicPrj/TelegramDownload/TMDownload/Equilibrium - Verbrannte Erde.flac
2026-08-01 00:12:58 | INFO | audio_filter_tools.storage | Deleting local file: /mnt/samsung4t/lost+found/usr/bin/github/CodexWorkFolder/MusicPrj/TelegramDownload/TMDownload/Equilibrium - Verrat.flac
2026-08-01 00:12:58 | INFO | audio_filter_tools.storage | Deleting local file: /mnt/samsung4t/lost+found/usr/bin/github/CodexWorkFolder/MusicPrj/TelegramDownload/TMDownload/Equilibrium - Waldschrein.flac
2026-08-01 00:12:58 | INFO | audio_filter_tools.storage | Deleting local file: /mnt/samsung4t/lost+found/usr/bin/github/CodexWorkFolder/MusicPrj/TelegramDownload/TMDownload/Equilibrium - Wellengang (Instrumental).flac
2026-08-01 00:12:58 | INFO | audio_filter_tools.storage | Deleting local file: /mnt/samsung4t/lost+found/usr/bin/github/CodexWorkFolder/MusicPrj/TelegramDownload/TMDownload/Equilibrium - Wenn Erdreich bricht.flac
2026-08-01 00:12:58 | INFO | audio_filter_tools.storage | Deleting local file: /mnt/samsung4t/lost+found/usr/bin/github/CodexWorkFolder/MusicPrj/TelegramDownload/TMDownload/Equilibrium - Widars Hallen.flac
2026-08-01 00:12:58 | INFO | audio_filter_tools.storage | Deleting local file: /mnt/samsung4t/lost+found/usr/bin/github/CodexWorkFolder/MusicPrj/TelegramDownload/TMDownload/Equilibrium - Wingthor s Hammer.flac
2026-08-01 00:12:58 | INFO | audio_filter_tools.storage | Deleting local file: /mnt/samsung4t/lost+found/usr/bin/github/CodexWorkFolder/MusicPrj/TelegramDownload/TMDownload/Equilibrium - Wirtshaus Gaudi.flac
2026-08-01 00:12:58 | INFO | audio_filter_tools.storage | Deleting local file: /mnt/samsung4t/lost+found/usr/bin/github/CodexWorkFolder/MusicPrj/TelegramDownload/TMDownload/Equilibrium - Wurzelbert.flac
2026-08-01 00:12:58 | INFO | audio_filter_tools.storage | Deleting local file: /mnt/samsung4t/lost+found/usr/bin/github/CodexWorkFolder/MusicPrj/TelegramDownload/TMDownload/Equilibrium - Zum Horizont.flac
2026-08-01 00:12:58 | INFO | audio_filter_tools.storage | Deleting local file: /mnt/samsung4t/lost+found/usr/bin/github/CodexWorkFolder/MusicPrj/TelegramDownload/TMDownload/Equilibrium - Zwergenhammer.flac
2026-08-01 00:12:58 | INFO | audio_filter_tools.storage | Deleting local file: /mnt/samsung4t/lost+found/usr/bin/github/CodexWorkFolder/MusicPrj/TelegramDownload/TMDownload/Falkenbach - Donar s Oak.flac
2026-08-01 00:12:58 | INFO | audio_filter_tools.storage | Deleting local file: /mnt/samsung4t/lost+found/usr/bin/github/CodexWorkFolder/MusicPrj/TelegramDownload/TMDownload/Falkenbach - Eweroun.flac
2026-08-01 00:12:58 | INFO | audio_filter_tools.storage | Deleting local file: /mnt/samsung4t/lost+found/usr/bin/github/CodexWorkFolder/MusicPrj/TelegramDownload/TMDownload/Falkenbach - Heralder.flac
2026-08-01 00:12:58 | INFO | audio_filter_tools.storage | Deleting local file: /mnt/samsung4t/lost+found/usr/bin/github/CodexWorkFolder/MusicPrj/TelegramDownload/TMDownload/Falkenbach - I Svertar Sunna Luihtint.flac
2026-08-01 00:12:58 | INFO | audio_filter_tools.storage | Deleting local file: /mnt/samsung4t/lost+found/usr/bin/github/CodexWorkFolder/MusicPrj/TelegramDownload/TMDownload/Falkenbach - Laeknishendr.flac
2026-08-01 00:12:58 | INFO | audio_filter_tools.storage | Deleting local file: /mnt/samsung4t/lost+found/usr/bin/github/CodexWorkFolder/MusicPrj/TelegramDownload/TMDownload/Falkenbach - Roman Land.flac
2026-08-01 00:12:58 | INFO | audio_filter_tools.storage | Deleting local file: /mnt/samsung4t/lost+found/usr/bin/github/CodexWorkFolder/MusicPrj/TelegramDownload/TMDownload/Falkenbach - Stikke Wound.flac
2026-08-01 00:12:58 | INFO | audio_filter_tools.storage | Deleting local file: /mnt/samsung4t/lost+found/usr/bin/github/CodexWorkFolder/MusicPrj/TelegramDownload/TMDownload/Falkenbach - Sunnavend.flac
2026-08-01 00:12:58 | INFO | audio_filter_tools.storage | Deleting local file: /mnt/samsung4t/lost+found/usr/bin/github/CodexWorkFolder/MusicPrj/TelegramDownload/TMDownload/Falkenbach - The Heathenish Foray.flac
2026-08-01 00:12:58 | INFO | audio_filter_tools.storage | Deleting local file: /mnt/samsung4t/lost+found/usr/bin/github/CodexWorkFolder/MusicPrj/TelegramDownload/TMDownload/Falkenbach - Vanadis.flac
2026-08-01 00:12:58 | INFO | audio_filter_tools.storage | Deleting local file: /mnt/samsung4t/lost+found/usr/bin/github/CodexWorkFolder/MusicPrj/TelegramDownload/TMDownload/Falkenbach - When Gjallarhorn Will Sound.flac
2026-08-01 00:12:58 | INFO | audio_filter_tools.storage | Deleting local file: /mnt/samsung4t/lost+found/usr/bin/github/CodexWorkFolder/MusicPrj/TelegramDownload/TMDownload/Gamma_Ray_Man_on_a_Mission_Live_1995_Remastered_2017_Rema.flac
2026-08-01 00:12:58 | INFO | audio_filter_tools.storage | Deleting local file: /mnt/samsung4t/lost+found/usr/bin/github/CodexWorkFolder/MusicPrj/TelegramDownload/TMDownload/Gamma Ray - All You Need To Know.flac
2026-08-01 00:12:58 | INFO | audio_filter_tools.storage | Deleting local file: /mnt/samsung4t/lost+found/usr/bin/github/CodexWorkFolder/MusicPrj/TelegramDownload/TMDownload/Gamma Ray - Avalon.flac
2026-08-01 00:12:58 | INFO | audio_filter_tools.storage | Deleting local file: /mnt/samsung4t/lost+found/usr/bin/github/CodexWorkFolder/MusicPrj/TelegramDownload/TMDownload/Gamma Ray - A While in Dreamland.mp3
2026-08-01 00:12:58 | INFO | audio_filter_tools.storage | Deleting local file: /mnt/samsung4t/lost+found/usr/bin/github/CodexWorkFolder/MusicPrj/TelegramDownload/TMDownload/Gamma Ray - Blood Religion (Remastered).flac
2026-08-01 00:12:58 | INFO | audio_filter_tools.storage | Deleting local file: /mnt/samsung4t/lost+found/usr/bin/github/CodexWorkFolder/MusicPrj/TelegramDownload/TMDownload/Gamma Ray - Born To Fly.flac
2026-08-01 00:12:58 | INFO | audio_filter_tools.storage | Deleting local file: /mnt/samsung4t/lost+found/usr/bin/github/CodexWorkFolder/MusicPrj/TelegramDownload/TMDownload/Gamma Ray - Built A World (European Bonus Track).flac
2026-08-01 00:12:58 | INFO | audio_filter_tools.storage | Deleting local file: /mnt/samsung4t/lost+found/usr/bin/github/CodexWorkFolder/MusicPrj/TelegramDownload/TMDownload/Gamma Ray - Changes.mp3
2026-08-01 00:12:58 | INFO | audio_filter_tools.storage | Deleting local file: /mnt/samsung4t/lost+found/usr/bin/github/CodexWorkFolder/MusicPrj/TelegramDownload/TMDownload/Gamma Ray - Chasing Shadows.flac
2026-08-01 00:12:58 | INFO | audio_filter_tools.storage | Deleting local file: /mnt/samsung4t/lost+found/usr/bin/github/CodexWorkFolder/MusicPrj/TelegramDownload/TMDownload/Gamma Ray - Codemned to Hell.mp3
2026-08-01 00:12:58 | INFO | audio_filter_tools.storage | Deleting local file: /mnt/samsung4t/lost+found/usr/bin/github/CodexWorkFolder/MusicPrj/TelegramDownload/TMDownload/Gamma Ray - Damn the Machine.flac
2026-08-01 00:12:58 | INFO | audio_filter_tools.storage | Deleting local file: /mnt/samsung4t/lost+found/usr/bin/github/CodexWorkFolder/MusicPrj/TelegramDownload/TMDownload/Gamma Ray - Deadlands.flac
2026-08-01 00:12:58 | INFO | audio_filter_tools.storage | Deleting local file: /mnt/samsung4t/lost+found/usr/bin/github/CodexWorkFolder/MusicPrj/TelegramDownload/TMDownload/Gamma Ray - Demonseed (Live from the Final Studio Sessions).flac
2026-08-01 00:12:58 | INFO | audio_filter_tools.storage | Deleting local file: /mnt/samsung4t/lost+found/usr/bin/github/CodexWorkFolder/MusicPrj/TelegramDownload/TMDownload/Gamma Ray - Dethrone Tyranny.flac
2026-08-01 00:12:58 | INFO | audio_filter_tools.storage | Deleting local file: /mnt/samsung4t/lost+found/usr/bin/github/CodexWorkFolder/MusicPrj/TelegramDownload/TMDownload/Gamma Ray - Eagle.flac
2026-08-01 00:12:58 | INFO | audio_filter_tools.storage | Deleting local file: /mnt/samsung4t/lost+found/usr/bin/github/CodexWorkFolder/MusicPrj/TelegramDownload/TMDownload/Gamma Ray - Empathy (30 Years - Live Version).flac
2026-08-01 00:12:58 | INFO | audio_filter_tools.storage | Deleting local file: /mnt/samsung4t/lost+found/usr/bin/github/CodexWorkFolder/MusicPrj/TelegramDownload/TMDownload/Gamma Ray - Empire Of The Undead.mp3
2026-08-01 00:12:58 | INFO | audio_filter_tools.storage | Deleting local file: /mnt/samsung4t/lost+found/usr/bin/github/CodexWorkFolder/MusicPrj/TelegramDownload/TMDownload/Gamma Ray - Farewell.flac
2026-08-01 00:12:58 | INFO | audio_filter_tools.storage | Deleting local file: /mnt/samsung4t/lost+found/usr/bin/github/CodexWorkFolder/MusicPrj/TelegramDownload/TMDownload/Gamma Ray - Fight (Live).flac
2026-08-01 00:12:58 | INFO | audio_filter_tools.storage | Deleting local file: /mnt/samsung4t/lost+found/usr/bin/github/CodexWorkFolder/MusicPrj/TelegramDownload/TMDownload/Gamma Ray - Fire Below.flac
2026-08-01 00:12:58 | INFO | audio_filter_tools.storage | Deleting local file: /mnt/samsung4t/lost+found/usr/bin/github/CodexWorkFolder/MusicPrj/TelegramDownload/TMDownload/Gamma Ray - Follow Me.flac
2026-08-01 00:12:58 | INFO | audio_filter_tools.storage | Deleting local file: /mnt/samsung4t/lost+found/usr/bin/github/CodexWorkFolder/MusicPrj/TelegramDownload/TMDownload/Gamma Ray - Free Time.mp3
2026-08-01 00:12:58 | INFO | audio_filter_tools.storage | Deleting local file: /mnt/samsung4t/lost+found/usr/bin/github/CodexWorkFolder/MusicPrj/TelegramDownload/TMDownload/Gamma Ray - Gardens of the Sinner.flac
2026-08-01 00:12:58 | INFO | audio_filter_tools.storage | Deleting local file: /mnt/samsung4t/lost+found/usr/bin/github/CodexWorkFolder/MusicPrj/TelegramDownload/TMDownload/Gamma Ray - Heading For Tomorrow.mp3
2026-08-01 00:12:58 | INFO | audio_filter_tools.storage | Deleting local file: /mnt/samsung4t/lost+found/usr/bin/github/CodexWorkFolder/MusicPrj/TelegramDownload/TMDownload/Gamma Ray - Heaven or Hell.flac
2026-08-01 00:12:58 | INFO | audio_filter_tools.storage | Deleting local file: /mnt/samsung4t/lost+found/usr/bin/github/CodexWorkFolder/MusicPrj/TelegramDownload/TMDownload/Gamma Ray - Hellbent.flac
2026-08-01 00:12:58 | INFO | audio_filter_tools.storage | Deleting local file: /mnt/samsung4t/lost+found/usr/bin/github/CodexWorkFolder/MusicPrj/TelegramDownload/TMDownload/Gamma Ray - Hell Is Thy Home.mp3
2026-08-01 00:12:58 | INFO | audio_filter_tools.storage | Deleting local file: /mnt/samsung4t/lost+found/usr/bin/github/CodexWorkFolder/MusicPrj/TelegramDownload/TMDownload/Gamma Ray - Hold Your Ground.flac
2026-08-01 00:12:58 | INFO | audio_filter_tools.storage | Deleting local file: /mnt/samsung4t/lost+found/usr/bin/github/CodexWorkFolder/MusicPrj/TelegramDownload/TMDownload/Gamma Ray - How Long.mp3
2026-08-01 00:12:58 | INFO | audio_filter_tools.storage | Deleting local file: /mnt/samsung4t/lost+found/usr/bin/github/CodexWorkFolder/MusicPrj/TelegramDownload/TMDownload/Gamma Ray - Induction.flac
2026-08-01 00:12:58 | INFO | audio_filter_tools.storage | Deleting local file: /mnt/samsung4t/lost+found/usr/bin/github/CodexWorkFolder/MusicPrj/TelegramDownload/TMDownload/Gamma Ray - I Will Return.flac
2026-08-01 00:12:58 | INFO | audio_filter_tools.storage | Deleting local file: /mnt/samsung4t/lost+found/usr/bin/github/CodexWorkFolder/MusicPrj/TelegramDownload/TMDownload/Gamma Ray - Lake of Tears.flac
2026-08-01 00:12:58 | INFO | audio_filter_tools.storage | Deleting local file: /mnt/samsung4t/lost+found/usr/bin/github/CodexWorkFolder/MusicPrj/TelegramDownload/TMDownload/Gamma Ray - Look At Yourself.mp3
2026-08-01 00:12:58 | INFO | audio_filter_tools.storage | Deleting local file: /mnt/samsung4t/lost+found/usr/bin/github/CodexWorkFolder/MusicPrj/TelegramDownload/TMDownload/Gamma Ray - Lust For Life.mp3
2026-08-01 00:12:58 | INFO | audio_filter_tools.storage | Deleting local file: /mnt/samsung4t/lost+found/usr/bin/github/CodexWorkFolder/MusicPrj/TelegramDownload/TMDownload/Gamma Ray - Majesty.mp3
2026-08-01 00:12:58 | INFO | audio_filter_tools.storage | Deleting local file: /mnt/samsung4t/lost+found/usr/bin/github/CodexWorkFolder/MusicPrj/TelegramDownload/TMDownload/Gamma Ray - Master Of Confusion.mp3
2026-08-01 00:12:58 | INFO | audio_filter_tools.storage | Deleting local file: /mnt/samsung4t/lost+found/usr/bin/github/CodexWorkFolder/MusicPrj/TelegramDownload/TMDownload/Gamma Ray - Miracle.flac
2026-08-01 00:12:58 | INFO | audio_filter_tools.storage | Deleting local file: /mnt/samsung4t/lost+found/usr/bin/github/CodexWorkFolder/MusicPrj/TelegramDownload/TMDownload/Gamma Ray - Money.flac
2026-08-01 00:12:58 | INFO | audio_filter_tools.storage | Deleting local file: /mnt/samsung4t/lost+found/usr/bin/github/CodexWorkFolder/MusicPrj/TelegramDownload/TMDownload/Gamma Ray - Mother Angel.mp3
2026-08-01 00:12:58 | INFO | audio_filter_tools.storage | Deleting local file: /mnt/samsung4t/lost+found/usr/bin/github/CodexWorkFolder/MusicPrj/TelegramDownload/TMDownload/Gamma Ray - My Temple.mp3
2026-08-01 00:12:58 | INFO | audio_filter_tools.storage | Deleting local file: /mnt/samsung4t/lost+found/usr/bin/github/CodexWorkFolder/MusicPrj/TelegramDownload/TMDownload/Gamma Ray - New World Order.flac
2026-08-01 00:12:58 | INFO | audio_filter_tools.storage | Deleting local file: /mnt/samsung4t/lost+found/usr/bin/github/CodexWorkFolder/MusicPrj/TelegramDownload/TMDownload/Gamma Ray - New World Order.mp3
2026-08-01 00:12:58 | INFO | audio_filter_tools.storage | Deleting local file: /mnt/samsung4t/lost+found/usr/bin/github/CodexWorkFolder/MusicPrj/TelegramDownload/TMDownload/Gamma Ray - No Need To Cry.flac
2026-08-01 00:12:58 | INFO | audio_filter_tools.storage | Deleting local file: /mnt/samsung4t/lost+found/usr/bin/github/CodexWorkFolder/MusicPrj/TelegramDownload/TMDownload/Gamma Ray - One Life.mp3
2026-08-01 00:12:58 | INFO | audio_filter_tools.storage | Deleting local file: /mnt/samsung4t/lost+found/usr/bin/github/CodexWorkFolder/MusicPrj/TelegramDownload/TMDownload/Gamma Ray - Pale Rider.flac
2026-08-01 00:12:58 | INFO | audio_filter_tools.storage | Deleting local file: /mnt/samsung4t/lost+found/usr/bin/github/CodexWorkFolder/MusicPrj/TelegramDownload/TMDownload/Gamma Ray - Revelation.mp3
2026-08-01 00:12:58 | INFO | audio_filter_tools.storage | Deleting local file: /mnt/samsung4t/lost+found/usr/bin/github/CodexWorkFolder/MusicPrj/TelegramDownload/TMDownload/Gamma Ray - Rise.mp3
2026-08-01 00:12:58 | INFO | audio_filter_tools.storage | Deleting local file: /mnt/samsung4t/lost+found/usr/bin/github/CodexWorkFolder/MusicPrj/TelegramDownload/TMDownload/Gamma Ray - Seven.flac
2026-08-01 00:12:58 | INFO | audio_filter_tools.storage | Deleting local file: /mnt/samsung4t/lost+found/usr/bin/github/CodexWorkFolder/MusicPrj/TelegramDownload/TMDownload/Gamma Ray - Shine Forver.flac
2026-08-01 00:12:58 | INFO | audio_filter_tools.storage | Deleting local file: /mnt/samsung4t/lost+found/usr/bin/github/CodexWorkFolder/MusicPrj/TelegramDownload/TMDownload/Gamma Ray - Solid.flac
2026-08-01 00:12:58 | INFO | audio_filter_tools.storage | Deleting local file: /mnt/samsung4t/lost+found/usr/bin/github/CodexWorkFolder/MusicPrj/TelegramDownload/TMDownload/Gamma Ray - Somewhere out in Space.flac
2026-08-01 00:12:58 | INFO | audio_filter_tools.storage | Deleting local file: /mnt/samsung4t/lost+found/usr/bin/github/CodexWorkFolder/MusicPrj/TelegramDownload/TMDownload/Gamma Ray - Space Eater.mp3
2026-08-01 00:12:58 | INFO | audio_filter_tools.storage | Deleting local file: /mnt/samsung4t/lost+found/usr/bin/github/CodexWorkFolder/MusicPrj/TelegramDownload/TMDownload/Gamma Ray - Spiritual Dictator.mp3
2026-08-01 00:12:58 | INFO | audio_filter_tools.storage | Deleting local file: /mnt/samsung4t/lost+found/usr/bin/github/CodexWorkFolder/MusicPrj/TelegramDownload/TMDownload/Gamma Ray - Strange World.mp3
2026-08-01 00:12:58 | INFO | audio_filter_tools.storage | Deleting local file: /mnt/samsung4t/lost+found/usr/bin/github/CodexWorkFolder/MusicPrj/TelegramDownload/TMDownload/Gamma Ray - The Heart of the Unicorn.flac
2026-08-01 00:12:58 | INFO | audio_filter_tools.storage | Deleting local file: /mnt/samsung4t/lost+found/usr/bin/github/CodexWorkFolder/MusicPrj/TelegramDownload/TMDownload/Gamma Ray - The Silence.flac
2026-08-01 00:12:58 | INFO | audio_filter_tools.storage | Deleting local file: /mnt/samsung4t/lost+found/usr/bin/github/CodexWorkFolder/MusicPrj/TelegramDownload/TMDownload/Gamma Ray - The Silence ( 95 Version).flac
2026-08-01 00:12:58 | INFO | audio_filter_tools.storage | Deleting local file: /mnt/samsung4t/lost+found/usr/bin/github/CodexWorkFolder/MusicPrj/TelegramDownload/TMDownload/Gamma Ray - Time For Deliverance.flac
2026-08-01 00:12:58 | INFO | audio_filter_tools.storage | Deleting local file: /mnt/samsung4t/lost+found/usr/bin/github/CodexWorkFolder/MusicPrj/TelegramDownload/TMDownload/Gamma Ray - Time To Live.flac
2026-08-01 00:12:58 | INFO | audio_filter_tools.storage | Deleting local file: /mnt/samsung4t/lost+found/usr/bin/github/CodexWorkFolder/MusicPrj/TelegramDownload/TMDownload/Gamma Ray - To The Metal.flac
2026-08-01 00:12:58 | INFO | audio_filter_tools.storage | Deleting local file: /mnt/samsung4t/lost+found/usr/bin/github/CodexWorkFolder/MusicPrj/TelegramDownload/TMDownload/Gamma Ray - Valley of the Kings.flac
2026-08-01 00:12:58 | INFO | audio_filter_tools.storage | Deleting local file: /mnt/samsung4t/lost+found/usr/bin/github/CodexWorkFolder/MusicPrj/TelegramDownload/TMDownload/Gamma Ray - Victim of Changes.flac
2026-08-01 00:12:58 | INFO | audio_filter_tools.storage | Deleting local file: /mnt/samsung4t/lost+found/usr/bin/github/CodexWorkFolder/MusicPrj/TelegramDownload/TMDownload/Gamma Ray - Watcher in the Sky (Iron Savior Version).flac
2026-08-01 00:12:58 | INFO | audio_filter_tools.storage | Deleting local file: /mnt/samsung4t/lost+found/usr/bin/github/CodexWorkFolder/MusicPrj/TelegramDownload/TMDownload/Jag Panzer - Children of the Sea.mp3
2026-08-01 00:12:58 | INFO | audio_filter_tools.storage | Deleting local file: /mnt/samsung4t/lost+found/usr/bin/github/CodexWorkFolder/MusicPrj/TelegramDownload/TMDownload/Primal Fear - Along Came the Devil.flac
2026-08-01 00:12:58 | INFO | audio_filter_tools.storage | Deleting local file: /mnt/samsung4t/lost+found/usr/bin/github/CodexWorkFolder/MusicPrj/TelegramDownload/TMDownload/Primal Fear - Armageddon.flac
2026-08-01 00:12:58 | INFO | audio_filter_tools.storage | Deleting local file: /mnt/samsung4t/lost+found/usr/bin/github/CodexWorkFolder/MusicPrj/TelegramDownload/TMDownload/Primal Fear - Battalions of Hate (Remastered 2022).flac
2026-08-01 00:12:58 | INFO | audio_filter_tools.storage | Deleting local file: /mnt/samsung4t/lost+found/usr/bin/github/CodexWorkFolder/MusicPrj/TelegramDownload/TMDownload/Primal Fear - Bleed for Me (By Primal Fear).flac
2026-08-01 00:12:58 | INFO | audio_filter_tools.storage | Deleting local file: /mnt/samsung4t/lost+found/usr/bin/github/CodexWorkFolder/MusicPrj/TelegramDownload/TMDownload/Primal Fear - Breaker.flac
2026-08-01 00:12:58 | INFO | audio_filter_tools.storage | Deleting local file: /mnt/samsung4t/lost+found/usr/bin/github/CodexWorkFolder/MusicPrj/TelegramDownload/TMDownload/Primal Fear - Church of Blood.flac
2026-08-01 00:12:58 | INFO | audio_filter_tools.storage | Deleting local file: /mnt/samsung4t/lost+found/usr/bin/github/CodexWorkFolder/MusicPrj/TelegramDownload/TMDownload/Primal Fear - Final Embrace.flac
2026-08-01 00:12:58 | INFO | audio_filter_tools.storage | Deleting local file: /mnt/samsung4t/lost+found/usr/bin/github/CodexWorkFolder/MusicPrj/TelegramDownload/TMDownload/Primal Fear - Hear Me Calling.flac
2026-08-01 00:12:58 | INFO | audio_filter_tools.storage | Deleting local file: /mnt/samsung4t/lost+found/usr/bin/github/CodexWorkFolder/MusicPrj/TelegramDownload/TMDownload/Primal Fear - If Looks Could Kill.flac
2026-08-01 00:12:58 | INFO | audio_filter_tools.storage | Deleting local file: /mnt/samsung4t/lost+found/usr/bin/github/CodexWorkFolder/MusicPrj/TelegramDownload/TMDownload/Primal Fear - In Metal.flac
2026-08-01 00:12:58 | INFO | audio_filter_tools.storage | Deleting local file: /mnt/samsung4t/lost+found/usr/bin/github/CodexWorkFolder/MusicPrj/TelegramDownload/TMDownload/Primal Fear - Iron Fist In A Velvet Glove.flac
2026-08-01 00:12:58 | INFO | audio_filter_tools.storage | Deleting local file: /mnt/samsung4t/lost+found/usr/bin/github/CodexWorkFolder/MusicPrj/TelegramDownload/TMDownload/Primal Fear - Jaws of Death.flac
2026-08-01 00:12:58 | INFO | audio_filter_tools.storage | Deleting local file: /mnt/samsung4t/lost+found/usr/bin/github/CodexWorkFolder/MusicPrj/TelegramDownload/TMDownload/Primal Fear - Kill the King (By Primal Fear).flac
2026-08-01 00:12:58 | INFO | audio_filter_tools.storage | Deleting local file: /mnt/samsung4t/lost+found/usr/bin/github/CodexWorkFolder/MusicPrj/TelegramDownload/TMDownload/Primal Fear - Magic Eye.flac
2026-08-01 00:12:58 | INFO | audio_filter_tools.storage | Deleting local file: /mnt/samsung4t/lost+found/usr/bin/github/CodexWorkFolder/MusicPrj/TelegramDownload/TMDownload/Primal Fear - Metal Is Forever.flac
2026-08-01 00:12:58 | INFO | audio_filter_tools.storage | Deleting local file: /mnt/samsung4t/lost+found/usr/bin/github/CodexWorkFolder/MusicPrj/TelegramDownload/TMDownload/Primal Fear - 2 Minutes To Midnight.flac
2026-08-01 00:12:58 | INFO | audio_filter_tools.storage | Deleting local file: /mnt/samsung4t/lost+found/usr/bin/github/CodexWorkFolder/MusicPrj/TelegramDownload/TMDownload/Primal Fear - Nation in Fear.flac
2026-08-01 00:12:58 | INFO | audio_filter_tools.storage | Deleting local file: /mnt/samsung4t/lost+found/usr/bin/github/CodexWorkFolder/MusicPrj/TelegramDownload/TMDownload/Primal Fear - Predator.flac
2026-08-01 00:12:58 | INFO | audio_filter_tools.storage | Deleting local file: /mnt/samsung4t/lost+found/usr/bin/github/CodexWorkFolder/MusicPrj/TelegramDownload/TMDownload/Primal Fear - Revolution.flac
2026-08-01 00:12:58 | INFO | audio_filter_tools.storage | Deleting local file: /mnt/samsung4t/lost+found/usr/bin/github/CodexWorkFolder/MusicPrj/TelegramDownload/TMDownload/Primal Fear - Save a Prayer.flac
2026-08-01 00:12:58 | INFO | audio_filter_tools.storage | Deleting local file: /mnt/samsung4t/lost+found/usr/bin/github/CodexWorkFolder/MusicPrj/TelegramDownload/TMDownload/Primal Fear - Seek and Destroy.flac
2026-08-01 00:12:58 | INFO | audio_filter_tools.storage | Deleting local file: /mnt/samsung4t/lost+found/usr/bin/github/CodexWorkFolder/MusicPrj/TelegramDownload/TMDownload/Primal Fear - Seek   Destroy.flac
2026-08-01 00:12:58 | INFO | audio_filter_tools.storage | Deleting local file: /mnt/samsung4t/lost+found/usr/bin/github/CodexWorkFolder/MusicPrj/TelegramDownload/TMDownload/Primal Fear - Seven Seals.flac
2026-08-01 00:12:58 | INFO | audio_filter_tools.storage | Deleting local file: /mnt/samsung4t/lost+found/usr/bin/github/CodexWorkFolder/MusicPrj/TelegramDownload/TMDownload/Primal Fear - Soulchaser.flac
2026-08-01 00:12:58 | INFO | audio_filter_tools.storage | Deleting local file: /mnt/samsung4t/lost+found/usr/bin/github/CodexWorkFolder/MusicPrj/TelegramDownload/TMDownload/Primal Fear - Tears of Rage.flac
2026-08-01 00:12:58 | INFO | audio_filter_tools.storage | Deleting local file: /mnt/samsung4t/lost+found/usr/bin/github/CodexWorkFolder/MusicPrj/TelegramDownload/TMDownload/Primal Fear - The End Is Near.flac
2026-08-01 00:12:58 | INFO | audio_filter_tools.storage | Deleting local file: /mnt/samsung4t/lost+found/usr/bin/github/CodexWorkFolder/MusicPrj/TelegramDownload/TMDownload/Primal Fear - Two Minutes to Midnight.flac
2026-08-01 00:12:58 | INFO | audio_filter_tools.storage | Deleting local file: /mnt/samsung4t/lost+found/usr/bin/github/CodexWorkFolder/MusicPrj/TelegramDownload/TMDownload/Primal Fear - Under Your Spell (Version 1999).flac
2026-08-01 00:12:58 | INFO | audio_filter_tools.storage | Deleting local file: /mnt/samsung4t/lost+found/usr/bin/github/CodexWorkFolder/MusicPrj/TelegramDownload/TMDownload/Primal Fear - When Death Comes Knocking.flac
2026-08-01 00:12:58 | INFO | audio_filter_tools.storage | Deleting local file: /mnt/samsung4t/lost+found/usr/bin/github/CodexWorkFolder/MusicPrj/TelegramDownload/TMDownload/Rage - Carved In Stone.flac
2026-08-01 00:12:58 | INFO | audio_filter_tools.storage | Deleting local file: /mnt/samsung4t/lost+found/usr/bin/github/CodexWorkFolder/MusicPrj/TelegramDownload/TMDownload/Running Wild - Battle of Waterloo.flac
2026-08-01 00:12:58 | INFO | audio_filter_tools.storage | Deleting local file: /mnt/samsung4t/lost+found/usr/bin/github/CodexWorkFolder/MusicPrj/TelegramDownload/TMDownload/Running Wild - Black Hand Inn.flac
2026-08-01 00:12:58 | INFO | audio_filter_tools.storage | Deleting local file: /mnt/samsung4t/lost+found/usr/bin/github/CodexWorkFolder/MusicPrj/TelegramDownload/TMDownload/Running Wild - Conquistadores (Remastered).mp3
2026-08-01 00:12:58 | INFO | audio_filter_tools.storage | Deleting local file: /mnt/samsung4t/lost+found/usr/bin/github/CodexWorkFolder/MusicPrj/TelegramDownload/TMDownload/Running Wild - Fight the Fire of Hate (2017 Remaster).flac
2026-08-01 00:12:58 | INFO | audio_filter_tools.storage | Deleting local file: /mnt/samsung4t/lost+found/usr/bin/github/CodexWorkFolder/MusicPrj/TelegramDownload/TMDownload/Running Wild - Freewind Rider (2017 Remaster).flac
2026-08-01 00:12:58 | INFO | audio_filter_tools.storage | Deleting local file: /mnt/samsung4t/lost+found/usr/bin/github/CodexWorkFolder/MusicPrj/TelegramDownload/TMDownload/Running Wild - Highland Glory (The Eternal Fight).flac
2026-08-01 00:12:58 | INFO | audio_filter_tools.storage | Deleting local file: /mnt/samsung4t/lost+found/usr/bin/github/CodexWorkFolder/MusicPrj/TelegramDownload/TMDownload/Running Wild - Lead or Gold (2017 Remaster).flac
2026-08-01 00:12:58 | INFO | audio_filter_tools.storage | Deleting local file: /mnt/samsung4t/lost+found/usr/bin/github/CodexWorkFolder/MusicPrj/TelegramDownload/TMDownload/Running Wild - Pirate Song.flac
2026-08-01 00:12:58 | INFO | audio_filter_tools.storage | Deleting local file: /mnt/samsung4t/lost+found/usr/bin/github/CodexWorkFolder/MusicPrj/TelegramDownload/TMDownload/Running Wild - Powerride.flac
2026-08-01 00:12:58 | INFO | audio_filter_tools.storage | Deleting local file: /mnt/samsung4t/lost+found/usr/bin/github/CodexWorkFolder/MusicPrj/TelegramDownload/TMDownload/Running Wild - Prisoner Of Our Time.flac
2026-08-01 00:12:58 | INFO | audio_filter_tools.storage | Deleting local file: /mnt/samsung4t/lost+found/usr/bin/github/CodexWorkFolder/MusicPrj/TelegramDownload/TMDownload/Running Wild - Purgatory.flac
2026-08-01 00:12:58 | INFO | audio_filter_tools.storage | Deleting local file: /mnt/samsung4t/lost+found/usr/bin/github/CodexWorkFolder/MusicPrj/TelegramDownload/TMDownload/Running Wild - Raging Fire.flac
2026-08-01 00:12:58 | INFO | audio_filter_tools.storage | Deleting local file: /mnt/samsung4t/lost+found/usr/bin/github/CodexWorkFolder/MusicPrj/TelegramDownload/TMDownload/Running Wild - Riding the Storm.flac
2026-08-01 00:12:58 | INFO | audio_filter_tools.storage | Deleting local file: /mnt/samsung4t/lost+found/usr/bin/github/CodexWorkFolder/MusicPrj/TelegramDownload/TMDownload/Running Wild - Riding The Storm (Remastered).mp3
2026-08-01 00:12:58 | INFO | audio_filter_tools.storage | Deleting local file: /mnt/samsung4t/lost+found/usr/bin/github/CodexWorkFolder/MusicPrj/TelegramDownload/TMDownload/Running Wild - Sinister Eyes.flac
2026-08-01 00:12:58 | INFO | audio_filter_tools.storage | Deleting local file: /mnt/samsung4t/lost+found/usr/bin/github/CodexWorkFolder/MusicPrj/TelegramDownload/TMDownload/Running Wild - The Ghost.flac
2026-08-01 00:12:58 | INFO | audio_filter_tools.storage | Deleting local file: /mnt/samsung4t/lost+found/usr/bin/github/CodexWorkFolder/MusicPrj/TelegramDownload/TMDownload/Running Wild - The Privateer.flac
2026-08-01 00:12:58 | INFO | audio_filter_tools.storage | Deleting local file: /mnt/samsung4t/lost+found/usr/bin/github/CodexWorkFolder/MusicPrj/TelegramDownload/TMDownload/Running Wild - Treasure Island.mp3
2026-08-01 00:12:58 | INFO | audio_filter_tools.storage | Deleting local file: /mnt/samsung4t/lost+found/usr/bin/github/CodexWorkFolder/MusicPrj/TelegramDownload/TMDownload/Scorpions - Bad Boys Running Wild (2015 - Remaster).flac
2026-08-01 00:12:58 | INFO | audio_filter_tools.storage | Deleting local file: /mnt/samsung4t/lost+found/usr/bin/github/CodexWorkFolder/MusicPrj/TelegramDownload/TMDownload/Stonewall_Jackson_Come_on_Home_and_Have_Your_Next_Affair_With.flac
2026-08-01 00:12:58 | INFO | audio_filter_tools.storage | Deleting local file: /mnt/samsung4t/lost+found/usr/bin/github/CodexWorkFolder/MusicPrj/TelegramDownload/TMDownload/Stonewall Jackson - Leona.flac
2026-08-01 00:12:58 | INFO | audio_filter_tools.storage | Deleting local file: /mnt/samsung4t/lost+found/usr/bin/github/CodexWorkFolder/MusicPrj/TelegramDownload/TMDownload/Stonewall Jackson - Leona (1).flac
2026-08-01 00:12:58 | INFO | audio_filter_tools.storage | Deleting local file: /mnt/samsung4t/lost+found/usr/bin/github/CodexWorkFolder/MusicPrj/TelegramDownload/TMDownload/Stonewall Jackson - Leona (10).flac
2026-08-01 00:12:58 | INFO | audio_filter_tools.storage | Deleting local file: /mnt/samsung4t/lost+found/usr/bin/github/CodexWorkFolder/MusicPrj/TelegramDownload/TMDownload/Stonewall Jackson - Leona (11).flac
2026-08-01 00:12:58 | INFO | audio_filter_tools.storage | Deleting local file: /mnt/samsung4t/lost+found/usr/bin/github/CodexWorkFolder/MusicPrj/TelegramDownload/TMDownload/Stonewall Jackson - Leona (2).flac
2026-08-01 00:12:58 | INFO | audio_filter_tools.storage | Deleting local file: /mnt/samsung4t/lost+found/usr/bin/github/CodexWorkFolder/MusicPrj/TelegramDownload/TMDownload/Stonewall Jackson - Leona (3).flac
2026-08-01 00:12:58 | INFO | audio_filter_tools.storage | Deleting local file: /mnt/samsung4t/lost+found/usr/bin/github/CodexWorkFolder/MusicPrj/TelegramDownload/TMDownload/Stonewall Jackson - Leona (4).flac
2026-08-01 00:12:58 | INFO | audio_filter_tools.storage | Deleting local file: /mnt/samsung4t/lost+found/usr/bin/github/CodexWorkFolder/MusicPrj/TelegramDownload/TMDownload/Stonewall Jackson - Leona (5).flac
2026-08-01 00:12:58 | INFO | audio_filter_tools.storage | Deleting local file: /mnt/samsung4t/lost+found/usr/bin/github/CodexWorkFolder/MusicPrj/TelegramDownload/TMDownload/Stonewall Jackson - Leona (6).flac
2026-08-01 00:12:58 | INFO | audio_filter_tools.storage | Deleting local file: /mnt/samsung4t/lost+found/usr/bin/github/CodexWorkFolder/MusicPrj/TelegramDownload/TMDownload/Stonewall Jackson - Leona (7).flac
2026-08-01 00:12:58 | INFO | audio_filter_tools.storage | Deleting local file: /mnt/samsung4t/lost+found/usr/bin/github/CodexWorkFolder/MusicPrj/TelegramDownload/TMDownload/Stonewall Jackson - Leona (8).flac
2026-08-01 00:12:58 | INFO | audio_filter_tools.storage | Deleting local file: /mnt/samsung4t/lost+found/usr/bin/github/CodexWorkFolder/MusicPrj/TelegramDownload/TMDownload/Stonewall Jackson - Leona (9).flac
2026-08-01 00:12:58 | INFO | audio_filter_tools.storage | Deleting local file: /mnt/samsung4t/lost+found/usr/bin/github/CodexWorkFolder/MusicPrj/TelegramDownload/TMDownload/Stonewall Jackson - Me   You and a Dog Named Boo.flac
2026-08-01 00:12:58 | INFO | audio_filter_tools.storage | Deleting local file: /mnt/samsung4t/lost+found/usr/bin/github/CodexWorkFolder/MusicPrj/TelegramDownload/TMDownload/Tennessee Ernie Ford - Stonewall Jackson s Way.flac
2026-08-01 00:12:58 | INFO | audio_filter_tools.storage | Deleting local file: /mnt/samsung4t/lost+found/usr/bin/github/CodexWorkFolder/MusicPrj/TelegramDownload/TMDownload/Tennessee Ernie Ford - Stonewall Jackson s Way (1).flac
2026-08-01 00:12:58 | INFO | audio_filter_tools.storage | Deleting local file: /mnt/samsung4t/lost+found/usr/bin/github/CodexWorkFolder/MusicPrj/TelegramDownload/TMDownload/Tennessee Ernie Ford - Stonewall Jackson s Way (2).flac
2026-08-01 00:12:58 | INFO | audio_filter_tools.storage | Deleting local file: /mnt/samsung4t/lost+found/usr/bin/github/CodexWorkFolder/MusicPrj/TelegramDownload/TMDownload/Tennessee Ernie Ford - Stonewall Jackson s Way (3).flac
2026-08-01 00:12:58 | INFO | audio_filter_tools.storage | Deleting local file: /mnt/samsung4t/lost+found/usr/bin/github/CodexWorkFolder/MusicPrj/TelegramDownload/TMDownload/Tennessee Ernie Ford - Stonewall Jackson s Way (4).flac
2026-08-01 00:12:58 | INFO | audio_filter_tools.storage | Deleting local file: /mnt/samsung4t/lost+found/usr/bin/github/CodexWorkFolder/MusicPrj/TelegramDownload/TMDownload/The_Andrews_Sisters_Have_I_Told_You_Lately_That_I_Love_You.flac
2026-08-01 00:12:58 | INFO | audio_filter_tools.storage | Deleting local file: /mnt/samsung4t/lost+found/usr/bin/github/CodexWorkFolder/MusicPrj/TelegramDownload/TMDownload/The Vision Bleak - Metropolis.flac
2026-08-01 00:12:58 | INFO | audio_filter_tools.storage | Deleting local file: /mnt/samsung4t/lost+found/usr/bin/github/CodexWorkFolder/MusicPrj/TelegramDownload/TMDownload/The Vision Bleak - The Drama of the Wicked.flac
2026-08-01 00:12:58 | INFO | audio_filter_tools.storage | Deleting local file: /mnt/samsung4t/lost+found/usr/bin/github/CodexWorkFolder/MusicPrj/TelegramDownload/TMDownload/The Vision Bleak - The Drama of the Wicked (1).flac
2026-08-01 00:12:58 | INFO | audio_filter_tools.storage | Deleting local file: /mnt/samsung4t/lost+found/usr/bin/github/CodexWorkFolder/MusicPrj/TelegramDownload/TMDownload/The Vision Bleak - The Drama of the Wicked (2).flac
2026-08-01 00:12:58 | INFO | audio_filter_tools.app | Deleted 279 duplicate files
2026-08-01 00:13:48 | INFO | audio_filter_tools.app | Starting Audio Filter Tools
2026-08-01 00:14:33 | INFO | audio_filter_tools.app | Scanning duplicate songs...
2026-08-01 00:14:33 | INFO | audio_filter_tools.app | Scan complete: 109 duplicate groups, 228 files
2026-08-01 18:20:07 | INFO | audio_filter_tools.app | Starting Audio Filter Tools
2026-08-01 18:54:21 | INFO | audio_filter_tools.app | Starting Audio Filter Tools
2026-08-01 18:55:53 | INFO | audio_filter_tools.app | Scanning merge target and source folders...
2026-08-01 18:55:58 | INFO | audio_filter_tools.app | Merging songs...
2026-08-01 18:55:58 | INFO | audio_filter_tools.storage | Copying local file /mnt/samsung4t/lost+found/usr/bin/github/A_Main_FreeDark/FreeDark_0003_GuitarPro_Music/TMDownload/Agathodaimon - Alone in the Dark (Death Angel s Shadow) (1).flac -> /mnt/samsung4t/lost+found/usr/bin/github/CodexWorkFolder/MusicPrj/Agathodaimon - Alone in the Dark (Death Angel s Shadow) (1).flac
2026-08-01 18:55:59 | INFO | audio_filter_tools.storage | Copying local file /mnt/samsung4t/lost+found/usr/bin/github/A_Main_FreeDark/FreeDark_0003_GuitarPro_Music/TMDownload/Running Wild - Fight the Fire of Hate (2017 Remaster).flac -> /mnt/samsung4t/lost+found/usr/bin/github/CodexWorkFolder/MusicPrj/Running Wild - Fight the Fire of Hate (2017 Remaster).flac
2026-08-01 18:55:59 | INFO | audio_filter_tools.storage | Copying local file /mnt/samsung4t/lost+found/usr/bin/github/A_Main_FreeDark/FreeDark_0003_GuitarPro_Music/TMDownload/Gamma Ray - Revelation.mp3 -> /mnt/samsung4t/lost+found/usr/bin/github/CodexWorkFolder/MusicPrj/Gamma Ray - Revelation.mp3
2026-08-01 18:55:59 | INFO | audio_filter_tools.storage | Copying local file /mnt/samsung4t/lost+found/usr/bin/github/A_Main_FreeDark/FreeDark_0003_GuitarPro_Music/TMDownload/Powerwolf - Sacred   Wild.mp3 -> /mnt/samsung4t/lost+found/usr/bin/github/CodexWorkFolder/MusicPrj/Powerwolf - Sacred   Wild.mp3
2026-08-01 18:55:59 | INFO | audio_filter_tools.storage | Copying local file /mnt/samsung4t/lost+found/usr/bin/github/A_Main_FreeDark/FreeDark_0003_GuitarPro_Music/TMDownload/Battle Beast - Where Angels Fear to Fly.mp3 -> /mnt/samsung4t/lost+found/usr/bin/github/CodexWorkFolder/MusicPrj/Battle Beast - Where Angels Fear to Fly.mp3
2026-08-01 18:55:59 | INFO | audio_filter_tools.storage | Copying local file /mnt/samsung4t/lost+found/usr/bin/github/A_Main_FreeDark/FreeDark_0003_GuitarPro_Music/TMDownload/Willie Nelson - She Made My Day.mp3 -> /mnt/samsung4t/lost+found/usr/bin/github/CodexWorkFolder/MusicPrj/Willie Nelson - She Made My Day.mp3
2026-08-01 18:55:59 | INFO | audio_filter_tools.storage | Copying local file /mnt/samsung4t/lost+found/usr/bin/github/A_Main_FreeDark/FreeDark_0003_GuitarPro_Music/TMDownload/03 Saturnus - Descending.mp3 -> /mnt/samsung4t/lost+found/usr/bin/github/CodexWorkFolder/MusicPrj/03 Saturnus - Descending.mp3
2026-08-01 18:55:59 | INFO | audio_filter_tools.storage | Copying local file /mnt/samsung4t/lost+found/usr/bin/github/A_Main_FreeDark/FreeDark_0003_GuitarPro_Music/TMDownload/Eternal Tears of Sorrow - Dance Of December.mp3 -> /mnt/samsung4t/lost+found/usr/bin/github/CodexWorkFolder/MusicPrj/Eternal Tears of Sorrow - Dance Of December.mp3
2026-08-01 18:55:59 | INFO | audio_filter_tools.storage | Copying local file /mnt/samsung4t/lost+found/usr/bin/github/A_Main_FreeDark/FreeDark_0003_GuitarPro_Music/TMDownload/Battle Beast - The Burning Within.mp3 -> /mnt/samsung4t/lost+found/usr/bin/github/CodexWorkFolder/MusicPrj/Battle Beast - The Burning Within.mp3
2026-08-01 18:55:59 | INFO | audio_filter_tools.storage | Copying local file /mnt/samsung4t/lost+found/usr/bin/github/A_Main_FreeDark/FreeDark_0003_GuitarPro_Music/TMDownload/Dissection - Chaosophia.mp3 -> /mnt/samsung4t/lost+found/usr/bin/github/CodexWorkFolder/MusicPrj/Dissection - Chaosophia.mp3
2026-08-01 18:55:59 | INFO | audio_filter_tools.storage | Copying local file /mnt/samsung4t/lost+found/usr/bin/github/A_Main_FreeDark/FreeDark_0003_GuitarPro_Music/TMDownload/06 - Edguy - Avantasia (Live).mp3 -> /mnt/samsung4t/lost+found/usr/bin/github/CodexWorkFolder/MusicPrj/06 - Edguy - Avantasia (Live).mp3
2026-08-01 18:55:59 | INFO | audio_filter_tools.storage | Copying local file /mnt/samsung4t/lost+found/usr/bin/github/A_Main_FreeDark/FreeDark_0003_GuitarPro_Music/TMDownload/02 - Falkenbach - Wulfarweijd.mp3 -> /mnt/samsung4t/lost+found/usr/bin/github/CodexWorkFolder/MusicPrj/02 - Falkenbach - Wulfarweijd.mp3
2026-08-01 18:55:59 | INFO | audio_filter_tools.storage | Copying local file /mnt/samsung4t/lost+found/usr/bin/github/A_Main_FreeDark/FreeDark_0003_GuitarPro_Music/TMDownload/Equilibrium - Snüffel.flac -> /mnt/samsung4t/lost+found/usr/bin/github/CodexWorkFolder/MusicPrj/Equilibrium - Snüffel.flac
2026-08-01 18:55:59 | INFO | audio_filter_tools.storage | Copying local file /mnt/samsung4t/lost+found/usr/bin/github/A_Main_FreeDark/FreeDark_0003_GuitarPro_Music/TMDownload/Sonata Arctica - Breathing.mp3 -> /mnt/samsung4t/lost+found/usr/bin/github/CodexWorkFolder/MusicPrj/Sonata Arctica - Breathing.mp3
2026-08-01 18:55:59 | INFO | audio_filter_tools.storage | Copying local file /mnt/samsung4t/lost+found/usr/bin/github/A_Main_FreeDark/FreeDark_0003_GuitarPro_Music/TMDownload/Windir - Fagning.mp3 -> /mnt/samsung4t/lost+found/usr/bin/github/CodexWorkFolder/MusicPrj/Windir - Fagning.mp3
2026-08-01 18:55:59 | INFO | audio_filter_tools.storage | Copying local file /mnt/samsung4t/lost+found/usr/bin/github/A_Main_FreeDark/FreeDark_0003_GuitarPro_Music/TMDownload/Mors Principium Est - The Colours of the Cosmos.mp3 -> /mnt/samsung4t/lost+found/usr/bin/github/CodexWorkFolder/MusicPrj/Mors Principium Est - The Colours of the Cosmos.mp3
2026-08-01 18:55:59 | INFO | audio_filter_tools.storage | Copying local file /mnt/samsung4t/lost+found/usr/bin/github/A_Main_FreeDark/FreeDark_0003_GuitarPro_Music/TMDownload/12 Avantasia - Sign of the Cross.mp3 -> /mnt/samsung4t/lost+found/usr/bin/github/CodexWorkFolder/MusicPrj/12 Avantasia - Sign of the Cross.mp3
2026-08-01 18:55:59 | INFO | audio_filter_tools.storage | Copying local file /mnt/samsung4t/lost+found/usr/bin/github/A_Main_FreeDark/FreeDark_0003_GuitarPro_Music/TMDownload/Gamma Ray - Valley of the Kings.flac -> /mnt/samsung4t/lost+found/usr/bin/github/CodexWorkFolder/MusicPrj/Gamma Ray - Valley of the Kings.flac
2026-08-01 18:55:59 | INFO | audio_filter_tools.storage | Copying local file /mnt/samsung4t/lost+found/usr/bin/github/A_Main_FreeDark/FreeDark_0003_GuitarPro_Music/TMDownload/Eternal Tears of Sorrow - The Day.mp3 -> /mnt/samsung4t/lost+found/usr/bin/github/CodexWorkFolder/MusicPrj/Eternal Tears of Sorrow - The Day.mp3
2026-08-01 18:55:59 | INFO | audio_filter_tools.storage | Copying local file /mnt/samsung4t/lost+found/usr/bin/github/A_Main_FreeDark/FreeDark_0003_GuitarPro_Music/TMDownload/Wolfheart - Breathe.mp3 -> /mnt/samsung4t/lost+found/usr/bin/github/CodexWorkFolder/MusicPrj/Wolfheart - Breathe.mp3
2026-08-01 18:55:59 | INFO | audio_filter_tools.storage | Copying local file /mnt/samsung4t/lost+found/usr/bin/github/A_Main_FreeDark/FreeDark_0003_GuitarPro_Music/TMDownload/Equilibrium - Kurzes Epos.flac -> /mnt/samsung4t/lost+found/usr/bin/github/CodexWorkFolder/MusicPrj/Equilibrium - Kurzes Epos.flac
2026-08-01 18:55:59 | INFO | audio_filter_tools.storage | Copying local file /mnt/samsung4t/lost+found/usr/bin/github/A_Main_FreeDark/FreeDark_0003_GuitarPro_Music/TMDownload/Falkenbach - Stikke Wound.flac -> /mnt/samsung4t/lost+found/usr/bin/github/CodexWorkFolder/MusicPrj/Falkenbach - Stikke Wound.flac
2026-08-01 18:55:59 | INFO | audio_filter_tools.storage | Copying local file /mnt/samsung4t/lost+found/usr/bin/github/A_Main_FreeDark/FreeDark_0003_GuitarPro_Music/TMDownload/Gamma Ray - New World Order.flac -> /mnt/samsung4t/lost+found/usr/bin/github/CodexWorkFolder/MusicPrj/Gamma Ray - New World Order.flac
2026-08-01 18:55:59 | INFO | audio_filter_tools.storage | Copying local file /mnt/samsung4t/lost+found/usr/bin/github/A_Main_FreeDark/FreeDark_0003_GuitarPro_Music/TMDownload/Edguy - Forever.mp3 -> /mnt/samsung4t/lost+found/usr/bin/github/CodexWorkFolder/MusicPrj/Edguy - Forever.mp3
2026-08-01 18:55:59 | INFO | audio_filter_tools.storage | Copying local file /mnt/samsung4t/lost+found/usr/bin/github/A_Main_FreeDark/FreeDark_0003_GuitarPro_Music/TMDownload/Before the Dawn - My Darkness.mp3 -> /mnt/samsung4t/lost+found/usr/bin/github/CodexWorkFolder/MusicPrj/Before the Dawn - My Darkness.mp3
2026-08-01 18:55:59 | INFO | audio_filter_tools.storage | Copying local file /mnt/samsung4t/lost+found/usr/bin/github/A_Main_FreeDark/FreeDark_0003_GuitarPro_Music/TMDownload/Equilibrium - Wenn Erdreich bricht.flac -> /mnt/samsung4t/lost+found/usr/bin/github/CodexWorkFolder/MusicPrj/Equilibrium - Wenn Erdreich bricht.flac
2026-08-01 18:56:00 | INFO | audio_filter_tools.storage | Copying local file /mnt/samsung4t/lost+found/usr/bin/github/A_Main_FreeDark/FreeDark_0003_GuitarPro_Music/TMDownload/Powerwolf - Coleus Sanctus.mp3 -> /mnt/samsung4t/lost+found/usr/bin/github/CodexWorkFolder/MusicPrj/Powerwolf - Coleus Sanctus.mp3
2026-08-01 18:56:00 | INFO | audio_filter_tools.storage | Copying local file /mnt/samsung4t/lost+found/usr/bin/github/A_Main_FreeDark/FreeDark_0003_GuitarPro_Music/TMDownload/Equilibrium - Unter der Eiche.flac -> /mnt/samsung4t/lost+found/usr/bin/github/CodexWorkFolder/MusicPrj/Equilibrium - Unter der Eiche.flac
2026-08-01 18:56:00 | INFO | audio_filter_tools.storage | Copying local file /mnt/samsung4t/lost+found/usr/bin/github/A_Main_FreeDark/FreeDark_0003_GuitarPro_Music/TMDownload/Wolfheart - Last Of All Winters.mp3 -> /mnt/samsung4t/lost+found/usr/bin/github/CodexWorkFolder/MusicPrj/Wolfheart - Last Of All Winters.mp3
2026-08-01 18:56:00 | INFO | audio_filter_tools.storage | Copying local file /mnt/samsung4t/lost+found/usr/bin/github/A_Main_FreeDark/FreeDark_0003_GuitarPro_Music/TMDownload/05. Stonewall Jackson - Pick Me Up On Your Way Down.mp3 -> /mnt/samsung4t/lost+found/usr/bin/github/CodexWorkFolder/MusicPrj/05. Stonewall Jackson - Pick Me Up On Your Way Down.mp3
2026-08-01 18:56:00 | INFO | audio_filter_tools.storage | Copying local file /mnt/samsung4t/lost+found/usr/bin/github/A_Main_FreeDark/FreeDark_0003_GuitarPro_Music/TMDownload/Agathodaimon - To Our Ashes.flac -> /mnt/samsung4t/lost+found/usr/bin/github/CodexWorkFolder/MusicPrj/Agathodaimon - To Our Ashes.flac
2026-08-01 18:56:00 | INFO | audio_filter_tools.storage | Copying local file /mnt/samsung4t/lost+found/usr/bin/github/A_Main_FreeDark/FreeDark_0003_GuitarPro_Music/TMDownload/Dawn Of Solace - Erase.mp3 -> /mnt/samsung4t/lost+found/usr/bin/github/CodexWorkFolder/MusicPrj/Dawn Of Solace - Erase.mp3
2026-08-01 18:56:00 | INFO | audio_filter_tools.storage | Copying local file /mnt/samsung4t/lost+found/usr/bin/github/A_Main_FreeDark/FreeDark_0003_GuitarPro_Music/TMDownload/Edguy - New Age Messiah.mp3 -> /mnt/samsung4t/lost+found/usr/bin/github/CodexWorkFolder/MusicPrj/Edguy - New Age Messiah.mp3
2026-08-01 18:56:00 | INFO | audio_filter_tools.storage | Copying local file /mnt/samsung4t/lost+found/usr/bin/github/A_Main_FreeDark/FreeDark_0003_GuitarPro_Music/TMDownload/01 Insomnium - Valediction.mp3 -> /mnt/samsung4t/lost+found/usr/bin/github/CodexWorkFolder/MusicPrj/01 Insomnium - Valediction.mp3
2026-08-01 18:56:00 | INFO | audio_filter_tools.storage | Copying local file /mnt/samsung4t/lost+found/usr/bin/github/A_Main_FreeDark/FreeDark_0003_GuitarPro_Music/TMDownload/Mors Principium Est - Reverence.mp3 -> /mnt/samsung4t/lost+found/usr/bin/github/CodexWorkFolder/MusicPrj/Mors Principium Est - Reverence.mp3
2026-08-01 18:56:00 | INFO | audio_filter_tools.storage | Copying local file /mnt/samsung4t/lost+found/usr/bin/github/A_Main_FreeDark/FreeDark_0003_GuitarPro_Music/TMDownload/10 Powerwolf - Die, Die, Crucify.mp3 -> /mnt/samsung4t/lost+found/usr/bin/github/CodexWorkFolder/MusicPrj/10 Powerwolf - Die, Die, Crucify.mp3
2026-08-01 18:56:00 | INFO | audio_filter_tools.storage | Copying local file /mnt/samsung4t/lost+found/usr/bin/github/A_Main_FreeDark/FreeDark_0003_GuitarPro_Music/TMDownload/03. Stonewall Jackson - Joy to the World.mp3 -> /mnt/samsung4t/lost+found/usr/bin/github/CodexWorkFolder/MusicPrj/03. Stonewall Jackson - Joy to the World.mp3
2026-08-01 18:56:00 | INFO | audio_filter_tools.storage | Copying local file /mnt/samsung4t/lost+found/usr/bin/github/A_Main_FreeDark/FreeDark_0003_GuitarPro_Music/TMDownload/Eternal Tears of Sorrow - When The Darkest Night Falls.mp3 -> /mnt/samsung4t/lost+found/usr/bin/github/CodexWorkFolder/MusicPrj/Eternal Tears of Sorrow - When The Darkest Night Falls.mp3
2026-08-01 18:56:00 | INFO | audio_filter_tools.storage | Copying local file /mnt/samsung4t/lost+found/usr/bin/github/A_Main_FreeDark/FreeDark_0003_GuitarPro_Music/TMDownload/Edguy - Every Night Without You.flac -> /mnt/samsung4t/lost+found/usr/bin/github/CodexWorkFolder/MusicPrj/Edguy - Every Night Without You.flac
2026-08-01 18:56:00 | INFO | audio_filter_tools.storage | Copying local file /mnt/samsung4t/lost+found/usr/bin/github/A_Main_FreeDark/FreeDark_0003_GuitarPro_Music/TMDownload/Equilibrium - Uns rer Floten Klang (Instrumental).flac -> /mnt/samsung4t/lost+found/usr/bin/github/CodexWorkFolder/MusicPrj/Equilibrium - Uns rer Floten Klang (Instrumental).flac
2026-08-01 18:56:00 | INFO | audio_filter_tools.storage | Copying local file /mnt/samsung4t/lost+found/usr/bin/github/A_Main_FreeDark/FreeDark_0003_GuitarPro_Music/TMDownload/03 Before the Dawn - Deathstar.mp3 -> /mnt/samsung4t/lost+found/usr/bin/github/CodexWorkFolder/MusicPrj/03 Before the Dawn - Deathstar.mp3
2026-08-01 18:56:00 | INFO | audio_filter_tools.storage | Copying local file /mnt/samsung4t/lost+found/usr/bin/github/A_Main_FreeDark/FreeDark_0003_GuitarPro_Music/TMDownload/Avantasia - Avantasia (Radio Edit).mp3 -> /mnt/samsung4t/lost+found/usr/bin/github/CodexWorkFolder/MusicPrj/Avantasia - Avantasia (Radio Edit).mp3
2026-08-01 18:56:00 | INFO | audio_filter_tools.storage | Copying local file /mnt/samsung4t/lost+found/usr/bin/github/A_Main_FreeDark/FreeDark_0003_GuitarPro_Music/TMDownload/Gamma Ray - Victim of Changes.flac -> /mnt/samsung4t/lost+found/usr/bin/github/CodexWorkFolder/MusicPrj/Gamma Ray - Victim of Changes.flac
2026-08-01 18:56:00 | INFO | audio_filter_tools.storage | Copying local file /mnt/samsung4t/lost+found/usr/bin/github/A_Main_FreeDark/FreeDark_0003_GuitarPro_Music/TMDownload/Doro - So Alone Together.mp3 -> /mnt/samsung4t/lost+found/usr/bin/github/CodexWorkFolder/MusicPrj/Doro - So Alone Together.mp3
2026-08-01 18:56:00 | INFO | audio_filter_tools.storage | Copying local file /mnt/samsung4t/lost+found/usr/bin/github/A_Main_FreeDark/FreeDark_0003_GuitarPro_Music/TMDownload/Willie Nelson - South of the Border.mp3 -> /mnt/samsung4t/lost+found/usr/bin/github/CodexWorkFolder/MusicPrj/Willie Nelson - South of the Border.mp3
2026-08-01 18:56:00 | INFO | audio_filter_tools.storage | Copying local file /mnt/samsung4t/lost+found/usr/bin/github/A_Main_FreeDark/FreeDark_0003_GuitarPro_Music/TMDownload/05 Borknagar - To Mount and Rove.mp3 -> /mnt/samsung4t/lost+found/usr/bin/github/CodexWorkFolder/MusicPrj/05 Borknagar - To Mount and Rove.mp3
2026-08-01 18:56:00 | INFO | audio_filter_tools.storage | Copying local file /mnt/samsung4t/lost+found/usr/bin/github/A_Main_FreeDark/FreeDark_0003_GuitarPro_Music/TMDownload/Before the Dawn - Dying Sun.mp3 -> /mnt/samsung4t/lost+found/usr/bin/github/CodexWorkFolder/MusicPrj/Before the Dawn - Dying Sun.mp3
2026-08-01 18:56:00 | INFO | audio_filter_tools.storage | Copying local file /mnt/samsung4t/lost+found/usr/bin/github/A_Main_FreeDark/FreeDark_0003_GuitarPro_Music/TMDownload/Equilibrium - Karawane.flac -> /mnt/samsung4t/lost+found/usr/bin/github/CodexWorkFolder/MusicPrj/Equilibrium - Karawane.flac
2026-08-01 18:56:00 | INFO | audio_filter_tools.storage | Copying local file /mnt/samsung4t/lost+found/usr/bin/github/A_Main_FreeDark/FreeDark_0003_GuitarPro_Music/TMDownload/Willie Nelson - Sunday Mornin  Comin  Down.mp3 -> /mnt/samsung4t/lost+found/usr/bin/github/CodexWorkFolder/MusicPrj/Willie Nelson - Sunday Mornin  Comin  Down.mp3
2026-08-01 18:56:00 | INFO | audio_filter_tools.storage | Copying local file /mnt/samsung4t/lost+found/usr/bin/github/A_Main_FreeDark/FreeDark_0003_GuitarPro_Music/TMDownload/Withering Surface - Farewell.mp3 -> /mnt/samsung4t/lost+found/usr/bin/github/CodexWorkFolder/MusicPrj/Withering Surface - Farewell.mp3
2026-08-01 18:56:01 | INFO | audio_filter_tools.storage | Copying local file /mnt/samsung4t/lost+found/usr/bin/github/A_Main_FreeDark/FreeDark_0003_GuitarPro_Music/TMDownload/Running Wild - Conquistadores (Remastered).mp3 -> /mnt/samsung4t/lost+found/usr/bin/github/CodexWorkFolder/MusicPrj/Running Wild - Conquistadores (Remastered).mp3
2026-08-01 18:56:01 | INFO | audio_filter_tools.storage | Copying local file /mnt/samsung4t/lost+found/usr/bin/github/A_Main_FreeDark/FreeDark_0003_GuitarPro_Music/TMDownload/Equilibrium - Der Sturm.flac -> /mnt/samsung4t/lost+found/usr/bin/github/CodexWorkFolder/MusicPrj/Equilibrium - Der Sturm.flac
2026-08-01 18:56:01 | INFO | audio_filter_tools.storage | Copying local file /mnt/samsung4t/lost+found/usr/bin/github/A_Main_FreeDark/FreeDark_0003_GuitarPro_Music/TMDownload/Withering Surface - Alone.mp3 -> /mnt/samsung4t/lost+found/usr/bin/github/CodexWorkFolder/MusicPrj/Withering Surface - Alone.mp3
2026-08-01 18:56:01 | INFO | audio_filter_tools.storage | Copying local file /mnt/samsung4t/lost+found/usr/bin/github/A_Main_FreeDark/FreeDark_0003_GuitarPro_Music/TMDownload/The Vision Bleak - The Drama of the Wicked (1).flac -> /mnt/samsung4t/lost+found/usr/bin/github/CodexWorkFolder/MusicPrj/The Vision Bleak - The Drama of the Wicked (1).flac
2026-08-01 18:56:01 | INFO | audio_filter_tools.storage | Copying local file /mnt/samsung4t/lost+found/usr/bin/github/A_Main_FreeDark/FreeDark_0003_GuitarPro_Music/TMDownload/06 Edguy - The Pharaoh.mp3 -> /mnt/samsung4t/lost+found/usr/bin/github/CodexWorkFolder/MusicPrj/06 Edguy - The Pharaoh.mp3
2026-08-01 18:56:01 | INFO | audio_filter_tools.storage | Copying local file /mnt/samsung4t/lost+found/usr/bin/github/A_Main_FreeDark/FreeDark_0003_GuitarPro_Music/TMDownload/Edguy - The Arcane Guild.mp3 -> /mnt/samsung4t/lost+found/usr/bin/github/CodexWorkFolder/MusicPrj/Edguy - The Arcane Guild.mp3
2026-08-01 18:56:01 | INFO | audio_filter_tools.storage | Copying local file /mnt/samsung4t/lost+found/usr/bin/github/A_Main_FreeDark/FreeDark_0003_GuitarPro_Music/TMDownload/Dark Tranquillity - Nothing To No One.mp3 -> /mnt/samsung4t/lost+found/usr/bin/github/CodexWorkFolder/MusicPrj/Dark Tranquillity - Nothing To No One.mp3
2026-08-01 18:56:01 | INFO | audio_filter_tools.storage | Copying local file /mnt/samsung4t/lost+found/usr/bin/github/A_Main_FreeDark/FreeDark_0003_GuitarPro_Music/TMDownload/Withering Surface - Whorebride.mp3 -> /mnt/samsung4t/lost+found/usr/bin/github/CodexWorkFolder/MusicPrj/Withering Surface - Whorebride.mp3
2026-08-01 18:56:01 | INFO | audio_filter_tools.storage | Copying local file /mnt/samsung4t/lost+found/usr/bin/github/A_Main_FreeDark/FreeDark_0003_GuitarPro_Music/TMDownload/Battle Beast - The Eclipse.mp3 -> /mnt/samsung4t/lost+found/usr/bin/github/CodexWorkFolder/MusicPrj/Battle Beast - The Eclipse.mp3
2026-08-01 18:56:01 | INFO | audio_filter_tools.storage | Copying local file /mnt/samsung4t/lost+found/usr/bin/github/A_Main_FreeDark/FreeDark_0003_GuitarPro_Music/TMDownload/Lake of Tears - Dystopia.mp3 -> /mnt/samsung4t/lost+found/usr/bin/github/CodexWorkFolder/MusicPrj/Lake of Tears - Dystopia.mp3
2026-08-01 18:56:01 | INFO | audio_filter_tools.storage | Copying local file /mnt/samsung4t/lost+found/usr/bin/github/A_Main_FreeDark/FreeDark_0003_GuitarPro_Music/TMDownload/07 Borknagar - Noctilucent.mp3 -> /mnt/samsung4t/lost+found/usr/bin/github/CodexWorkFolder/MusicPrj/07 Borknagar - Noctilucent.mp3
2026-08-01 18:56:01 | INFO | audio_filter_tools.storage | Copying local file /mnt/samsung4t/lost+found/usr/bin/github/A_Main_FreeDark/FreeDark_0003_GuitarPro_Music/TMDownload/Shade Empire - Disembodiment.mp3 -> /mnt/samsung4t/lost+found/usr/bin/github/CodexWorkFolder/MusicPrj/Shade Empire - Disembodiment.mp3
2026-08-01 18:56:01 | INFO | audio_filter_tools.storage | Copying local file /mnt/samsung4t/lost+found/usr/bin/github/A_Main_FreeDark/FreeDark_0003_GuitarPro_Music/TMDownload/Omnium Gatherum - Everfields.mp3 -> /mnt/samsung4t/lost+found/usr/bin/github/CodexWorkFolder/MusicPrj/Omnium Gatherum - Everfields.mp3
2026-08-01 18:56:01 | INFO | audio_filter_tools.storage | Copying local file /mnt/samsung4t/lost+found/usr/bin/github/A_Main_FreeDark/FreeDark_0003_GuitarPro_Music/TMDownload/Sonata Arctica - It Won t Fade.mp3 -> /mnt/samsung4t/lost+found/usr/bin/github/CodexWorkFolder/MusicPrj/Sonata Arctica - It Won t Fade.mp3
2026-08-01 18:56:01 | INFO | audio_filter_tools.storage | Copying local file /mnt/samsung4t/lost+found/usr/bin/github/A_Main_FreeDark/FreeDark_0003_GuitarPro_Music/TMDownload/Agathodaimon - When She s Mute.flac -> /mnt/samsung4t/lost+found/usr/bin/github/CodexWorkFolder/MusicPrj/Agathodaimon - When She s Mute.flac
2026-08-01 18:56:01 | INFO | audio_filter_tools.storage | Copying local file /mnt/samsung4t/lost+found/usr/bin/github/A_Main_FreeDark/FreeDark_0003_GuitarPro_Music/TMDownload/02. Equilibrium - Was lange währt.mp3 -> /mnt/samsung4t/lost+found/usr/bin/github/CodexWorkFolder/MusicPrj/02. Equilibrium - Was lange währt.mp3
2026-08-01 18:56:01 | INFO | audio_filter_tools.storage | Copying local file /mnt/samsung4t/lost+found/usr/bin/github/A_Main_FreeDark/FreeDark_0003_GuitarPro_Music/TMDownload/Eternal Tears Of Sorrow - Bride of the Crimson Sea.mp3 -> /mnt/samsung4t/lost+found/usr/bin/github/CodexWorkFolder/MusicPrj/Eternal Tears Of Sorrow - Bride of the Crimson Sea.mp3
2026-08-01 18:56:01 | INFO | audio_filter_tools.storage | Copying local file /mnt/samsung4t/lost+found/usr/bin/github/A_Main_FreeDark/FreeDark_0003_GuitarPro_Music/TMDownload/Noumena - Bleakest Essence.mp3 -> /mnt/samsung4t/lost+found/usr/bin/github/CodexWorkFolder/MusicPrj/Noumena - Bleakest Essence.mp3
2026-08-01 18:56:01 | INFO | audio_filter_tools.storage | Copying local file /mnt/samsung4t/lost+found/usr/bin/github/A_Main_FreeDark/FreeDark_0003_GuitarPro_Music/TMDownload/Battle Beast - Over the Top.mp3 -> /mnt/samsung4t/lost+found/usr/bin/github/CodexWorkFolder/MusicPrj/Battle Beast - Over the Top.mp3
2026-08-01 18:56:01 | INFO | audio_filter_tools.storage | Copying local file /mnt/samsung4t/lost+found/usr/bin/github/A_Main_FreeDark/FreeDark_0003_GuitarPro_Music/TMDownload/Rage - Carved In Stone.flac -> /mnt/samsung4t/lost+found/usr/bin/github/CodexWorkFolder/MusicPrj/Rage - Carved In Stone.flac
2026-08-01 18:56:01 | INFO | audio_filter_tools.storage | Copying local file /mnt/samsung4t/lost+found/usr/bin/github/A_Main_FreeDark/FreeDark_0003_GuitarPro_Music/TMDownload/Primal Fear - Soulchaser.flac -> /mnt/samsung4t/lost+found/usr/bin/github/CodexWorkFolder/MusicPrj/Primal Fear - Soulchaser.flac
2026-08-01 18:56:01 | INFO | audio_filter_tools.storage | Copying local file /mnt/samsung4t/lost+found/usr/bin/github/A_Main_FreeDark/FreeDark_0003_GuitarPro_Music/TMDownload/06 Omnium Gatherum - The Fearless Entity.mp3 -> /mnt/samsung4t/lost+found/usr/bin/github/CodexWorkFolder/MusicPrj/06 Omnium Gatherum - The Fearless Entity.mp3
2026-08-01 18:56:01 | INFO | audio_filter_tools.storage | Copying local file /mnt/samsung4t/lost+found/usr/bin/github/A_Main_FreeDark/FreeDark_0003_GuitarPro_Music/TMDownload/Mors Principium Est - My Home, My Grave.mp3 -> /mnt/samsung4t/lost+found/usr/bin/github/CodexWorkFolder/MusicPrj/Mors Principium Est - My Home, My Grave.mp3
2026-08-01 18:56:01 | INFO | audio_filter_tools.storage | Copying local file /mnt/samsung4t/lost+found/usr/bin/github/A_Main_FreeDark/FreeDark_0003_GuitarPro_Music/TMDownload/Running Wild - Powerride.flac -> /mnt/samsung4t/lost+found/usr/bin/github/CodexWorkFolder/MusicPrj/Running Wild - Powerride.flac
2026-08-01 18:56:01 | INFO | audio_filter_tools.storage | Copying local file /mnt/samsung4t/lost+found/usr/bin/github/A_Main_FreeDark/FreeDark_0003_GuitarPro_Music/TMDownload/Gamma Ray - Lust For Life.mp3 -> /mnt/samsung4t/lost+found/usr/bin/github/CodexWorkFolder/MusicPrj/Gamma Ray - Lust For Life.mp3
2026-08-01 18:56:01 | INFO | audio_filter_tools.storage | Copying local file /mnt/samsung4t/lost+found/usr/bin/github/A_Main_FreeDark/FreeDark_0003_GuitarPro_Music/TMDownload/Omnium Gatherum - Majesty and Silence.mp3 -> /mnt/samsung4t/lost+found/usr/bin/github/CodexWorkFolder/MusicPrj/Omnium Gatherum - Majesty and Silence.mp3
2026-08-01 18:56:01 | INFO | audio_filter_tools.storage | Copying local file /mnt/samsung4t/lost+found/usr/bin/github/A_Main_FreeDark/FreeDark_0003_GuitarPro_Music/TMDownload/Primal Fear - If Looks Could Kill.flac -> /mnt/samsung4t/lost+found/usr/bin/github/CodexWorkFolder/MusicPrj/Primal Fear - If Looks Could Kill.flac
2026-08-01 18:56:01 | INFO | audio_filter_tools.storage | Copying local file /mnt/samsung4t/lost+found/usr/bin/github/A_Main_FreeDark/FreeDark_0003_GuitarPro_Music/TMDownload/Shade Empire - Hatefeast.mp3 -> /mnt/samsung4t/lost+found/usr/bin/github/CodexWorkFolder/MusicPrj/Shade Empire - Hatefeast.mp3
2026-08-01 18:56:01 | INFO | audio_filter_tools.storage | Copying local file /mnt/samsung4t/lost+found/usr/bin/github/A_Main_FreeDark/FreeDark_0003_GuitarPro_Music/TMDownload/Willie Nelson - The Healing Hands of Time.mp3 -> /mnt/samsung4t/lost+found/usr/bin/github/CodexWorkFolder/MusicPrj/Willie Nelson - The Healing Hands of Time.mp3
2026-08-01 18:56:01 | INFO | audio_filter_tools.storage | Copying local file /mnt/samsung4t/lost+found/usr/bin/github/A_Main_FreeDark/FreeDark_0003_GuitarPro_Music/TMDownload/Daylight Dies - A Portrait In White.mp3 -> /mnt/samsung4t/lost+found/usr/bin/github/CodexWorkFolder/MusicPrj/Daylight Dies - A Portrait In White.mp3
2026-08-01 18:56:01 | INFO | audio_filter_tools.storage | Copying local file /mnt/samsung4t/lost+found/usr/bin/github/A_Main_FreeDark/FreeDark_0003_GuitarPro_Music/TMDownload/Orden Ogan - The Black Heart.mp3 -> /mnt/samsung4t/lost+found/usr/bin/github/CodexWorkFolder/MusicPrj/Orden Ogan - The Black Heart.mp3
2026-08-01 18:56:01 | INFO | audio_filter_tools.storage | Copying local file /mnt/samsung4t/lost+found/usr/bin/github/A_Main_FreeDark/FreeDark_0003_GuitarPro_Music/TMDownload/Jimmy Buckley - New Way To Light Up An Old Flame.mp3 -> /mnt/samsung4t/lost+found/usr/bin/github/CodexWorkFolder/MusicPrj/Jimmy Buckley - New Way To Light Up An Old Flame.mp3
2026-08-01 18:56:01 | INFO | audio_filter_tools.storage | Copying local file /mnt/samsung4t/lost+found/usr/bin/github/A_Main_FreeDark/FreeDark_0003_GuitarPro_Music/TMDownload/Powerwolf - Dancing with the Dead (Orchestral Version).mp3 -> /mnt/samsung4t/lost+found/usr/bin/github/CodexWorkFolder/MusicPrj/Powerwolf - Dancing with the Dead (Orchestral Version).mp3
2026-08-01 18:56:02 | INFO | audio_filter_tools.storage | Copying local file /mnt/samsung4t/lost+found/usr/bin/github/A_Main_FreeDark/FreeDark_0003_GuitarPro_Music/TMDownload/Gamma Ray - Demonseed.mp3 -> /mnt/samsung4t/lost+found/usr/bin/github/CodexWorkFolder/MusicPrj/Gamma Ray - Demonseed.mp3
2026-08-01 18:56:02 | INFO | audio_filter_tools.storage | Copying local file /mnt/samsung4t/lost+found/usr/bin/github/A_Main_FreeDark/FreeDark_0003_GuitarPro_Music/TMDownload/Equilibrium - Heimwärts.flac -> /mnt/samsung4t/lost+found/usr/bin/github/CodexWorkFolder/MusicPrj/Equilibrium - Heimwärts.flac
2026-08-01 18:56:02 | INFO | audio_filter_tools.storage | Copying local file /mnt/samsung4t/lost+found/usr/bin/github/A_Main_FreeDark/FreeDark_0003_GuitarPro_Music/TMDownload/Daylight Dies - Dead Air.mp3 -> /mnt/samsung4t/lost+found/usr/bin/github/CodexWorkFolder/MusicPrj/Daylight Dies - Dead Air.mp3
2026-08-01 18:56:02 | INFO | audio_filter_tools.storage | Copying local file /mnt/samsung4t/lost+found/usr/bin/github/A_Main_FreeDark/FreeDark_0003_GuitarPro_Music/TMDownload/Insomnium - Disengagement.mp3 -> /mnt/samsung4t/lost+found/usr/bin/github/CodexWorkFolder/MusicPrj/Insomnium - Disengagement.mp3
2026-08-01 18:56:02 | INFO | audio_filter_tools.storage | Copying local file /mnt/samsung4t/lost+found/usr/bin/github/A_Main_FreeDark/FreeDark_0003_GuitarPro_Music/TMDownload/18. Stonewall Jackson - Old Showboat.mp3 -> /mnt/samsung4t/lost+found/usr/bin/github/CodexWorkFolder/MusicPrj/18. Stonewall Jackson - Old Showboat.mp3
2026-08-01 18:56:02 | INFO | audio_filter_tools.storage | Copying local file /mnt/samsung4t/lost+found/usr/bin/github/A_Main_FreeDark/FreeDark_0003_GuitarPro_Music/TMDownload/Edguy - Golden Dawn.mp3 -> /mnt/samsung4t/lost+found/usr/bin/github/CodexWorkFolder/MusicPrj/Edguy - Golden Dawn.mp3
2026-08-01 18:56:02 | INFO | audio_filter_tools.storage | Copying local file /mnt/samsung4t/lost+found/usr/bin/github/A_Main_FreeDark/FreeDark_0003_GuitarPro_Music/TMDownload/Confederate Railroad - Finish What He Started.mp3 -> /mnt/samsung4t/lost+found/usr/bin/github/CodexWorkFolder/MusicPrj/Confederate Railroad - Finish What He Started.mp3
2026-08-01 18:56:02 | INFO | audio_filter_tools.storage | Copying local file /mnt/samsung4t/lost+found/usr/bin/github/A_Main_FreeDark/FreeDark_0003_GuitarPro_Music/TMDownload/Windir - I Ei Krystallnatt.mp3 -> /mnt/samsung4t/lost+found/usr/bin/github/CodexWorkFolder/MusicPrj/Windir - I Ei Krystallnatt.mp3
2026-08-01 18:56:02 | INFO | audio_filter_tools.storage | Copying local file /mnt/samsung4t/lost+found/usr/bin/github/A_Main_FreeDark/FreeDark_0003_GuitarPro_Music/TMDownload/Battle Beast - Rain Man.mp3 -> /mnt/samsung4t/lost+found/usr/bin/github/CodexWorkFolder/MusicPrj/Battle Beast - Rain Man.mp3
2026-08-01 18:56:02 | INFO | audio_filter_tools.storage | Copying local file /mnt/samsung4t/lost+found/usr/bin/github/A_Main_FreeDark/FreeDark_0003_GuitarPro_Music/TMDownload/The Vision Bleak - The Drama of the Wicked.flac -> /mnt/samsung4t/lost+found/usr/bin/github/CodexWorkFolder/MusicPrj/The Vision Bleak - The Drama of the Wicked.flac
2026-08-01 18:56:02 | INFO | audio_filter_tools.storage | Copying local file /mnt/samsung4t/lost+found/usr/bin/github/A_Main_FreeDark/FreeDark_0003_GuitarPro_Music/TMDownload/Moonsorrow - Raunioilla.mp3 -> /mnt/samsung4t/lost+found/usr/bin/github/CodexWorkFolder/MusicPrj/Moonsorrow - Raunioilla.mp3
2026-08-01 18:56:02 | INFO | audio_filter_tools.storage | Copying local file /mnt/samsung4t/lost+found/usr/bin/github/A_Main_FreeDark/FreeDark_0003_GuitarPro_Music/TMDownload/08. Running Wild - Freewind Rider.mp3 -> /mnt/samsung4t/lost+found/usr/bin/github/CodexWorkFolder/MusicPrj/08. Running Wild - Freewind Rider.mp3
2026-08-01 18:56:02 | INFO | audio_filter_tools.storage | Copying local file /mnt/samsung4t/lost+found/usr/bin/github/A_Main_FreeDark/FreeDark_0003_GuitarPro_Music/TMDownload/02_Stonewall_Jackson_Come_On_Home_And_Have_Your_Next_Affair_With.mp3 -> /mnt/samsung4t/lost+found/usr/bin/github/CodexWorkFolder/MusicPrj/02_Stonewall_Jackson_Come_On_Home_And_Have_Your_Next_Affair_With.mp3
2026-08-01 18:56:02 | INFO | audio_filter_tools.storage | Copying local file /mnt/samsung4t/lost+found/usr/bin/github/A_Main_FreeDark/FreeDark_0003_GuitarPro_Music/TMDownload/Edguy - Nobody s Hero.mp3 -> /mnt/samsung4t/lost+found/usr/bin/github/CodexWorkFolder/MusicPrj/Edguy - Nobody s Hero.mp3
2026-08-01 18:56:02 | INFO | audio_filter_tools.storage | Copying local file /mnt/samsung4t/lost+found/usr/bin/github/A_Main_FreeDark/FreeDark_0003_GuitarPro_Music/TMDownload/Omnium Gatherum - Candles for Giordano Bruno.mp3 -> /mnt/samsung4t/lost+found/usr/bin/github/CodexWorkFolder/MusicPrj/Omnium Gatherum - Candles for Giordano Bruno.mp3
2026-08-01 18:56:02 | INFO | audio_filter_tools.storage | Copying local file /mnt/samsung4t/lost+found/usr/bin/github/A_Main_FreeDark/FreeDark_0003_GuitarPro_Music/TMDownload/15_The_Highwaymen_City_of_New_Orleans.mp3 -> /mnt/samsung4t/lost+found/usr/bin/github/CodexWorkFolder/MusicPrj/15_The_Highwaymen_City_of_New_Orleans.mp3
2026-08-01 18:56:02 | INFO | audio_filter_tools.storage | Copying local file /mnt/samsung4t/lost+found/usr/bin/github/A_Main_FreeDark/FreeDark_0003_GuitarPro_Music/TMDownload/02. Gamma Ray - Gardens Of The Sinner (Live).mp3 -> /mnt/samsung4t/lost+found/usr/bin/github/CodexWorkFolder/MusicPrj/02. Gamma Ray - Gardens Of The Sinner (Live).mp3
2026-08-01 18:56:02 | INFO | audio_filter_tools.storage | Copying local file /mnt/samsung4t/lost+found/usr/bin/github/A_Main_FreeDark/FreeDark_0003_GuitarPro_Music/TMDownload/Agathodaimon - Serpent s Embrace.flac -> /mnt/samsung4t/lost+found/usr/bin/github/CodexWorkFolder/MusicPrj/Agathodaimon - Serpent s Embrace.flac
2026-08-01 18:56:02 | INFO | audio_filter_tools.storage | Copying local file /mnt/samsung4t/lost+found/usr/bin/github/A_Main_FreeDark/FreeDark_0003_GuitarPro_Music/TMDownload/03 - Equilibrium - Katharsis.mp3 -> /mnt/samsung4t/lost+found/usr/bin/github/CodexWorkFolder/MusicPrj/03 - Equilibrium - Katharsis.mp3
2026-08-01 18:56:02 | INFO | audio_filter_tools.storage | Copying local file /mnt/samsung4t/lost+found/usr/bin/github/A_Main_FreeDark/FreeDark_0003_GuitarPro_Music/TMDownload/Falkenbach - Laeknishendr.flac -> /mnt/samsung4t/lost+found/usr/bin/github/CodexWorkFolder/MusicPrj/Falkenbach - Laeknishendr.flac
2026-08-01 18:56:02 | INFO | audio_filter_tools.storage | Copying local file /mnt/samsung4t/lost+found/usr/bin/github/A_Main_FreeDark/FreeDark_0003_GuitarPro_Music/TMDownload/Sonata Arctica - White Pearl, Black Oceans.mp3 -> /mnt/samsung4t/lost+found/usr/bin/github/CodexWorkFolder/MusicPrj/Sonata Arctica - White Pearl, Black Oceans.mp3
2026-08-01 18:56:02 | INFO | audio_filter_tools.storage | Copying local file /mnt/samsung4t/lost+found/usr/bin/github/A_Main_FreeDark/FreeDark_0003_GuitarPro_Music/TMDownload/Insomnium - Journey Unknown.mp3 -> /mnt/samsung4t/lost+found/usr/bin/github/CodexWorkFolder/MusicPrj/Insomnium - Journey Unknown.mp3
2026-08-01 18:56:02 | INFO | audio_filter_tools.storage | Copying local file /mnt/samsung4t/lost+found/usr/bin/github/A_Main_FreeDark/FreeDark_0003_GuitarPro_Music/TMDownload/Noumena - Saatto.mp3 -> /mnt/samsung4t/lost+found/usr/bin/github/CodexWorkFolder/MusicPrj/Noumena - Saatto.mp3
2026-08-01 18:56:02 | INFO | audio_filter_tools.storage | Copying local file /mnt/samsung4t/lost+found/usr/bin/github/A_Main_FreeDark/FreeDark_0003_GuitarPro_Music/TMDownload/Avantasia - Memory.mp3 -> /mnt/samsung4t/lost+found/usr/bin/github/CodexWorkFolder/MusicPrj/Avantasia - Memory.mp3
2026-08-01 18:56:02 | INFO | audio_filter_tools.storage | Copying local file /mnt/samsung4t/lost+found/usr/bin/github/A_Main_FreeDark/FreeDark_0003_GuitarPro_Music/TMDownload/Before the Dawn - Rememberance.mp3 -> /mnt/samsung4t/lost+found/usr/bin/github/CodexWorkFolder/MusicPrj/Before the Dawn - Rememberance.mp3
2026-08-01 18:56:02 | INFO | audio_filter_tools.storage | Copying local file /mnt/samsung4t/lost+found/usr/bin/github/A_Main_FreeDark/FreeDark_0003_GuitarPro_Music/TMDownload/Edge Of Sanity - Crimson II, Pt. 10 - Aftermath II.mp3 -> /mnt/samsung4t/lost+found/usr/bin/github/CodexWorkFolder/MusicPrj/Edge Of Sanity - Crimson II, Pt. 10 - Aftermath II.mp3
2026-08-01 18:56:02 | INFO | audio_filter_tools.storage | Copying local file /mnt/samsung4t/lost+found/usr/bin/github/A_Main_FreeDark/FreeDark_0003_GuitarPro_Music/TMDownload/Sonata Arctica - Don t Say a Word.mp3 -> /mnt/samsung4t/lost+found/usr/bin/github/CodexWorkFolder/MusicPrj/Sonata Arctica - Don t Say a Word.mp3
2026-08-01 18:56:02 | INFO | audio_filter_tools.storage | Copying local file /mnt/samsung4t/lost+found/usr/bin/github/A_Main_FreeDark/FreeDark_0003_GuitarPro_Music/TMDownload/Eternal Tears of Sorrow - Angelheart, Ravenheart (Act I  Bef.mp3 -> /mnt/samsung4t/lost+found/usr/bin/github/CodexWorkFolder/MusicPrj/Eternal Tears of Sorrow - Angelheart, Ravenheart (Act I  Bef.mp3
2026-08-01 18:56:02 | INFO | audio_filter_tools.storage | Copying local file /mnt/samsung4t/lost+found/usr/bin/github/A_Main_FreeDark/FreeDark_0003_GuitarPro_Music/TMDownload/Before the Dawn - Fallen World.mp3 -> /mnt/samsung4t/lost+found/usr/bin/github/CodexWorkFolder/MusicPrj/Before the Dawn - Fallen World.mp3
2026-08-01 18:56:02 | INFO | audio_filter_tools.storage | Copying local file /mnt/samsung4t/lost+found/usr/bin/github/A_Main_FreeDark/FreeDark_0003_GuitarPro_Music/TMDownload/Primal Fear - Along Came the Devil.flac -> /mnt/samsung4t/lost+found/usr/bin/github/CodexWorkFolder/MusicPrj/Primal Fear - Along Came the Devil.flac
2026-08-01 18:56:02 | INFO | audio_filter_tools.storage | Copying local file /mnt/samsung4t/lost+found/usr/bin/github/A_Main_FreeDark/FreeDark_0003_GuitarPro_Music/TMDownload/Borknagar - Fleshflower (Remastered 2023).mp3 -> /mnt/samsung4t/lost+found/usr/bin/github/CodexWorkFolder/MusicPrj/Borknagar - Fleshflower (Remastered 2023).mp3
2026-08-01 18:56:02 | INFO | audio_filter_tools.storage | Copying local file /mnt/samsung4t/lost+found/usr/bin/github/A_Main_FreeDark/FreeDark_0003_GuitarPro_Music/TMDownload/Windir - Saknet.mp3 -> /mnt/samsung4t/lost+found/usr/bin/github/CodexWorkFolder/MusicPrj/Windir - Saknet.mp3
2026-08-01 18:56:02 | INFO | audio_filter_tools.storage | Copying local file /mnt/samsung4t/lost+found/usr/bin/github/A_Main_FreeDark/FreeDark_0003_GuitarPro_Music/TMDownload/Omnium Gatherum - Amor Tonight.mp3 -> /mnt/samsung4t/lost+found/usr/bin/github/CodexWorkFolder/MusicPrj/Omnium Gatherum - Amor Tonight.mp3
2026-08-01 18:56:02 | INFO | audio_filter_tools.storage | Copying local file /mnt/samsung4t/lost+found/usr/bin/github/A_Main_FreeDark/FreeDark_0003_GuitarPro_Music/TMDownload/06 Powerwolf - Higher Than Heaven.mp3 -> /mnt/samsung4t/lost+found/usr/bin/github/CodexWorkFolder/MusicPrj/06 Powerwolf - Higher Than Heaven.mp3
2026-08-01 18:56:02 | INFO | audio_filter_tools.storage | Copying local file /mnt/samsung4t/lost+found/usr/bin/github/A_Main_FreeDark/FreeDark_0003_GuitarPro_Music/TMDownload/Lake Of Tears - To Blossom Blue.mp3 -> /mnt/samsung4t/lost+found/usr/bin/github/CodexWorkFolder/MusicPrj/Lake Of Tears - To Blossom Blue.mp3
2026-08-01 18:56:02 | INFO | audio_filter_tools.storage | Copying local file /mnt/samsung4t/lost+found/usr/bin/github/A_Main_FreeDark/FreeDark_0003_GuitarPro_Music/TMDownload/01 - Falkenbach - Heathen Foray.mp3 -> /mnt/samsung4t/lost+found/usr/bin/github/CodexWorkFolder/MusicPrj/01 - Falkenbach - Heathen Foray.mp3
2026-08-01 18:56:03 | INFO | audio_filter_tools.storage | Copying local file /mnt/samsung4t/lost+found/usr/bin/github/A_Main_FreeDark/FreeDark_0003_GuitarPro_Music/TMDownload/Daylight Dies - Minutes Pass.mp3 -> /mnt/samsung4t/lost+found/usr/bin/github/CodexWorkFolder/MusicPrj/Daylight Dies - Minutes Pass.mp3
2026-08-01 18:56:03 | INFO | audio_filter_tools.storage | Copying local file /mnt/samsung4t/lost+found/usr/bin/github/A_Main_FreeDark/FreeDark_0003_GuitarPro_Music/TMDownload/Gamma Ray - The Silence ( 95 Version).flac -> /mnt/samsung4t/lost+found/usr/bin/github/CodexWorkFolder/MusicPrj/Gamma Ray - The Silence ( 95 Version).flac
2026-08-01 18:56:03 | INFO | audio_filter_tools.storage | Copying local file /mnt/samsung4t/lost+found/usr/bin/github/A_Main_FreeDark/FreeDark_0003_GuitarPro_Music/TMDownload/04 - Edguy - Holy Water.mp3 -> /mnt/samsung4t/lost+found/usr/bin/github/CodexWorkFolder/MusicPrj/04 - Edguy - Holy Water.mp3
2026-08-01 18:56:03 | INFO | audio_filter_tools.storage | Copying local file /mnt/samsung4t/lost+found/usr/bin/github/A_Main_FreeDark/FreeDark_0003_GuitarPro_Music/TMDownload/Equilibrium - Wellengang (Instrumental).flac -> /mnt/samsung4t/lost+found/usr/bin/github/CodexWorkFolder/MusicPrj/Equilibrium - Wellengang (Instrumental).flac
2026-08-01 18:56:03 | INFO | audio_filter_tools.storage | Copying local file /mnt/samsung4t/lost+found/usr/bin/github/A_Main_FreeDark/FreeDark_0003_GuitarPro_Music/TMDownload/Wolfheart - Chasm.mp3 -> /mnt/samsung4t/lost+found/usr/bin/github/CodexWorkFolder/MusicPrj/Wolfheart - Chasm.mp3
2026-08-01 18:56:03 | INFO | audio_filter_tools.storage | Copying local file /mnt/samsung4t/lost+found/usr/bin/github/A_Main_FreeDark/FreeDark_0003_GuitarPro_Music/TMDownload/Omnium Gatherum - Nova Flame.mp3 -> /mnt/samsung4t/lost+found/usr/bin/github/CodexWorkFolder/MusicPrj/Omnium Gatherum - Nova Flame.mp3
2026-08-01 18:56:03 | INFO | audio_filter_tools.storage | Copying local file /mnt/samsung4t/lost+found/usr/bin/github/A_Main_FreeDark/FreeDark_0003_GuitarPro_Music/TMDownload/Eternal Tears of Sorrow - Blood Of Hatred.mp3 -> /mnt/samsung4t/lost+found/usr/bin/github/CodexWorkFolder/MusicPrj/Eternal Tears of Sorrow - Blood Of Hatred.mp3
2026-08-01 18:56:03 | INFO | audio_filter_tools.storage | Copying local file /mnt/samsung4t/lost+found/usr/bin/github/A_Main_FreeDark/FreeDark_0003_GuitarPro_Music/TMDownload/Moonsorrow - Köyliönjärven jäällä (Pakanavedet II).mp3 -> /mnt/samsung4t/lost+found/usr/bin/github/CodexWorkFolder/MusicPrj/Moonsorrow - Köyliönjärven jäällä (Pakanavedet II).mp3
2026-08-01 18:56:03 | INFO | audio_filter_tools.storage | Copying local file /mnt/samsung4t/lost+found/usr/bin/github/A_Main_FreeDark/FreeDark_0003_GuitarPro_Music/TMDownload/The Highwaymen - Loving Her Was Easier (Than Anything I ll E.mp3 -> /mnt/samsung4t/lost+found/usr/bin/github/CodexWorkFolder/MusicPrj/The Highwaymen - Loving Her Was Easier (Than Anything I ll E.mp3
2026-08-01 18:56:03 | INFO | audio_filter_tools.storage | Copying local file /mnt/samsung4t/lost+found/usr/bin/github/A_Main_FreeDark/FreeDark_0003_GuitarPro_Music/TMDownload/Equilibrium - Mana.flac -> /mnt/samsung4t/lost+found/usr/bin/github/CodexWorkFolder/MusicPrj/Equilibrium - Mana.flac
2026-08-01 18:56:03 | INFO | audio_filter_tools.storage | Copying local file /mnt/samsung4t/lost+found/usr/bin/github/A_Main_FreeDark/FreeDark_0003_GuitarPro_Music/TMDownload/Eternal Tears of Sorrow - Legion Of Beast.mp3 -> /mnt/samsung4t/lost+found/usr/bin/github/CodexWorkFolder/MusicPrj/Eternal Tears of Sorrow - Legion Of Beast.mp3
2026-08-01 18:56:03 | INFO | audio_filter_tools.storage | Copying local file /mnt/samsung4t/lost+found/usr/bin/github/A_Main_FreeDark/FreeDark_0003_GuitarPro_Music/TMDownload/09 Powerwolf - Headless Cross.mp3 -> /mnt/samsung4t/lost+found/usr/bin/github/CodexWorkFolder/MusicPrj/09 Powerwolf - Headless Cross.mp3
2026-08-01 18:56:03 | INFO | audio_filter_tools.storage | Copying local file /mnt/samsung4t/lost+found/usr/bin/github/A_Main_FreeDark/FreeDark_0003_GuitarPro_Music/TMDownload/Agathodaimon - Past Shadows.flac -> /mnt/samsung4t/lost+found/usr/bin/github/CodexWorkFolder/MusicPrj/Agathodaimon - Past Shadows.flac
2026-08-01 18:56:03 | INFO | audio_filter_tools.storage | Copying local file /mnt/samsung4t/lost+found/usr/bin/github/A_Main_FreeDark/FreeDark_0003_GuitarPro_Music/TMDownload/The_Andrews_Sisters_Have_I_Told_You_Lately_That_I_Love_You.flac -> /mnt/samsung4t/lost+found/usr/bin/github/CodexWorkFolder/MusicPrj/The_Andrews_Sisters_Have_I_Told_You_Lately_That_I_Love_You.flac
2026-08-01 18:56:03 | INFO | audio_filter_tools.storage | Copying local file /mnt/samsung4t/lost+found/usr/bin/github/A_Main_FreeDark/FreeDark_0003_GuitarPro_Music/TMDownload/09 Omnium Gatherum - These Grey Heavens.mp3 -> /mnt/samsung4t/lost+found/usr/bin/github/CodexWorkFolder/MusicPrj/09 Omnium Gatherum - These Grey Heavens.mp3
2026-08-01 18:56:03 | INFO | audio_filter_tools.storage | Copying local file /mnt/samsung4t/lost+found/usr/bin/github/A_Main_FreeDark/FreeDark_0003_GuitarPro_Music/TMDownload/Agathodaimon - Alone in the Dark (Death Angel s Shadow).flac -> /mnt/samsung4t/lost+found/usr/bin/github/CodexWorkFolder/MusicPrj/Agathodaimon - Alone in the Dark (Death Angel s Shadow).flac
2026-08-01 18:56:03 | INFO | audio_filter_tools.storage | Copying local file /mnt/samsung4t/lost+found/usr/bin/github/A_Main_FreeDark/FreeDark_0003_GuitarPro_Music/TMDownload/Powerwolf - Incense   Iron.mp3 -> /mnt/samsung4t/lost+found/usr/bin/github/CodexWorkFolder/MusicPrj/Powerwolf - Incense   Iron.mp3
2026-08-01 18:56:04 | INFO | audio_filter_tools.storage | Copying local file /mnt/samsung4t/lost+found/usr/bin/github/A_Main_FreeDark/FreeDark_0003_GuitarPro_Music/TMDownload/Powerwolf - Extatum Et Oratum.mp3 -> /mnt/samsung4t/lost+found/usr/bin/github/CodexWorkFolder/MusicPrj/Powerwolf - Extatum Et Oratum.mp3
2026-08-01 18:56:04 | INFO | audio_filter_tools.storage | Copying local file /mnt/samsung4t/lost+found/usr/bin/github/A_Main_FreeDark/FreeDark_0003_GuitarPro_Music/TMDownload/Powerwolf - Lust for Blood.mp3 -> /mnt/samsung4t/lost+found/usr/bin/github/CodexWorkFolder/MusicPrj/Powerwolf - Lust for Blood.mp3
2026-08-01 18:56:04 | INFO | audio_filter_tools.storage | Copying local file /mnt/samsung4t/lost+found/usr/bin/github/A_Main_FreeDark/FreeDark_0003_GuitarPro_Music/TMDownload/Dissection - God of Forbidden Light.mp3 -> /mnt/samsung4t/lost+found/usr/bin/github/CodexWorkFolder/MusicPrj/Dissection - God of Forbidden Light.mp3
2026-08-01 18:56:04 | INFO | audio_filter_tools.storage | Copying local file /mnt/samsung4t/lost+found/usr/bin/github/A_Main_FreeDark/FreeDark_0003_GuitarPro_Music/TMDownload/Dissection - At the Fathomless Depths.mp3 -> /mnt/samsung4t/lost+found/usr/bin/github/CodexWorkFolder/MusicPrj/Dissection - At the Fathomless Depths.mp3
2026-08-01 18:56:04 | INFO | audio_filter_tools.storage | Copying local file /mnt/samsung4t/lost+found/usr/bin/github/A_Main_FreeDark/FreeDark_0003_GuitarPro_Music/TMDownload/Gamma Ray - No Need To Cry.flac -> /mnt/samsung4t/lost+found/usr/bin/github/CodexWorkFolder/MusicPrj/Gamma Ray - No Need To Cry.flac
2026-08-01 18:56:04 | INFO | audio_filter_tools.storage | Copying local file /mnt/samsung4t/lost+found/usr/bin/github/A_Main_FreeDark/FreeDark_0003_GuitarPro_Music/TMDownload/Confederate Railroad - The Big One.mp3 -> /mnt/samsung4t/lost+found/usr/bin/github/CodexWorkFolder/MusicPrj/Confederate Railroad - The Big One.mp3
2026-08-01 18:56:04 | INFO | audio_filter_tools.storage | Copying local file /mnt/samsung4t/lost+found/usr/bin/github/A_Main_FreeDark/FreeDark_0003_GuitarPro_Music/TMDownload/Tennessee Ernie Ford - Stonewall Jackson s Way.flac -> /mnt/samsung4t/lost+found/usr/bin/github/CodexWorkFolder/MusicPrj/Tennessee Ernie Ford - Stonewall Jackson s Way.flac
2026-08-01 18:56:04 | INFO | audio_filter_tools.storage | Copying local file /mnt/samsung4t/lost+found/usr/bin/github/A_Main_FreeDark/FreeDark_0003_GuitarPro_Music/TMDownload/14 - Agathodaimon - Alone in the Dark.mp3 -> /mnt/samsung4t/lost+found/usr/bin/github/CodexWorkFolder/MusicPrj/14 - Agathodaimon - Alone in the Dark.mp3
2026-08-01 18:56:04 | INFO | audio_filter_tools.storage | Copying local file /mnt/samsung4t/lost+found/usr/bin/github/A_Main_FreeDark/FreeDark_0003_GuitarPro_Music/TMDownload/Vern Gosdin - Back When.mp3 -> /mnt/samsung4t/lost+found/usr/bin/github/CodexWorkFolder/MusicPrj/Vern Gosdin - Back When.mp3
2026-08-01 18:56:04 | INFO | audio_filter_tools.storage | Copying local file /mnt/samsung4t/lost+found/usr/bin/github/A_Main_FreeDark/FreeDark_0003_GuitarPro_Music/TMDownload/Edguy - Theater of Salvation.flac -> /mnt/samsung4t/lost+found/usr/bin/github/CodexWorkFolder/MusicPrj/Edguy - Theater of Salvation.flac
2026-08-01 18:56:04 | INFO | audio_filter_tools.storage | Copying local file /mnt/samsung4t/lost+found/usr/bin/github/A_Main_FreeDark/FreeDark_0003_GuitarPro_Music/TMDownload/Empyrium - The Ensemble of Silence.mp3 -> /mnt/samsung4t/lost+found/usr/bin/github/CodexWorkFolder/MusicPrj/Empyrium - The Ensemble of Silence.mp3
2026-08-01 18:56:04 | INFO | audio_filter_tools.storage | Copying local file /mnt/samsung4t/lost+found/usr/bin/github/A_Main_FreeDark/FreeDark_0003_GuitarPro_Music/TMDownload/Slumber - Distress.mp3 -> /mnt/samsung4t/lost+found/usr/bin/github/CodexWorkFolder/MusicPrj/Slumber - Distress.mp3
2026-08-01 18:56:04 | INFO | audio_filter_tools.storage | Copying local file /mnt/samsung4t/lost+found/usr/bin/github/A_Main_FreeDark/FreeDark_0003_GuitarPro_Music/TMDownload/Agathodaimon - Sacred Divinity.flac -> /mnt/samsung4t/lost+found/usr/bin/github/CodexWorkFolder/MusicPrj/Agathodaimon - Sacred Divinity.flac
2026-08-01 18:56:04 | INFO | audio_filter_tools.storage | Copying local file /mnt/samsung4t/lost+found/usr/bin/github/A_Main_FreeDark/FreeDark_0003_GuitarPro_Music/TMDownload/Edguy - Life and Times of a Bonustrack.mp3 -> /mnt/samsung4t/lost+found/usr/bin/github/CodexWorkFolder/MusicPrj/Edguy - Life and Times of a Bonustrack.mp3
2026-08-01 18:56:04 | INFO | audio_filter_tools.storage | Copying local file /mnt/samsung4t/lost+found/usr/bin/github/A_Main_FreeDark/FreeDark_0003_GuitarPro_Music/TMDownload/01 Gates of Ishtar - Wounds (remastered 2016).mp3 -> /mnt/samsung4t/lost+found/usr/bin/github/CodexWorkFolder/MusicPrj/01 Gates of Ishtar - Wounds (remastered 2016).mp3
2026-08-01 18:56:04 | INFO | audio_filter_tools.storage | Copying local file /mnt/samsung4t/lost+found/usr/bin/github/A_Main_FreeDark/FreeDark_0003_GuitarPro_Music/TMDownload/Omnium Gatherum - The Return.mp3 -> /mnt/samsung4t/lost+found/usr/bin/github/CodexWorkFolder/MusicPrj/Omnium Gatherum - The Return.mp3
2026-08-01 18:56:04 | INFO | audio_filter_tools.storage | Copying local file /mnt/samsung4t/lost+found/usr/bin/github/A_Main_FreeDark/FreeDark_0003_GuitarPro_Music/TMDownload/Gamma Ray - Hold Your Ground.flac -> /mnt/samsung4t/lost+found/usr/bin/github/CodexWorkFolder/MusicPrj/Gamma Ray - Hold Your Ground.flac
2026-08-01 18:56:04 | INFO | audio_filter_tools.storage | Copying local file /mnt/samsung4t/lost+found/usr/bin/github/A_Main_FreeDark/FreeDark_0003_GuitarPro_Music/TMDownload/Slumber - A Wanderer s Star.mp3 -> /mnt/samsung4t/lost+found/usr/bin/github/CodexWorkFolder/MusicPrj/Slumber - A Wanderer s Star.mp3
2026-08-01 18:56:04 | INFO | audio_filter_tools.storage | Copying local file /mnt/samsung4t/lost+found/usr/bin/github/A_Main_FreeDark/FreeDark_0003_GuitarPro_Music/TMDownload/04 Swallow The Sun - Heartstrings Shattering.mp3 -> /mnt/samsung4t/lost+found/usr/bin/github/CodexWorkFolder/MusicPrj/04 Swallow The Sun - Heartstrings Shattering.mp3
2026-08-01 18:56:04 | INFO | audio_filter_tools.storage | Copying local file /mnt/samsung4t/lost+found/usr/bin/github/A_Main_FreeDark/FreeDark_0003_GuitarPro_Music/TMDownload/Gamma Ray - Mother Angel.mp3 -> /mnt/samsung4t/lost+found/usr/bin/github/CodexWorkFolder/MusicPrj/Gamma Ray - Mother Angel.mp3
2026-08-01 18:56:04 | INFO | audio_filter_tools.storage | Copying local file /mnt/samsung4t/lost+found/usr/bin/github/A_Main_FreeDark/FreeDark_0003_GuitarPro_Music/TMDownload/October Tide - A Question Ignite.mp3 -> /mnt/samsung4t/lost+found/usr/bin/github/CodexWorkFolder/MusicPrj/October Tide - A Question Ignite.mp3
2026-08-01 18:56:04 | INFO | audio_filter_tools.storage | Copying local file /mnt/samsung4t/lost+found/usr/bin/github/A_Main_FreeDark/FreeDark_0003_GuitarPro_Music/TMDownload/Mors Principium Est - The lust called knowledge.mp3 -> /mnt/samsung4t/lost+found/usr/bin/github/CodexWorkFolder/MusicPrj/Mors Principium Est - The lust called knowledge.mp3
2026-08-01 18:56:04 | INFO | audio_filter_tools.storage | Copying local file /mnt/samsung4t/lost+found/usr/bin/github/A_Main_FreeDark/FreeDark_0003_GuitarPro_Music/TMDownload/Primal Fear - Battalions of Hate (Remastered 2022).mp3 -> /mnt/samsung4t/lost+found/usr/bin/github/CodexWorkFolder/MusicPrj/Primal Fear - Battalions of Hate (Remastered 2022).mp3
2026-08-01 18:56:04 | INFO | audio_filter_tools.storage | Copying local file /mnt/samsung4t/lost+found/usr/bin/github/A_Main_FreeDark/FreeDark_0003_GuitarPro_Music/TMDownload/Beast In Black - True Believer.mp3 -> /mnt/samsung4t/lost+found/usr/bin/github/CodexWorkFolder/MusicPrj/Beast In Black - True Believer.mp3
2026-08-01 18:56:04 | INFO | audio_filter_tools.storage | Copying local file /mnt/samsung4t/lost+found/usr/bin/github/A_Main_FreeDark/FreeDark_0003_GuitarPro_Music/TMDownload/Illdisposed - Reversed.mp3 -> /mnt/samsung4t/lost+found/usr/bin/github/CodexWorkFolder/MusicPrj/Illdisposed - Reversed.mp3
2026-08-01 18:56:04 | INFO | audio_filter_tools.storage | Copying local file /mnt/samsung4t/lost+found/usr/bin/github/A_Main_FreeDark/FreeDark_0003_GuitarPro_Music/TMDownload/Willie Nelson - Nobody Knows Me Like You.mp3 -> /mnt/samsung4t/lost+found/usr/bin/github/CodexWorkFolder/MusicPrj/Willie Nelson - Nobody Knows Me Like You.mp3
2026-08-01 18:56:04 | INFO | audio_filter_tools.storage | Copying local file /mnt/samsung4t/lost+found/usr/bin/github/A_Main_FreeDark/FreeDark_0003_GuitarPro_Music/TMDownload/Stonewall Jackson - Leona.flac -> /mnt/samsung4t/lost+found/usr/bin/github/CodexWorkFolder/MusicPrj/Stonewall Jackson - Leona.flac
2026-08-01 18:56:04 | INFO | audio_filter_tools.storage | Copying local file /mnt/samsung4t/lost+found/usr/bin/github/A_Main_FreeDark/FreeDark_0003_GuitarPro_Music/TMDownload/Dissection - Retribution - Storm of the Light s Bane.mp3 -> /mnt/samsung4t/lost+found/usr/bin/github/CodexWorkFolder/MusicPrj/Dissection - Retribution - Storm of the Light s Bane.mp3
2026-08-01 18:56:04 | INFO | audio_filter_tools.storage | Copying local file /mnt/samsung4t/lost+found/usr/bin/github/A_Main_FreeDark/FreeDark_0003_GuitarPro_Music/TMDownload/Stonewall Jackson - Have I Told You Lately That I Love You.mp3 -> /mnt/samsung4t/lost+found/usr/bin/github/CodexWorkFolder/MusicPrj/Stonewall Jackson - Have I Told You Lately That I Love You.mp3
2026-08-01 18:56:04 | INFO | audio_filter_tools.storage | Copying local file /mnt/samsung4t/lost+found/usr/bin/github/A_Main_FreeDark/FreeDark_0003_GuitarPro_Music/TMDownload/Warkings - Genghis Khan (feat. Orden Ogan).mp3 -> /mnt/samsung4t/lost+found/usr/bin/github/CodexWorkFolder/MusicPrj/Warkings - Genghis Khan (feat. Orden Ogan).mp3
2026-08-01 18:56:04 | INFO | audio_filter_tools.storage | Copying local file /mnt/samsung4t/lost+found/usr/bin/github/A_Main_FreeDark/FreeDark_0003_GuitarPro_Music/TMDownload/Equilibrium - Fahrtwind.flac -> /mnt/samsung4t/lost+found/usr/bin/github/CodexWorkFolder/MusicPrj/Equilibrium - Fahrtwind.flac
2026-08-01 18:56:05 | INFO | audio_filter_tools.storage | Copying local file /mnt/samsung4t/lost+found/usr/bin/github/A_Main_FreeDark/FreeDark_0003_GuitarPro_Music/TMDownload/04 Mors Principium Est - We Are the Sleep.mp3 -> /mnt/samsung4t/lost+found/usr/bin/github/CodexWorkFolder/MusicPrj/04 Mors Principium Est - We Are the Sleep.mp3
2026-08-01 18:56:05 | INFO | audio_filter_tools.storage | Copying local file /mnt/samsung4t/lost+found/usr/bin/github/A_Main_FreeDark/FreeDark_0003_GuitarPro_Music/TMDownload/Moonsorrow - Hiidenpelto (Häpeän hiljaiset vedet).mp3 -> /mnt/samsung4t/lost+found/usr/bin/github/CodexWorkFolder/MusicPrj/Moonsorrow - Hiidenpelto (Häpeän hiljaiset vedet).mp3
2026-08-01 18:56:05 | INFO | audio_filter_tools.storage | Copying local file /mnt/samsung4t/lost+found/usr/bin/github/A_Main_FreeDark/FreeDark_0003_GuitarPro_Music/TMDownload/Equilibrium - Sehnsucht.flac -> /mnt/samsung4t/lost+found/usr/bin/github/CodexWorkFolder/MusicPrj/Equilibrium - Sehnsucht.flac
2026-08-01 18:56:05 | INFO | audio_filter_tools.storage | Copying local file /mnt/samsung4t/lost+found/usr/bin/github/A_Main_FreeDark/FreeDark_0003_GuitarPro_Music/TMDownload/Eternal Tears Of Sorrow - The Last One For Life.mp3 -> /mnt/samsung4t/lost+found/usr/bin/github/CodexWorkFolder/MusicPrj/Eternal Tears Of Sorrow - The Last One For Life.mp3
2026-08-01 18:56:05 | INFO | audio_filter_tools.storage | Copying local file /mnt/samsung4t/lost+found/usr/bin/github/A_Main_FreeDark/FreeDark_0003_GuitarPro_Music/TMDownload/Gamma Ray - The Heart of the Unicorn.flac -> /mnt/samsung4t/lost+found/usr/bin/github/CodexWorkFolder/MusicPrj/Gamma Ray - The Heart of the Unicorn.flac
2026-08-01 18:56:05 | INFO | audio_filter_tools.storage | Copying local file /mnt/samsung4t/lost+found/usr/bin/github/A_Main_FreeDark/FreeDark_0003_GuitarPro_Music/TMDownload/Wolfheart - Storm Centre.mp3 -> /mnt/samsung4t/lost+found/usr/bin/github/CodexWorkFolder/MusicPrj/Wolfheart - Storm Centre.mp3
2026-08-01 18:56:05 | INFO | audio_filter_tools.storage | Copying local file /mnt/samsung4t/lost+found/usr/bin/github/A_Main_FreeDark/FreeDark_0003_GuitarPro_Music/TMDownload/06. Gamma Ray - Blood Religion (Live).mp3 -> /mnt/samsung4t/lost+found/usr/bin/github/CodexWorkFolder/MusicPrj/06. Gamma Ray - Blood Religion (Live).mp3
2026-08-01 18:56:05 | INFO | audio_filter_tools.storage | Copying local file /mnt/samsung4t/lost+found/usr/bin/github/A_Main_FreeDark/FreeDark_0003_GuitarPro_Music/TMDownload/Equilibrium - Widars Hallen.flac -> /mnt/samsung4t/lost+found/usr/bin/github/CodexWorkFolder/MusicPrj/Equilibrium - Widars Hallen.flac
2026-08-01 18:56:05 | INFO | audio_filter_tools.storage | Copying local file /mnt/samsung4t/lost+found/usr/bin/github/A_Main_FreeDark/FreeDark_0003_GuitarPro_Music/TMDownload/Orden Ogan - Finis Coronat Opus.mp3 -> /mnt/samsung4t/lost+found/usr/bin/github/CodexWorkFolder/MusicPrj/Orden Ogan - Finis Coronat Opus.mp3
2026-08-01 18:56:05 | INFO | audio_filter_tools.storage | Copying local file /mnt/samsung4t/lost+found/usr/bin/github/A_Main_FreeDark/FreeDark_0003_GuitarPro_Music/TMDownload/October Tide - Perilous.mp3 -> /mnt/samsung4t/lost+found/usr/bin/github/CodexWorkFolder/MusicPrj/October Tide - Perilous.mp3
2026-08-01 18:56:05 | INFO | audio_filter_tools.storage | Copying local file /mnt/samsung4t/lost+found/usr/bin/github/A_Main_FreeDark/FreeDark_0003_GuitarPro_Music/TMDownload/05 Omnium Gatherum - Over the Battlefield.mp3 -> /mnt/samsung4t/lost+found/usr/bin/github/CodexWorkFolder/MusicPrj/05 Omnium Gatherum - Over the Battlefield.mp3
2026-08-01 18:56:05 | INFO | audio_filter_tools.storage | Copying local file /mnt/samsung4t/lost+found/usr/bin/github/A_Main_FreeDark/FreeDark_0003_GuitarPro_Music/TMDownload/Vern Gosdin - What Are We We Gonna Do About Me.mp3 -> /mnt/samsung4t/lost+found/usr/bin/github/CodexWorkFolder/MusicPrj/Vern Gosdin - What Are We We Gonna Do About Me.mp3
2026-08-01 18:56:05 | INFO | audio_filter_tools.storage | Copying local file /mnt/samsung4t/lost+found/usr/bin/github/A_Main_FreeDark/FreeDark_0003_GuitarPro_Music/TMDownload/Agathodaimon - A Death in Its Plenitude.flac -> /mnt/samsung4t/lost+found/usr/bin/github/CodexWorkFolder/MusicPrj/Agathodaimon - A Death in Its Plenitude.flac
2026-08-01 18:56:05 | INFO | audio_filter_tools.storage | Copying local file /mnt/samsung4t/lost+found/usr/bin/github/A_Main_FreeDark/FreeDark_0003_GuitarPro_Music/TMDownload/Equilibrium - Katharsis (Instrumental).flac -> /mnt/samsung4t/lost+found/usr/bin/github/CodexWorkFolder/MusicPrj/Equilibrium - Katharsis (Instrumental).flac
2026-08-01 18:56:05 | INFO | audio_filter_tools.storage | Copying local file /mnt/samsung4t/lost+found/usr/bin/github/A_Main_FreeDark/FreeDark_0003_GuitarPro_Music/TMDownload/Orden Ogan - My Worst Enemy.mp3 -> /mnt/samsung4t/lost+found/usr/bin/github/CodexWorkFolder/MusicPrj/Orden Ogan - My Worst Enemy.mp3
2026-08-01 18:56:05 | INFO | audio_filter_tools.storage | Copying local file /mnt/samsung4t/lost+found/usr/bin/github/A_Main_FreeDark/FreeDark_0003_GuitarPro_Music/TMDownload/Noumena - Here We Lie.mp3 -> /mnt/samsung4t/lost+found/usr/bin/github/CodexWorkFolder/MusicPrj/Noumena - Here We Lie.mp3
2026-08-01 18:56:05 | INFO | audio_filter_tools.storage | Copying local file /mnt/samsung4t/lost+found/usr/bin/github/A_Main_FreeDark/FreeDark_0003_GuitarPro_Music/TMDownload/Battle Beast - Bringer of Pain.mp3 -> /mnt/samsung4t/lost+found/usr/bin/github/CodexWorkFolder/MusicPrj/Battle Beast - Bringer of Pain.mp3
2026-08-01 18:56:06 | INFO | audio_filter_tools.storage | Copying local file /mnt/samsung4t/lost+found/usr/bin/github/A_Main_FreeDark/FreeDark_0003_GuitarPro_Music/TMDownload/Willie Nelson - Detour.mp3 -> /mnt/samsung4t/lost+found/usr/bin/github/CodexWorkFolder/MusicPrj/Willie Nelson - Detour.mp3
2026-08-01 18:56:06 | INFO | audio_filter_tools.storage | Copying local file /mnt/samsung4t/lost+found/usr/bin/github/A_Main_FreeDark/FreeDark_0003_GuitarPro_Music/TMDownload/Confederate Railroad - Three Verses.mp3 -> /mnt/samsung4t/lost+found/usr/bin/github/CodexWorkFolder/MusicPrj/Confederate Railroad - Three Verses.mp3
2026-08-01 18:56:07 | INFO | audio_filter_tools.storage | Copying local file /mnt/samsung4t/lost+found/usr/bin/github/A_Main_FreeDark/FreeDark_0003_GuitarPro_Music/TMDownload/Wolfheart - Strength And Valour.mp3 -> /mnt/samsung4t/lost+found/usr/bin/github/CodexWorkFolder/MusicPrj/Wolfheart - Strength And Valour.mp3
2026-08-01 18:56:07 | INFO | audio_filter_tools.storage | Copying local file /mnt/samsung4t/lost+found/usr/bin/github/A_Main_FreeDark/FreeDark_0003_GuitarPro_Music/TMDownload/Battle Beast - Riders Of The Storm.mp3 -> /mnt/samsung4t/lost+found/usr/bin/github/CodexWorkFolder/MusicPrj/Battle Beast - Riders Of The Storm.mp3
2026-08-01 18:56:08 | INFO | audio_filter_tools.storage | Copying local file /mnt/samsung4t/lost+found/usr/bin/github/A_Main_FreeDark/FreeDark_0003_GuitarPro_Music/TMDownload/Noumena - Innate 13.mp3 -> /mnt/samsung4t/lost+found/usr/bin/github/CodexWorkFolder/MusicPrj/Noumena - Innate 13.mp3
2026-08-01 18:56:09 | INFO | audio_filter_tools.storage | Copying local file /mnt/samsung4t/lost+found/usr/bin/github/A_Main_FreeDark/FreeDark_0003_GuitarPro_Music/TMDownload/Confederate Railroad - Daddy Never Was the Cadillac Kind.mp3 -> /mnt/samsung4t/lost+found/usr/bin/github/CodexWorkFolder/MusicPrj/Confederate Railroad - Daddy Never Was the Cadillac Kind.mp3
2026-08-01 18:56:09 | INFO | audio_filter_tools.storage | Copying local file /mnt/samsung4t/lost+found/usr/bin/github/A_Main_FreeDark/FreeDark_0003_GuitarPro_Music/TMDownload/Orden Ogan - Land of the Dead.mp3 -> /mnt/samsung4t/lost+found/usr/bin/github/CodexWorkFolder/MusicPrj/Orden Ogan - Land of the Dead.mp3
2026-08-01 18:56:10 | INFO | audio_filter_tools.storage | Copying local file /mnt/samsung4t/lost+found/usr/bin/github/A_Main_FreeDark/FreeDark_0003_GuitarPro_Music/TMDownload/Omnium Gatherum - Deep Cold.mp3 -> /mnt/samsung4t/lost+found/usr/bin/github/CodexWorkFolder/MusicPrj/Omnium Gatherum - Deep Cold.mp3
2026-08-01 18:56:11 | INFO | audio_filter_tools.storage | Copying local file /mnt/samsung4t/lost+found/usr/bin/github/A_Main_FreeDark/FreeDark_0003_GuitarPro_Music/TMDownload/Swallow The Sun - Swallow (Horror Pt.1).mp3 -> /mnt/samsung4t/lost+found/usr/bin/github/CodexWorkFolder/MusicPrj/Swallow The Sun - Swallow (Horror Pt.1).mp3
2026-08-01 18:56:11 | INFO | audio_filter_tools.storage | Copying local file /mnt/samsung4t/lost+found/usr/bin/github/A_Main_FreeDark/FreeDark_0003_GuitarPro_Music/TMDownload/Mors Principium Est - In Frozen Fields.mp3 -> /mnt/samsung4t/lost+found/usr/bin/github/CodexWorkFolder/MusicPrj/Mors Principium Est - In Frozen Fields.mp3
2026-08-01 18:56:11 | INFO | audio_filter_tools.storage | Copying local file /mnt/samsung4t/lost+found/usr/bin/github/A_Main_FreeDark/FreeDark_0003_GuitarPro_Music/TMDownload/Orden Ogan - Ravenhead.mp3 -> /mnt/samsung4t/lost+found/usr/bin/github/CodexWorkFolder/MusicPrj/Orden Ogan - Ravenhead.mp3
2026-08-01 18:56:11 | INFO | audio_filter_tools.storage | Copying local file /mnt/samsung4t/lost+found/usr/bin/github/A_Main_FreeDark/FreeDark_0003_GuitarPro_Music/TMDownload/Gamma Ray - Empathy (30 Years - Live Version).mp3 -> /mnt/samsung4t/lost+found/usr/bin/github/CodexWorkFolder/MusicPrj/Gamma Ray - Empathy (30 Years - Live Version).mp3
2026-08-01 18:56:11 | INFO | audio_filter_tools.storage | Copying local file /mnt/samsung4t/lost+found/usr/bin/github/A_Main_FreeDark/FreeDark_0003_GuitarPro_Music/TMDownload/Battle Beast - The Road to Avalon.mp3 -> /mnt/samsung4t/lost+found/usr/bin/github/CodexWorkFolder/MusicPrj/Battle Beast - The Road to Avalon.mp3
2026-08-01 18:56:11 | INFO | audio_filter_tools.storage | Copying local file /mnt/samsung4t/lost+found/usr/bin/github/A_Main_FreeDark/FreeDark_0003_GuitarPro_Music/TMDownload/Windir - Journey to the End.mp3 -> /mnt/samsung4t/lost+found/usr/bin/github/CodexWorkFolder/MusicPrj/Windir - Journey to the End.mp3
2026-08-01 18:56:11 | INFO | audio_filter_tools.storage | Copying local file /mnt/samsung4t/lost+found/usr/bin/github/A_Main_FreeDark/FreeDark_0003_GuitarPro_Music/TMDownload/Moonsorrow - 1065  Aika.mp3 -> /mnt/samsung4t/lost+found/usr/bin/github/CodexWorkFolder/MusicPrj/Moonsorrow - 1065  Aika.mp3
2026-08-01 18:56:11 | INFO | audio_filter_tools.storage | Copying local file /mnt/samsung4t/lost+found/usr/bin/github/A_Main_FreeDark/FreeDark_0003_GuitarPro_Music/TMDownload/Omnium Gatherum - Shadowkey.mp3 -> /mnt/samsung4t/lost+found/usr/bin/github/CodexWorkFolder/MusicPrj/Omnium Gatherum - Shadowkey.mp3
2026-08-01 18:56:11 | INFO | audio_filter_tools.storage | Copying local file /mnt/samsung4t/lost+found/usr/bin/github/A_Main_FreeDark/FreeDark_0003_GuitarPro_Music/TMDownload/Agathodaimon - Glasul artei viitoare.flac -> /mnt/samsung4t/lost+found/usr/bin/github/CodexWorkFolder/MusicPrj/Agathodaimon - Glasul artei viitoare.flac
2026-08-01 18:56:11 | INFO | audio_filter_tools.storage | Copying local file /mnt/samsung4t/lost+found/usr/bin/github/A_Main_FreeDark/FreeDark_0003_GuitarPro_Music/TMDownload/Eternal Tears of Sorrow - Tar of Chaos.mp3 -> /mnt/samsung4t/lost+found/usr/bin/github/CodexWorkFolder/MusicPrj/Eternal Tears of Sorrow - Tar of Chaos.mp3
2026-08-01 18:56:11 | INFO | audio_filter_tools.storage | Copying local file /mnt/samsung4t/lost+found/usr/bin/github/A_Main_FreeDark/FreeDark_0003_GuitarPro_Music/TMDownload/Tennessee Ernie Ford - Stonewall Jackson s Way (3).flac -> /mnt/samsung4t/lost+found/usr/bin/github/CodexWorkFolder/MusicPrj/Tennessee Ernie Ford - Stonewall Jackson s Way (3).flac
2026-08-01 18:56:11 | INFO | audio_filter_tools.storage | Copying local file /mnt/samsung4t/lost+found/usr/bin/github/A_Main_FreeDark/FreeDark_0003_GuitarPro_Music/TMDownload/Sonata Arctica - The Vice.mp3 -> /mnt/samsung4t/lost+found/usr/bin/github/CodexWorkFolder/MusicPrj/Sonata Arctica - The Vice.mp3
2026-08-01 18:56:11 | INFO | audio_filter_tools.storage | Copying local file /mnt/samsung4t/lost+found/usr/bin/github/A_Main_FreeDark/FreeDark_0003_GuitarPro_Music/TMDownload/October Tide - Sweetness Dies.mp3 -> /mnt/samsung4t/lost+found/usr/bin/github/CodexWorkFolder/MusicPrj/October Tide - Sweetness Dies.mp3
2026-08-01 18:56:11 | INFO | audio_filter_tools.storage | Copying local file /mnt/samsung4t/lost+found/usr/bin/github/A_Main_FreeDark/FreeDark_0003_GuitarPro_Music/TMDownload/Equilibrium - Helden.flac -> /mnt/samsung4t/lost+found/usr/bin/github/CodexWorkFolder/MusicPrj/Equilibrium - Helden.flac
2026-08-01 18:56:11 | INFO | audio_filter_tools.storage | Copying local file /mnt/samsung4t/lost+found/usr/bin/github/A_Main_FreeDark/FreeDark_0003_GuitarPro_Music/TMDownload/04 Omnium Gatherum - Nightwalkers.mp3 -> /mnt/samsung4t/lost+found/usr/bin/github/CodexWorkFolder/MusicPrj/04 Omnium Gatherum - Nightwalkers.mp3
2026-08-01 18:56:11 | INFO | audio_filter_tools.storage | Copying local file /mnt/samsung4t/lost+found/usr/bin/github/A_Main_FreeDark/FreeDark_0003_GuitarPro_Music/TMDownload/Equilibrium - Die Weide und der Fluß.flac -> /mnt/samsung4t/lost+found/usr/bin/github/CodexWorkFolder/MusicPrj/Equilibrium - Die Weide und der Fluß.flac
2026-08-01 18:56:11 | INFO | audio_filter_tools.storage | Copying local file /mnt/samsung4t/lost+found/usr/bin/github/A_Main_FreeDark/FreeDark_0003_GuitarPro_Music/TMDownload/04. Equilibrium - Heimat.mp3 -> /mnt/samsung4t/lost+found/usr/bin/github/CodexWorkFolder/MusicPrj/04. Equilibrium - Heimat.mp3
2026-08-01 18:56:11 | INFO | audio_filter_tools.storage | Copying local file /mnt/samsung4t/lost+found/usr/bin/github/A_Main_FreeDark/FreeDark_0003_GuitarPro_Music/TMDownload/07. Primal Fear - Bleed for Me (By Primal Fear).mp3 -> /mnt/samsung4t/lost+found/usr/bin/github/CodexWorkFolder/MusicPrj/07. Primal Fear - Bleed for Me (By Primal Fear).mp3
2026-08-01 18:56:11 | INFO | audio_filter_tools.storage | Copying local file /mnt/samsung4t/lost+found/usr/bin/github/A_Main_FreeDark/FreeDark_0003_GuitarPro_Music/TMDownload/October Tide - Our Famine.mp3 -> /mnt/samsung4t/lost+found/usr/bin/github/CodexWorkFolder/MusicPrj/October Tide - Our Famine.mp3
2026-08-01 18:56:11 | INFO | audio_filter_tools.storage | Copying local file /mnt/samsung4t/lost+found/usr/bin/github/A_Main_FreeDark/FreeDark_0003_GuitarPro_Music/TMDownload/Sonata Arctica - Blinded No More.mp3 -> /mnt/samsung4t/lost+found/usr/bin/github/CodexWorkFolder/MusicPrj/Sonata Arctica - Blinded No More.mp3
2026-08-01 18:56:11 | INFO | audio_filter_tools.storage | Copying local file /mnt/samsung4t/lost+found/usr/bin/github/A_Main_FreeDark/FreeDark_0003_GuitarPro_Music/TMDownload/11 Powerwolf - Fist by Fist (Sacralize or Strike).mp3 -> /mnt/samsung4t/lost+found/usr/bin/github/CodexWorkFolder/MusicPrj/11 Powerwolf - Fist by Fist (Sacralize or Strike).mp3
2026-08-01 18:56:11 | INFO | audio_filter_tools.storage | Copying local file /mnt/samsung4t/lost+found/usr/bin/github/A_Main_FreeDark/FreeDark_0003_GuitarPro_Music/TMDownload/Equilibrium - Der ewige Sieg.flac -> /mnt/samsung4t/lost+found/usr/bin/github/CodexWorkFolder/MusicPrj/Equilibrium - Der ewige Sieg.flac
2026-08-01 18:56:11 | INFO | audio_filter_tools.storage | Copying local file /mnt/samsung4t/lost+found/usr/bin/github/A_Main_FreeDark/FreeDark_0003_GuitarPro_Music/TMDownload/02 Windir - Arntor, A Warrior.mp3 -> /mnt/samsung4t/lost+found/usr/bin/github/CodexWorkFolder/MusicPrj/02 Windir - Arntor, A Warrior.mp3
2026-08-01 18:56:12 | INFO | audio_filter_tools.storage | Copying local file /mnt/samsung4t/lost+found/usr/bin/github/A_Main_FreeDark/FreeDark_0003_GuitarPro_Music/TMDownload/Mercenary - Through Our Darkest Days.mp3 -> /mnt/samsung4t/lost+found/usr/bin/github/CodexWorkFolder/MusicPrj/Mercenary - Through Our Darkest Days.mp3
2026-08-01 18:56:12 | INFO | audio_filter_tools.storage | Copying local file /mnt/samsung4t/lost+found/usr/bin/github/A_Main_FreeDark/FreeDark_0003_GuitarPro_Music/TMDownload/Shade Empire - All-Consuming Flame.mp3 -> /mnt/samsung4t/lost+found/usr/bin/github/CodexWorkFolder/MusicPrj/Shade Empire - All-Consuming Flame.mp3
2026-08-01 18:56:12 | INFO | audio_filter_tools.storage | Copying local file /mnt/samsung4t/lost+found/usr/bin/github/A_Main_FreeDark/FreeDark_0003_GuitarPro_Music/TMDownload/Primal Fear - Two Minutes to Midnight.flac -> /mnt/samsung4t/lost+found/usr/bin/github/CodexWorkFolder/MusicPrj/Primal Fear - Two Minutes to Midnight.flac
2026-08-01 18:56:12 | INFO | audio_filter_tools.storage | Copying local file /mnt/samsung4t/lost+found/usr/bin/github/A_Main_FreeDark/FreeDark_0003_GuitarPro_Music/TMDownload/Rapture - The Times We Bled.mp3 -> /mnt/samsung4t/lost+found/usr/bin/github/CodexWorkFolder/MusicPrj/Rapture - The Times We Bled.mp3
2026-08-01 18:56:12 | INFO | audio_filter_tools.storage | Copying local file /mnt/samsung4t/lost+found/usr/bin/github/A_Main_FreeDark/FreeDark_0003_GuitarPro_Music/TMDownload/October Tide - October Insight.mp3 -> /mnt/samsung4t/lost+found/usr/bin/github/CodexWorkFolder/MusicPrj/October Tide - October Insight.mp3
2026-08-01 18:56:12 | INFO | audio_filter_tools.storage | Copying local file /mnt/samsung4t/lost+found/usr/bin/github/A_Main_FreeDark/FreeDark_0003_GuitarPro_Music/TMDownload/Edguy - Return to the Tribe.mp3 -> /mnt/samsung4t/lost+found/usr/bin/github/CodexWorkFolder/MusicPrj/Edguy - Return to the Tribe.mp3
2026-08-01 18:56:12 | INFO | audio_filter_tools.storage | Copying local file /mnt/samsung4t/lost+found/usr/bin/github/A_Main_FreeDark/FreeDark_0003_GuitarPro_Music/TMDownload/Gamma Ray - Born To Fly.flac -> /mnt/samsung4t/lost+found/usr/bin/github/CodexWorkFolder/MusicPrj/Gamma Ray - Born To Fly.flac
2026-08-01 18:56:12 | INFO | audio_filter_tools.storage | Copying local file /mnt/samsung4t/lost+found/usr/bin/github/A_Main_FreeDark/FreeDark_0003_GuitarPro_Music/TMDownload/03 - Edguy - Key to My Fate.mp3 -> /mnt/samsung4t/lost+found/usr/bin/github/CodexWorkFolder/MusicPrj/03 - Edguy - Key to My Fate.mp3
2026-08-01 18:56:12 | INFO | audio_filter_tools.storage | Copying local file /mnt/samsung4t/lost+found/usr/bin/github/A_Main_FreeDark/FreeDark_0003_GuitarPro_Music/TMDownload/Edguy - Jerusalem.flac -> /mnt/samsung4t/lost+found/usr/bin/github/CodexWorkFolder/MusicPrj/Edguy - Jerusalem.flac
2026-08-01 18:56:12 | INFO | audio_filter_tools.storage | Copying local file /mnt/samsung4t/lost+found/usr/bin/github/A_Main_FreeDark/FreeDark_0003_GuitarPro_Music/TMDownload/Mercenary - Seize the Night.mp3 -> /mnt/samsung4t/lost+found/usr/bin/github/CodexWorkFolder/MusicPrj/Mercenary - Seize the Night.mp3
2026-08-01 18:56:12 | INFO | audio_filter_tools.storage | Copying local file /mnt/samsung4t/lost+found/usr/bin/github/A_Main_FreeDark/FreeDark_0003_GuitarPro_Music/TMDownload/Heidi Hauge - Seven Spanish Angels.mp3 -> /mnt/samsung4t/lost+found/usr/bin/github/CodexWorkFolder/MusicPrj/Heidi Hauge - Seven Spanish Angels.mp3
2026-08-01 18:56:12 | INFO | audio_filter_tools.storage | Copying local file /mnt/samsung4t/lost+found/usr/bin/github/A_Main_FreeDark/FreeDark_0003_GuitarPro_Music/TMDownload/Gamma Ray - Rise.mp3 -> /mnt/samsung4t/lost+found/usr/bin/github/CodexWorkFolder/MusicPrj/Gamma Ray - Rise.mp3
2026-08-01 18:56:12 | INFO | audio_filter_tools.storage | Copying local file /mnt/samsung4t/lost+found/usr/bin/github/A_Main_FreeDark/FreeDark_0003_GuitarPro_Music/TMDownload/Confederate Railroad - Queen of Memphis (Remastered Version).mp3 -> /mnt/samsung4t/lost+found/usr/bin/github/CodexWorkFolder/MusicPrj/Confederate Railroad - Queen of Memphis (Remastered Version).mp3
2026-08-01 18:56:12 | INFO | audio_filter_tools.storage | Copying local file /mnt/samsung4t/lost+found/usr/bin/github/A_Main_FreeDark/FreeDark_0003_GuitarPro_Music/TMDownload/Orden Ogan - Reality Lost.mp3 -> /mnt/samsung4t/lost+found/usr/bin/github/CodexWorkFolder/MusicPrj/Orden Ogan - Reality Lost.mp3
2026-08-01 18:56:12 | INFO | audio_filter_tools.storage | Copying local file /mnt/samsung4t/lost+found/usr/bin/github/A_Main_FreeDark/FreeDark_0003_GuitarPro_Music/TMDownload/08_Stonewall_Jackson_I_Can't_Help_It_If_I'm_Still_In_Love_With_You.mp3 -> /mnt/samsung4t/lost+found/usr/bin/github/CodexWorkFolder/MusicPrj/08_Stonewall_Jackson_I_Can't_Help_It_If_I'm_Still_In_Love_With_You.mp3
2026-08-01 18:56:12 | INFO | audio_filter_tools.storage | Copying local file /mnt/samsung4t/lost+found/usr/bin/github/A_Main_FreeDark/FreeDark_0003_GuitarPro_Music/TMDownload/05 Omnium Gatherum - Formidable.mp3 -> /mnt/samsung4t/lost+found/usr/bin/github/CodexWorkFolder/MusicPrj/05 Omnium Gatherum - Formidable.mp3
2026-08-01 18:56:12 | INFO | audio_filter_tools.storage | Copying local file /mnt/samsung4t/lost+found/usr/bin/github/A_Main_FreeDark/FreeDark_0003_GuitarPro_Music/TMDownload/Withering Surface - Her Valley And Sea.mp3 -> /mnt/samsung4t/lost+found/usr/bin/github/CodexWorkFolder/MusicPrj/Withering Surface - Her Valley And Sea.mp3
2026-08-01 18:56:12 | INFO | audio_filter_tools.storage | Copying local file /mnt/samsung4t/lost+found/usr/bin/github/A_Main_FreeDark/FreeDark_0003_GuitarPro_Music/TMDownload/Sonata Arctica - 8th Commandment.mp3 -> /mnt/samsung4t/lost+found/usr/bin/github/CodexWorkFolder/MusicPrj/Sonata Arctica - 8th Commandment.mp3
2026-08-01 18:56:12 | INFO | audio_filter_tools.storage | Copying local file /mnt/samsung4t/lost+found/usr/bin/github/A_Main_FreeDark/FreeDark_0003_GuitarPro_Music/TMDownload/October Tide - Caught In Silence.mp3 -> /mnt/samsung4t/lost+found/usr/bin/github/CodexWorkFolder/MusicPrj/October Tide - Caught In Silence.mp3
2026-08-01 18:56:12 | INFO | audio_filter_tools.storage | Copying local file /mnt/samsung4t/lost+found/usr/bin/github/A_Main_FreeDark/FreeDark_0003_GuitarPro_Music/TMDownload/01 - Edguy - Mysteria.mp3 -> /mnt/samsung4t/lost+found/usr/bin/github/CodexWorkFolder/MusicPrj/01 - Edguy - Mysteria.mp3
2026-08-01 18:56:12 | INFO | audio_filter_tools.storage | Copying local file /mnt/samsung4t/lost+found/usr/bin/github/A_Main_FreeDark/FreeDark_0003_GuitarPro_Music/TMDownload/Agathodaimon - Spirit Soldier.flac -> /mnt/samsung4t/lost+found/usr/bin/github/CodexWorkFolder/MusicPrj/Agathodaimon - Spirit Soldier.flac
2026-08-01 18:56:12 | INFO | audio_filter_tools.storage | Copying local file /mnt/samsung4t/lost+found/usr/bin/github/A_Main_FreeDark/FreeDark_0003_GuitarPro_Music/TMDownload/Battle Beast - Justice and Metal.mp3 -> /mnt/samsung4t/lost+found/usr/bin/github/CodexWorkFolder/MusicPrj/Battle Beast - Justice and Metal.mp3
2026-08-01 18:56:12 | INFO | audio_filter_tools.storage | Copying local file /mnt/samsung4t/lost+found/usr/bin/github/A_Main_FreeDark/FreeDark_0003_GuitarPro_Music/TMDownload/Before the Dawn - The Final Storm.mp3 -> /mnt/samsung4t/lost+found/usr/bin/github/CodexWorkFolder/MusicPrj/Before the Dawn - The Final Storm.mp3
2026-08-01 18:56:12 | INFO | audio_filter_tools.storage | Copying local file /mnt/samsung4t/lost+found/usr/bin/github/A_Main_FreeDark/FreeDark_0003_GuitarPro_Music/TMDownload/Shade Empire - Slitwrist Ecstasy.mp3 -> /mnt/samsung4t/lost+found/usr/bin/github/CodexWorkFolder/MusicPrj/Shade Empire - Slitwrist Ecstasy.mp3
2026-08-01 18:56:12 | INFO | audio_filter_tools.storage | Copying local file /mnt/samsung4t/lost+found/usr/bin/github/A_Main_FreeDark/FreeDark_0003_GuitarPro_Music/TMDownload/Eternal Tears of Sorrow - Diary Of Demonic Dreams.mp3 -> /mnt/samsung4t/lost+found/usr/bin/github/CodexWorkFolder/MusicPrj/Eternal Tears of Sorrow - Diary Of Demonic Dreams.mp3
2026-08-01 18:56:12 | INFO | audio_filter_tools.storage | Copying local file /mnt/samsung4t/lost+found/usr/bin/github/A_Main_FreeDark/FreeDark_0003_GuitarPro_Music/TMDownload/Draconian - The Monochrome Blade.mp3 -> /mnt/samsung4t/lost+found/usr/bin/github/CodexWorkFolder/MusicPrj/Draconian - The Monochrome Blade.mp3
2026-08-01 18:56:12 | INFO | audio_filter_tools.storage | Copying local file /mnt/samsung4t/lost+found/usr/bin/github/A_Main_FreeDark/FreeDark_0003_GuitarPro_Music/TMDownload/Shade Empire - Bloodstar.mp3 -> /mnt/samsung4t/lost+found/usr/bin/github/CodexWorkFolder/MusicPrj/Shade Empire - Bloodstar.mp3
2026-08-01 18:56:12 | INFO | audio_filter_tools.storage | Copying local file /mnt/samsung4t/lost+found/usr/bin/github/A_Main_FreeDark/FreeDark_0003_GuitarPro_Music/TMDownload/Lake Of Tears - Pagan Wish.mp3 -> /mnt/samsung4t/lost+found/usr/bin/github/CodexWorkFolder/MusicPrj/Lake Of Tears - Pagan Wish.mp3
2026-08-01 18:56:12 | INFO | audio_filter_tools.storage | Copying local file /mnt/samsung4t/lost+found/usr/bin/github/A_Main_FreeDark/FreeDark_0003_GuitarPro_Music/TMDownload/Mors Principium Est - The Unborn.mp3 -> /mnt/samsung4t/lost+found/usr/bin/github/CodexWorkFolder/MusicPrj/Mors Principium Est - The Unborn.mp3
2026-08-01 18:56:12 | INFO | audio_filter_tools.storage | Copying local file /mnt/samsung4t/lost+found/usr/bin/github/A_Main_FreeDark/FreeDark_0003_GuitarPro_Music/TMDownload/Before the Dawn - Fade Away.mp3 -> /mnt/samsung4t/lost+found/usr/bin/github/CodexWorkFolder/MusicPrj/Before the Dawn - Fade Away.mp3
2026-08-01 18:56:12 | INFO | audio_filter_tools.storage | Copying local file /mnt/samsung4t/lost+found/usr/bin/github/A_Main_FreeDark/FreeDark_0003_GuitarPro_Music/TMDownload/Gamma Ray - Somewhere out in Space.flac -> /mnt/samsung4t/lost+found/usr/bin/github/CodexWorkFolder/MusicPrj/Gamma Ray - Somewhere out in Space.flac
2026-08-01 18:56:13 | INFO | audio_filter_tools.storage | Copying local file /mnt/samsung4t/lost+found/usr/bin/github/A_Main_FreeDark/FreeDark_0003_GuitarPro_Music/TMDownload/Running Wild - Freewind Rider (2017 Remaster).flac -> /mnt/samsung4t/lost+found/usr/bin/github/CodexWorkFolder/MusicPrj/Running Wild - Freewind Rider (2017 Remaster).flac
2026-08-01 18:56:13 | INFO | audio_filter_tools.storage | Copying local file /mnt/samsung4t/lost+found/usr/bin/github/A_Main_FreeDark/FreeDark_0003_GuitarPro_Music/TMDownload/02 - Edguy - The Piper Never Dies.mp3 -> /mnt/samsung4t/lost+found/usr/bin/github/CodexWorkFolder/MusicPrj/02 - Edguy - The Piper Never Dies.mp3
2026-08-01 18:56:13 | INFO | audio_filter_tools.storage | Copying local file /mnt/samsung4t/lost+found/usr/bin/github/A_Main_FreeDark/FreeDark_0003_GuitarPro_Music/TMDownload/Mercenary - Screaming from the Heavens.mp3 -> /mnt/samsung4t/lost+found/usr/bin/github/CodexWorkFolder/MusicPrj/Mercenary - Screaming from the Heavens.mp3
2026-08-01 18:56:13 | INFO | audio_filter_tools.storage | Copying local file /mnt/samsung4t/lost+found/usr/bin/github/A_Main_FreeDark/FreeDark_0003_GuitarPro_Music/TMDownload/Edge_Of_Sanity_Crimson_II,_Pt_7_Face_to_Face_Remaster_2025.mp3 -> /mnt/samsung4t/lost+found/usr/bin/github/CodexWorkFolder/MusicPrj/Edge_Of_Sanity_Crimson_II,_Pt_7_Face_to_Face_Remaster_2025.mp3
2026-08-01 18:56:13 | INFO | audio_filter_tools.storage | Copying local file /mnt/samsung4t/lost+found/usr/bin/github/A_Main_FreeDark/FreeDark_0003_GuitarPro_Music/TMDownload/Battle Beast - Neuromancer.mp3 -> /mnt/samsung4t/lost+found/usr/bin/github/CodexWorkFolder/MusicPrj/Battle Beast - Neuromancer.mp3
2026-08-01 18:56:13 | INFO | audio_filter_tools.storage | Copying local file /mnt/samsung4t/lost+found/usr/bin/github/A_Main_FreeDark/FreeDark_0003_GuitarPro_Music/TMDownload/Agathodaimon - Wolf Within.flac -> /mnt/samsung4t/lost+found/usr/bin/github/CodexWorkFolder/MusicPrj/Agathodaimon - Wolf Within.flac
2026-08-01 18:56:13 | INFO | audio_filter_tools.storage | Copying local file /mnt/samsung4t/lost+found/usr/bin/github/A_Main_FreeDark/FreeDark_0003_GuitarPro_Music/TMDownload/Sonata Arctica - The Truth Is out There.mp3 -> /mnt/samsung4t/lost+found/usr/bin/github/CodexWorkFolder/MusicPrj/Sonata Arctica - The Truth Is out There.mp3
2026-08-01 18:56:13 | INFO | audio_filter_tools.storage | Copying local file /mnt/samsung4t/lost+found/usr/bin/github/A_Main_FreeDark/FreeDark_0003_GuitarPro_Music/TMDownload/Primal Fear - In Metal.flac -> /mnt/samsung4t/lost+found/usr/bin/github/CodexWorkFolder/MusicPrj/Primal Fear - In Metal.flac
2026-08-01 18:56:13 | INFO | audio_filter_tools.storage | Copying local file /mnt/samsung4t/lost+found/usr/bin/github/A_Main_FreeDark/FreeDark_0003_GuitarPro_Music/TMDownload/02 Battle Beast - Out Of Control.mp3 -> /mnt/samsung4t/lost+found/usr/bin/github/CodexWorkFolder/MusicPrj/02 Battle Beast - Out Of Control.mp3
2026-08-01 18:56:13 | INFO | audio_filter_tools.storage | Copying local file /mnt/samsung4t/lost+found/usr/bin/github/A_Main_FreeDark/FreeDark_0003_GuitarPro_Music/TMDownload/Battle Beast - Last Goodbye.mp3 -> /mnt/samsung4t/lost+found/usr/bin/github/CodexWorkFolder/MusicPrj/Battle Beast - Last Goodbye.mp3
2026-08-01 18:56:13 | INFO | audio_filter_tools.storage | Copying local file /mnt/samsung4t/lost+found/usr/bin/github/A_Main_FreeDark/FreeDark_0003_GuitarPro_Music/TMDownload/Heidi Hauge - Save the Last Dance for Me.mp3 -> /mnt/samsung4t/lost+found/usr/bin/github/CodexWorkFolder/MusicPrj/Heidi Hauge - Save the Last Dance for Me.mp3
2026-08-01 18:56:13 | INFO | audio_filter_tools.storage | Copying local file /mnt/samsung4t/lost+found/usr/bin/github/A_Main_FreeDark/FreeDark_0003_GuitarPro_Music/TMDownload/Battle Beast - Circus of Doom.mp3 -> /mnt/samsung4t/lost+found/usr/bin/github/CodexWorkFolder/MusicPrj/Battle Beast - Circus of Doom.mp3
2026-08-01 18:56:13 | INFO | audio_filter_tools.storage | Copying local file /mnt/samsung4t/lost+found/usr/bin/github/A_Main_FreeDark/FreeDark_0003_GuitarPro_Music/TMDownload/Battle Beast - Angel Of Midnight.mp3 -> /mnt/samsung4t/lost+found/usr/bin/github/CodexWorkFolder/MusicPrj/Battle Beast - Angel Of Midnight.mp3
2026-08-01 18:56:13 | INFO | audio_filter_tools.storage | Copying local file /mnt/samsung4t/lost+found/usr/bin/github/A_Main_FreeDark/FreeDark_0003_GuitarPro_Music/TMDownload/Mors Principium Est - A Day for Redemption.mp3 -> /mnt/samsung4t/lost+found/usr/bin/github/CodexWorkFolder/MusicPrj/Mors Principium Est - A Day for Redemption.mp3
2026-08-01 18:56:13 | INFO | audio_filter_tools.storage | Copying local file /mnt/samsung4t/lost+found/usr/bin/github/A_Main_FreeDark/FreeDark_0003_GuitarPro_Music/TMDownload/Edguy - Superheroes.mp3 -> /mnt/samsung4t/lost+found/usr/bin/github/CodexWorkFolder/MusicPrj/Edguy - Superheroes.mp3
2026-08-01 18:56:13 | INFO | audio_filter_tools.storage | Copying local file /mnt/samsung4t/lost+found/usr/bin/github/A_Main_FreeDark/FreeDark_0003_GuitarPro_Music/TMDownload/10 Omnium Gatherum - White Palace.mp3 -> /mnt/samsung4t/lost+found/usr/bin/github/CodexWorkFolder/MusicPrj/10 Omnium Gatherum - White Palace.mp3
2026-08-01 18:56:13 | INFO | audio_filter_tools.storage | Copying local file /mnt/samsung4t/lost+found/usr/bin/github/A_Main_FreeDark/FreeDark_0003_GuitarPro_Music/TMDownload/Vørgum - Kong Hydnes Haug (Windir Cover).mp3 -> /mnt/samsung4t/lost+found/usr/bin/github/CodexWorkFolder/MusicPrj/Vørgum - Kong Hydnes Haug (Windir Cover).mp3
2026-08-01 18:56:13 | INFO | audio_filter_tools.storage | Copying local file /mnt/samsung4t/lost+found/usr/bin/github/A_Main_FreeDark/FreeDark_0003_GuitarPro_Music/TMDownload/Bülent Ceylan,Doro - Wolfsherz.flac -> /mnt/samsung4t/lost+found/usr/bin/github/CodexWorkFolder/MusicPrj/Bülent Ceylan,Doro - Wolfsherz.flac
2026-08-01 18:56:13 | INFO | audio_filter_tools.storage | Copying local file /mnt/samsung4t/lost+found/usr/bin/github/A_Main_FreeDark/FreeDark_0003_GuitarPro_Music/TMDownload/04. The Vision Bleak - A Romance with the Grave.mp3 -> /mnt/samsung4t/lost+found/usr/bin/github/CodexWorkFolder/MusicPrj/04. The Vision Bleak - A Romance with the Grave.mp3
2026-08-01 18:56:13 | INFO | audio_filter_tools.storage | Copying local file /mnt/samsung4t/lost+found/usr/bin/github/A_Main_FreeDark/FreeDark_0003_GuitarPro_Music/TMDownload/16_Blind_Guardian_Don't_Talk_to_Strangers_Remastered_2007.mp3 -> /mnt/samsung4t/lost+found/usr/bin/github/CodexWorkFolder/MusicPrj/16_Blind_Guardian_Don't_Talk_to_Strangers_Remastered_2007.mp3
2026-08-01 18:56:13 | INFO | audio_filter_tools.storage | Copying local file /mnt/samsung4t/lost+found/usr/bin/github/A_Main_FreeDark/FreeDark_0003_GuitarPro_Music/TMDownload/Eternal Tears Of Sorrow - Prophetian.mp3 -> /mnt/samsung4t/lost+found/usr/bin/github/CodexWorkFolder/MusicPrj/Eternal Tears Of Sorrow - Prophetian.mp3
2026-08-01 18:56:13 | INFO | audio_filter_tools.storage | Copying local file /mnt/samsung4t/lost+found/usr/bin/github/A_Main_FreeDark/FreeDark_0003_GuitarPro_Music/TMDownload/01 Omnium Gatherum - Luoto.mp3 -> /mnt/samsung4t/lost+found/usr/bin/github/CodexWorkFolder/MusicPrj/01 Omnium Gatherum - Luoto.mp3
2026-08-01 18:56:13 | INFO | audio_filter_tools.storage | Copying local file /mnt/samsung4t/lost+found/usr/bin/github/A_Main_FreeDark/FreeDark_0003_GuitarPro_Music/TMDownload/Battle Beast - Black Ninja.mp3 -> /mnt/samsung4t/lost+found/usr/bin/github/CodexWorkFolder/MusicPrj/Battle Beast - Black Ninja.mp3
2026-08-01 18:56:13 | INFO | audio_filter_tools.storage | Copying local file /mnt/samsung4t/lost+found/usr/bin/github/A_Main_FreeDark/FreeDark_0003_GuitarPro_Music/TMDownload/Daylight Dies - A Subtle Violence.mp3 -> /mnt/samsung4t/lost+found/usr/bin/github/CodexWorkFolder/MusicPrj/Daylight Dies - A Subtle Violence.mp3
2026-08-01 18:56:13 | INFO | audio_filter_tools.storage | Copying local file /mnt/samsung4t/lost+found/usr/bin/github/A_Main_FreeDark/FreeDark_0003_GuitarPro_Music/TMDownload/Primal Fear - Final Embrace.flac -> /mnt/samsung4t/lost+found/usr/bin/github/CodexWorkFolder/MusicPrj/Primal Fear - Final Embrace.flac
2026-08-01 18:56:14 | INFO | audio_filter_tools.storage | Copying local file /mnt/samsung4t/lost+found/usr/bin/github/A_Main_FreeDark/FreeDark_0003_GuitarPro_Music/TMDownload/Battle Beast - The Lightbringer.mp3 -> /mnt/samsung4t/lost+found/usr/bin/github/CodexWorkFolder/MusicPrj/Battle Beast - The Lightbringer.mp3
2026-08-01 18:56:14 | INFO | audio_filter_tools.storage | Copying local file /mnt/samsung4t/lost+found/usr/bin/github/A_Main_FreeDark/FreeDark_0003_GuitarPro_Music/TMDownload/Moonsorrow - Tulkaapa äijät!.mp3 -> /mnt/samsung4t/lost+found/usr/bin/github/CodexWorkFolder/MusicPrj/Moonsorrow - Tulkaapa äijät!.mp3
2026-08-01 18:56:14 | INFO | audio_filter_tools.storage | Copying local file /mnt/samsung4t/lost+found/usr/bin/github/A_Main_FreeDark/FreeDark_0003_GuitarPro_Music/TMDownload/The Vision Bleak - The Night of the Living Dead.mp3 -> /mnt/samsung4t/lost+found/usr/bin/github/CodexWorkFolder/MusicPrj/The Vision Bleak - The Night of the Living Dead.mp3
2026-08-01 18:56:14 | INFO | audio_filter_tools.storage | Copying local file /mnt/samsung4t/lost+found/usr/bin/github/A_Main_FreeDark/FreeDark_0003_GuitarPro_Music/TMDownload/Equilibrium - Koyaaniskatsi.flac -> /mnt/samsung4t/lost+found/usr/bin/github/CodexWorkFolder/MusicPrj/Equilibrium - Koyaaniskatsi.flac
2026-08-01 18:56:14 | INFO | audio_filter_tools.storage | Copying local file /mnt/samsung4t/lost+found/usr/bin/github/A_Main_FreeDark/FreeDark_0003_GuitarPro_Music/TMDownload/Agathodaimon - La Haine.flac -> /mnt/samsung4t/lost+found/usr/bin/github/CodexWorkFolder/MusicPrj/Agathodaimon - La Haine.flac
2026-08-01 18:56:14 | INFO | audio_filter_tools.storage | Copying local file /mnt/samsung4t/lost+found/usr/bin/github/A_Main_FreeDark/FreeDark_0003_GuitarPro_Music/TMDownload/Orden Ogan - Sorrow Is Your Tale.mp3 -> /mnt/samsung4t/lost+found/usr/bin/github/CodexWorkFolder/MusicPrj/Orden Ogan - Sorrow Is Your Tale.mp3
2026-08-01 18:56:14 | INFO | audio_filter_tools.storage | Copying local file /mnt/samsung4t/lost+found/usr/bin/github/A_Main_FreeDark/FreeDark_0003_GuitarPro_Music/TMDownload/Confederate Railroad - Jesus and Mama (Remastered Version).mp3 -> /mnt/samsung4t/lost+found/usr/bin/github/CodexWorkFolder/MusicPrj/Confederate Railroad - Jesus and Mama (Remastered Version).mp3
2026-08-01 18:56:14 | INFO | audio_filter_tools.storage | Copying local file /mnt/samsung4t/lost+found/usr/bin/github/A_Main_FreeDark/FreeDark_0003_GuitarPro_Music/TMDownload/Gamma Ray - Follow Me.flac -> /mnt/samsung4t/lost+found/usr/bin/github/CodexWorkFolder/MusicPrj/Gamma Ray - Follow Me.flac
2026-08-01 18:56:14 | INFO | audio_filter_tools.storage | Copying local file /mnt/samsung4t/lost+found/usr/bin/github/A_Main_FreeDark/FreeDark_0003_GuitarPro_Music/TMDownload/Primal Fear - Tears of Rage.flac -> /mnt/samsung4t/lost+found/usr/bin/github/CodexWorkFolder/MusicPrj/Primal Fear - Tears of Rage.flac
2026-08-01 18:56:14 | INFO | audio_filter_tools.storage | Copying local file /mnt/samsung4t/lost+found/usr/bin/github/A_Main_FreeDark/FreeDark_0003_GuitarPro_Music/TMDownload/Mercenary - Firesoul.mp3 -> /mnt/samsung4t/lost+found/usr/bin/github/CodexWorkFolder/MusicPrj/Mercenary - Firesoul.mp3
2026-08-01 18:56:14 | INFO | audio_filter_tools.storage | Copying local file /mnt/samsung4t/lost+found/usr/bin/github/A_Main_FreeDark/FreeDark_0003_GuitarPro_Music/TMDownload/Sonata Arctica - The Harvest.mp3 -> /mnt/samsung4t/lost+found/usr/bin/github/CodexWorkFolder/MusicPrj/Sonata Arctica - The Harvest.mp3
2026-08-01 18:56:14 | INFO | audio_filter_tools.storage | Copying local file /mnt/samsung4t/lost+found/usr/bin/github/A_Main_FreeDark/FreeDark_0003_GuitarPro_Music/TMDownload/Equilibrium - Aufbruch (bonus).flac -> /mnt/samsung4t/lost+found/usr/bin/github/CodexWorkFolder/MusicPrj/Equilibrium - Aufbruch (bonus).flac
2026-08-01 18:56:14 | INFO | audio_filter_tools.storage | Copying local file /mnt/samsung4t/lost+found/usr/bin/github/A_Main_FreeDark/FreeDark_0003_GuitarPro_Music/TMDownload/Before the Dawn - Repentance.mp3 -> /mnt/samsung4t/lost+found/usr/bin/github/CodexWorkFolder/MusicPrj/Before the Dawn - Repentance.mp3
2026-08-01 18:56:14 | INFO | audio_filter_tools.storage | Copying local file /mnt/samsung4t/lost+found/usr/bin/github/A_Main_FreeDark/FreeDark_0003_GuitarPro_Music/TMDownload/Running Wild - Black Hand Inn.flac -> /mnt/samsung4t/lost+found/usr/bin/github/CodexWorkFolder/MusicPrj/Running Wild - Black Hand Inn.flac
2026-08-01 18:56:14 | INFO | audio_filter_tools.storage | Copying local file /mnt/samsung4t/lost+found/usr/bin/github/A_Main_FreeDark/FreeDark_0003_GuitarPro_Music/TMDownload/Agathodaimon - Throughout the Fields.flac -> /mnt/samsung4t/lost+found/usr/bin/github/CodexWorkFolder/MusicPrj/Agathodaimon - Throughout the Fields.flac
2026-08-01 18:56:14 | INFO | audio_filter_tools.storage | Copying local file /mnt/samsung4t/lost+found/usr/bin/github/A_Main_FreeDark/FreeDark_0003_GuitarPro_Music/TMDownload/Mors Principium Est - Pressure.mp3 -> /mnt/samsung4t/lost+found/usr/bin/github/CodexWorkFolder/MusicPrj/Mors Principium Est - Pressure.mp3
2026-08-01 18:56:15 | INFO | audio_filter_tools.storage | Copying local file /mnt/samsung4t/lost+found/usr/bin/github/A_Main_FreeDark/FreeDark_0003_GuitarPro_Music/TMDownload/Willie Nelson - Farther Down The Line (Album Version).mp3 -> /mnt/samsung4t/lost+found/usr/bin/github/CodexWorkFolder/MusicPrj/Willie Nelson - Farther Down The Line (Album Version).mp3
2026-08-01 18:56:15 | INFO | audio_filter_tools.storage | Copying local file /mnt/samsung4t/lost+found/usr/bin/github/A_Main_FreeDark/FreeDark_0003_GuitarPro_Music/TMDownload/Gamma Ray - Free Time.mp3 -> /mnt/samsung4t/lost+found/usr/bin/github/CodexWorkFolder/MusicPrj/Gamma Ray - Free Time.mp3
2026-08-01 18:56:15 | INFO | audio_filter_tools.storage | Copying local file /mnt/samsung4t/lost+found/usr/bin/github/A_Main_FreeDark/FreeDark_0003_GuitarPro_Music/TMDownload/03 Swallow The Sun - Rooms and Shadows.mp3 -> /mnt/samsung4t/lost+found/usr/bin/github/CodexWorkFolder/MusicPrj/03 Swallow The Sun - Rooms and Shadows.mp3
2026-08-01 18:56:15 | INFO | audio_filter_tools.storage | Copying local file /mnt/samsung4t/lost+found/usr/bin/github/A_Main_FreeDark/FreeDark_0003_GuitarPro_Music/TMDownload/Battle Beast - The Band of the Hawk.mp3 -> /mnt/samsung4t/lost+found/usr/bin/github/CodexWorkFolder/MusicPrj/Battle Beast - The Band of the Hawk.mp3
2026-08-01 18:56:15 | INFO | audio_filter_tools.storage | Copying local file /mnt/samsung4t/lost+found/usr/bin/github/A_Main_FreeDark/FreeDark_0003_GuitarPro_Music/TMDownload/Sonata Arctica - Shamandalie.mp3 -> /mnt/samsung4t/lost+found/usr/bin/github/CodexWorkFolder/MusicPrj/Sonata Arctica - Shamandalie.mp3
2026-08-01 18:56:15 | INFO | audio_filter_tools.storage | Copying local file /mnt/samsung4t/lost+found/usr/bin/github/A_Main_FreeDark/FreeDark_0003_GuitarPro_Music/TMDownload/Willie Nelson - I d Have to Be Crazy.mp3 -> /mnt/samsung4t/lost+found/usr/bin/github/CodexWorkFolder/MusicPrj/Willie Nelson - I d Have to Be Crazy.mp3
2026-08-01 18:56:15 | INFO | audio_filter_tools.storage | Copying local file /mnt/samsung4t/lost+found/usr/bin/github/A_Main_FreeDark/FreeDark_0003_GuitarPro_Music/TMDownload/Gamma Ray - Money.flac -> /mnt/samsung4t/lost+found/usr/bin/github/CodexWorkFolder/MusicPrj/Gamma Ray - Money.flac
2026-08-01 18:56:15 | INFO | audio_filter_tools.storage | Copying local file /mnt/samsung4t/lost+found/usr/bin/github/A_Main_FreeDark/FreeDark_0003_GuitarPro_Music/TMDownload/Running Wild - Lead or Gold (2017 Remaster).flac -> /mnt/samsung4t/lost+found/usr/bin/github/CodexWorkFolder/MusicPrj/Running Wild - Lead or Gold (2017 Remaster).flac
2026-08-01 18:56:15 | INFO | audio_filter_tools.storage | Copying local file /mnt/samsung4t/lost+found/usr/bin/github/A_Main_FreeDark/FreeDark_0003_GuitarPro_Music/TMDownload/Running Wild - Raging Fire.flac -> /mnt/samsung4t/lost+found/usr/bin/github/CodexWorkFolder/MusicPrj/Running Wild - Raging Fire.flac
2026-08-01 18:56:15 | INFO | audio_filter_tools.storage | Copying local file /mnt/samsung4t/lost+found/usr/bin/github/A_Main_FreeDark/FreeDark_0003_GuitarPro_Music/TMDownload/Battle Beast - Straight to the Heart.mp3 -> /mnt/samsung4t/lost+found/usr/bin/github/CodexWorkFolder/MusicPrj/Battle Beast - Straight to the Heart.mp3
2026-08-01 18:56:15 | INFO | audio_filter_tools.storage | Copying local file /mnt/samsung4t/lost+found/usr/bin/github/A_Main_FreeDark/FreeDark_0003_GuitarPro_Music/TMDownload/Equilibrium - Waldschrein.flac -> /mnt/samsung4t/lost+found/usr/bin/github/CodexWorkFolder/MusicPrj/Equilibrium - Waldschrein.flac
2026-08-01 18:56:15 | INFO | audio_filter_tools.storage | Copying local file /mnt/samsung4t/lost+found/usr/bin/github/A_Main_FreeDark/FreeDark_0003_GuitarPro_Music/TMDownload/October Tide - Ogonblick Av Nad.mp3 -> /mnt/samsung4t/lost+found/usr/bin/github/CodexWorkFolder/MusicPrj/October Tide - Ogonblick Av Nad.mp3
2026-08-01 18:56:15 | INFO | audio_filter_tools.storage | Copying local file /mnt/samsung4t/lost+found/usr/bin/github/A_Main_FreeDark/FreeDark_0003_GuitarPro_Music/TMDownload/09 Borknagar - The Spirit Of Nature.mp3 -> /mnt/samsung4t/lost+found/usr/bin/github/CodexWorkFolder/MusicPrj/09 Borknagar - The Spirit Of Nature.mp3
2026-08-01 18:56:15 | INFO | audio_filter_tools.storage | Copying local file /mnt/samsung4t/lost+found/usr/bin/github/A_Main_FreeDark/FreeDark_0003_GuitarPro_Music/TMDownload/Wolfheart - The Rift.mp3 -> /mnt/samsung4t/lost+found/usr/bin/github/CodexWorkFolder/MusicPrj/Wolfheart - The Rift.mp3
2026-08-01 18:56:15 | INFO | audio_filter_tools.storage | Copying local file /mnt/samsung4t/lost+found/usr/bin/github/A_Main_FreeDark/FreeDark_0003_GuitarPro_Music/TMDownload/Withering Surface - The Last One.mp3 -> /mnt/samsung4t/lost+found/usr/bin/github/CodexWorkFolder/MusicPrj/Withering Surface - The Last One.mp3
2026-08-01 18:56:15 | INFO | audio_filter_tools.storage | Copying local file /mnt/samsung4t/lost+found/usr/bin/github/A_Main_FreeDark/FreeDark_0003_GuitarPro_Music/TMDownload/Running Wild - Sinister Eyes.flac -> /mnt/samsung4t/lost+found/usr/bin/github/CodexWorkFolder/MusicPrj/Running Wild - Sinister Eyes.flac
2026-08-01 18:56:15 | INFO | audio_filter_tools.storage | Copying local file /mnt/samsung4t/lost+found/usr/bin/github/A_Main_FreeDark/FreeDark_0003_GuitarPro_Music/TMDownload/As I Die - Roots Of Sorrow (Cover Paradise Lost).mp3 -> /mnt/samsung4t/lost+found/usr/bin/github/CodexWorkFolder/MusicPrj/As I Die - Roots Of Sorrow (Cover Paradise Lost).mp3
2026-08-01 18:56:15 | INFO | audio_filter_tools.storage | Copying local file /mnt/samsung4t/lost+found/usr/bin/github/A_Main_FreeDark/FreeDark_0003_GuitarPro_Music/TMDownload/Swallow The Sun - ...and Heavens Cried Blood.mp3 -> /mnt/samsung4t/lost+found/usr/bin/github/CodexWorkFolder/MusicPrj/Swallow The Sun - ...and Heavens Cried Blood.mp3
2026-08-01 18:56:15 | INFO | audio_filter_tools.storage | Copying local file /mnt/samsung4t/lost+found/usr/bin/github/A_Main_FreeDark/FreeDark_0003_GuitarPro_Music/TMDownload/Daylight Dies - Hollow Hands.mp3 -> /mnt/samsung4t/lost+found/usr/bin/github/CodexWorkFolder/MusicPrj/Daylight Dies - Hollow Hands.mp3
2026-08-01 18:56:15 | INFO | audio_filter_tools.storage | Copying local file /mnt/samsung4t/lost+found/usr/bin/github/A_Main_FreeDark/FreeDark_0003_GuitarPro_Music/TMDownload/Wolfheart - Dead White.mp3 -> /mnt/samsung4t/lost+found/usr/bin/github/CodexWorkFolder/MusicPrj/Wolfheart - Dead White.mp3
2026-08-01 18:56:15 | INFO | audio_filter_tools.storage | Copying local file /mnt/samsung4t/lost+found/usr/bin/github/A_Main_FreeDark/FreeDark_0003_GuitarPro_Music/TMDownload/Stonewall Jackson - Come On Home And Have Your Next Affair M.mp3 -> /mnt/samsung4t/lost+found/usr/bin/github/CodexWorkFolder/MusicPrj/Stonewall Jackson - Come On Home And Have Your Next Affair M.mp3
2026-08-01 18:56:15 | INFO | audio_filter_tools.storage | Copying local file /mnt/samsung4t/lost+found/usr/bin/github/A_Main_FreeDark/FreeDark_0003_GuitarPro_Music/TMDownload/Wolfheart - Boneyard.mp3 -> /mnt/samsung4t/lost+found/usr/bin/github/CodexWorkFolder/MusicPrj/Wolfheart - Boneyard.mp3
2026-08-01 18:56:15 | INFO | audio_filter_tools.storage | Copying local file /mnt/samsung4t/lost+found/usr/bin/github/A_Main_FreeDark/FreeDark_0003_GuitarPro_Music/TMDownload/Gamma Ray - Pale Rider.flac -> /mnt/samsung4t/lost+found/usr/bin/github/CodexWorkFolder/MusicPrj/Gamma Ray - Pale Rider.flac
2026-08-01 18:56:15 | INFO | audio_filter_tools.storage | Copying local file /mnt/samsung4t/lost+found/usr/bin/github/A_Main_FreeDark/FreeDark_0003_GuitarPro_Music/TMDownload/Withering Surface - Machinery.mp3 -> /mnt/samsung4t/lost+found/usr/bin/github/CodexWorkFolder/MusicPrj/Withering Surface - Machinery.mp3
2026-08-01 18:56:15 | INFO | audio_filter_tools.storage | Copying local file /mnt/samsung4t/lost+found/usr/bin/github/A_Main_FreeDark/FreeDark_0003_GuitarPro_Music/TMDownload/david - Svartesmeden Og Lundamyrstrollet (a Windir tribute).mp3 -> /mnt/samsung4t/lost+found/usr/bin/github/CodexWorkFolder/MusicPrj/david - Svartesmeden Og Lundamyrstrollet (a Windir tribute).mp3
2026-08-01 18:56:16 | INFO | audio_filter_tools.storage | Copying local file /mnt/samsung4t/lost+found/usr/bin/github/A_Main_FreeDark/FreeDark_0003_GuitarPro_Music/TMDownload/05 Powerwolf - We Are the Wild.mp3 -> /mnt/samsung4t/lost+found/usr/bin/github/CodexWorkFolder/MusicPrj/05 Powerwolf - We Are the Wild.mp3
2026-08-01 18:56:16 | INFO | audio_filter_tools.storage | Copying local file /mnt/samsung4t/lost+found/usr/bin/github/A_Main_FreeDark/FreeDark_0003_GuitarPro_Music/TMDownload/Sonata Arctica - Caleb.mp3 -> /mnt/samsung4t/lost+found/usr/bin/github/CodexWorkFolder/MusicPrj/Sonata Arctica - Caleb.mp3
2026-08-01 18:56:16 | INFO | audio_filter_tools.storage | Copying local file /mnt/samsung4t/lost+found/usr/bin/github/A_Main_FreeDark/FreeDark_0003_GuitarPro_Music/TMDownload/09 Omnium Gatherum - Living in Me.mp3 -> /mnt/samsung4t/lost+found/usr/bin/github/CodexWorkFolder/MusicPrj/09 Omnium Gatherum - Living in Me.mp3
2026-08-01 18:56:16 | INFO | audio_filter_tools.storage | Copying local file /mnt/samsung4t/lost+found/usr/bin/github/A_Main_FreeDark/FreeDark_0003_GuitarPro_Music/TMDownload/Edguy - Vain Glory Opera (Live).flac -> /mnt/samsung4t/lost+found/usr/bin/github/CodexWorkFolder/MusicPrj/Edguy - Vain Glory Opera (Live).flac
2026-08-01 18:56:16 | INFO | audio_filter_tools.storage | Copying local file /mnt/samsung4t/lost+found/usr/bin/github/A_Main_FreeDark/FreeDark_0003_GuitarPro_Music/TMDownload/Willie Nelson - I Was Just Walkin  Out The Door (Album Versi.mp3 -> /mnt/samsung4t/lost+found/usr/bin/github/CodexWorkFolder/MusicPrj/Willie Nelson - I Was Just Walkin  Out The Door (Album Versi.mp3
2026-08-01 18:56:16 | INFO | audio_filter_tools.storage | Copying local file /mnt/samsung4t/lost+found/usr/bin/github/A_Main_FreeDark/FreeDark_0003_GuitarPro_Music/TMDownload/Mors Principium Est - The Journey.mp3 -> /mnt/samsung4t/lost+found/usr/bin/github/CodexWorkFolder/MusicPrj/Mors Principium Est - The Journey.mp3
2026-08-01 18:56:16 | INFO | audio_filter_tools.storage | Copying local file /mnt/samsung4t/lost+found/usr/bin/github/A_Main_FreeDark/FreeDark_0003_GuitarPro_Music/TMDownload/Noumena - Triumph And Loss.mp3 -> /mnt/samsung4t/lost+found/usr/bin/github/CodexWorkFolder/MusicPrj/Noumena - Triumph And Loss.mp3
2026-08-01 18:56:16 | INFO | audio_filter_tools.storage | Copying local file /mnt/samsung4t/lost+found/usr/bin/github/A_Main_FreeDark/FreeDark_0003_GuitarPro_Music/TMDownload/Withering Surface - Leaves in the Stream.mp3 -> /mnt/samsung4t/lost+found/usr/bin/github/CodexWorkFolder/MusicPrj/Withering Surface - Leaves in the Stream.mp3
2026-08-01 18:56:16 | INFO | audio_filter_tools.storage | Copying local file /mnt/samsung4t/lost+found/usr/bin/github/A_Main_FreeDark/FreeDark_0003_GuitarPro_Music/TMDownload/Rapture - The Vast.mp3 -> /mnt/samsung4t/lost+found/usr/bin/github/CodexWorkFolder/MusicPrj/Rapture - The Vast.mp3
2026-08-01 18:56:16 | INFO | audio_filter_tools.storage | Copying local file /mnt/samsung4t/lost+found/usr/bin/github/A_Main_FreeDark/FreeDark_0003_GuitarPro_Music/TMDownload/Gamma Ray - Lake of Tears.flac -> /mnt/samsung4t/lost+found/usr/bin/github/CodexWorkFolder/MusicPrj/Gamma Ray - Lake of Tears.flac
2026-08-01 18:56:16 | INFO | audio_filter_tools.storage | Copying local file /mnt/samsung4t/lost+found/usr/bin/github/A_Main_FreeDark/FreeDark_0003_GuitarPro_Music/TMDownload/Blind Guardian - Don t Talk to Strangers (Remastered 2007).flac -> /mnt/samsung4t/lost+found/usr/bin/github/CodexWorkFolder/MusicPrj/Blind Guardian - Don t Talk to Strangers (Remastered 2007).flac
2026-08-01 18:56:16 | INFO | audio_filter_tools.storage | Copying local file /mnt/samsung4t/lost+found/usr/bin/github/A_Main_FreeDark/FreeDark_0003_GuitarPro_Music/TMDownload/Before the Dawn - Throne of Ice.mp3 -> /mnt/samsung4t/lost+found/usr/bin/github/CodexWorkFolder/MusicPrj/Before the Dawn - Throne of Ice.mp3
2026-08-01 18:56:16 | INFO | audio_filter_tools.storage | Copying local file /mnt/samsung4t/lost+found/usr/bin/github/A_Main_FreeDark/FreeDark_0003_GuitarPro_Music/TMDownload/Primal Fear - Predator.flac -> /mnt/samsung4t/lost+found/usr/bin/github/CodexWorkFolder/MusicPrj/Primal Fear - Predator.flac
2026-08-01 18:56:17 | INFO | audio_filter_tools.storage | Copying local file /mnt/samsung4t/lost+found/usr/bin/github/A_Main_FreeDark/FreeDark_0003_GuitarPro_Music/TMDownload/Sonata Arctica - False News Travel Fast.mp3 -> /mnt/samsung4t/lost+found/usr/bin/github/CodexWorkFolder/MusicPrj/Sonata Arctica - False News Travel Fast.mp3
2026-08-01 18:56:17 | INFO | audio_filter_tools.storage | Copying local file /mnt/samsung4t/lost+found/usr/bin/github/A_Main_FreeDark/FreeDark_0003_GuitarPro_Music/TMDownload/Heidi Hauge - Rodeo Girl.mp3 -> /mnt/samsung4t/lost+found/usr/bin/github/CodexWorkFolder/MusicPrj/Heidi Hauge - Rodeo Girl.mp3
2026-08-01 18:56:17 | INFO | audio_filter_tools.storage | Copying local file /mnt/samsung4t/lost+found/usr/bin/github/A_Main_FreeDark/FreeDark_0003_GuitarPro_Music/TMDownload/Avantasia - Carry Me Over.mp3 -> /mnt/samsung4t/lost+found/usr/bin/github/CodexWorkFolder/MusicPrj/Avantasia - Carry Me Over.mp3
2026-08-01 18:56:17 | INFO | audio_filter_tools.storage | Copying local file /mnt/samsung4t/lost+found/usr/bin/github/A_Main_FreeDark/FreeDark_0003_GuitarPro_Music/TMDownload/04 Powerwolf - Murder at Midnight.mp3 -> /mnt/samsung4t/lost+found/usr/bin/github/CodexWorkFolder/MusicPrj/04 Powerwolf - Murder at Midnight.mp3
2026-08-01 18:56:17 | INFO | audio_filter_tools.storage | Copying local file /mnt/samsung4t/lost+found/usr/bin/github/A_Main_FreeDark/FreeDark_0003_GuitarPro_Music/TMDownload/Dissection - Night s Blood.mp3 -> /mnt/samsung4t/lost+found/usr/bin/github/CodexWorkFolder/MusicPrj/Dissection - Night s Blood.mp3
2026-08-01 18:56:17 | INFO | audio_filter_tools.storage | Copying local file /mnt/samsung4t/lost+found/usr/bin/github/A_Main_FreeDark/FreeDark_0003_GuitarPro_Music/TMDownload/Willie Nelson - One Day at a Time.mp3 -> /mnt/samsung4t/lost+found/usr/bin/github/CodexWorkFolder/MusicPrj/Willie Nelson - One Day at a Time.mp3
2026-08-01 18:56:17 | INFO | audio_filter_tools.storage | Copying local file /mnt/samsung4t/lost+found/usr/bin/github/A_Main_FreeDark/FreeDark_0003_GuitarPro_Music/TMDownload/Equilibrium - Born to Be Epic.flac -> /mnt/samsung4t/lost+found/usr/bin/github/CodexWorkFolder/MusicPrj/Equilibrium - Born to Be Epic.flac
2026-08-01 18:56:17 | INFO | audio_filter_tools.storage | Copying local file /mnt/samsung4t/lost+found/usr/bin/github/A_Main_FreeDark/FreeDark_0003_GuitarPro_Music/TMDownload/Falkenbach - Heralder.flac -> /mnt/samsung4t/lost+found/usr/bin/github/CodexWorkFolder/MusicPrj/Falkenbach - Heralder.flac
2026-08-01 18:56:17 | INFO | audio_filter_tools.storage | Copying local file /mnt/samsung4t/lost+found/usr/bin/github/A_Main_FreeDark/FreeDark_0003_GuitarPro_Music/TMDownload/06 Powerwolf - Shot in the Dark.mp3 -> /mnt/samsung4t/lost+found/usr/bin/github/CodexWorkFolder/MusicPrj/06 Powerwolf - Shot in the Dark.mp3
2026-08-01 18:56:17 | INFO | audio_filter_tools.storage | Copying local file /mnt/samsung4t/lost+found/usr/bin/github/A_Main_FreeDark/FreeDark_0003_GuitarPro_Music/TMDownload/Agathodaimon - Novus Ordo Seclorum.flac -> /mnt/samsung4t/lost+found/usr/bin/github/CodexWorkFolder/MusicPrj/Agathodaimon - Novus Ordo Seclorum.flac
2026-08-01 18:56:17 | INFO | audio_filter_tools.storage | Copying local file /mnt/samsung4t/lost+found/usr/bin/github/A_Main_FreeDark/FreeDark_0003_GuitarPro_Music/TMDownload/Lake of Tears - The Greymen.mp3 -> /mnt/samsung4t/lost+found/usr/bin/github/CodexWorkFolder/MusicPrj/Lake of Tears - The Greymen.mp3
2026-08-01 18:56:17 | INFO | audio_filter_tools.storage | Copying local file /mnt/samsung4t/lost+found/usr/bin/github/A_Main_FreeDark/FreeDark_0003_GuitarPro_Music/TMDownload/Edguy - The Pharaoh (Remastered 2021).mp3 -> /mnt/samsung4t/lost+found/usr/bin/github/CodexWorkFolder/MusicPrj/Edguy - The Pharaoh (Remastered 2021).mp3
2026-08-01 18:56:17 | INFO | audio_filter_tools.storage | Copying local file /mnt/samsung4t/lost+found/usr/bin/github/A_Main_FreeDark/FreeDark_0003_GuitarPro_Music/TMDownload/Mors Principium Est - All Life is Evil.mp3 -> /mnt/samsung4t/lost+found/usr/bin/github/CodexWorkFolder/MusicPrj/Mors Principium Est - All Life is Evil.mp3
2026-08-01 18:56:17 | INFO | audio_filter_tools.storage | Copying local file /mnt/samsung4t/lost+found/usr/bin/github/A_Main_FreeDark/FreeDark_0003_GuitarPro_Music/TMDownload/Agathodaimon - Devil s Deal.flac -> /mnt/samsung4t/lost+found/usr/bin/github/CodexWorkFolder/MusicPrj/Agathodaimon - Devil s Deal.flac
2026-08-01 18:56:18 | INFO | audio_filter_tools.storage | Copying local file /mnt/samsung4t/lost+found/usr/bin/github/A_Main_FreeDark/FreeDark_0003_GuitarPro_Music/TMDownload/Gates of Ishtar - Forever Scarred (remastered 2016).mp3 -> /mnt/samsung4t/lost+found/usr/bin/github/CodexWorkFolder/MusicPrj/Gates of Ishtar - Forever Scarred (remastered 2016).mp3
2026-08-01 18:56:18 | INFO | audio_filter_tools.storage | Copying local file /mnt/samsung4t/lost+found/usr/bin/github/A_Main_FreeDark/FreeDark_0003_GuitarPro_Music/TMDownload/Insomnium - Song of the Dusk.mp3 -> /mnt/samsung4t/lost+found/usr/bin/github/CodexWorkFolder/MusicPrj/Insomnium - Song of the Dusk.mp3
2026-08-01 18:56:18 | INFO | audio_filter_tools.storage | Copying local file /mnt/samsung4t/lost+found/usr/bin/github/A_Main_FreeDark/FreeDark_0003_GuitarPro_Music/TMDownload/Agathodaimon - Limbs of a Stare.flac -> /mnt/samsung4t/lost+found/usr/bin/github/CodexWorkFolder/MusicPrj/Agathodaimon - Limbs of a Stare.flac
2026-08-01 18:56:18 | INFO | audio_filter_tools.storage | Copying local file /mnt/samsung4t/lost+found/usr/bin/github/A_Main_FreeDark/FreeDark_0003_GuitarPro_Music/TMDownload/Orden Ogan - Mystic Symphony.mp3 -> /mnt/samsung4t/lost+found/usr/bin/github/CodexWorkFolder/MusicPrj/Orden Ogan - Mystic Symphony.mp3
2026-08-01 18:56:18 | INFO | audio_filter_tools.storage | Copying local file /mnt/samsung4t/lost+found/usr/bin/github/A_Main_FreeDark/FreeDark_0003_GuitarPro_Music/TMDownload/Edguy - The Asylum.mp3 -> /mnt/samsung4t/lost+found/usr/bin/github/CodexWorkFolder/MusicPrj/Edguy - The Asylum.mp3
2026-08-01 18:56:18 | INFO | audio_filter_tools.storage | Copying local file /mnt/samsung4t/lost+found/usr/bin/github/A_Main_FreeDark/FreeDark_0003_GuitarPro_Music/TMDownload/Powerwolf - Cardinal Sin.mp3 -> /mnt/samsung4t/lost+found/usr/bin/github/CodexWorkFolder/MusicPrj/Powerwolf - Cardinal Sin.mp3
2026-08-01 18:56:18 | INFO | audio_filter_tools.storage | Copying local file /mnt/samsung4t/lost+found/usr/bin/github/A_Main_FreeDark/FreeDark_0003_GuitarPro_Music/TMDownload/Battle Beast - The Long Road.mp3 -> /mnt/samsung4t/lost+found/usr/bin/github/CodexWorkFolder/MusicPrj/Battle Beast - The Long Road.mp3
2026-08-01 18:56:18 | INFO | audio_filter_tools.storage | Copying local file /mnt/samsung4t/lost+found/usr/bin/github/A_Main_FreeDark/FreeDark_0003_GuitarPro_Music/TMDownload/06 Omnium Gatherum - The Sonic Sign.mp3 -> /mnt/samsung4t/lost+found/usr/bin/github/CodexWorkFolder/MusicPrj/06 Omnium Gatherum - The Sonic Sign.mp3
2026-08-01 18:56:18 | INFO | audio_filter_tools.storage | Copying local file /mnt/samsung4t/lost+found/usr/bin/github/A_Main_FreeDark/FreeDark_0003_GuitarPro_Music/TMDownload/03 Borknagar - Om Hundrede Aar Er Alting Glemt.mp3 -> /mnt/samsung4t/lost+found/usr/bin/github/CodexWorkFolder/MusicPrj/03 Borknagar - Om Hundrede Aar Er Alting Glemt.mp3
2026-08-01 18:56:18 | INFO | audio_filter_tools.storage | Copying local file /mnt/samsung4t/lost+found/usr/bin/github/A_Main_FreeDark/FreeDark_0003_GuitarPro_Music/TMDownload/Daylight Dies - Unending Waves.mp3 -> /mnt/samsung4t/lost+found/usr/bin/github/CodexWorkFolder/MusicPrj/Daylight Dies - Unending Waves.mp3
2026-08-01 18:56:18 | INFO | audio_filter_tools.storage | Copying local file /mnt/samsung4t/lost+found/usr/bin/github/A_Main_FreeDark/FreeDark_0003_GuitarPro_Music/TMDownload/03 - Doro - Last Day Of My Life.mp3 -> /mnt/samsung4t/lost+found/usr/bin/github/CodexWorkFolder/MusicPrj/03 - Doro - Last Day Of My Life.mp3
2026-08-01 18:56:18 | INFO | audio_filter_tools.storage | Copying local file /mnt/samsung4t/lost+found/usr/bin/github/A_Main_FreeDark/FreeDark_0003_GuitarPro_Music/TMDownload/Swallow The Sun - Weight of the Dead.mp3 -> /mnt/samsung4t/lost+found/usr/bin/github/CodexWorkFolder/MusicPrj/Swallow The Sun - Weight of the Dead.mp3
2026-08-01 18:56:18 | INFO | audio_filter_tools.storage | Copying local file /mnt/samsung4t/lost+found/usr/bin/github/A_Main_FreeDark/FreeDark_0003_GuitarPro_Music/TMDownload/10. Stonewall Jackson - I Love You Because.mp3 -> /mnt/samsung4t/lost+found/usr/bin/github/CodexWorkFolder/MusicPrj/10. Stonewall Jackson - I Love You Because.mp3
2026-08-01 18:56:18 | INFO | audio_filter_tools.storage | Copying local file /mnt/samsung4t/lost+found/usr/bin/github/A_Main_FreeDark/FreeDark_0003_GuitarPro_Music/TMDownload/Noumena - Metsän viha.mp3 -> /mnt/samsung4t/lost+found/usr/bin/github/CodexWorkFolder/MusicPrj/Noumena - Metsän viha.mp3
2026-08-01 18:56:19 | INFO | audio_filter_tools.storage | Copying local file /mnt/samsung4t/lost+found/usr/bin/github/A_Main_FreeDark/FreeDark_0003_GuitarPro_Music/TMDownload/Heidi Hauge - Just Between You and Me.mp3 -> /mnt/samsung4t/lost+found/usr/bin/github/CodexWorkFolder/MusicPrj/Heidi Hauge - Just Between You and Me.mp3
2026-08-01 18:56:19 | INFO | audio_filter_tools.storage | Copying local file /mnt/samsung4t/lost+found/usr/bin/github/A_Main_FreeDark/FreeDark_0003_GuitarPro_Music/TMDownload/Orden Ogan - We Are Pirates.mp3 -> /mnt/samsung4t/lost+found/usr/bin/github/CodexWorkFolder/MusicPrj/Orden Ogan - We Are Pirates.mp3
2026-08-01 18:56:19 | INFO | audio_filter_tools.storage | Copying local file /mnt/samsung4t/lost+found/usr/bin/github/A_Main_FreeDark/FreeDark_0003_GuitarPro_Music/TMDownload/Before the Dawn - Dreamer.mp3 -> /mnt/samsung4t/lost+found/usr/bin/github/CodexWorkFolder/MusicPrj/Before the Dawn - Dreamer.mp3
2026-08-01 18:56:19 | INFO | audio_filter_tools.storage | Copying local file /mnt/samsung4t/lost+found/usr/bin/github/A_Main_FreeDark/FreeDark_0003_GuitarPro_Music/TMDownload/Equilibrium - Eternal Destination.flac -> /mnt/samsung4t/lost+found/usr/bin/github/CodexWorkFolder/MusicPrj/Equilibrium - Eternal Destination.flac
2026-08-01 18:56:19 | INFO | audio_filter_tools.storage | Copying local file /mnt/samsung4t/lost+found/usr/bin/github/A_Main_FreeDark/FreeDark_0003_GuitarPro_Music/TMDownload/Mors Principium Est - Reclaim the Sun.mp3 -> /mnt/samsung4t/lost+found/usr/bin/github/CodexWorkFolder/MusicPrj/Mors Principium Est - Reclaim the Sun.mp3
2026-08-01 18:56:19 | INFO | audio_filter_tools.storage | Copying local file /mnt/samsung4t/lost+found/usr/bin/github/A_Main_FreeDark/FreeDark_0003_GuitarPro_Music/TMDownload/Alabama - You ve Got the Touch.flac -> /mnt/samsung4t/lost+found/usr/bin/github/CodexWorkFolder/MusicPrj/Alabama - You ve Got the Touch.flac
2026-08-01 18:56:19 | INFO | audio_filter_tools.storage | Copying local file /mnt/samsung4t/lost+found/usr/bin/github/A_Main_FreeDark/FreeDark_0003_GuitarPro_Music/TMDownload/Noumena - All Veiled.mp3 -> /mnt/samsung4t/lost+found/usr/bin/github/CodexWorkFolder/MusicPrj/Noumena - All Veiled.mp3
2026-08-01 18:56:19 | INFO | audio_filter_tools.storage | Copying local file /mnt/samsung4t/lost+found/usr/bin/github/A_Main_FreeDark/FreeDark_0003_GuitarPro_Music/TMDownload/Battle Beast - Unholy Savior.mp3 -> /mnt/samsung4t/lost+found/usr/bin/github/CodexWorkFolder/MusicPrj/Battle Beast - Unholy Savior.mp3
2026-08-01 18:56:19 | INFO | audio_filter_tools.storage | Copying local file /mnt/samsung4t/lost+found/usr/bin/github/A_Main_FreeDark/FreeDark_0003_GuitarPro_Music/TMDownload/Gamma Ray - Hell Is Thy Home.mp3 -> /mnt/samsung4t/lost+found/usr/bin/github/CodexWorkFolder/MusicPrj/Gamma Ray - Hell Is Thy Home.mp3
2026-08-01 18:56:19 | INFO | audio_filter_tools.storage | Copying local file /mnt/samsung4t/lost+found/usr/bin/github/A_Main_FreeDark/FreeDark_0003_GuitarPro_Music/TMDownload/Daylight Dies - All We Had.mp3 -> /mnt/samsung4t/lost+found/usr/bin/github/CodexWorkFolder/MusicPrj/Daylight Dies - All We Had.mp3
2026-08-01 18:56:19 | INFO | audio_filter_tools.storage | Copying local file /mnt/samsung4t/lost+found/usr/bin/github/A_Main_FreeDark/FreeDark_0003_GuitarPro_Music/TMDownload/October Tide - Tapestry of our End.mp3 -> /mnt/samsung4t/lost+found/usr/bin/github/CodexWorkFolder/MusicPrj/October Tide - Tapestry of our End.mp3
2026-08-01 18:56:19 | INFO | audio_filter_tools.storage | Copying local file /mnt/samsung4t/lost+found/usr/bin/github/A_Main_FreeDark/FreeDark_0003_GuitarPro_Music/TMDownload/Mors Principium Est - Spirit-conception.mp3 -> /mnt/samsung4t/lost+found/usr/bin/github/CodexWorkFolder/MusicPrj/Mors Principium Est - Spirit-conception.mp3
2026-08-01 18:56:19 | INFO | audio_filter_tools.storage | Copying local file /mnt/samsung4t/lost+found/usr/bin/github/A_Main_FreeDark/FreeDark_0003_GuitarPro_Music/TMDownload/Noumena - Ajaton.mp3 -> /mnt/samsung4t/lost+found/usr/bin/github/CodexWorkFolder/MusicPrj/Noumena - Ajaton.mp3
2026-08-01 18:56:19 | INFO | audio_filter_tools.storage | Copying local file /mnt/samsung4t/lost+found/usr/bin/github/A_Main_FreeDark/FreeDark_0003_GuitarPro_Music/TMDownload/Rapture - Silent Chrysalis Stage.mp3 -> /mnt/samsung4t/lost+found/usr/bin/github/CodexWorkFolder/MusicPrj/Rapture - Silent Chrysalis Stage.mp3
2026-08-01 18:56:19 | INFO | audio_filter_tools.storage | Copying local file /mnt/samsung4t/lost+found/usr/bin/github/A_Main_FreeDark/FreeDark_0003_GuitarPro_Music/TMDownload/Primal Fear - Nation in Fear.flac -> /mnt/samsung4t/lost+found/usr/bin/github/CodexWorkFolder/MusicPrj/Primal Fear - Nation in Fear.flac
2026-08-01 18:56:20 | INFO | audio_filter_tools.storage | Copying local file /mnt/samsung4t/lost+found/usr/bin/github/A_Main_FreeDark/FreeDark_0003_GuitarPro_Music/TMDownload/Vern Gosdin - I Like My Country Music Kinda Rock.mp3 -> /mnt/samsung4t/lost+found/usr/bin/github/CodexWorkFolder/MusicPrj/Vern Gosdin - I Like My Country Music Kinda Rock.mp3
2026-08-01 18:56:20 | INFO | audio_filter_tools.storage | Copying local file /mnt/samsung4t/lost+found/usr/bin/github/A_Main_FreeDark/FreeDark_0003_GuitarPro_Music/TMDownload/Before the Dawn - Father And Son.mp3 -> /mnt/samsung4t/lost+found/usr/bin/github/CodexWorkFolder/MusicPrj/Before the Dawn - Father And Son.mp3
2026-08-01 18:56:20 | INFO | audio_filter_tools.storage | Copying local file /mnt/samsung4t/lost+found/usr/bin/github/A_Main_FreeDark/FreeDark_0003_GuitarPro_Music/TMDownload/Mors Principium Est - In Torment.mp3 -> /mnt/samsung4t/lost+found/usr/bin/github/CodexWorkFolder/MusicPrj/Mors Principium Est - In Torment.mp3
2026-08-01 18:56:20 | INFO | audio_filter_tools.storage | Copying local file /mnt/samsung4t/lost+found/usr/bin/github/A_Main_FreeDark/FreeDark_0003_GuitarPro_Music/TMDownload/Falkenbach - Vanadis.flac -> /mnt/samsung4t/lost+found/usr/bin/github/CodexWorkFolder/MusicPrj/Falkenbach - Vanadis.flac
2026-08-01 18:56:20 | INFO | audio_filter_tools.storage | Copying local file /mnt/samsung4t/lost+found/usr/bin/github/A_Main_FreeDark/FreeDark_0003_GuitarPro_Music/TMDownload/Eternal Tears Of Sorrow - Autumn s Grief.mp3 -> /mnt/samsung4t/lost+found/usr/bin/github/CodexWorkFolder/MusicPrj/Eternal Tears Of Sorrow - Autumn s Grief.mp3
2026-08-01 18:56:20 | INFO | audio_filter_tools.storage | Copying local file /mnt/samsung4t/lost+found/usr/bin/github/A_Main_FreeDark/FreeDark_0003_GuitarPro_Music/TMDownload/03 Dark Tranquillity - Forward Momentum.mp3 -> /mnt/samsung4t/lost+found/usr/bin/github/CodexWorkFolder/MusicPrj/03 Dark Tranquillity - Forward Momentum.mp3
2026-08-01 18:56:20 | INFO | audio_filter_tools.storage | Copying local file /mnt/samsung4t/lost+found/usr/bin/github/A_Main_FreeDark/FreeDark_0003_GuitarPro_Music/TMDownload/Eternal Tears Of Sorrow - Sea of Whispers.mp3 -> /mnt/samsung4t/lost+found/usr/bin/github/CodexWorkFolder/MusicPrj/Eternal Tears Of Sorrow - Sea of Whispers.mp3
2026-08-01 18:56:20 | INFO | audio_filter_tools.storage | Copying local file /mnt/samsung4t/lost+found/usr/bin/github/A_Main_FreeDark/FreeDark_0003_GuitarPro_Music/TMDownload/Mors Principium Est - Apprentice of Death.mp3 -> /mnt/samsung4t/lost+found/usr/bin/github/CodexWorkFolder/MusicPrj/Mors Principium Est - Apprentice of Death.mp3
2026-08-01 18:56:20 | INFO | audio_filter_tools.storage | Copying local file /mnt/samsung4t/lost+found/usr/bin/github/A_Main_FreeDark/FreeDark_0003_GuitarPro_Music/TMDownload/Battle Beast - Far from Heaven.mp3 -> /mnt/samsung4t/lost+found/usr/bin/github/CodexWorkFolder/MusicPrj/Battle Beast - Far from Heaven.mp3
2026-08-01 18:56:20 | INFO | audio_filter_tools.storage | Copying local file /mnt/samsung4t/lost+found/usr/bin/github/A_Main_FreeDark/FreeDark_0003_GuitarPro_Music/TMDownload/Willie Nelson - Picture In A Frame (Album Version).mp3 -> /mnt/samsung4t/lost+found/usr/bin/github/CodexWorkFolder/MusicPrj/Willie Nelson - Picture In A Frame (Album Version).mp3
2026-08-01 18:56:20 | INFO | audio_filter_tools.storage | Copying local file /mnt/samsung4t/lost+found/usr/bin/github/A_Main_FreeDark/FreeDark_0003_GuitarPro_Music/TMDownload/Omnium Gatherum - Soul Journeys.mp3 -> /mnt/samsung4t/lost+found/usr/bin/github/CodexWorkFolder/MusicPrj/Omnium Gatherum - Soul Journeys.mp3
2026-08-01 18:56:20 | INFO | audio_filter_tools.storage | Copying local file /mnt/samsung4t/lost+found/usr/bin/github/A_Main_FreeDark/FreeDark_0003_GuitarPro_Music/TMDownload/03 Edguy - The Headless Game.mp3 -> /mnt/samsung4t/lost+found/usr/bin/github/CodexWorkFolder/MusicPrj/03 Edguy - The Headless Game.mp3
2026-08-01 18:56:20 | INFO | audio_filter_tools.storage | Copying local file /mnt/samsung4t/lost+found/usr/bin/github/A_Main_FreeDark/FreeDark_0003_GuitarPro_Music/TMDownload/Willie Nelson - Once Upon A Yesterday.mp3 -> /mnt/samsung4t/lost+found/usr/bin/github/CodexWorkFolder/MusicPrj/Willie Nelson - Once Upon A Yesterday.mp3
2026-08-01 18:56:20 | INFO | audio_filter_tools.storage | Copying local file /mnt/samsung4t/lost+found/usr/bin/github/A_Main_FreeDark/FreeDark_0003_GuitarPro_Music/TMDownload/Daylight Dies - And A Slow Surrender.mp3 -> /mnt/samsung4t/lost+found/usr/bin/github/CodexWorkFolder/MusicPrj/Daylight Dies - And A Slow Surrender.mp3
2026-08-01 18:56:21 | INFO | audio_filter_tools.storage | Copying local file /mnt/samsung4t/lost+found/usr/bin/github/A_Main_FreeDark/FreeDark_0003_GuitarPro_Music/TMDownload/Falkenbach - When Gjallarhorn Will Sound.flac -> /mnt/samsung4t/lost+found/usr/bin/github/CodexWorkFolder/MusicPrj/Falkenbach - When Gjallarhorn Will Sound.flac
2026-08-01 18:56:21 | INFO | audio_filter_tools.storage | Copying local file /mnt/samsung4t/lost+found/usr/bin/github/A_Main_FreeDark/FreeDark_0003_GuitarPro_Music/TMDownload/Confederate Railroad - When You Leave That Way You Can Never.mp3 -> /mnt/samsung4t/lost+found/usr/bin/github/CodexWorkFolder/MusicPrj/Confederate Railroad - When You Leave That Way You Can Never.mp3
2026-08-01 18:56:22 | INFO | audio_filter_tools.storage | Copying local file /mnt/samsung4t/lost+found/usr/bin/github/A_Main_FreeDark/FreeDark_0003_GuitarPro_Music/TMDownload/Battle Beast - Wings of Light.mp3 -> /mnt/samsung4t/lost+found/usr/bin/github/CodexWorkFolder/MusicPrj/Battle Beast - Wings of Light.mp3
2026-08-01 18:56:22 | INFO | audio_filter_tools.storage | Copying local file /mnt/samsung4t/lost+found/usr/bin/github/A_Main_FreeDark/FreeDark_0003_GuitarPro_Music/TMDownload/Sonata Arctica - The Dead Skin.mp3 -> /mnt/samsung4t/lost+found/usr/bin/github/CodexWorkFolder/MusicPrj/Sonata Arctica - The Dead Skin.mp3
2026-08-01 18:56:23 | INFO | audio_filter_tools.storage | Copying local file /mnt/samsung4t/lost+found/usr/bin/github/A_Main_FreeDark/FreeDark_0003_GuitarPro_Music/TMDownload/04 Omnium Gatherum - Rest in Your Heart.mp3 -> /mnt/samsung4t/lost+found/usr/bin/github/CodexWorkFolder/MusicPrj/04 Omnium Gatherum - Rest in Your Heart.mp3
2026-08-01 18:56:24 | INFO | audio_filter_tools.storage | Copying local file /mnt/samsung4t/lost+found/usr/bin/github/A_Main_FreeDark/FreeDark_0003_GuitarPro_Music/TMDownload/Running Wild - Battle of Waterloo.flac -> /mnt/samsung4t/lost+found/usr/bin/github/CodexWorkFolder/MusicPrj/Running Wild - Battle of Waterloo.flac
2026-08-01 18:56:26 | INFO | audio_filter_tools.storage | Copying local file /mnt/samsung4t/lost+found/usr/bin/github/A_Main_FreeDark/FreeDark_0003_GuitarPro_Music/TMDownload/Powerwolf - Where the Wild Wolves Have Gone.mp3 -> /mnt/samsung4t/lost+found/usr/bin/github/CodexWorkFolder/MusicPrj/Powerwolf - Where the Wild Wolves Have Gone.mp3
2026-08-01 18:56:26 | INFO | audio_filter_tools.storage | Copying local file /mnt/samsung4t/lost+found/usr/bin/github/A_Main_FreeDark/FreeDark_0003_GuitarPro_Music/TMDownload/Mors Principium Est - Last apprentice.mp3 -> /mnt/samsung4t/lost+found/usr/bin/github/CodexWorkFolder/MusicPrj/Mors Principium Est - Last apprentice.mp3
2026-08-01 18:56:26 | INFO | audio_filter_tools.storage | Copying local file /mnt/samsung4t/lost+found/usr/bin/github/A_Main_FreeDark/FreeDark_0003_GuitarPro_Music/TMDownload/Willie Nelson - Wonderful Future.mp3 -> /mnt/samsung4t/lost+found/usr/bin/github/CodexWorkFolder/MusicPrj/Willie Nelson - Wonderful Future.mp3
2026-08-01 18:56:26 | INFO | audio_filter_tools.storage | Copying local file /mnt/samsung4t/lost+found/usr/bin/github/A_Main_FreeDark/FreeDark_0003_GuitarPro_Music/TMDownload/01 Avantasia - The Seven Angels.mp3 -> /mnt/samsung4t/lost+found/usr/bin/github/CodexWorkFolder/MusicPrj/01 Avantasia - The Seven Angels.mp3
2026-08-01 18:56:26 | INFO | audio_filter_tools.storage | Copying local file /mnt/samsung4t/lost+found/usr/bin/github/A_Main_FreeDark/FreeDark_0003_GuitarPro_Music/TMDownload/Edguy - Fire on the Downline.mp3 -> /mnt/samsung4t/lost+found/usr/bin/github/CodexWorkFolder/MusicPrj/Edguy - Fire on the Downline.mp3
2026-08-01 18:56:26 | INFO | audio_filter_tools.storage | Copying local file /mnt/samsung4t/lost+found/usr/bin/github/A_Main_FreeDark/FreeDark_0003_GuitarPro_Music/TMDownload/07. Stonewall Jackson - Push the Panic Button.mp3 -> /mnt/samsung4t/lost+found/usr/bin/github/CodexWorkFolder/MusicPrj/07. Stonewall Jackson - Push the Panic Button.mp3
2026-08-01 18:56:26 | INFO | audio_filter_tools.storage | Copying local file /mnt/samsung4t/lost+found/usr/bin/github/A_Main_FreeDark/FreeDark_0003_GuitarPro_Music/TMDownload/Vern Gosdin - Slow Burnin  Memory.mp3 -> /mnt/samsung4t/lost+found/usr/bin/github/CodexWorkFolder/MusicPrj/Vern Gosdin - Slow Burnin  Memory.mp3
2026-08-01 18:56:26 | INFO | audio_filter_tools.storage | Copying local file /mnt/samsung4t/lost+found/usr/bin/github/A_Main_FreeDark/FreeDark_0003_GuitarPro_Music/TMDownload/Before the Dawn - Take My Pain.mp3 -> /mnt/samsung4t/lost+found/usr/bin/github/CodexWorkFolder/MusicPrj/Before the Dawn - Take My Pain.mp3
2026-08-01 18:56:26 | INFO | audio_filter_tools.storage | Copying local file /mnt/samsung4t/lost+found/usr/bin/github/A_Main_FreeDark/FreeDark_0003_GuitarPro_Music/TMDownload/Mercenary - Horizon.mp3 -> /mnt/samsung4t/lost+found/usr/bin/github/CodexWorkFolder/MusicPrj/Mercenary - Horizon.mp3
2026-08-01 18:56:26 | INFO | audio_filter_tools.storage | Copying local file /mnt/samsung4t/lost+found/usr/bin/github/A_Main_FreeDark/FreeDark_0003_GuitarPro_Music/TMDownload/Heidi Hauge - Turn It On, Turn It Up, Turn Me Loose.mp3 -> /mnt/samsung4t/lost+found/usr/bin/github/CodexWorkFolder/MusicPrj/Heidi Hauge - Turn It On, Turn It Up, Turn Me Loose.mp3
2026-08-01 18:56:26 | INFO | audio_filter_tools.storage | Copying local file /mnt/samsung4t/lost+found/usr/bin/github/A_Main_FreeDark/FreeDark_0003_GuitarPro_Music/TMDownload/Daylight Dies - Everything That Belongs.mp3 -> /mnt/samsung4t/lost+found/usr/bin/github/CodexWorkFolder/MusicPrj/Daylight Dies - Everything That Belongs.mp3
2026-08-01 18:56:26 | INFO | audio_filter_tools.storage | Copying local file /mnt/samsung4t/lost+found/usr/bin/github/A_Main_FreeDark/FreeDark_0003_GuitarPro_Music/TMDownload/10 Dissection - Internal Fire.mp3 -> /mnt/samsung4t/lost+found/usr/bin/github/CodexWorkFolder/MusicPrj/10 Dissection - Internal Fire.mp3
2026-08-01 18:56:26 | INFO | audio_filter_tools.storage | Copying local file /mnt/samsung4t/lost+found/usr/bin/github/A_Main_FreeDark/FreeDark_0003_GuitarPro_Music/TMDownload/Gamma Ray - Eagle.flac -> /mnt/samsung4t/lost+found/usr/bin/github/CodexWorkFolder/MusicPrj/Gamma Ray - Eagle.flac
2026-08-01 18:56:26 | INFO | audio_filter_tools.storage | Copying local file /mnt/samsung4t/lost+found/usr/bin/github/A_Main_FreeDark/FreeDark_0003_GuitarPro_Music/TMDownload/Soilwork - As We Speak.mp3 -> /mnt/samsung4t/lost+found/usr/bin/github/CodexWorkFolder/MusicPrj/Soilwork - As We Speak.mp3
2026-08-01 18:56:26 | INFO | audio_filter_tools.storage | Copying local file /mnt/samsung4t/lost+found/usr/bin/github/A_Main_FreeDark/FreeDark_0003_GuitarPro_Music/TMDownload/Noumena - Misanthropolis.mp3 -> /mnt/samsung4t/lost+found/usr/bin/github/CodexWorkFolder/MusicPrj/Noumena - Misanthropolis.mp3
2026-08-01 18:56:26 | INFO | audio_filter_tools.storage | Copying local file /mnt/samsung4t/lost+found/usr/bin/github/A_Main_FreeDark/FreeDark_0003_GuitarPro_Music/TMDownload/Mors Principium Est - The Lust Called Knowledge (Re-Recorded.mp3 -> /mnt/samsung4t/lost+found/usr/bin/github/CodexWorkFolder/MusicPrj/Mors Principium Est - The Lust Called Knowledge (Re-Recorded.mp3
2026-08-01 18:56:26 | INFO | audio_filter_tools.storage | Copying local file /mnt/samsung4t/lost+found/usr/bin/github/A_Main_FreeDark/FreeDark_0003_GuitarPro_Music/TMDownload/Agathodaimon - Departure.mp3 -> /mnt/samsung4t/lost+found/usr/bin/github/CodexWorkFolder/MusicPrj/Agathodaimon - Departure.mp3
2026-08-01 18:56:26 | INFO | audio_filter_tools.storage | Copying local file /mnt/samsung4t/lost+found/usr/bin/github/A_Main_FreeDark/FreeDark_0003_GuitarPro_Music/TMDownload/Withering Surface - Urban Glasses.mp3 -> /mnt/samsung4t/lost+found/usr/bin/github/CodexWorkFolder/MusicPrj/Withering Surface - Urban Glasses.mp3
2026-08-01 18:56:26 | INFO | audio_filter_tools.storage | Copying local file /mnt/samsung4t/lost+found/usr/bin/github/A_Main_FreeDark/FreeDark_0003_GuitarPro_Music/TMDownload/Wolfheart - Shores Of The Lake Simpele.mp3 -> /mnt/samsung4t/lost+found/usr/bin/github/CodexWorkFolder/MusicPrj/Wolfheart - Shores Of The Lake Simpele.mp3
2026-08-01 18:56:26 | INFO | audio_filter_tools.storage | Copying local file /mnt/samsung4t/lost+found/usr/bin/github/A_Main_FreeDark/FreeDark_0003_GuitarPro_Music/TMDownload/Equilibrium - Aus ferner Zeit.flac -> /mnt/samsung4t/lost+found/usr/bin/github/CodexWorkFolder/MusicPrj/Equilibrium - Aus ferner Zeit.flac
2026-08-01 18:56:26 | INFO | audio_filter_tools.storage | Copying local file /mnt/samsung4t/lost+found/usr/bin/github/A_Main_FreeDark/FreeDark_0003_GuitarPro_Music/TMDownload/Orden Ogan - Here at the End of the World.mp3 -> /mnt/samsung4t/lost+found/usr/bin/github/CodexWorkFolder/MusicPrj/Orden Ogan - Here at the End of the World.mp3
2026-08-01 18:56:26 | INFO | audio_filter_tools.storage | Copying local file /mnt/samsung4t/lost+found/usr/bin/github/A_Main_FreeDark/FreeDark_0003_GuitarPro_Music/TMDownload/October Tide - Heart Of The Dead.mp3 -> /mnt/samsung4t/lost+found/usr/bin/github/CodexWorkFolder/MusicPrj/October Tide - Heart Of The Dead.mp3
2026-08-01 18:56:26 | INFO | audio_filter_tools.storage | Copying local file /mnt/samsung4t/lost+found/usr/bin/github/A_Main_FreeDark/FreeDark_0003_GuitarPro_Music/TMDownload/Avantasia - Serpents In Paradise (Live).mp3 -> /mnt/samsung4t/lost+found/usr/bin/github/CodexWorkFolder/MusicPrj/Avantasia - Serpents In Paradise (Live).mp3
2026-08-01 18:56:26 | INFO | audio_filter_tools.storage | Copying local file /mnt/samsung4t/lost+found/usr/bin/github/A_Main_FreeDark/FreeDark_0003_GuitarPro_Music/TMDownload/Withering Surface - Where Dreamers Die.mp3 -> /mnt/samsung4t/lost+found/usr/bin/github/CodexWorkFolder/MusicPrj/Withering Surface - Where Dreamers Die.mp3
2026-08-01 18:56:26 | INFO | audio_filter_tools.storage | Copying local file /mnt/samsung4t/lost+found/usr/bin/github/A_Main_FreeDark/FreeDark_0003_GuitarPro_Music/TMDownload/Stonewall Jackson - Leona (4).flac -> /mnt/samsung4t/lost+found/usr/bin/github/CodexWorkFolder/MusicPrj/Stonewall Jackson - Leona (4).flac
2026-08-01 18:56:26 | INFO | audio_filter_tools.storage | Copying local file /mnt/samsung4t/lost+found/usr/bin/github/A_Main_FreeDark/FreeDark_0003_GuitarPro_Music/TMDownload/05 Borknagar - Wild Father's Heart.mp3 -> /mnt/samsung4t/lost+found/usr/bin/github/CodexWorkFolder/MusicPrj/05 Borknagar - Wild Father's Heart.mp3
2026-08-01 18:56:26 | INFO | audio_filter_tools.storage | Copying local file /mnt/samsung4t/lost+found/usr/bin/github/A_Main_FreeDark/FreeDark_0003_GuitarPro_Music/TMDownload/October Tide - Infinite Submission.mp3 -> /mnt/samsung4t/lost+found/usr/bin/github/CodexWorkFolder/MusicPrj/October Tide - Infinite Submission.mp3
2026-08-01 18:56:26 | INFO | audio_filter_tools.storage | Copying local file /mnt/samsung4t/lost+found/usr/bin/github/A_Main_FreeDark/FreeDark_0003_GuitarPro_Music/TMDownload/Mors Principium Est - Wrath of Indra.mp3 -> /mnt/samsung4t/lost+found/usr/bin/github/CodexWorkFolder/MusicPrj/Mors Principium Est - Wrath of Indra.mp3
2026-08-01 18:56:26 | INFO | audio_filter_tools.storage | Copying local file /mnt/samsung4t/lost+found/usr/bin/github/A_Main_FreeDark/FreeDark_0003_GuitarPro_Music/TMDownload/Running Wild - Treasure Island.mp3 -> /mnt/samsung4t/lost+found/usr/bin/github/CodexWorkFolder/MusicPrj/Running Wild - Treasure Island.mp3
2026-08-01 18:56:26 | INFO | audio_filter_tools.storage | Copying local file /mnt/samsung4t/lost+found/usr/bin/github/A_Main_FreeDark/FreeDark_0003_GuitarPro_Music/TMDownload/07 Shade Empire - Embrace the Gods of Suffering.mp3 -> /mnt/samsung4t/lost+found/usr/bin/github/CodexWorkFolder/MusicPrj/07 Shade Empire - Embrace the Gods of Suffering.mp3
2026-08-01 18:56:26 | INFO | audio_filter_tools.storage | Copying local file /mnt/samsung4t/lost+found/usr/bin/github/A_Main_FreeDark/FreeDark_0003_GuitarPro_Music/TMDownload/Vern Gosdin - Interview (Hangin  On).mp3 -> /mnt/samsung4t/lost+found/usr/bin/github/CodexWorkFolder/MusicPrj/Vern Gosdin - Interview (Hangin  On).mp3
2026-08-01 18:56:26 | INFO | audio_filter_tools.storage | Copying local file /mnt/samsung4t/lost+found/usr/bin/github/A_Main_FreeDark/FreeDark_0003_GuitarPro_Music/TMDownload/Equilibrium - Zwergenhammer.flac -> /mnt/samsung4t/lost+found/usr/bin/github/CodexWorkFolder/MusicPrj/Equilibrium - Zwergenhammer.flac
2026-08-01 18:56:27 | INFO | audio_filter_tools.storage | Copying local file /mnt/samsung4t/lost+found/usr/bin/github/A_Main_FreeDark/FreeDark_0003_GuitarPro_Music/TMDownload/October Tide - Our Constellation.mp3 -> /mnt/samsung4t/lost+found/usr/bin/github/CodexWorkFolder/MusicPrj/October Tide - Our Constellation.mp3
2026-08-01 18:56:27 | INFO | audio_filter_tools.storage | Copying local file /mnt/samsung4t/lost+found/usr/bin/github/A_Main_FreeDark/FreeDark_0003_GuitarPro_Music/TMDownload/01_Stonewall_Jackson_I'm_Just_An_Old_Chunk_Of_Coal_But_I'm_Gonna.mp3 -> /mnt/samsung4t/lost+found/usr/bin/github/CodexWorkFolder/MusicPrj/01_Stonewall_Jackson_I'm_Just_An_Old_Chunk_Of_Coal_But_I'm_Gonna.mp3
2026-08-01 18:56:27 | INFO | audio_filter_tools.storage | Copying local file /mnt/samsung4t/lost+found/usr/bin/github/A_Main_FreeDark/FreeDark_0003_GuitarPro_Music/TMDownload/Agathodaimon - Yesterday s Reprise.flac -> /mnt/samsung4t/lost+found/usr/bin/github/CodexWorkFolder/MusicPrj/Agathodaimon - Yesterday s Reprise.flac
2026-08-01 18:56:27 | INFO | audio_filter_tools.storage | Copying local file /mnt/samsung4t/lost+found/usr/bin/github/A_Main_FreeDark/FreeDark_0003_GuitarPro_Music/TMDownload/Eternal Tears Of Sorrow - Bhéan Sidhe.mp3 -> /mnt/samsung4t/lost+found/usr/bin/github/CodexWorkFolder/MusicPrj/Eternal Tears Of Sorrow - Bhéan Sidhe.mp3
2026-08-01 18:56:27 | INFO | audio_filter_tools.storage | Copying local file /mnt/samsung4t/lost+found/usr/bin/github/A_Main_FreeDark/FreeDark_0003_GuitarPro_Music/TMDownload/Confederate Railroad - Redneck Romeo.mp3 -> /mnt/samsung4t/lost+found/usr/bin/github/CodexWorkFolder/MusicPrj/Confederate Railroad - Redneck Romeo.mp3
2026-08-01 18:56:27 | INFO | audio_filter_tools.storage | Copying local file /mnt/samsung4t/lost+found/usr/bin/github/A_Main_FreeDark/FreeDark_0003_GuitarPro_Music/TMDownload/Mors Principium Est - Master of the Dead.mp3 -> /mnt/samsung4t/lost+found/usr/bin/github/CodexWorkFolder/MusicPrj/Mors Principium Est - Master of the Dead.mp3
2026-08-01 18:56:27 | INFO | audio_filter_tools.storage | Copying local file /mnt/samsung4t/lost+found/usr/bin/github/A_Main_FreeDark/FreeDark_0003_GuitarPro_Music/TMDownload/Battle Beast - Watch The Sky Fall.mp3 -> /mnt/samsung4t/lost+found/usr/bin/github/CodexWorkFolder/MusicPrj/Battle Beast - Watch The Sky Fall.mp3
2026-08-01 18:56:27 | INFO | audio_filter_tools.storage | Copying local file /mnt/samsung4t/lost+found/usr/bin/github/A_Main_FreeDark/FreeDark_0003_GuitarPro_Music/TMDownload/Agathodaimon - Les Posedes.flac -> /mnt/samsung4t/lost+found/usr/bin/github/CodexWorkFolder/MusicPrj/Agathodaimon - Les Posedes.flac
2026-08-01 18:56:27 | INFO | audio_filter_tools.storage | Copying local file /mnt/samsung4t/lost+found/usr/bin/github/A_Main_FreeDark/FreeDark_0003_GuitarPro_Music/TMDownload/10 Omnium Gatherum - Storm Front.mp3 -> /mnt/samsung4t/lost+found/usr/bin/github/CodexWorkFolder/MusicPrj/10 Omnium Gatherum - Storm Front.mp3
2026-08-01 18:56:27 | INFO | audio_filter_tools.storage | Copying local file /mnt/samsung4t/lost+found/usr/bin/github/A_Main_FreeDark/FreeDark_0003_GuitarPro_Music/TMDownload/Windir - Sognariket Sine Krigarar.mp3 -> /mnt/samsung4t/lost+found/usr/bin/github/CodexWorkFolder/MusicPrj/Windir - Sognariket Sine Krigarar.mp3
2026-08-01 18:56:27 | INFO | audio_filter_tools.storage | Copying local file /mnt/samsung4t/lost+found/usr/bin/github/A_Main_FreeDark/FreeDark_0003_GuitarPro_Music/TMDownload/Avantasia - In My Defence.mp3 -> /mnt/samsung4t/lost+found/usr/bin/github/CodexWorkFolder/MusicPrj/Avantasia - In My Defence.mp3
2026-08-01 18:56:27 | INFO | audio_filter_tools.storage | Copying local file /mnt/samsung4t/lost+found/usr/bin/github/A_Main_FreeDark/FreeDark_0003_GuitarPro_Music/TMDownload/02 Borknagar - Gods of My World.mp3 -> /mnt/samsung4t/lost+found/usr/bin/github/CodexWorkFolder/MusicPrj/02 Borknagar - Gods of My World.mp3
2026-08-01 18:56:27 | INFO | audio_filter_tools.storage | Copying local file /mnt/samsung4t/lost+found/usr/bin/github/A_Main_FreeDark/FreeDark_0003_GuitarPro_Music/TMDownload/08 Powerwolf - The Sacrament of Sin.mp3 -> /mnt/samsung4t/lost+found/usr/bin/github/CodexWorkFolder/MusicPrj/08 Powerwolf - The Sacrament of Sin.mp3
2026-08-01 18:56:27 | INFO | audio_filter_tools.storage | Copying local file /mnt/samsung4t/lost+found/usr/bin/github/A_Main_FreeDark/FreeDark_0003_GuitarPro_Music/TMDownload/Moonsorrow - Sankarihauta.mp3 -> /mnt/samsung4t/lost+found/usr/bin/github/CodexWorkFolder/MusicPrj/Moonsorrow - Sankarihauta.mp3
2026-08-01 18:56:27 | INFO | audio_filter_tools.storage | Copying local file /mnt/samsung4t/lost+found/usr/bin/github/A_Main_FreeDark/FreeDark_0003_GuitarPro_Music/TMDownload/03 Saturnus - Empty Handed.mp3 -> /mnt/samsung4t/lost+found/usr/bin/github/CodexWorkFolder/MusicPrj/03 Saturnus - Empty Handed.mp3
2026-08-01 18:56:27 | INFO | audio_filter_tools.storage | Copying local file /mnt/samsung4t/lost+found/usr/bin/github/A_Main_FreeDark/FreeDark_0003_GuitarPro_Music/TMDownload/Edguy - Superheroes (Live).mp3 -> /mnt/samsung4t/lost+found/usr/bin/github/CodexWorkFolder/MusicPrj/Edguy - Superheroes (Live).mp3
2026-08-01 18:56:27 | INFO | audio_filter_tools.storage | Copying local file /mnt/samsung4t/lost+found/usr/bin/github/A_Main_FreeDark/FreeDark_0003_GuitarPro_Music/TMDownload/Moonsorrow - Kylän päässä.mp3 -> /mnt/samsung4t/lost+found/usr/bin/github/CodexWorkFolder/MusicPrj/Moonsorrow - Kylän päässä.mp3
2026-08-01 18:56:27 | INFO | audio_filter_tools.storage | Copying local file /mnt/samsung4t/lost+found/usr/bin/github/A_Main_FreeDark/FreeDark_0003_GuitarPro_Music/TMDownload/Agathodaimon - Ghost of a Soul.flac -> /mnt/samsung4t/lost+found/usr/bin/github/CodexWorkFolder/MusicPrj/Agathodaimon - Ghost of a Soul.flac
2026-08-01 18:56:27 | INFO | audio_filter_tools.storage | Copying local file /mnt/samsung4t/lost+found/usr/bin/github/A_Main_FreeDark/FreeDark_0003_GuitarPro_Music/TMDownload/Lake Of Tears - Hold on Tight.mp3 -> /mnt/samsung4t/lost+found/usr/bin/github/CodexWorkFolder/MusicPrj/Lake Of Tears - Hold on Tight.mp3
2026-08-01 18:56:27 | INFO | audio_filter_tools.storage | Copying local file /mnt/samsung4t/lost+found/usr/bin/github/A_Main_FreeDark/FreeDark_0003_GuitarPro_Music/TMDownload/Gamma Ray - How Long.mp3 -> /mnt/samsung4t/lost+found/usr/bin/github/CodexWorkFolder/MusicPrj/Gamma Ray - How Long.mp3
2026-08-01 18:56:27 | INFO | audio_filter_tools.storage | Copying local file /mnt/samsung4t/lost+found/usr/bin/github/A_Main_FreeDark/FreeDark_0003_GuitarPro_Music/TMDownload/Avantasia - Neverland.mp3 -> /mnt/samsung4t/lost+found/usr/bin/github/CodexWorkFolder/MusicPrj/Avantasia - Neverland.mp3
2026-08-01 18:56:27 | INFO | audio_filter_tools.storage | Copying local file /mnt/samsung4t/lost+found/usr/bin/github/A_Main_FreeDark/FreeDark_0003_GuitarPro_Music/TMDownload/Gamma Ray - Damn the Machine.flac -> /mnt/samsung4t/lost+found/usr/bin/github/CodexWorkFolder/MusicPrj/Gamma Ray - Damn the Machine.flac
2026-08-01 18:56:27 | INFO | audio_filter_tools.storage | Copying local file /mnt/samsung4t/lost+found/usr/bin/github/A_Main_FreeDark/FreeDark_0003_GuitarPro_Music/TMDownload/Mercenary - A Darker Shade of Black.mp3 -> /mnt/samsung4t/lost+found/usr/bin/github/CodexWorkFolder/MusicPrj/Mercenary - A Darker Shade of Black.mp3
2026-08-01 18:56:27 | INFO | audio_filter_tools.storage | Copying local file /mnt/samsung4t/lost+found/usr/bin/github/A_Main_FreeDark/FreeDark_0003_GuitarPro_Music/TMDownload/Agathodaimon - Paradise Beyond.mp3 -> /mnt/samsung4t/lost+found/usr/bin/github/CodexWorkFolder/MusicPrj/Agathodaimon - Paradise Beyond.mp3
2026-08-01 18:56:27 | INFO | audio_filter_tools.storage | Copying local file /mnt/samsung4t/lost+found/usr/bin/github/A_Main_FreeDark/FreeDark_0003_GuitarPro_Music/TMDownload/Eternal Tears of Sorrow - Blood Stained Sea.mp3 -> /mnt/samsung4t/lost+found/usr/bin/github/CodexWorkFolder/MusicPrj/Eternal Tears of Sorrow - Blood Stained Sea.mp3
2026-08-01 18:56:27 | INFO | audio_filter_tools.storage | Copying local file /mnt/samsung4t/lost+found/usr/bin/github/A_Main_FreeDark/FreeDark_0003_GuitarPro_Music/TMDownload/Equilibrium - Dämmerung.flac -> /mnt/samsung4t/lost+found/usr/bin/github/CodexWorkFolder/MusicPrj/Equilibrium - Dämmerung.flac
2026-08-01 18:56:27 | INFO | audio_filter_tools.storage | Copying local file /mnt/samsung4t/lost+found/usr/bin/github/A_Main_FreeDark/FreeDark_0003_GuitarPro_Music/TMDownload/Willie Nelson - I Let My Mind Wander.mp3 -> /mnt/samsung4t/lost+found/usr/bin/github/CodexWorkFolder/MusicPrj/Willie Nelson - I Let My Mind Wander.mp3
2026-08-01 18:56:27 | INFO | audio_filter_tools.storage | Copying local file /mnt/samsung4t/lost+found/usr/bin/github/A_Main_FreeDark/FreeDark_0003_GuitarPro_Music/TMDownload/Battle Beast - Russian Roulette.mp3 -> /mnt/samsung4t/lost+found/usr/bin/github/CodexWorkFolder/MusicPrj/Battle Beast - Russian Roulette.mp3
2026-08-01 18:56:27 | INFO | audio_filter_tools.storage | Copying local file /mnt/samsung4t/lost+found/usr/bin/github/A_Main_FreeDark/FreeDark_0003_GuitarPro_Music/TMDownload/02_Gamma_Ray_Empathy_Live_from_the_Final_Studio_Sessions.mp3 -> /mnt/samsung4t/lost+found/usr/bin/github/CodexWorkFolder/MusicPrj/02_Gamma_Ray_Empathy_Live_from_the_Final_Studio_Sessions.mp3
2026-08-01 18:56:27 | INFO | audio_filter_tools.storage | Copying local file /mnt/samsung4t/lost+found/usr/bin/github/A_Main_FreeDark/FreeDark_0003_GuitarPro_Music/TMDownload/Primal Fear - Kill the King (By Primal Fear).mp3 -> /mnt/samsung4t/lost+found/usr/bin/github/CodexWorkFolder/MusicPrj/Primal Fear - Kill the King (By Primal Fear).mp3
2026-08-01 18:56:28 | INFO | audio_filter_tools.storage | Copying local file /mnt/samsung4t/lost+found/usr/bin/github/A_Main_FreeDark/FreeDark_0003_GuitarPro_Music/TMDownload/Mercenary - Alliance.mp3 -> /mnt/samsung4t/lost+found/usr/bin/github/CodexWorkFolder/MusicPrj/Mercenary - Alliance.mp3
2026-08-01 18:56:28 | INFO | audio_filter_tools.storage | Copying local file /mnt/samsung4t/lost+found/usr/bin/github/A_Main_FreeDark/FreeDark_0003_GuitarPro_Music/TMDownload/Battle Beast - God of War.mp3 -> /mnt/samsung4t/lost+found/usr/bin/github/CodexWorkFolder/MusicPrj/Battle Beast - God of War.mp3
2026-08-01 18:56:28 | INFO | audio_filter_tools.storage | Copying local file /mnt/samsung4t/lost+found/usr/bin/github/A_Main_FreeDark/FreeDark_0003_GuitarPro_Music/TMDownload/Withering Surface - Superior Seed.mp3 -> /mnt/samsung4t/lost+found/usr/bin/github/CodexWorkFolder/MusicPrj/Withering Surface - Superior Seed.mp3
2026-08-01 18:56:28 | INFO | audio_filter_tools.storage | Copying local file /mnt/samsung4t/lost+found/usr/bin/github/A_Main_FreeDark/FreeDark_0003_GuitarPro_Music/TMDownload/Gamma Ray - Majesty.mp3 -> /mnt/samsung4t/lost+found/usr/bin/github/CodexWorkFolder/MusicPrj/Gamma Ray - Majesty.mp3
2026-08-01 18:56:28 | INFO | audio_filter_tools.storage | Copying local file /mnt/samsung4t/lost+found/usr/bin/github/A_Main_FreeDark/FreeDark_0003_GuitarPro_Music/TMDownload/Willie Nelson - Many A Long And Lonesome Highway.mp3 -> /mnt/samsung4t/lost+found/usr/bin/github/CodexWorkFolder/MusicPrj/Willie Nelson - Many A Long And Lonesome Highway.mp3
2026-08-01 18:56:28 | INFO | audio_filter_tools.storage | Copying local file /mnt/samsung4t/lost+found/usr/bin/github/A_Main_FreeDark/FreeDark_0003_GuitarPro_Music/TMDownload/Battle Beast - Into the Heart of Danger.mp3 -> /mnt/samsung4t/lost+found/usr/bin/github/CodexWorkFolder/MusicPrj/Battle Beast - Into the Heart of Danger.mp3
2026-08-01 18:56:28 | INFO | audio_filter_tools.storage | Copying local file /mnt/samsung4t/lost+found/usr/bin/github/A_Main_FreeDark/FreeDark_0003_GuitarPro_Music/TMDownload/October Tide - Stars Starve Me.mp3 -> /mnt/samsung4t/lost+found/usr/bin/github/CodexWorkFolder/MusicPrj/October Tide - Stars Starve Me.mp3
2026-08-01 18:56:28 | INFO | audio_filter_tools.storage | Copying local file /mnt/samsung4t/lost+found/usr/bin/github/A_Main_FreeDark/FreeDark_0003_GuitarPro_Music/TMDownload/Eternal Tears Of Sorrow - Blood of Faith Stains My Soul.mp3 -> /mnt/samsung4t/lost+found/usr/bin/github/CodexWorkFolder/MusicPrj/Eternal Tears Of Sorrow - Blood of Faith Stains My Soul.mp3
2026-08-01 18:56:28 | INFO | audio_filter_tools.storage | Copying local file /mnt/samsung4t/lost+found/usr/bin/github/A_Main_FreeDark/FreeDark_0003_GuitarPro_Music/TMDownload/Running Wild - Purgatory.flac -> /mnt/samsung4t/lost+found/usr/bin/github/CodexWorkFolder/MusicPrj/Running Wild - Purgatory.flac
2026-08-01 18:56:28 | INFO | audio_filter_tools.storage | Copying local file /mnt/samsung4t/lost+found/usr/bin/github/A_Main_FreeDark/FreeDark_0003_GuitarPro_Music/TMDownload/Beast In Black - Oceandeep.mp3 -> /mnt/samsung4t/lost+found/usr/bin/github/CodexWorkFolder/MusicPrj/Beast In Black - Oceandeep.mp3
2026-08-01 18:56:28 | INFO | audio_filter_tools.storage | Copying local file /mnt/samsung4t/lost+found/usr/bin/github/A_Main_FreeDark/FreeDark_0003_GuitarPro_Music/TMDownload/Withering Surface - A Lily White Sign.mp3 -> /mnt/samsung4t/lost+found/usr/bin/github/CodexWorkFolder/MusicPrj/Withering Surface - A Lily White Sign.mp3
2026-08-01 18:56:28 | INFO | audio_filter_tools.storage | Copying local file /mnt/samsung4t/lost+found/usr/bin/github/A_Main_FreeDark/FreeDark_0003_GuitarPro_Music/TMDownload/Gamma Ray - Demonseed (Live from the Final Studio Sessions).flac -> /mnt/samsung4t/lost+found/usr/bin/github/CodexWorkFolder/MusicPrj/Gamma Ray - Demonseed (Live from the Final Studio Sessions).flac
2026-08-01 18:56:28 | INFO | audio_filter_tools.storage | Copying local file /mnt/samsung4t/lost+found/usr/bin/github/A_Main_FreeDark/FreeDark_0003_GuitarPro_Music/TMDownload/Before the Dawn - The Black (Live at Nosturi).mp3 -> /mnt/samsung4t/lost+found/usr/bin/github/CodexWorkFolder/MusicPrj/Before the Dawn - The Black (Live at Nosturi).mp3
2026-08-01 18:56:28 | INFO | audio_filter_tools.storage | Copying local file /mnt/samsung4t/lost+found/usr/bin/github/A_Main_FreeDark/FreeDark_0003_GuitarPro_Music/TMDownload/Edguy - Wash Away the Poison (Remastered 2021).mp3 -> /mnt/samsung4t/lost+found/usr/bin/github/CodexWorkFolder/MusicPrj/Edguy - Wash Away the Poison (Remastered 2021).mp3
2026-08-01 18:56:28 | INFO | audio_filter_tools.storage | Copying local file /mnt/samsung4t/lost+found/usr/bin/github/A_Main_FreeDark/FreeDark_0003_GuitarPro_Music/TMDownload/Agathodaimon - Burden Of Time.flac -> /mnt/samsung4t/lost+found/usr/bin/github/CodexWorkFolder/MusicPrj/Agathodaimon - Burden Of Time.flac
2026-08-01 18:56:28 | INFO | audio_filter_tools.storage | Copying local file /mnt/samsung4t/lost+found/usr/bin/github/A_Main_FreeDark/FreeDark_0003_GuitarPro_Music/TMDownload/Stonewall Jackson - Me   You and a Dog Named Boo.flac -> /mnt/samsung4t/lost+found/usr/bin/github/CodexWorkFolder/MusicPrj/Stonewall Jackson - Me   You and a Dog Named Boo.flac
2026-08-01 18:56:28 | INFO | audio_filter_tools.storage | Copying local file /mnt/samsung4t/lost+found/usr/bin/github/A_Main_FreeDark/FreeDark_0003_GuitarPro_Music/TMDownload/Willie Nelson - Pretend I Never Happened.mp3 -> /mnt/samsung4t/lost+found/usr/bin/github/CodexWorkFolder/MusicPrj/Willie Nelson - Pretend I Never Happened.mp3
2026-08-01 18:56:28 | INFO | audio_filter_tools.storage | Copying local file /mnt/samsung4t/lost+found/usr/bin/github/A_Main_FreeDark/FreeDark_0003_GuitarPro_Music/TMDownload/08. Running Wild - Lead Or Gold.mp3 -> /mnt/samsung4t/lost+found/usr/bin/github/CodexWorkFolder/MusicPrj/08. Running Wild - Lead Or Gold.mp3
2026-08-01 18:56:28 | INFO | audio_filter_tools.storage | Copying local file /mnt/samsung4t/lost+found/usr/bin/github/A_Main_FreeDark/FreeDark_0003_GuitarPro_Music/TMDownload/Before the Dawn - Painless.mp3 -> /mnt/samsung4t/lost+found/usr/bin/github/CodexWorkFolder/MusicPrj/Before the Dawn - Painless.mp3
2026-08-01 18:56:28 | INFO | audio_filter_tools.storage | Copying local file /mnt/samsung4t/lost+found/usr/bin/github/A_Main_FreeDark/FreeDark_0003_GuitarPro_Music/TMDownload/Shade Empire - Demonized.mp3 -> /mnt/samsung4t/lost+found/usr/bin/github/CodexWorkFolder/MusicPrj/Shade Empire - Demonized.mp3
2026-08-01 18:56:28 | INFO | audio_filter_tools.storage | Copying local file /mnt/samsung4t/lost+found/usr/bin/github/A_Main_FreeDark/FreeDark_0003_GuitarPro_Music/TMDownload/Powerwolf - Nightcrawler - Exclusive Bonus Track.mp3 -> /mnt/samsung4t/lost+found/usr/bin/github/CodexWorkFolder/MusicPrj/Powerwolf - Nightcrawler - Exclusive Bonus Track.mp3
2026-08-01 18:56:28 | INFO | audio_filter_tools.storage | Copying local file /mnt/samsung4t/lost+found/usr/bin/github/A_Main_FreeDark/FreeDark_0003_GuitarPro_Music/TMDownload/Konkhra - Inhuman.mp3 -> /mnt/samsung4t/lost+found/usr/bin/github/CodexWorkFolder/MusicPrj/Konkhra - Inhuman.mp3
2026-08-01 18:56:28 | INFO | audio_filter_tools.storage | Copying local file /mnt/samsung4t/lost+found/usr/bin/github/A_Main_FreeDark/FreeDark_0003_GuitarPro_Music/TMDownload/Gamma Ray - Hellbent.flac -> /mnt/samsung4t/lost+found/usr/bin/github/CodexWorkFolder/MusicPrj/Gamma Ray - Hellbent.flac
2026-08-01 18:56:28 | INFO | audio_filter_tools.storage | Copying local file /mnt/samsung4t/lost+found/usr/bin/github/A_Main_FreeDark/FreeDark_0003_GuitarPro_Music/TMDownload/Soilwork - The Chainheart Machine.mp3 -> /mnt/samsung4t/lost+found/usr/bin/github/CodexWorkFolder/MusicPrj/Soilwork - The Chainheart Machine.mp3
2026-08-01 18:56:28 | INFO | audio_filter_tools.storage | Copying local file /mnt/samsung4t/lost+found/usr/bin/github/A_Main_FreeDark/FreeDark_0003_GuitarPro_Music/TMDownload/Avantasia - The Scarecrow.mp3 -> /mnt/samsung4t/lost+found/usr/bin/github/CodexWorkFolder/MusicPrj/Avantasia - The Scarecrow.mp3
2026-08-01 18:56:29 | INFO | audio_filter_tools.storage | Copying local file /mnt/samsung4t/lost+found/usr/bin/github/A_Main_FreeDark/FreeDark_0003_GuitarPro_Music/TMDownload/Wolfheart - Whiteout.mp3 -> /mnt/samsung4t/lost+found/usr/bin/github/CodexWorkFolder/MusicPrj/Wolfheart - Whiteout.mp3
2026-08-01 18:56:29 | INFO | audio_filter_tools.storage | Copying local file /mnt/samsung4t/lost+found/usr/bin/github/A_Main_FreeDark/FreeDark_0003_GuitarPro_Music/TMDownload/October Tide - Adoring Ashes.mp3 -> /mnt/samsung4t/lost+found/usr/bin/github/CodexWorkFolder/MusicPrj/October Tide - Adoring Ashes.mp3
2026-08-01 18:56:29 | INFO | audio_filter_tools.storage | Copying local file /mnt/samsung4t/lost+found/usr/bin/github/A_Main_FreeDark/FreeDark_0003_GuitarPro_Music/TMDownload/Gamma Ray - Shine Forver.flac -> /mnt/samsung4t/lost+found/usr/bin/github/CodexWorkFolder/MusicPrj/Gamma Ray - Shine Forver.flac
2026-08-01 18:56:29 | INFO | audio_filter_tools.storage | Copying local file /mnt/samsung4t/lost+found/usr/bin/github/A_Main_FreeDark/FreeDark_0003_GuitarPro_Music/TMDownload/Shade Empire - Maroon.mp3 -> /mnt/samsung4t/lost+found/usr/bin/github/CodexWorkFolder/MusicPrj/Shade Empire - Maroon.mp3
2026-08-01 18:56:29 | INFO | audio_filter_tools.storage | Copying local file /mnt/samsung4t/lost+found/usr/bin/github/A_Main_FreeDark/FreeDark_0003_GuitarPro_Music/TMDownload/Vern Gosdin - This Ain t My First Rodeo.mp3 -> /mnt/samsung4t/lost+found/usr/bin/github/CodexWorkFolder/MusicPrj/Vern Gosdin - This Ain t My First Rodeo.mp3
2026-08-01 18:56:29 | INFO | audio_filter_tools.storage | Copying local file /mnt/samsung4t/lost+found/usr/bin/github/A_Main_FreeDark/FreeDark_0003_GuitarPro_Music/TMDownload/Battle Beast - Sea of Dreams.mp3 -> /mnt/samsung4t/lost+found/usr/bin/github/CodexWorkFolder/MusicPrj/Battle Beast - Sea of Dreams.mp3
2026-08-01 18:56:29 | INFO | audio_filter_tools.storage | Copying local file /mnt/samsung4t/lost+found/usr/bin/github/A_Main_FreeDark/FreeDark_0003_GuitarPro_Music/TMDownload/October Tide - Peaceful, Quiet, Safe.mp3 -> /mnt/samsung4t/lost+found/usr/bin/github/CodexWorkFolder/MusicPrj/October Tide - Peaceful, Quiet, Safe.mp3
2026-08-01 18:56:29 | INFO | audio_filter_tools.storage | Copying local file /mnt/samsung4t/lost+found/usr/bin/github/A_Main_FreeDark/FreeDark_0003_GuitarPro_Music/TMDownload/Gamma Ray - Empire Of The Undead.mp3 -> /mnt/samsung4t/lost+found/usr/bin/github/CodexWorkFolder/MusicPrj/Gamma Ray - Empire Of The Undead.mp3
2026-08-01 18:56:29 | INFO | audio_filter_tools.storage | Copying local file /mnt/samsung4t/lost+found/usr/bin/github/A_Main_FreeDark/FreeDark_0003_GuitarPro_Music/TMDownload/Edguy - Under The Moon.mp3 -> /mnt/samsung4t/lost+found/usr/bin/github/CodexWorkFolder/MusicPrj/Edguy - Under The Moon.mp3
2026-08-01 18:56:29 | INFO | audio_filter_tools.storage | Copying local file /mnt/samsung4t/lost+found/usr/bin/github/A_Main_FreeDark/FreeDark_0003_GuitarPro_Music/TMDownload/Noumena - Retrospection.mp3 -> /mnt/samsung4t/lost+found/usr/bin/github/CodexWorkFolder/MusicPrj/Noumena - Retrospection.mp3
2026-08-01 18:56:29 | INFO | audio_filter_tools.storage | Copying local file /mnt/samsung4t/lost+found/usr/bin/github/A_Main_FreeDark/FreeDark_0003_GuitarPro_Music/TMDownload/Beast In Black - Cry out for a Hero.mp3 -> /mnt/samsung4t/lost+found/usr/bin/github/CodexWorkFolder/MusicPrj/Beast In Black - Cry out for a Hero.mp3
2026-08-01 18:56:29 | INFO | audio_filter_tools.storage | Copying local file /mnt/samsung4t/lost+found/usr/bin/github/A_Main_FreeDark/FreeDark_0003_GuitarPro_Music/TMDownload/Omnium Gatherum - The Burning.mp3 -> /mnt/samsung4t/lost+found/usr/bin/github/CodexWorkFolder/MusicPrj/Omnium Gatherum - The Burning.mp3
2026-08-01 18:56:29 | INFO | audio_filter_tools.storage | Copying local file /mnt/samsung4t/lost+found/usr/bin/github/A_Main_FreeDark/FreeDark_0003_GuitarPro_Music/TMDownload/Dissection - Unhallowed (Live).mp3 -> /mnt/samsung4t/lost+found/usr/bin/github/CodexWorkFolder/MusicPrj/Dissection - Unhallowed (Live).mp3
2026-08-01 18:56:29 | INFO | audio_filter_tools.storage | Copying local file /mnt/samsung4t/lost+found/usr/bin/github/A_Main_FreeDark/FreeDark_0003_GuitarPro_Music/TMDownload/Orden Ogan - ... And If You Do Right.mp3 -> /mnt/samsung4t/lost+found/usr/bin/github/CodexWorkFolder/MusicPrj/Orden Ogan - ... And If You Do Right.mp3
2026-08-01 18:56:29 | INFO | audio_filter_tools.storage | Copying local file /mnt/samsung4t/lost+found/usr/bin/github/A_Main_FreeDark/FreeDark_0003_GuitarPro_Music/TMDownload/Equilibrium - Rise Again.flac -> /mnt/samsung4t/lost+found/usr/bin/github/CodexWorkFolder/MusicPrj/Equilibrium - Rise Again.flac
2026-08-01 18:56:29 | INFO | audio_filter_tools.storage | Copying local file /mnt/samsung4t/lost+found/usr/bin/github/A_Main_FreeDark/FreeDark_0003_GuitarPro_Music/TMDownload/Beast In Black - Blind and Frozen.mp3 -> /mnt/samsung4t/lost+found/usr/bin/github/CodexWorkFolder/MusicPrj/Beast In Black - Blind and Frozen.mp3
2026-08-01 18:56:29 | INFO | audio_filter_tools.storage | Copying local file /mnt/samsung4t/lost+found/usr/bin/github/A_Main_FreeDark/FreeDark_0003_GuitarPro_Music/TMDownload/Before the Dawn - Closure.mp3 -> /mnt/samsung4t/lost+found/usr/bin/github/CodexWorkFolder/MusicPrj/Before the Dawn - Closure.mp3
2026-08-01 18:56:29 | INFO | audio_filter_tools.storage | Copying local file /mnt/samsung4t/lost+found/usr/bin/github/A_Main_FreeDark/FreeDark_0003_GuitarPro_Music/TMDownload/Gamma Ray - Heading For Tomorrow.mp3 -> /mnt/samsung4t/lost+found/usr/bin/github/CodexWorkFolder/MusicPrj/Gamma Ray - Heading For Tomorrow.mp3
2026-08-01 18:56:29 | INFO | audio_filter_tools.storage | Copying local file /mnt/samsung4t/lost+found/usr/bin/github/A_Main_FreeDark/FreeDark_0003_GuitarPro_Music/TMDownload/Swallow The Sun - Lights on the Lake (Horror Pt. III).mp3 -> /mnt/samsung4t/lost+found/usr/bin/github/CodexWorkFolder/MusicPrj/Swallow The Sun - Lights on the Lake (Horror Pt. III).mp3
2026-08-01 18:56:29 | INFO | audio_filter_tools.storage | Copying local file /mnt/samsung4t/lost+found/usr/bin/github/A_Main_FreeDark/FreeDark_0003_GuitarPro_Music/TMDownload/05 Powerwolf - Demons & Diamonds.mp3 -> /mnt/samsung4t/lost+found/usr/bin/github/CodexWorkFolder/MusicPrj/05 Powerwolf - Demons & Diamonds.mp3
2026-08-01 18:56:29 | INFO | audio_filter_tools.storage | Copying local file /mnt/samsung4t/lost+found/usr/bin/github/A_Main_FreeDark/FreeDark_0003_GuitarPro_Music/TMDownload/Battle Beast - Bastard Son of Odin.mp3 -> /mnt/samsung4t/lost+found/usr/bin/github/CodexWorkFolder/MusicPrj/Battle Beast - Bastard Son of Odin.mp3
2026-08-01 18:56:29 | INFO | audio_filter_tools.storage | Copying local file /mnt/samsung4t/lost+found/usr/bin/github/A_Main_FreeDark/FreeDark_0003_GuitarPro_Music/TMDownload/Mercenary - 11 Dreams.mp3 -> /mnt/samsung4t/lost+found/usr/bin/github/CodexWorkFolder/MusicPrj/Mercenary - 11 Dreams.mp3
2026-08-01 18:56:29 | INFO | audio_filter_tools.storage | Copying local file /mnt/samsung4t/lost+found/usr/bin/github/A_Main_FreeDark/FreeDark_0003_GuitarPro_Music/TMDownload/03 Dark Tranquillity - Terminus (Where Death is Most Alive).mp3 -> /mnt/samsung4t/lost+found/usr/bin/github/CodexWorkFolder/MusicPrj/03 Dark Tranquillity - Terminus (Where Death is Most Alive).mp3
2026-08-01 18:56:29 | INFO | audio_filter_tools.storage | Copying local file /mnt/samsung4t/lost+found/usr/bin/github/A_Main_FreeDark/FreeDark_0003_GuitarPro_Music/TMDownload/Powerwolf - Sanctified with Dynamite.mp3 -> /mnt/samsung4t/lost+found/usr/bin/github/CodexWorkFolder/MusicPrj/Powerwolf - Sanctified with Dynamite.mp3
2026-08-01 18:56:29 | INFO | audio_filter_tools.storage | Copying local file /mnt/samsung4t/lost+found/usr/bin/github/A_Main_FreeDark/FreeDark_0003_GuitarPro_Music/TMDownload/Moonsorrow - Pakanajuhla.mp3 -> /mnt/samsung4t/lost+found/usr/bin/github/CodexWorkFolder/MusicPrj/Moonsorrow - Pakanajuhla.mp3
2026-08-01 18:56:29 | INFO | audio_filter_tools.storage | Copying local file /mnt/samsung4t/lost+found/usr/bin/github/A_Main_FreeDark/FreeDark_0003_GuitarPro_Music/TMDownload/Powerwolf - Dead Boys Don t Cry.mp3 -> /mnt/samsung4t/lost+found/usr/bin/github/CodexWorkFolder/MusicPrj/Powerwolf - Dead Boys Don t Cry.mp3
2026-08-01 18:56:29 | INFO | audio_filter_tools.storage | Copying local file /mnt/samsung4t/lost+found/usr/bin/github/A_Main_FreeDark/FreeDark_0003_GuitarPro_Music/TMDownload/01 Orden Ogan - Gunman.mp3 -> /mnt/samsung4t/lost+found/usr/bin/github/CodexWorkFolder/MusicPrj/01 Orden Ogan - Gunman.mp3
2026-08-01 18:56:29 | INFO | audio_filter_tools.storage | Copying local file /mnt/samsung4t/lost+found/usr/bin/github/A_Main_FreeDark/FreeDark_0003_GuitarPro_Music/TMDownload/05 Swallow The Sun - Silhouettes.mp3 -> /mnt/samsung4t/lost+found/usr/bin/github/CodexWorkFolder/MusicPrj/05 Swallow The Sun - Silhouettes.mp3
2026-08-01 18:56:29 | INFO | audio_filter_tools.storage | Copying local file /mnt/samsung4t/lost+found/usr/bin/github/A_Main_FreeDark/FreeDark_0003_GuitarPro_Music/TMDownload/Gamma Ray - Deadlands.flac -> /mnt/samsung4t/lost+found/usr/bin/github/CodexWorkFolder/MusicPrj/Gamma Ray - Deadlands.flac
2026-08-01 18:56:29 | INFO | audio_filter_tools.storage | Copying local file /mnt/samsung4t/lost+found/usr/bin/github/A_Main_FreeDark/FreeDark_0003_GuitarPro_Music/TMDownload/Primal Fear - Armageddon.flac -> /mnt/samsung4t/lost+found/usr/bin/github/CodexWorkFolder/MusicPrj/Primal Fear - Armageddon.flac
2026-08-01 18:56:29 | INFO | audio_filter_tools.storage | Copying local file /mnt/samsung4t/lost+found/usr/bin/github/A_Main_FreeDark/FreeDark_0003_GuitarPro_Music/TMDownload/The Vision Bleak - The Drama of the Wicked (2).flac -> /mnt/samsung4t/lost+found/usr/bin/github/CodexWorkFolder/MusicPrj/The Vision Bleak - The Drama of the Wicked (2).flac
2026-08-01 18:56:29 | INFO | audio_filter_tools.storage | Copying local file /mnt/samsung4t/lost+found/usr/bin/github/A_Main_FreeDark/FreeDark_0003_GuitarPro_Music/TMDownload/Stonewall Jackson - Leona (9).flac -> /mnt/samsung4t/lost+found/usr/bin/github/CodexWorkFolder/MusicPrj/Stonewall Jackson - Leona (9).flac
2026-08-01 18:56:30 | INFO | audio_filter_tools.storage | Copying local file /mnt/samsung4t/lost+found/usr/bin/github/A_Main_FreeDark/FreeDark_0003_GuitarPro_Music/TMDownload/Avantasia - Misplaced Among The Angels.mp3 -> /mnt/samsung4t/lost+found/usr/bin/github/CodexWorkFolder/MusicPrj/Avantasia - Misplaced Among The Angels.mp3
2026-08-01 18:56:30 | INFO | audio_filter_tools.storage | Copying local file /mnt/samsung4t/lost+found/usr/bin/github/A_Main_FreeDark/FreeDark_0003_GuitarPro_Music/TMDownload/Eternal Tears Of Sorrow - The Seventh Eclipse.mp3 -> /mnt/samsung4t/lost+found/usr/bin/github/CodexWorkFolder/MusicPrj/Eternal Tears Of Sorrow - The Seventh Eclipse.mp3
2026-08-01 18:56:30 | INFO | audio_filter_tools.storage | Copying local file /mnt/samsung4t/lost+found/usr/bin/github/A_Main_FreeDark/FreeDark_0003_GuitarPro_Music/TMDownload/October Tide - Floating.mp3 -> /mnt/samsung4t/lost+found/usr/bin/github/CodexWorkFolder/MusicPrj/October Tide - Floating.mp3
2026-08-01 18:56:30 | INFO | audio_filter_tools.storage | Copying local file /mnt/samsung4t/lost+found/usr/bin/github/A_Main_FreeDark/FreeDark_0003_GuitarPro_Music/TMDownload/02. Running Wild - Whirlwind (Rerecorded _ Version 2003).mp3 -> /mnt/samsung4t/lost+found/usr/bin/github/CodexWorkFolder/MusicPrj/02. Running Wild - Whirlwind (Rerecorded _ Version 2003).mp3
2026-08-01 18:56:30 | INFO | audio_filter_tools.storage | Copying local file /mnt/samsung4t/lost+found/usr/bin/github/A_Main_FreeDark/FreeDark_0003_GuitarPro_Music/TMDownload/Willie Nelson - Not That I Care (Album Version).mp3 -> /mnt/samsung4t/lost+found/usr/bin/github/CodexWorkFolder/MusicPrj/Willie Nelson - Not That I Care (Album Version).mp3
2026-08-01 18:56:30 | INFO | audio_filter_tools.storage | Copying local file /mnt/samsung4t/lost+found/usr/bin/github/A_Main_FreeDark/FreeDark_0003_GuitarPro_Music/TMDownload/Lake Of Tears - The Homecoming.mp3 -> /mnt/samsung4t/lost+found/usr/bin/github/CodexWorkFolder/MusicPrj/Lake Of Tears - The Homecoming.mp3
2026-08-01 18:56:30 | INFO | audio_filter_tools.storage | Copying local file /mnt/samsung4t/lost+found/usr/bin/github/A_Main_FreeDark/FreeDark_0003_GuitarPro_Music/TMDownload/Edguy - Behind the Gates to Midnight World.flac -> /mnt/samsung4t/lost+found/usr/bin/github/CodexWorkFolder/MusicPrj/Edguy - Behind the Gates to Midnight World.flac
2026-08-01 18:56:30 | INFO | audio_filter_tools.storage | Copying local file /mnt/samsung4t/lost+found/usr/bin/github/A_Main_FreeDark/FreeDark_0003_GuitarPro_Music/TMDownload/Agathodaimon - Mother of All Gods Feat. Vlad Dracul.mp3 -> /mnt/samsung4t/lost+found/usr/bin/github/CodexWorkFolder/MusicPrj/Agathodaimon - Mother of All Gods Feat. Vlad Dracul.mp3
2026-08-01 18:56:30 | INFO | audio_filter_tools.storage | Copying local file /mnt/samsung4t/lost+found/usr/bin/github/A_Main_FreeDark/FreeDark_0003_GuitarPro_Music/TMDownload/Edge_Of_Sanity_Crimson_II,_Pt_3_Passage_of_Time_Remaster_2.mp3 -> /mnt/samsung4t/lost+found/usr/bin/github/CodexWorkFolder/MusicPrj/Edge_Of_Sanity_Crimson_II,_Pt_3_Passage_of_Time_Remaster_2.mp3
2026-08-01 18:56:30 | INFO | audio_filter_tools.storage | Copying local file /mnt/samsung4t/lost+found/usr/bin/github/A_Main_FreeDark/FreeDark_0003_GuitarPro_Music/TMDownload/Windir - Dauden.mp3 -> /mnt/samsung4t/lost+found/usr/bin/github/CodexWorkFolder/MusicPrj/Windir - Dauden.mp3
2026-08-01 18:56:30 | INFO | audio_filter_tools.storage | Copying local file /mnt/samsung4t/lost+found/usr/bin/github/A_Main_FreeDark/FreeDark_0003_GuitarPro_Music/TMDownload/Gamma Ray - I Will Return.flac -> /mnt/samsung4t/lost+found/usr/bin/github/CodexWorkFolder/MusicPrj/Gamma Ray - I Will Return.flac
2026-08-01 18:56:30 | INFO | audio_filter_tools.storage | Copying local file /mnt/samsung4t/lost+found/usr/bin/github/A_Main_FreeDark/FreeDark_0003_GuitarPro_Music/TMDownload/Agathodaimon - Body of Clay.flac -> /mnt/samsung4t/lost+found/usr/bin/github/CodexWorkFolder/MusicPrj/Agathodaimon - Body of Clay.flac
2026-08-01 18:56:30 | INFO | audio_filter_tools.storage | Copying local file /mnt/samsung4t/lost+found/usr/bin/github/A_Main_FreeDark/FreeDark_0003_GuitarPro_Music/TMDownload/Primal Fear - Seven Seals.flac -> /mnt/samsung4t/lost+found/usr/bin/github/CodexWorkFolder/MusicPrj/Primal Fear - Seven Seals.flac
2026-08-01 18:56:30 | INFO | audio_filter_tools.storage | Copying local file /mnt/samsung4t/lost+found/usr/bin/github/A_Main_FreeDark/FreeDark_0003_GuitarPro_Music/TMDownload/Borknagar - Into the White.mp3 -> /mnt/samsung4t/lost+found/usr/bin/github/CodexWorkFolder/MusicPrj/Borknagar - Into the White.mp3
2026-08-01 18:56:30 | INFO | audio_filter_tools.storage | Copying local file /mnt/samsung4t/lost+found/usr/bin/github/A_Main_FreeDark/FreeDark_0003_GuitarPro_Music/TMDownload/Agathodaimon - Kyrie   Gloria.flac -> /mnt/samsung4t/lost+found/usr/bin/github/CodexWorkFolder/MusicPrj/Agathodaimon - Kyrie   Gloria.flac
2026-08-01 18:56:30 | INFO | audio_filter_tools.storage | Copying local file /mnt/samsung4t/lost+found/usr/bin/github/A_Main_FreeDark/FreeDark_0003_GuitarPro_Music/TMDownload/09. Stonewall Jackson - Why I'm Walkin'.mp3 -> /mnt/samsung4t/lost+found/usr/bin/github/CodexWorkFolder/MusicPrj/09. Stonewall Jackson - Why I'm Walkin'.mp3
2026-08-01 18:56:30 | INFO | audio_filter_tools.storage | Copying local file /mnt/samsung4t/lost+found/usr/bin/github/A_Main_FreeDark/FreeDark_0003_GuitarPro_Music/TMDownload/Noumena - Burden Of Solacement.mp3 -> /mnt/samsung4t/lost+found/usr/bin/github/CodexWorkFolder/MusicPrj/Noumena - Burden Of Solacement.mp3
2026-08-01 18:56:30 | INFO | audio_filter_tools.storage | Copying local file /mnt/samsung4t/lost+found/usr/bin/github/A_Main_FreeDark/FreeDark_0003_GuitarPro_Music/TMDownload/Mors Principium Est - Apricity.mp3 -> /mnt/samsung4t/lost+found/usr/bin/github/CodexWorkFolder/MusicPrj/Mors Principium Est - Apricity.mp3
2026-08-01 18:56:30 | INFO | audio_filter_tools.storage | Copying local file /mnt/samsung4t/lost+found/usr/bin/github/A_Main_FreeDark/FreeDark_0003_GuitarPro_Music/TMDownload/Primal Fear - When Death Comes Knocking.flac -> /mnt/samsung4t/lost+found/usr/bin/github/CodexWorkFolder/MusicPrj/Primal Fear - When Death Comes Knocking.flac
2026-08-01 18:56:31 | INFO | audio_filter_tools.storage | Copying local file /mnt/samsung4t/lost+found/usr/bin/github/A_Main_FreeDark/FreeDark_0003_GuitarPro_Music/TMDownload/October Tide - All Painted Gold.mp3 -> /mnt/samsung4t/lost+found/usr/bin/github/CodexWorkFolder/MusicPrj/October Tide - All Painted Gold.mp3
2026-08-01 18:56:31 | INFO | audio_filter_tools.storage | Copying local file /mnt/samsung4t/lost+found/usr/bin/github/A_Main_FreeDark/FreeDark_0003_GuitarPro_Music/TMDownload/Windir - The Spiritlord.mp3 -> /mnt/samsung4t/lost+found/usr/bin/github/CodexWorkFolder/MusicPrj/Windir - The Spiritlord.mp3
2026-08-01 18:56:31 | INFO | audio_filter_tools.storage | Copying local file /mnt/samsung4t/lost+found/usr/bin/github/A_Main_FreeDark/FreeDark_0003_GuitarPro_Music/TMDownload/Sonata Arctica - Misplaced.mp3 -> /mnt/samsung4t/lost+found/usr/bin/github/CodexWorkFolder/MusicPrj/Sonata Arctica - Misplaced.mp3
2026-08-01 18:56:31 | INFO | audio_filter_tools.storage | Copying local file /mnt/samsung4t/lost+found/usr/bin/github/A_Main_FreeDark/FreeDark_0003_GuitarPro_Music/TMDownload/Shade Empire - Conjuration.mp3 -> /mnt/samsung4t/lost+found/usr/bin/github/CodexWorkFolder/MusicPrj/Shade Empire - Conjuration.mp3
2026-08-01 18:56:31 | INFO | audio_filter_tools.storage | Copying local file /mnt/samsung4t/lost+found/usr/bin/github/A_Main_FreeDark/FreeDark_0003_GuitarPro_Music/TMDownload/Slumber - Fallout.mp3 -> /mnt/samsung4t/lost+found/usr/bin/github/CodexWorkFolder/MusicPrj/Slumber - Fallout.mp3
2026-08-01 18:56:31 | INFO | audio_filter_tools.storage | Copying local file /mnt/samsung4t/lost+found/usr/bin/github/A_Main_FreeDark/FreeDark_0003_GuitarPro_Music/TMDownload/Orden Ogan - We Are Pirates! (Folk Version).mp3 -> /mnt/samsung4t/lost+found/usr/bin/github/CodexWorkFolder/MusicPrj/Orden Ogan - We Are Pirates! (Folk Version).mp3
2026-08-01 18:56:31 | INFO | audio_filter_tools.storage | Copying local file /mnt/samsung4t/lost+found/usr/bin/github/A_Main_FreeDark/FreeDark_0003_GuitarPro_Music/TMDownload/Mercenary - Alternative Ways.mp3 -> /mnt/samsung4t/lost+found/usr/bin/github/CodexWorkFolder/MusicPrj/Mercenary - Alternative Ways.mp3
2026-08-01 18:56:31 | INFO | audio_filter_tools.storage | Copying local file /mnt/samsung4t/lost+found/usr/bin/github/A_Main_FreeDark/FreeDark_0003_GuitarPro_Music/TMDownload/Orden Ogan - The Frozen Few.mp3 -> /mnt/samsung4t/lost+found/usr/bin/github/CodexWorkFolder/MusicPrj/Orden Ogan - The Frozen Few.mp3
2026-08-01 18:56:31 | INFO | audio_filter_tools.storage | Copying local file /mnt/samsung4t/lost+found/usr/bin/github/A_Main_FreeDark/FreeDark_0003_GuitarPro_Music/TMDownload/October Tide - Nursed By The Cold.mp3 -> /mnt/samsung4t/lost+found/usr/bin/github/CodexWorkFolder/MusicPrj/October Tide - Nursed By The Cold.mp3
2026-08-01 18:56:31 | INFO | audio_filter_tools.storage | Copying local file /mnt/samsung4t/lost+found/usr/bin/github/A_Main_FreeDark/FreeDark_0003_GuitarPro_Music/TMDownload/October Tide - Unprecedented Aggression.mp3 -> /mnt/samsung4t/lost+found/usr/bin/github/CodexWorkFolder/MusicPrj/October Tide - Unprecedented Aggression.mp3
2026-08-01 18:56:31 | INFO | audio_filter_tools.storage | Copying local file /mnt/samsung4t/lost+found/usr/bin/github/A_Main_FreeDark/FreeDark_0003_GuitarPro_Music/TMDownload/Alabama - The Closer You Get.mp3 -> /mnt/samsung4t/lost+found/usr/bin/github/CodexWorkFolder/MusicPrj/Alabama - The Closer You Get.mp3
2026-08-01 18:56:31 | INFO | audio_filter_tools.storage | Copying local file /mnt/samsung4t/lost+found/usr/bin/github/A_Main_FreeDark/FreeDark_0003_GuitarPro_Music/TMDownload/Shade Empire - Map Of Scars.mp3 -> /mnt/samsung4t/lost+found/usr/bin/github/CodexWorkFolder/MusicPrj/Shade Empire - Map Of Scars.mp3
2026-08-01 18:56:31 | INFO | audio_filter_tools.storage | Copying local file /mnt/samsung4t/lost+found/usr/bin/github/A_Main_FreeDark/FreeDark_0003_GuitarPro_Music/TMDownload/Swallow The Sun - These Woods Breathe Evil.mp3 -> /mnt/samsung4t/lost+found/usr/bin/github/CodexWorkFolder/MusicPrj/Swallow The Sun - These Woods Breathe Evil.mp3
2026-08-01 18:56:31 | INFO | audio_filter_tools.storage | Copying local file /mnt/samsung4t/lost+found/usr/bin/github/A_Main_FreeDark/FreeDark_0003_GuitarPro_Music/TMDownload/04_Stonewall_Jackson_Have_I_Told_You_Lately_That_I_Love_You_.mp3 -> /mnt/samsung4t/lost+found/usr/bin/github/CodexWorkFolder/MusicPrj/04_Stonewall_Jackson_Have_I_Told_You_Lately_That_I_Love_You_.mp3
2026-08-01 18:56:31 | INFO | audio_filter_tools.storage | Copying local file /mnt/samsung4t/lost+found/usr/bin/github/A_Main_FreeDark/FreeDark_0003_GuitarPro_Music/TMDownload/Withering Surface - Hold the Line.mp3 -> /mnt/samsung4t/lost+found/usr/bin/github/CodexWorkFolder/MusicPrj/Withering Surface - Hold the Line.mp3
2026-08-01 18:56:31 | INFO | audio_filter_tools.storage | Copying local file /mnt/samsung4t/lost+found/usr/bin/github/A_Main_FreeDark/FreeDark_0003_GuitarPro_Music/TMDownload/October Tide - Swarm.mp3 -> /mnt/samsung4t/lost+found/usr/bin/github/CodexWorkFolder/MusicPrj/October Tide - Swarm.mp3
2026-08-01 18:56:31 | INFO | audio_filter_tools.storage | Copying local file /mnt/samsung4t/lost+found/usr/bin/github/A_Main_FreeDark/FreeDark_0003_GuitarPro_Music/TMDownload/04 Powerwolf - Power and Glory.mp3 -> /mnt/samsung4t/lost+found/usr/bin/github/CodexWorkFolder/MusicPrj/04 Powerwolf - Power and Glory.mp3
2026-08-01 18:56:31 | INFO | audio_filter_tools.storage | Copying local file /mnt/samsung4t/lost+found/usr/bin/github/A_Main_FreeDark/FreeDark_0003_GuitarPro_Music/TMDownload/Falkenbach - Sunnavend.flac -> /mnt/samsung4t/lost+found/usr/bin/github/CodexWorkFolder/MusicPrj/Falkenbach - Sunnavend.flac
2026-08-01 18:56:32 | INFO | audio_filter_tools.storage | Copying local file /mnt/samsung4t/lost+found/usr/bin/github/A_Main_FreeDark/FreeDark_0003_GuitarPro_Music/TMDownload/Running Wild - Pirate Song.flac -> /mnt/samsung4t/lost+found/usr/bin/github/CodexWorkFolder/MusicPrj/Running Wild - Pirate Song.flac
2026-08-01 18:56:32 | INFO | audio_filter_tools.storage | Copying local file /mnt/samsung4t/lost+found/usr/bin/github/A_Main_FreeDark/FreeDark_0003_GuitarPro_Music/TMDownload/Sonata Arctica - Zeroes.mp3 -> /mnt/samsung4t/lost+found/usr/bin/github/CodexWorkFolder/MusicPrj/Sonata Arctica - Zeroes.mp3
2026-08-01 18:56:32 | INFO | audio_filter_tools.storage | Copying local file /mnt/samsung4t/lost+found/usr/bin/github/A_Main_FreeDark/FreeDark_0003_GuitarPro_Music/TMDownload/Wolfheart - World On Fire.mp3 -> /mnt/samsung4t/lost+found/usr/bin/github/CodexWorkFolder/MusicPrj/Wolfheart - World On Fire.mp3
2026-08-01 18:56:32 | INFO | audio_filter_tools.storage | Copying local file /mnt/samsung4t/lost+found/usr/bin/github/A_Main_FreeDark/FreeDark_0003_GuitarPro_Music/TMDownload/Sonata Arctica - As If the World Wasn t Ending.mp3 -> /mnt/samsung4t/lost+found/usr/bin/github/CodexWorkFolder/MusicPrj/Sonata Arctica - As If the World Wasn t Ending.mp3
2026-08-01 18:56:32 | INFO | audio_filter_tools.storage | Copying local file /mnt/samsung4t/lost+found/usr/bin/github/A_Main_FreeDark/FreeDark_0003_GuitarPro_Music/TMDownload/Eternal Tears of Sorrow - Midnight Bird.mp3 -> /mnt/samsung4t/lost+found/usr/bin/github/CodexWorkFolder/MusicPrj/Eternal Tears of Sorrow - Midnight Bird.mp3
2026-08-01 18:56:32 | INFO | audio_filter_tools.storage | Copying local file /mnt/samsung4t/lost+found/usr/bin/github/A_Main_FreeDark/FreeDark_0003_GuitarPro_Music/TMDownload/08 Borknagar - The Dawn of the End.mp3 -> /mnt/samsung4t/lost+found/usr/bin/github/CodexWorkFolder/MusicPrj/08 Borknagar - The Dawn of the End.mp3
2026-08-01 18:56:32 | INFO | audio_filter_tools.storage | Copying local file /mnt/samsung4t/lost+found/usr/bin/github/A_Main_FreeDark/FreeDark_0003_GuitarPro_Music/TMDownload/Willie Nelson - Let the Rest of the World Go By.mp3 -> /mnt/samsung4t/lost+found/usr/bin/github/CodexWorkFolder/MusicPrj/Willie Nelson - Let the Rest of the World Go By.mp3
2026-08-01 18:56:32 | INFO | audio_filter_tools.storage | Copying local file /mnt/samsung4t/lost+found/usr/bin/github/A_Main_FreeDark/FreeDark_0003_GuitarPro_Music/TMDownload/Orden Ogan - Fields of Sorrow.mp3 -> /mnt/samsung4t/lost+found/usr/bin/github/CodexWorkFolder/MusicPrj/Orden Ogan - Fields of Sorrow.mp3
2026-08-01 18:56:32 | INFO | audio_filter_tools.storage | Copying local file /mnt/samsung4t/lost+found/usr/bin/github/A_Main_FreeDark/FreeDark_0003_GuitarPro_Music/TMDownload/Tennessee Ernie Ford - Stonewall Jackson s Way (4).flac -> /mnt/samsung4t/lost+found/usr/bin/github/CodexWorkFolder/MusicPrj/Tennessee Ernie Ford - Stonewall Jackson s Way (4).flac
2026-08-01 18:56:32 | INFO | audio_filter_tools.storage | Copying local file /mnt/samsung4t/lost+found/usr/bin/github/A_Main_FreeDark/FreeDark_0003_GuitarPro_Music/TMDownload/Noumena - Seula.mp3 -> /mnt/samsung4t/lost+found/usr/bin/github/CodexWorkFolder/MusicPrj/Noumena - Seula.mp3
2026-08-01 18:56:32 | INFO | audio_filter_tools.storage | Copying local file /mnt/samsung4t/lost+found/usr/bin/github/A_Main_FreeDark/FreeDark_0003_GuitarPro_Music/TMDownload/Withering Surface - Scarlet Silhouettes.mp3 -> /mnt/samsung4t/lost+found/usr/bin/github/CodexWorkFolder/MusicPrj/Withering Surface - Scarlet Silhouettes.mp3
2026-08-01 18:56:32 | INFO | audio_filter_tools.storage | Copying local file /mnt/samsung4t/lost+found/usr/bin/github/A_Main_FreeDark/FreeDark_0003_GuitarPro_Music/TMDownload/05. Stonewall Jackson - Fraulein.mp3 -> /mnt/samsung4t/lost+found/usr/bin/github/CodexWorkFolder/MusicPrj/05. Stonewall Jackson - Fraulein.mp3
2026-08-01 18:56:32 | INFO | audio_filter_tools.storage | Copying local file /mnt/samsung4t/lost+found/usr/bin/github/A_Main_FreeDark/FreeDark_0003_GuitarPro_Music/TMDownload/Before the Dawn - Reflection (1999 Demo ) (Bonus).mp3 -> /mnt/samsung4t/lost+found/usr/bin/github/CodexWorkFolder/MusicPrj/Before the Dawn - Reflection (1999 Demo ) (Bonus).mp3
2026-08-01 18:56:32 | INFO | audio_filter_tools.storage | Copying local file /mnt/samsung4t/lost+found/usr/bin/github/A_Main_FreeDark/FreeDark_0003_GuitarPro_Music/TMDownload/Moonsorrow - Ukkosenjumalan poika.mp3 -> /mnt/samsung4t/lost+found/usr/bin/github/CodexWorkFolder/MusicPrj/Moonsorrow - Ukkosenjumalan poika.mp3
2026-08-01 18:56:32 | INFO | audio_filter_tools.storage | Copying local file /mnt/samsung4t/lost+found/usr/bin/github/A_Main_FreeDark/FreeDark_0003_GuitarPro_Music/TMDownload/wrecking the sphere - sonata arctica.mp3 -> /mnt/samsung4t/lost+found/usr/bin/github/CodexWorkFolder/MusicPrj/wrecking the sphere - sonata arctica.mp3
2026-08-01 18:56:32 | INFO | audio_filter_tools.storage | Copying local file /mnt/samsung4t/lost+found/usr/bin/github/A_Main_FreeDark/FreeDark_0003_GuitarPro_Music/TMDownload/Equilibrium - Verbrannte Erde.flac -> /mnt/samsung4t/lost+found/usr/bin/github/CodexWorkFolder/MusicPrj/Equilibrium - Verbrannte Erde.flac
2026-08-01 18:56:33 | INFO | audio_filter_tools.storage | Copying local file /mnt/samsung4t/lost+found/usr/bin/github/A_Main_FreeDark/FreeDark_0003_GuitarPro_Music/TMDownload/Primal Fear - Revolution.flac -> /mnt/samsung4t/lost+found/usr/bin/github/CodexWorkFolder/MusicPrj/Primal Fear - Revolution.flac
2026-08-01 18:56:33 | INFO | audio_filter_tools.storage | Copying local file /mnt/samsung4t/lost+found/usr/bin/github/A_Main_FreeDark/FreeDark_0003_GuitarPro_Music/TMDownload/Edguy - Until We Rise Again.mp3 -> /mnt/samsung4t/lost+found/usr/bin/github/CodexWorkFolder/MusicPrj/Edguy - Until We Rise Again.mp3
2026-08-01 18:56:33 | INFO | audio_filter_tools.storage | Copying local file /mnt/samsung4t/lost+found/usr/bin/github/A_Main_FreeDark/FreeDark_0003_GuitarPro_Music/TMDownload/Willie Nelson - If I Were The Man You Wanted (Album Version).mp3 -> /mnt/samsung4t/lost+found/usr/bin/github/CodexWorkFolder/MusicPrj/Willie Nelson - If I Were The Man You Wanted (Album Version).mp3
2026-08-01 18:56:33 | INFO | audio_filter_tools.storage | Copying local file /mnt/samsung4t/lost+found/usr/bin/github/A_Main_FreeDark/FreeDark_0003_GuitarPro_Music/TMDownload/Edguy - Dead Or Rock.mp3 -> /mnt/samsung4t/lost+found/usr/bin/github/CodexWorkFolder/MusicPrj/Edguy - Dead Or Rock.mp3
2026-08-01 18:56:33 | INFO | audio_filter_tools.storage | Copying local file /mnt/samsung4t/lost+found/usr/bin/github/A_Main_FreeDark/FreeDark_0003_GuitarPro_Music/TMDownload/Orden Ogan - Come with Me to the Other Side.mp3 -> /mnt/samsung4t/lost+found/usr/bin/github/CodexWorkFolder/MusicPrj/Orden Ogan - Come with Me to the Other Side.mp3
2026-08-01 18:56:33 | INFO | audio_filter_tools.storage | Copying local file /mnt/samsung4t/lost+found/usr/bin/github/A_Main_FreeDark/FreeDark_0003_GuitarPro_Music/TMDownload/Slumber - Dreamscape.mp3 -> /mnt/samsung4t/lost+found/usr/bin/github/CodexWorkFolder/MusicPrj/Slumber - Dreamscape.mp3
2026-08-01 18:56:33 | INFO | audio_filter_tools.storage | Copying local file /mnt/samsung4t/lost+found/usr/bin/github/A_Main_FreeDark/FreeDark_0003_GuitarPro_Music/TMDownload/Withering Surface - Black As I.mp3 -> /mnt/samsung4t/lost+found/usr/bin/github/CodexWorkFolder/MusicPrj/Withering Surface - Black As I.mp3
2026-08-01 18:56:33 | INFO | audio_filter_tools.storage | Copying local file /mnt/samsung4t/lost+found/usr/bin/github/A_Main_FreeDark/FreeDark_0003_GuitarPro_Music/TMDownload/Withering Surface - This View.mp3 -> /mnt/samsung4t/lost+found/usr/bin/github/CodexWorkFolder/MusicPrj/Withering Surface - This View.mp3
2026-08-01 18:56:33 | INFO | audio_filter_tools.storage | Copying local file /mnt/samsung4t/lost+found/usr/bin/github/A_Main_FreeDark/FreeDark_0003_GuitarPro_Music/TMDownload/Shade Empire - Designed For Blood.mp3 -> /mnt/samsung4t/lost+found/usr/bin/github/CodexWorkFolder/MusicPrj/Shade Empire - Designed For Blood.mp3
2026-08-01 18:56:33 | INFO | audio_filter_tools.storage | Copying local file /mnt/samsung4t/lost+found/usr/bin/github/A_Main_FreeDark/FreeDark_0003_GuitarPro_Music/TMDownload/Battle Beast - Shutdown (bonus track).mp3 -> /mnt/samsung4t/lost+found/usr/bin/github/CodexWorkFolder/MusicPrj/Battle Beast - Shutdown (bonus track).mp3
2026-08-01 18:56:33 | INFO | audio_filter_tools.storage | Copying local file /mnt/samsung4t/lost+found/usr/bin/github/A_Main_FreeDark/FreeDark_0003_GuitarPro_Music/TMDownload/Before the Dawn - Angel.mp3 -> /mnt/samsung4t/lost+found/usr/bin/github/CodexWorkFolder/MusicPrj/Before the Dawn - Angel.mp3
2026-08-01 18:56:33 | INFO | audio_filter_tools.storage | Copying local file /mnt/samsung4t/lost+found/usr/bin/github/A_Main_FreeDark/FreeDark_0003_GuitarPro_Music/TMDownload/Gamma Ray - Master Of Confusion.mp3 -> /mnt/samsung4t/lost+found/usr/bin/github/CodexWorkFolder/MusicPrj/Gamma Ray - Master Of Confusion.mp3
2026-08-01 18:56:33 | INFO | audio_filter_tools.storage | Copying local file /mnt/samsung4t/lost+found/usr/bin/github/A_Main_FreeDark/FreeDark_0003_GuitarPro_Music/TMDownload/Noumena - Prey Of The Tempter.mp3 -> /mnt/samsung4t/lost+found/usr/bin/github/CodexWorkFolder/MusicPrj/Noumena - Prey Of The Tempter.mp3
2026-08-01 18:56:34 | INFO | audio_filter_tools.storage | Copying local file /mnt/samsung4t/lost+found/usr/bin/github/A_Main_FreeDark/FreeDark_0003_GuitarPro_Music/TMDownload/LUNA SEA - The Beyond.mp3 -> /mnt/samsung4t/lost+found/usr/bin/github/CodexWorkFolder/MusicPrj/LUNA SEA - The Beyond.mp3
2026-08-01 18:56:34 | INFO | audio_filter_tools.storage | Copying local file /mnt/samsung4t/lost+found/usr/bin/github/A_Main_FreeDark/FreeDark_0003_GuitarPro_Music/TMDownload/Windir - Dans på stemmehaugen.mp3 -> /mnt/samsung4t/lost+found/usr/bin/github/CodexWorkFolder/MusicPrj/Windir - Dans på stemmehaugen.mp3
2026-08-01 18:56:34 | INFO | audio_filter_tools.storage | Copying local file /mnt/samsung4t/lost+found/usr/bin/github/A_Main_FreeDark/FreeDark_0003_GuitarPro_Music/TMDownload/Primal Fear - Seek   Destroy.flac -> /mnt/samsung4t/lost+found/usr/bin/github/CodexWorkFolder/MusicPrj/Primal Fear - Seek   Destroy.flac
2026-08-01 18:56:34 | INFO | audio_filter_tools.storage | Copying local file /mnt/samsung4t/lost+found/usr/bin/github/A_Main_FreeDark/FreeDark_0003_GuitarPro_Music/TMDownload/11 Omnium Gatherum - Subdivisions (Bonus Track).mp3 -> /mnt/samsung4t/lost+found/usr/bin/github/CodexWorkFolder/MusicPrj/11 Omnium Gatherum - Subdivisions (Bonus Track).mp3
2026-08-01 18:56:34 | INFO | audio_filter_tools.storage | Copying local file /mnt/samsung4t/lost+found/usr/bin/github/A_Main_FreeDark/FreeDark_0003_GuitarPro_Music/TMDownload/Gamma Ray - Strange World.mp3 -> /mnt/samsung4t/lost+found/usr/bin/github/CodexWorkFolder/MusicPrj/Gamma Ray - Strange World.mp3
2026-08-01 18:56:34 | INFO | audio_filter_tools.storage | Copying local file /mnt/samsung4t/lost+found/usr/bin/github/A_Main_FreeDark/FreeDark_0003_GuitarPro_Music/TMDownload/Noumena - The Burning.mp3 -> /mnt/samsung4t/lost+found/usr/bin/github/CodexWorkFolder/MusicPrj/Noumena - The Burning.mp3
2026-08-01 18:56:34 | INFO | audio_filter_tools.storage | Copying local file /mnt/samsung4t/lost+found/usr/bin/github/A_Main_FreeDark/FreeDark_0003_GuitarPro_Music/TMDownload/Rapture - Dreaming Of Oblivion.mp3 -> /mnt/samsung4t/lost+found/usr/bin/github/CodexWorkFolder/MusicPrj/Rapture - Dreaming Of Oblivion.mp3
2026-08-01 18:56:34 | INFO | audio_filter_tools.storage | Copying local file /mnt/samsung4t/lost+found/usr/bin/github/A_Main_FreeDark/FreeDark_0003_GuitarPro_Music/TMDownload/Before The Dawn - Run to You.mp3 -> /mnt/samsung4t/lost+found/usr/bin/github/CodexWorkFolder/MusicPrj/Before The Dawn - Run to You.mp3
2026-08-01 18:56:34 | INFO | audio_filter_tools.storage | Copying local file /mnt/samsung4t/lost+found/usr/bin/github/A_Main_FreeDark/FreeDark_0003_GuitarPro_Music/TMDownload/October Tide - Sleepless Sun.mp3 -> /mnt/samsung4t/lost+found/usr/bin/github/CodexWorkFolder/MusicPrj/October Tide - Sleepless Sun.mp3
2026-08-01 18:56:34 | INFO | audio_filter_tools.storage | Copying local file /mnt/samsung4t/lost+found/usr/bin/github/A_Main_FreeDark/FreeDark_0003_GuitarPro_Music/TMDownload/Withering Surface - Force the Pace.mp3 -> /mnt/samsung4t/lost+found/usr/bin/github/CodexWorkFolder/MusicPrj/Withering Surface - Force the Pace.mp3
2026-08-01 18:56:34 | INFO | audio_filter_tools.storage | Copying local file /mnt/samsung4t/lost+found/usr/bin/github/A_Main_FreeDark/FreeDark_0003_GuitarPro_Music/TMDownload/Windir - Soge II  Framkomsten.mp3 -> /mnt/samsung4t/lost+found/usr/bin/github/CodexWorkFolder/MusicPrj/Windir - Soge II  Framkomsten.mp3
2026-08-01 18:56:34 | INFO | audio_filter_tools.storage | Copying local file /mnt/samsung4t/lost+found/usr/bin/github/A_Main_FreeDark/FreeDark_0003_GuitarPro_Music/TMDownload/Tennessee Ernie Ford - Stonewall Jackson s Way (1).flac -> /mnt/samsung4t/lost+found/usr/bin/github/CodexWorkFolder/MusicPrj/Tennessee Ernie Ford - Stonewall Jackson s Way (1).flac
2026-08-01 18:56:34 | INFO | audio_filter_tools.storage | Copying local file /mnt/samsung4t/lost+found/usr/bin/github/A_Main_FreeDark/FreeDark_0003_GuitarPro_Music/TMDownload/Battle Beast - Rock Trash.mp3 -> /mnt/samsung4t/lost+found/usr/bin/github/CodexWorkFolder/MusicPrj/Battle Beast - Rock Trash.mp3
2026-08-01 18:56:34 | INFO | audio_filter_tools.storage | Copying local file /mnt/samsung4t/lost+found/usr/bin/github/A_Main_FreeDark/FreeDark_0003_GuitarPro_Music/TMDownload/Omnium Gatherum - The Great Liberation.mp3 -> /mnt/samsung4t/lost+found/usr/bin/github/CodexWorkFolder/MusicPrj/Omnium Gatherum - The Great Liberation.mp3
2026-08-01 18:56:34 | INFO | audio_filter_tools.storage | Copying local file /mnt/samsung4t/lost+found/usr/bin/github/A_Main_FreeDark/FreeDark_0003_GuitarPro_Music/TMDownload/Falkenbach - Eweroun.flac -> /mnt/samsung4t/lost+found/usr/bin/github/CodexWorkFolder/MusicPrj/Falkenbach - Eweroun.flac
2026-08-01 18:56:34 | INFO | audio_filter_tools.storage | Copying local file /mnt/samsung4t/lost+found/usr/bin/github/A_Main_FreeDark/FreeDark_0003_GuitarPro_Music/TMDownload/Before the Dawn - Enemy.mp3 -> /mnt/samsung4t/lost+found/usr/bin/github/CodexWorkFolder/MusicPrj/Before the Dawn - Enemy.mp3
2026-08-01 18:56:34 | INFO | audio_filter_tools.storage | Copying local file /mnt/samsung4t/lost+found/usr/bin/github/A_Main_FreeDark/FreeDark_0003_GuitarPro_Music/TMDownload/Omnium Gatherum - Refining Fire.mp3 -> /mnt/samsung4t/lost+found/usr/bin/github/CodexWorkFolder/MusicPrj/Omnium Gatherum - Refining Fire.mp3
2026-08-01 18:56:34 | INFO | audio_filter_tools.storage | Copying local file /mnt/samsung4t/lost+found/usr/bin/github/A_Main_FreeDark/FreeDark_0003_GuitarPro_Music/TMDownload/Edguy - Robin Hood (single version).flac -> /mnt/samsung4t/lost+found/usr/bin/github/CodexWorkFolder/MusicPrj/Edguy - Robin Hood (single version).flac
2026-08-01 18:56:35 | INFO | audio_filter_tools.storage | Copying local file /mnt/samsung4t/lost+found/usr/bin/github/A_Main_FreeDark/FreeDark_0003_GuitarPro_Music/TMDownload/Edge Of Sanity - Twilight.mp3 -> /mnt/samsung4t/lost+found/usr/bin/github/CodexWorkFolder/MusicPrj/Edge Of Sanity - Twilight.mp3
2026-08-01 18:56:35 | INFO | audio_filter_tools.storage | Copying local file /mnt/samsung4t/lost+found/usr/bin/github/A_Main_FreeDark/FreeDark_0003_GuitarPro_Music/TMDownload/Noumena - A Day To Depart.mp3 -> /mnt/samsung4t/lost+found/usr/bin/github/CodexWorkFolder/MusicPrj/Noumena - A Day To Depart.mp3
2026-08-01 18:56:35 | INFO | audio_filter_tools.storage | Copying local file /mnt/samsung4t/lost+found/usr/bin/github/A_Main_FreeDark/FreeDark_0003_GuitarPro_Music/TMDownload/Edguy - Tears of a Mandrake.flac -> /mnt/samsung4t/lost+found/usr/bin/github/CodexWorkFolder/MusicPrj/Edguy - Tears of a Mandrake.flac
2026-08-01 18:56:35 | INFO | audio_filter_tools.storage | Copying local file /mnt/samsung4t/lost+found/usr/bin/github/A_Main_FreeDark/FreeDark_0003_GuitarPro_Music/TMDownload/October Tide - Lost In The Dark - And Then Gone.mp3 -> /mnt/samsung4t/lost+found/usr/bin/github/CodexWorkFolder/MusicPrj/October Tide - Lost In The Dark - And Then Gone.mp3
2026-08-01 18:56:35 | INFO | audio_filter_tools.storage | Copying local file /mnt/samsung4t/lost+found/usr/bin/github/A_Main_FreeDark/FreeDark_0003_GuitarPro_Music/TMDownload/Agathodaimon - Oncoming Storm.flac -> /mnt/samsung4t/lost+found/usr/bin/github/CodexWorkFolder/MusicPrj/Agathodaimon - Oncoming Storm.flac
2026-08-01 18:56:35 | INFO | audio_filter_tools.storage | Copying local file /mnt/samsung4t/lost+found/usr/bin/github/A_Main_FreeDark/FreeDark_0003_GuitarPro_Music/TMDownload/Mors Principium Est - Of Death.mp3 -> /mnt/samsung4t/lost+found/usr/bin/github/CodexWorkFolder/MusicPrj/Mors Principium Est - Of Death.mp3
2026-08-01 18:56:35 | INFO | audio_filter_tools.storage | Copying local file /mnt/samsung4t/lost+found/usr/bin/github/A_Main_FreeDark/FreeDark_0003_GuitarPro_Music/TMDownload/Primal Fear - Iron Fist In A Velvet Glove.flac -> /mnt/samsung4t/lost+found/usr/bin/github/CodexWorkFolder/MusicPrj/Primal Fear - Iron Fist In A Velvet Glove.flac
2026-08-01 18:56:36 | INFO | audio_filter_tools.storage | Copying local file /mnt/samsung4t/lost+found/usr/bin/github/A_Main_FreeDark/FreeDark_0003_GuitarPro_Music/TMDownload/Sonata Arctica - The Boy Who Wanted to Be a Real Puppet.mp3 -> /mnt/samsung4t/lost+found/usr/bin/github/CodexWorkFolder/MusicPrj/Sonata Arctica - The Boy Who Wanted to Be a Real Puppet.mp3
2026-08-01 18:56:37 | INFO | audio_filter_tools.storage | Copying local file /mnt/samsung4t/lost+found/usr/bin/github/A_Main_FreeDark/FreeDark_0003_GuitarPro_Music/TMDownload/October Tide - Into Deep Sleep.mp3 -> /mnt/samsung4t/lost+found/usr/bin/github/CodexWorkFolder/MusicPrj/October Tide - Into Deep Sleep.mp3
2026-08-01 18:56:38 | INFO | audio_filter_tools.storage | Copying local file /mnt/samsung4t/lost+found/usr/bin/github/A_Main_FreeDark/FreeDark_0003_GuitarPro_Music/TMDownload/Primal Fear - Metal Is Forever.flac -> /mnt/samsung4t/lost+found/usr/bin/github/CodexWorkFolder/MusicPrj/Primal Fear - Metal Is Forever.flac
2026-08-01 18:56:40 | INFO | audio_filter_tools.storage | Copying local file /mnt/samsung4t/lost+found/usr/bin/github/A_Main_FreeDark/FreeDark_0003_GuitarPro_Music/TMDownload/Dissection - Starless Aeon.mp3 -> /mnt/samsung4t/lost+found/usr/bin/github/CodexWorkFolder/MusicPrj/Dissection - Starless Aeon.mp3
2026-08-01 18:56:40 | INFO | audio_filter_tools.storage | Copying local file /mnt/samsung4t/lost+found/usr/bin/github/A_Main_FreeDark/FreeDark_0003_GuitarPro_Music/TMDownload/06. Running Wild - Fight The Fire Of Hate.mp3 -> /mnt/samsung4t/lost+found/usr/bin/github/CodexWorkFolder/MusicPrj/06. Running Wild - Fight The Fire Of Hate.mp3
2026-08-01 18:56:40 | INFO | audio_filter_tools.storage | Copying local file /mnt/samsung4t/lost+found/usr/bin/github/A_Main_FreeDark/FreeDark_0003_GuitarPro_Music/TMDownload/Battle Beast - Touch in the Night.mp3 -> /mnt/samsung4t/lost+found/usr/bin/github/CodexWorkFolder/MusicPrj/Battle Beast - Touch in the Night.mp3
2026-08-01 18:56:40 | INFO | audio_filter_tools.storage | Copying local file /mnt/samsung4t/lost+found/usr/bin/github/A_Main_FreeDark/FreeDark_0003_GuitarPro_Music/TMDownload/Powerwolf - Nighttime Rebel (Orchestral Version).mp3 -> /mnt/samsung4t/lost+found/usr/bin/github/CodexWorkFolder/MusicPrj/Powerwolf - Nighttime Rebel (Orchestral Version).mp3
2026-08-01 18:56:40 | INFO | audio_filter_tools.storage | Copying local file /mnt/samsung4t/lost+found/usr/bin/github/A_Main_FreeDark/FreeDark_0003_GuitarPro_Music/TMDownload/Sonata Arctica - Juliet.mp3 -> /mnt/samsung4t/lost+found/usr/bin/github/CodexWorkFolder/MusicPrj/Sonata Arctica - Juliet.mp3
2026-08-01 18:56:40 | INFO | audio_filter_tools.storage | Copying local file /mnt/samsung4t/lost+found/usr/bin/github/A_Main_FreeDark/FreeDark_0003_GuitarPro_Music/TMDownload/Noumena - Slain Memories.mp3 -> /mnt/samsung4t/lost+found/usr/bin/github/CodexWorkFolder/MusicPrj/Noumena - Slain Memories.mp3
2026-08-01 18:56:41 | INFO | audio_filter_tools.storage | Copying local file /mnt/samsung4t/lost+found/usr/bin/github/A_Main_FreeDark/FreeDark_0003_GuitarPro_Music/TMDownload/Edguy - Nailed to the Wheel.flac -> /mnt/samsung4t/lost+found/usr/bin/github/CodexWorkFolder/MusicPrj/Edguy - Nailed to the Wheel.flac
2026-08-01 18:56:41 | INFO | audio_filter_tools.storage | Copying local file /mnt/samsung4t/lost+found/usr/bin/github/A_Main_FreeDark/FreeDark_0003_GuitarPro_Music/TMDownload/Rapture - For The Ghosts Of Our Time.mp3 -> /mnt/samsung4t/lost+found/usr/bin/github/CodexWorkFolder/MusicPrj/Rapture - For The Ghosts Of Our Time.mp3
2026-08-01 18:56:41 | INFO | audio_filter_tools.storage | Copying local file /mnt/samsung4t/lost+found/usr/bin/github/A_Main_FreeDark/FreeDark_0003_GuitarPro_Music/TMDownload/Eternal Tears of Sorrow - Nocturne Thule.mp3 -> /mnt/samsung4t/lost+found/usr/bin/github/CodexWorkFolder/MusicPrj/Eternal Tears of Sorrow - Nocturne Thule.mp3
2026-08-01 18:56:41 | INFO | audio_filter_tools.storage | Copying local file /mnt/samsung4t/lost+found/usr/bin/github/A_Main_FreeDark/FreeDark_0003_GuitarPro_Music/TMDownload/Lake of Tears - A Trip With The Moon.mp3 -> /mnt/samsung4t/lost+found/usr/bin/github/CodexWorkFolder/MusicPrj/Lake of Tears - A Trip With The Moon.mp3
2026-08-01 18:56:41 | INFO | audio_filter_tools.storage | Copying local file /mnt/samsung4t/lost+found/usr/bin/github/A_Main_FreeDark/FreeDark_0003_GuitarPro_Music/TMDownload/Battle Beast - Armageddon.mp3 -> /mnt/samsung4t/lost+found/usr/bin/github/CodexWorkFolder/MusicPrj/Battle Beast - Armageddon.mp3
2026-08-01 18:56:41 | INFO | audio_filter_tools.storage | Copying local file /mnt/samsung4t/lost+found/usr/bin/github/A_Main_FreeDark/FreeDark_0003_GuitarPro_Music/TMDownload/08 Powerwolf - Sanctus Dominus.mp3 -> /mnt/samsung4t/lost+found/usr/bin/github/CodexWorkFolder/MusicPrj/08 Powerwolf - Sanctus Dominus.mp3
2026-08-01 18:56:41 | INFO | audio_filter_tools.storage | Copying local file /mnt/samsung4t/lost+found/usr/bin/github/A_Main_FreeDark/FreeDark_0003_GuitarPro_Music/TMDownload/Battle Beast - Savage and Saint.mp3 -> /mnt/samsung4t/lost+found/usr/bin/github/CodexWorkFolder/MusicPrj/Battle Beast - Savage and Saint.mp3
2026-08-01 18:56:41 | INFO | audio_filter_tools.storage | Copying local file /mnt/samsung4t/lost+found/usr/bin/github/A_Main_FreeDark/FreeDark_0003_GuitarPro_Music/TMDownload/03 Omnium Gatherum - In the Rim.mp3 -> /mnt/samsung4t/lost+found/usr/bin/github/CodexWorkFolder/MusicPrj/03 Omnium Gatherum - In the Rim.mp3
2026-08-01 18:56:41 | INFO | audio_filter_tools.storage | Copying local file /mnt/samsung4t/lost+found/usr/bin/github/A_Main_FreeDark/FreeDark_0003_GuitarPro_Music/TMDownload/11 Powerwolf - Last of the Living Dead.mp3 -> /mnt/samsung4t/lost+found/usr/bin/github/CodexWorkFolder/MusicPrj/11 Powerwolf - Last of the Living Dead.mp3
2026-08-01 18:56:41 | INFO | audio_filter_tools.storage | Copying local file /mnt/samsung4t/lost+found/usr/bin/github/A_Main_FreeDark/FreeDark_0003_GuitarPro_Music/TMDownload/Wolfheart - Call Of The Winter.mp3 -> /mnt/samsung4t/lost+found/usr/bin/github/CodexWorkFolder/MusicPrj/Wolfheart - Call Of The Winter.mp3
2026-08-01 18:56:41 | INFO | audio_filter_tools.storage | Copying local file /mnt/samsung4t/lost+found/usr/bin/github/A_Main_FreeDark/FreeDark_0003_GuitarPro_Music/TMDownload/Vern Gosdin - Today My World Slipped Away.mp3 -> /mnt/samsung4t/lost+found/usr/bin/github/CodexWorkFolder/MusicPrj/Vern Gosdin - Today My World Slipped Away.mp3
2026-08-01 18:56:41 | INFO | audio_filter_tools.storage | Copying local file /mnt/samsung4t/lost+found/usr/bin/github/A_Main_FreeDark/FreeDark_0003_GuitarPro_Music/TMDownload/Edguy - Painting on the Wall.mp3 -> /mnt/samsung4t/lost+found/usr/bin/github/CodexWorkFolder/MusicPrj/Edguy - Painting on the Wall.mp3
2026-08-01 18:56:41 | INFO | audio_filter_tools.storage | Copying local file /mnt/samsung4t/lost+found/usr/bin/github/A_Main_FreeDark/FreeDark_0003_GuitarPro_Music/TMDownload/Noumena - Everlasting Ward.mp3 -> /mnt/samsung4t/lost+found/usr/bin/github/CodexWorkFolder/MusicPrj/Noumena - Everlasting Ward.mp3
2026-08-01 18:56:41 | INFO | audio_filter_tools.storage | Copying local file /mnt/samsung4t/lost+found/usr/bin/github/A_Main_FreeDark/FreeDark_0003_GuitarPro_Music/TMDownload/Dawn Of Solace - Flames of Perdition.mp3 -> /mnt/samsung4t/lost+found/usr/bin/github/CodexWorkFolder/MusicPrj/Dawn Of Solace - Flames of Perdition.mp3
2026-08-01 18:56:41 | INFO | audio_filter_tools.storage | Copying local file /mnt/samsung4t/lost+found/usr/bin/github/A_Main_FreeDark/FreeDark_0003_GuitarPro_Music/TMDownload/Stonewall Jackson - Leona (1).flac -> /mnt/samsung4t/lost+found/usr/bin/github/CodexWorkFolder/MusicPrj/Stonewall Jackson - Leona (1).flac
2026-08-01 18:56:41 | INFO | audio_filter_tools.storage | Copying local file /mnt/samsung4t/lost+found/usr/bin/github/A_Main_FreeDark/FreeDark_0003_GuitarPro_Music/TMDownload/Wolfheart - Zero Gravity.mp3 -> /mnt/samsung4t/lost+found/usr/bin/github/CodexWorkFolder/MusicPrj/Wolfheart - Zero Gravity.mp3
2026-08-01 18:56:41 | INFO | audio_filter_tools.storage | Copying local file /mnt/samsung4t/lost+found/usr/bin/github/A_Main_FreeDark/FreeDark_0003_GuitarPro_Music/TMDownload/Withering Surface - Gears.mp3 -> /mnt/samsung4t/lost+found/usr/bin/github/CodexWorkFolder/MusicPrj/Withering Surface - Gears.mp3
2026-08-01 18:56:41 | INFO | audio_filter_tools.storage | Copying local file /mnt/samsung4t/lost+found/usr/bin/github/A_Main_FreeDark/FreeDark_0003_GuitarPro_Music/TMDownload/Before the Dawn - Alone.mp3 -> /mnt/samsung4t/lost+found/usr/bin/github/CodexWorkFolder/MusicPrj/Before the Dawn - Alone.mp3
2026-08-01 18:56:41 | INFO | audio_filter_tools.storage | Copying local file /mnt/samsung4t/lost+found/usr/bin/github/A_Main_FreeDark/FreeDark_0003_GuitarPro_Music/TMDownload/05. Gamma Ray - Fight (Live).mp3 -> /mnt/samsung4t/lost+found/usr/bin/github/CodexWorkFolder/MusicPrj/05. Gamma Ray - Fight (Live).mp3
2026-08-01 18:56:41 | INFO | audio_filter_tools.storage | Copying local file /mnt/samsung4t/lost+found/usr/bin/github/A_Main_FreeDark/FreeDark_0003_GuitarPro_Music/TMDownload/Edguy - Key to My Fate (Remastered 2021).flac -> /mnt/samsung4t/lost+found/usr/bin/github/CodexWorkFolder/MusicPrj/Edguy - Key to My Fate (Remastered 2021).flac
2026-08-01 18:56:41 | INFO | audio_filter_tools.storage | Copying local file /mnt/samsung4t/lost+found/usr/bin/github/A_Main_FreeDark/FreeDark_0003_GuitarPro_Music/TMDownload/Powerwolf - Sinners of the Seven Seas (Orchestral Version).mp3 -> /mnt/samsung4t/lost+found/usr/bin/github/CodexWorkFolder/MusicPrj/Powerwolf - Sinners of the Seven Seas (Orchestral Version).mp3
2026-08-01 18:56:41 | INFO | audio_filter_tools.storage | Copying local file /mnt/samsung4t/lost+found/usr/bin/github/A_Main_FreeDark/FreeDark_0003_GuitarPro_Music/TMDownload/Edguy - Land of the Miracle (Live).mp3 -> /mnt/samsung4t/lost+found/usr/bin/github/CodexWorkFolder/MusicPrj/Edguy - Land of the Miracle (Live).mp3
2026-08-01 18:56:41 | INFO | audio_filter_tools.storage | Copying local file /mnt/samsung4t/lost+found/usr/bin/github/A_Main_FreeDark/FreeDark_0003_GuitarPro_Music/TMDownload/Dissection - Xeper-I-Set.mp3 -> /mnt/samsung4t/lost+found/usr/bin/github/CodexWorkFolder/MusicPrj/Dissection - Xeper-I-Set.mp3
2026-08-01 18:56:41 | INFO | audio_filter_tools.storage | Copying local file /mnt/samsung4t/lost+found/usr/bin/github/A_Main_FreeDark/FreeDark_0003_GuitarPro_Music/TMDownload/Mors Principium Est - Innocence Lost.mp3 -> /mnt/samsung4t/lost+found/usr/bin/github/CodexWorkFolder/MusicPrj/Mors Principium Est - Innocence Lost.mp3
2026-08-01 18:56:41 | INFO | audio_filter_tools.storage | Copying local file /mnt/samsung4t/lost+found/usr/bin/github/A_Main_FreeDark/FreeDark_0003_GuitarPro_Music/TMDownload/Alabama - Born Country.mp3 -> /mnt/samsung4t/lost+found/usr/bin/github/CodexWorkFolder/MusicPrj/Alabama - Born Country.mp3
2026-08-01 18:56:41 | INFO | audio_filter_tools.storage | Copying local file /mnt/samsung4t/lost+found/usr/bin/github/A_Main_FreeDark/FreeDark_0003_GuitarPro_Music/TMDownload/Omnium Gatherum - The Pit.mp3 -> /mnt/samsung4t/lost+found/usr/bin/github/CodexWorkFolder/MusicPrj/Omnium Gatherum - The Pit.mp3
2026-08-01 18:56:41 | INFO | audio_filter_tools.storage | Copying local file /mnt/samsung4t/lost+found/usr/bin/github/A_Main_FreeDark/FreeDark_0003_GuitarPro_Music/TMDownload/Confederate Railroad - Hunger Pains.mp3 -> /mnt/samsung4t/lost+found/usr/bin/github/CodexWorkFolder/MusicPrj/Confederate Railroad - Hunger Pains.mp3
2026-08-01 18:56:41 | INFO | audio_filter_tools.storage | Copying local file /mnt/samsung4t/lost+found/usr/bin/github/A_Main_FreeDark/FreeDark_0003_GuitarPro_Music/TMDownload/Rapture - Nameless.mp3 -> /mnt/samsung4t/lost+found/usr/bin/github/CodexWorkFolder/MusicPrj/Rapture - Nameless.mp3
2026-08-01 18:56:41 | INFO | audio_filter_tools.storage | Copying local file /mnt/samsung4t/lost+found/usr/bin/github/A_Main_FreeDark/FreeDark_0003_GuitarPro_Music/TMDownload/04. Gamma Ray - Man On A Mission (Live).mp3 -> /mnt/samsung4t/lost+found/usr/bin/github/CodexWorkFolder/MusicPrj/04. Gamma Ray - Man On A Mission (Live).mp3
2026-08-01 18:56:41 | INFO | audio_filter_tools.storage | Copying local file /mnt/samsung4t/lost+found/usr/bin/github/A_Main_FreeDark/FreeDark_0003_GuitarPro_Music/TMDownload/04 Borknagar - A Tale of Pagan Tongue.mp3 -> /mnt/samsung4t/lost+found/usr/bin/github/CodexWorkFolder/MusicPrj/04 Borknagar - A Tale of Pagan Tongue.mp3
2026-08-01 18:56:41 | INFO | audio_filter_tools.storage | Copying local file /mnt/samsung4t/lost+found/usr/bin/github/A_Main_FreeDark/FreeDark_0003_GuitarPro_Music/TMDownload/Powerwolf - Amen   Attack.mp3 -> /mnt/samsung4t/lost+found/usr/bin/github/CodexWorkFolder/MusicPrj/Powerwolf - Amen   Attack.mp3
2026-08-01 18:56:41 | INFO | audio_filter_tools.storage | Copying local file /mnt/samsung4t/lost+found/usr/bin/github/A_Main_FreeDark/FreeDark_0003_GuitarPro_Music/TMDownload/Powerwolf - The Sacrament of Sin (Orchestral Version).mp3 -> /mnt/samsung4t/lost+found/usr/bin/github/CodexWorkFolder/MusicPrj/Powerwolf - The Sacrament of Sin (Orchestral Version).mp3
2026-08-01 18:56:41 | INFO | audio_filter_tools.storage | Copying local file /mnt/samsung4t/lost+found/usr/bin/github/A_Main_FreeDark/FreeDark_0003_GuitarPro_Music/TMDownload/Noumena - Ignifer.mp3 -> /mnt/samsung4t/lost+found/usr/bin/github/CodexWorkFolder/MusicPrj/Noumena - Ignifer.mp3
2026-08-01 18:56:41 | INFO | audio_filter_tools.storage | Copying local file /mnt/samsung4t/lost+found/usr/bin/github/A_Main_FreeDark/FreeDark_0003_GuitarPro_Music/TMDownload/Powerwolf - In the Name of God (Deus Vult).mp3 -> /mnt/samsung4t/lost+found/usr/bin/github/CodexWorkFolder/MusicPrj/Powerwolf - In the Name of God (Deus Vult).mp3
2026-08-01 18:56:41 | INFO | audio_filter_tools.storage | Copying local file /mnt/samsung4t/lost+found/usr/bin/github/A_Main_FreeDark/FreeDark_0003_GuitarPro_Music/TMDownload/Soilwork - Overload.mp3 -> /mnt/samsung4t/lost+found/usr/bin/github/CodexWorkFolder/MusicPrj/Soilwork - Overload.mp3
2026-08-01 18:56:41 | INFO | audio_filter_tools.storage | Copying local file /mnt/samsung4t/lost+found/usr/bin/github/A_Main_FreeDark/FreeDark_0003_GuitarPro_Music/TMDownload/October Tide - Blackness Devours.mp3 -> /mnt/samsung4t/lost+found/usr/bin/github/CodexWorkFolder/MusicPrj/October Tide - Blackness Devours.mp3
2026-08-01 18:56:41 | INFO | audio_filter_tools.storage | Copying local file /mnt/samsung4t/lost+found/usr/bin/github/A_Main_FreeDark/FreeDark_0003_GuitarPro_Music/TMDownload/Mors Principium Est - God Has Fallen.mp3 -> /mnt/samsung4t/lost+found/usr/bin/github/CodexWorkFolder/MusicPrj/Mors Principium Est - God Has Fallen.mp3
2026-08-01 18:56:42 | INFO | audio_filter_tools.storage | Copying local file /mnt/samsung4t/lost+found/usr/bin/github/A_Main_FreeDark/FreeDark_0003_GuitarPro_Music/TMDownload/Avantasia - Heart.mp3 -> /mnt/samsung4t/lost+found/usr/bin/github/CodexWorkFolder/MusicPrj/Avantasia - Heart.mp3
2026-08-01 18:56:42 | INFO | audio_filter_tools.storage | Copying local file /mnt/samsung4t/lost+found/usr/bin/github/A_Main_FreeDark/FreeDark_0003_GuitarPro_Music/TMDownload/Equilibrium - Wurzelbert.flac -> /mnt/samsung4t/lost+found/usr/bin/github/CodexWorkFolder/MusicPrj/Equilibrium - Wurzelbert.flac
2026-08-01 18:56:42 | INFO | audio_filter_tools.storage | Copying local file /mnt/samsung4t/lost+found/usr/bin/github/A_Main_FreeDark/FreeDark_0003_GuitarPro_Music/TMDownload/Willie Nelson - A Moment Isn t Very Long.mp3 -> /mnt/samsung4t/lost+found/usr/bin/github/CodexWorkFolder/MusicPrj/Willie Nelson - A Moment Isn t Very Long.mp3
2026-08-01 18:56:42 | INFO | audio_filter_tools.storage | Copying local file /mnt/samsung4t/lost+found/usr/bin/github/A_Main_FreeDark/FreeDark_0003_GuitarPro_Music/TMDownload/Running Wild - Riding the Storm.flac -> /mnt/samsung4t/lost+found/usr/bin/github/CodexWorkFolder/MusicPrj/Running Wild - Riding the Storm.flac
2026-08-01 18:56:42 | INFO | audio_filter_tools.storage | Copying local file /mnt/samsung4t/lost+found/usr/bin/github/A_Main_FreeDark/FreeDark_0003_GuitarPro_Music/TMDownload/Shade Empire - Ash Statues.mp3 -> /mnt/samsung4t/lost+found/usr/bin/github/CodexWorkFolder/MusicPrj/Shade Empire - Ash Statues.mp3
2026-08-01 18:56:42 | INFO | audio_filter_tools.storage | Copying local file /mnt/samsung4t/lost+found/usr/bin/github/A_Main_FreeDark/FreeDark_0003_GuitarPro_Music/TMDownload/Noumena - Monument Of Pain.mp3 -> /mnt/samsung4t/lost+found/usr/bin/github/CodexWorkFolder/MusicPrj/Noumena - Monument Of Pain.mp3
2026-08-01 18:56:42 | INFO | audio_filter_tools.storage | Copying local file /mnt/samsung4t/lost+found/usr/bin/github/A_Main_FreeDark/FreeDark_0003_GuitarPro_Music/TMDownload/Edguy - Breathe.flac -> /mnt/samsung4t/lost+found/usr/bin/github/CodexWorkFolder/MusicPrj/Edguy - Breathe.flac
2026-08-01 18:56:42 | INFO | audio_filter_tools.storage | Copying local file /mnt/samsung4t/lost+found/usr/bin/github/A_Main_FreeDark/FreeDark_0003_GuitarPro_Music/TMDownload/04 October Tide - Sightless.mp3 -> /mnt/samsung4t/lost+found/usr/bin/github/CodexWorkFolder/MusicPrj/04 October Tide - Sightless.mp3
2026-08-01 18:56:42 | INFO | audio_filter_tools.storage | Copying local file /mnt/samsung4t/lost+found/usr/bin/github/A_Main_FreeDark/FreeDark_0003_GuitarPro_Music/TMDownload/Primal Fear - Seek and Destroy.flac -> /mnt/samsung4t/lost+found/usr/bin/github/CodexWorkFolder/MusicPrj/Primal Fear - Seek and Destroy.flac
2026-08-01 18:56:42 | INFO | audio_filter_tools.storage | Copying local file /mnt/samsung4t/lost+found/usr/bin/github/A_Main_FreeDark/FreeDark_0003_GuitarPro_Music/TMDownload/Gamma Ray - One Life.mp3 -> /mnt/samsung4t/lost+found/usr/bin/github/CodexWorkFolder/MusicPrj/Gamma Ray - One Life.mp3
2026-08-01 18:56:42 | INFO | audio_filter_tools.storage | Copying local file /mnt/samsung4t/lost+found/usr/bin/github/A_Main_FreeDark/FreeDark_0003_GuitarPro_Music/TMDownload/Avantasia - The Toy Master (Alternative Version).mp3 -> /mnt/samsung4t/lost+found/usr/bin/github/CodexWorkFolder/MusicPrj/Avantasia - The Toy Master (Alternative Version).mp3
2026-08-01 18:56:42 | INFO | audio_filter_tools.storage | Copying local file /mnt/samsung4t/lost+found/usr/bin/github/A_Main_FreeDark/FreeDark_0003_GuitarPro_Music/TMDownload/Confederate Railroad - She Took It Like a Man (Remastered Ve.mp3 -> /mnt/samsung4t/lost+found/usr/bin/github/CodexWorkFolder/MusicPrj/Confederate Railroad - She Took It Like a Man (Remastered Ve.mp3
2026-08-01 18:56:42 | INFO | audio_filter_tools.storage | Copying local file /mnt/samsung4t/lost+found/usr/bin/github/A_Main_FreeDark/FreeDark_0003_GuitarPro_Music/TMDownload/Battle Beast - Show Me How to Die.mp3 -> /mnt/samsung4t/lost+found/usr/bin/github/CodexWorkFolder/MusicPrj/Battle Beast - Show Me How to Die.mp3
2026-08-01 18:56:42 | INFO | audio_filter_tools.storage | Copying local file /mnt/samsung4t/lost+found/usr/bin/github/A_Main_FreeDark/FreeDark_0003_GuitarPro_Music/TMDownload/06 Mors Principium Est - I Am War.mp3 -> /mnt/samsung4t/lost+found/usr/bin/github/CodexWorkFolder/MusicPrj/06 Mors Principium Est - I Am War.mp3
2026-08-01 18:56:42 | INFO | audio_filter_tools.storage | Copying local file /mnt/samsung4t/lost+found/usr/bin/github/A_Main_FreeDark/FreeDark_0003_GuitarPro_Music/TMDownload/08 Omnium Gatherum - The Unknowing.mp3 -> /mnt/samsung4t/lost+found/usr/bin/github/CodexWorkFolder/MusicPrj/08 Omnium Gatherum - The Unknowing.mp3
2026-08-01 18:56:42 | INFO | audio_filter_tools.storage | Copying local file /mnt/samsung4t/lost+found/usr/bin/github/A_Main_FreeDark/FreeDark_0003_GuitarPro_Music/TMDownload/Dawn Of Solace - Ashes.mp3 -> /mnt/samsung4t/lost+found/usr/bin/github/CodexWorkFolder/MusicPrj/Dawn Of Solace - Ashes.mp3
2026-08-01 18:56:42 | INFO | audio_filter_tools.storage | Copying local file /mnt/samsung4t/lost+found/usr/bin/github/A_Main_FreeDark/FreeDark_0003_GuitarPro_Music/TMDownload/Powerwolf - Secrets of the Sacristy.mp3 -> /mnt/samsung4t/lost+found/usr/bin/github/CodexWorkFolder/MusicPrj/Powerwolf - Secrets of the Sacristy.mp3
2026-08-01 18:56:42 | INFO | audio_filter_tools.storage | Copying local file /mnt/samsung4t/lost+found/usr/bin/github/A_Main_FreeDark/FreeDark_0003_GuitarPro_Music/TMDownload/Alabama - She Ain t Your Ordinary Girl (Single Edit).mp3 -> /mnt/samsung4t/lost+found/usr/bin/github/CodexWorkFolder/MusicPrj/Alabama - She Ain t Your Ordinary Girl (Single Edit).mp3
2026-08-01 18:56:42 | INFO | audio_filter_tools.storage | Copying local file /mnt/samsung4t/lost+found/usr/bin/github/A_Main_FreeDark/FreeDark_0003_GuitarPro_Music/TMDownload/Falkenbach - Roman Land.flac -> /mnt/samsung4t/lost+found/usr/bin/github/CodexWorkFolder/MusicPrj/Falkenbach - Roman Land.flac
2026-08-01 18:56:42 | INFO | audio_filter_tools.storage | Copying local file /mnt/samsung4t/lost+found/usr/bin/github/A_Main_FreeDark/FreeDark_0003_GuitarPro_Music/TMDownload/Rapture - Gallows.mp3 -> /mnt/samsung4t/lost+found/usr/bin/github/CodexWorkFolder/MusicPrj/Rapture - Gallows.mp3
2026-08-01 18:56:42 | INFO | audio_filter_tools.storage | Copying local file /mnt/samsung4t/lost+found/usr/bin/github/A_Main_FreeDark/FreeDark_0003_GuitarPro_Music/TMDownload/Equilibrium - Wellengang.mp3 -> /mnt/samsung4t/lost+found/usr/bin/github/CodexWorkFolder/MusicPrj/Equilibrium - Wellengang.mp3
2026-08-01 18:56:42 | INFO | audio_filter_tools.storage | Copying local file /mnt/samsung4t/lost+found/usr/bin/github/A_Main_FreeDark/FreeDark_0003_GuitarPro_Music/TMDownload/Heidi Hauge - Once a Day.mp3 -> /mnt/samsung4t/lost+found/usr/bin/github/CodexWorkFolder/MusicPrj/Heidi Hauge - Once a Day.mp3
2026-08-01 18:56:42 | INFO | audio_filter_tools.storage | Copying local file /mnt/samsung4t/lost+found/usr/bin/github/A_Main_FreeDark/FreeDark_0003_GuitarPro_Music/TMDownload/Edguy - Wasted Time.mp3 -> /mnt/samsung4t/lost+found/usr/bin/github/CodexWorkFolder/MusicPrj/Edguy - Wasted Time.mp3
2026-08-01 18:56:42 | INFO | audio_filter_tools.storage | Copying local file /mnt/samsung4t/lost+found/usr/bin/github/A_Main_FreeDark/FreeDark_0003_GuitarPro_Music/TMDownload/Agathodaimon - Estrangement.flac -> /mnt/samsung4t/lost+found/usr/bin/github/CodexWorkFolder/MusicPrj/Agathodaimon - Estrangement.flac
2026-08-01 18:56:42 | INFO | audio_filter_tools.storage | Copying local file /mnt/samsung4t/lost+found/usr/bin/github/A_Main_FreeDark/FreeDark_0003_GuitarPro_Music/TMDownload/Stonewall Jackson - Leona (2).flac -> /mnt/samsung4t/lost+found/usr/bin/github/CodexWorkFolder/MusicPrj/Stonewall Jackson - Leona (2).flac
2026-08-01 18:56:43 | INFO | audio_filter_tools.storage | Copying local file /mnt/samsung4t/lost+found/usr/bin/github/A_Main_FreeDark/FreeDark_0003_GuitarPro_Music/TMDownload/Willie Nelson - If You ve Got the Money, I ve Got the Time.mp3 -> /mnt/samsung4t/lost+found/usr/bin/github/CodexWorkFolder/MusicPrj/Willie Nelson - If You ve Got the Money, I ve Got the Time.mp3
2026-08-01 18:56:43 | INFO | audio_filter_tools.storage | Copying local file /mnt/samsung4t/lost+found/usr/bin/github/A_Main_FreeDark/FreeDark_0003_GuitarPro_Music/TMDownload/Agathodaimon - Winterchild.flac -> /mnt/samsung4t/lost+found/usr/bin/github/CodexWorkFolder/MusicPrj/Agathodaimon - Winterchild.flac
2026-08-01 18:56:43 | INFO | audio_filter_tools.storage | Copying local file /mnt/samsung4t/lost+found/usr/bin/github/A_Main_FreeDark/FreeDark_0003_GuitarPro_Music/TMDownload/Equilibrium - Die Affeninsel.flac -> /mnt/samsung4t/lost+found/usr/bin/github/CodexWorkFolder/MusicPrj/Equilibrium - Die Affeninsel.flac
2026-08-01 18:56:43 | INFO | audio_filter_tools.storage | Copying local file /mnt/samsung4t/lost+found/usr/bin/github/A_Main_FreeDark/FreeDark_0003_GuitarPro_Music/TMDownload/Beast In Black - From Hell with Love.mp3 -> /mnt/samsung4t/lost+found/usr/bin/github/CodexWorkFolder/MusicPrj/Beast In Black - From Hell with Love.mp3
2026-08-01 18:56:43 | INFO | audio_filter_tools.storage | Copying local file /mnt/samsung4t/lost+found/usr/bin/github/A_Main_FreeDark/FreeDark_0003_GuitarPro_Music/TMDownload/Gamma Ray - Look At Yourself.mp3 -> /mnt/samsung4t/lost+found/usr/bin/github/CodexWorkFolder/MusicPrj/Gamma Ray - Look At Yourself.mp3
2026-08-01 18:56:43 | INFO | audio_filter_tools.storage | Copying local file /mnt/samsung4t/lost+found/usr/bin/github/A_Main_FreeDark/FreeDark_0003_GuitarPro_Music/TMDownload/Withering Surface - Behind The Other Side.mp3 -> /mnt/samsung4t/lost+found/usr/bin/github/CodexWorkFolder/MusicPrj/Withering Surface - Behind The Other Side.mp3
2026-08-01 18:56:43 | INFO | audio_filter_tools.storage | Copying local file /mnt/samsung4t/lost+found/usr/bin/github/A_Main_FreeDark/FreeDark_0003_GuitarPro_Music/TMDownload/Eternal Tears of Sorrow - Heart Of Wilderness.mp3 -> /mnt/samsung4t/lost+found/usr/bin/github/CodexWorkFolder/MusicPrj/Eternal Tears of Sorrow - Heart Of Wilderness.mp3
2026-08-01 18:56:43 | INFO | audio_filter_tools.storage | Copying local file /mnt/samsung4t/lost+found/usr/bin/github/A_Main_FreeDark/FreeDark_0003_GuitarPro_Music/TMDownload/Dawn Of Solace - White Noise.mp3 -> /mnt/samsung4t/lost+found/usr/bin/github/CodexWorkFolder/MusicPrj/Dawn Of Solace - White Noise.mp3
2026-08-01 18:56:43 | INFO | audio_filter_tools.storage | Copying local file /mnt/samsung4t/lost+found/usr/bin/github/A_Main_FreeDark/FreeDark_0003_GuitarPro_Music/TMDownload/Edguy - Avantasia (Live in Sao Paolo 2006).mp3 -> /mnt/samsung4t/lost+found/usr/bin/github/CodexWorkFolder/MusicPrj/Edguy - Avantasia (Live in Sao Paolo 2006).mp3
2026-08-01 18:56:43 | INFO | audio_filter_tools.storage | Copying local file /mnt/samsung4t/lost+found/usr/bin/github/A_Main_FreeDark/FreeDark_0003_GuitarPro_Music/TMDownload/Noumena - Anima.mp3 -> /mnt/samsung4t/lost+found/usr/bin/github/CodexWorkFolder/MusicPrj/Noumena - Anima.mp3
2026-08-01 18:56:43 | INFO | audio_filter_tools.storage | Copying local file /mnt/samsung4t/lost+found/usr/bin/github/A_Main_FreeDark/FreeDark_0003_GuitarPro_Music/TMDownload/03 Borknagar - Cold Runs the River.mp3 -> /mnt/samsung4t/lost+found/usr/bin/github/CodexWorkFolder/MusicPrj/03 Borknagar - Cold Runs the River.mp3
2026-08-01 18:56:43 | INFO | audio_filter_tools.storage | Copying local file /mnt/samsung4t/lost+found/usr/bin/github/A_Main_FreeDark/FreeDark_0003_GuitarPro_Music/TMDownload/Borknagar - The Fire that Burns.mp3 -> /mnt/samsung4t/lost+found/usr/bin/github/CodexWorkFolder/MusicPrj/Borknagar - The Fire that Burns.mp3
2026-08-01 18:56:43 | INFO | audio_filter_tools.storage | Copying local file /mnt/samsung4t/lost+found/usr/bin/github/A_Main_FreeDark/FreeDark_0003_GuitarPro_Music/TMDownload/October Tide - Reckless Abandon.mp3 -> /mnt/samsung4t/lost+found/usr/bin/github/CodexWorkFolder/MusicPrj/October Tide - Reckless Abandon.mp3
2026-08-01 18:56:43 | INFO | audio_filter_tools.storage | Copying local file /mnt/samsung4t/lost+found/usr/bin/github/A_Main_FreeDark/FreeDark_0003_GuitarPro_Music/TMDownload/Orden Ogan - Dying Paradise.mp3 -> /mnt/samsung4t/lost+found/usr/bin/github/CodexWorkFolder/MusicPrj/Orden Ogan - Dying Paradise.mp3
2026-08-01 18:56:43 | INFO | audio_filter_tools.storage | Copying local file /mnt/samsung4t/lost+found/usr/bin/github/A_Main_FreeDark/FreeDark_0003_GuitarPro_Music/TMDownload/Jag Panzer - Children of the Sea.mp3 -> /mnt/samsung4t/lost+found/usr/bin/github/CodexWorkFolder/MusicPrj/Jag Panzer - Children of the Sea.mp3
2026-08-01 18:56:43 | INFO | audio_filter_tools.storage | Copying local file /mnt/samsung4t/lost+found/usr/bin/github/A_Main_FreeDark/FreeDark_0003_GuitarPro_Music/TMDownload/01 - Edguy - Robin Hood.mp3 -> /mnt/samsung4t/lost+found/usr/bin/github/CodexWorkFolder/MusicPrj/01 - Edguy - Robin Hood.mp3
2026-08-01 18:56:43 | INFO | audio_filter_tools.storage | Copying local file /mnt/samsung4t/lost+found/usr/bin/github/A_Main_FreeDark/FreeDark_0003_GuitarPro_Music/TMDownload/Primal Fear - Magic Eye.flac -> /mnt/samsung4t/lost+found/usr/bin/github/CodexWorkFolder/MusicPrj/Primal Fear - Magic Eye.flac
2026-08-01 18:56:43 | INFO | audio_filter_tools.storage | Copying local file /mnt/samsung4t/lost+found/usr/bin/github/A_Main_FreeDark/FreeDark_0003_GuitarPro_Music/TMDownload/Equilibrium - Nordheim.flac -> /mnt/samsung4t/lost+found/usr/bin/github/CodexWorkFolder/MusicPrj/Equilibrium - Nordheim.flac
2026-08-01 18:56:43 | INFO | audio_filter_tools.storage | Copying local file /mnt/samsung4t/lost+found/usr/bin/github/A_Main_FreeDark/FreeDark_0003_GuitarPro_Music/TMDownload/Powerwolf - Blessed   Possessed.mp3 -> /mnt/samsung4t/lost+found/usr/bin/github/CodexWorkFolder/MusicPrj/Powerwolf - Blessed   Possessed.mp3
2026-08-01 18:56:43 | INFO | audio_filter_tools.storage | Copying local file /mnt/samsung4t/lost+found/usr/bin/github/A_Main_FreeDark/FreeDark_0003_GuitarPro_Music/TMDownload/Equilibrium - Unbesiegt.flac -> /mnt/samsung4t/lost+found/usr/bin/github/CodexWorkFolder/MusicPrj/Equilibrium - Unbesiegt.flac
2026-08-01 18:56:43 | INFO | audio_filter_tools.storage | Copying local file /mnt/samsung4t/lost+found/usr/bin/github/A_Main_FreeDark/FreeDark_0003_GuitarPro_Music/TMDownload/Powerwolf - We Drink Your Blood.mp3 -> /mnt/samsung4t/lost+found/usr/bin/github/CodexWorkFolder/MusicPrj/Powerwolf - We Drink Your Blood.mp3
2026-08-01 18:56:43 | INFO | audio_filter_tools.storage | Copying local file /mnt/samsung4t/lost+found/usr/bin/github/A_Main_FreeDark/FreeDark_0003_GuitarPro_Music/TMDownload/Withering Surface - The White Path.mp3 -> /mnt/samsung4t/lost+found/usr/bin/github/CodexWorkFolder/MusicPrj/Withering Surface - The White Path.mp3
2026-08-01 18:56:43 | INFO | audio_filter_tools.storage | Copying local file /mnt/samsung4t/lost+found/usr/bin/github/A_Main_FreeDark/FreeDark_0003_GuitarPro_Music/TMDownload/Battle Beast - Let It Roar.mp3 -> /mnt/samsung4t/lost+found/usr/bin/github/CodexWorkFolder/MusicPrj/Battle Beast - Let It Roar.mp3
2026-08-01 18:56:44 | INFO | audio_filter_tools.storage | Copying local file /mnt/samsung4t/lost+found/usr/bin/github/A_Main_FreeDark/FreeDark_0003_GuitarPro_Music/TMDownload/Battle Beast - Lionheart.mp3 -> /mnt/samsung4t/lost+found/usr/bin/github/CodexWorkFolder/MusicPrj/Battle Beast - Lionheart.mp3
2026-08-01 18:56:44 | INFO | audio_filter_tools.storage | Copying local file /mnt/samsung4t/lost+found/usr/bin/github/A_Main_FreeDark/FreeDark_0003_GuitarPro_Music/TMDownload/02 Borknagar - The Presence Is Ominous.mp3 -> /mnt/samsung4t/lost+found/usr/bin/github/CodexWorkFolder/MusicPrj/02 Borknagar - The Presence Is Ominous.mp3
2026-08-01 18:56:44 | INFO | audio_filter_tools.storage | Copying local file /mnt/samsung4t/lost+found/usr/bin/github/A_Main_FreeDark/FreeDark_0003_GuitarPro_Music/TMDownload/Gamma Ray - Solid.flac -> /mnt/samsung4t/lost+found/usr/bin/github/CodexWorkFolder/MusicPrj/Gamma Ray - Solid.flac
2026-08-01 18:56:44 | INFO | audio_filter_tools.storage | Copying local file /mnt/samsung4t/lost+found/usr/bin/github/A_Main_FreeDark/FreeDark_0003_GuitarPro_Music/TMDownload/Falkenbach - The Heathenish Foray.flac -> /mnt/samsung4t/lost+found/usr/bin/github/CodexWorkFolder/MusicPrj/Falkenbach - The Heathenish Foray.flac
2026-08-01 18:56:44 | INFO | audio_filter_tools.storage | Copying local file /mnt/samsung4t/lost+found/usr/bin/github/A_Main_FreeDark/FreeDark_0003_GuitarPro_Music/TMDownload/Equilibrium - Katharsis (Instrumental) (1).flac -> /mnt/samsung4t/lost+found/usr/bin/github/CodexWorkFolder/MusicPrj/Equilibrium - Katharsis (Instrumental) (1).flac
2026-08-01 18:56:44 | INFO | audio_filter_tools.storage | Copying local file /mnt/samsung4t/lost+found/usr/bin/github/A_Main_FreeDark/FreeDark_0003_GuitarPro_Music/TMDownload/Shade Empire - Until No Life Breeds.mp3 -> /mnt/samsung4t/lost+found/usr/bin/github/CodexWorkFolder/MusicPrj/Shade Empire - Until No Life Breeds.mp3
2026-08-01 18:56:44 | INFO | audio_filter_tools.storage | Copying local file /mnt/samsung4t/lost+found/usr/bin/github/A_Main_FreeDark/FreeDark_0003_GuitarPro_Music/TMDownload/Borknagar - Lights.mp3 -> /mnt/samsung4t/lost+found/usr/bin/github/CodexWorkFolder/MusicPrj/Borknagar - Lights.mp3
2026-08-01 18:56:44 | INFO | audio_filter_tools.storage | Copying local file /mnt/samsung4t/lost+found/usr/bin/github/A_Main_FreeDark/FreeDark_0003_GuitarPro_Music/TMDownload/Battle Beast - Steel.mp3 -> /mnt/samsung4t/lost+found/usr/bin/github/CodexWorkFolder/MusicPrj/Battle Beast - Steel.mp3
2026-08-01 18:56:44 | INFO | audio_filter_tools.storage | Copying local file /mnt/samsung4t/lost+found/usr/bin/github/A_Main_FreeDark/FreeDark_0003_GuitarPro_Music/TMDownload/Running Wild - Riding The Storm (Remastered).mp3 -> /mnt/samsung4t/lost+found/usr/bin/github/CodexWorkFolder/MusicPrj/Running Wild - Riding The Storm (Remastered).mp3
2026-08-01 18:56:44 | INFO | audio_filter_tools.storage | Copying local file /mnt/samsung4t/lost+found/usr/bin/github/A_Main_FreeDark/FreeDark_0003_GuitarPro_Music/TMDownload/05 - Doro - I'll Be Holding On.mp3 -> /mnt/samsung4t/lost+found/usr/bin/github/CodexWorkFolder/MusicPrj/05 - Doro - I'll Be Holding On.mp3
2026-08-01 18:56:44 | INFO | audio_filter_tools.storage | Copying local file /mnt/samsung4t/lost+found/usr/bin/github/A_Main_FreeDark/FreeDark_0003_GuitarPro_Music/TMDownload/October Tide - The Dividing Line.mp3 -> /mnt/samsung4t/lost+found/usr/bin/github/CodexWorkFolder/MusicPrj/October Tide - The Dividing Line.mp3
2026-08-01 18:56:44 | INFO | audio_filter_tools.storage | Copying local file /mnt/samsung4t/lost+found/usr/bin/github/A_Main_FreeDark/FreeDark_0003_GuitarPro_Music/TMDownload/Wolfheart - Gale Of Winter.mp3 -> /mnt/samsung4t/lost+found/usr/bin/github/CodexWorkFolder/MusicPrj/Wolfheart - Gale Of Winter.mp3
2026-08-01 18:56:44 | INFO | audio_filter_tools.storage | Copying local file /mnt/samsung4t/lost+found/usr/bin/github/A_Main_FreeDark/FreeDark_0003_GuitarPro_Music/TMDownload/Shade Empire - Slumbering Giant.mp3 -> /mnt/samsung4t/lost+found/usr/bin/github/CodexWorkFolder/MusicPrj/Shade Empire - Slumbering Giant.mp3
2026-08-01 18:56:44 | INFO | audio_filter_tools.storage | Copying local file /mnt/samsung4t/lost+found/usr/bin/github/A_Main_FreeDark/FreeDark_0003_GuitarPro_Music/TMDownload/Gamma Ray - All You Need To Know.flac -> /mnt/samsung4t/lost+found/usr/bin/github/CodexWorkFolder/MusicPrj/Gamma Ray - All You Need To Know.flac
2026-08-01 18:56:44 | INFO | audio_filter_tools.storage | Copying local file /mnt/samsung4t/lost+found/usr/bin/github/A_Main_FreeDark/FreeDark_0003_GuitarPro_Music/TMDownload/Gamma Ray - Blood Religion (Remastered).flac -> /mnt/samsung4t/lost+found/usr/bin/github/CodexWorkFolder/MusicPrj/Gamma Ray - Blood Religion (Remastered).flac
2026-08-01 18:56:44 | INFO | audio_filter_tools.storage | Copying local file /mnt/samsung4t/lost+found/usr/bin/github/A_Main_FreeDark/FreeDark_0003_GuitarPro_Music/TMDownload/Mercenary - Redestructdead.mp3 -> /mnt/samsung4t/lost+found/usr/bin/github/CodexWorkFolder/MusicPrj/Mercenary - Redestructdead.mp3
2026-08-01 18:56:44 | INFO | audio_filter_tools.storage | Copying local file /mnt/samsung4t/lost+found/usr/bin/github/A_Main_FreeDark/FreeDark_0003_GuitarPro_Music/TMDownload/Windir - Blodssvik.mp3 -> /mnt/samsung4t/lost+found/usr/bin/github/CodexWorkFolder/MusicPrj/Windir - Blodssvik.mp3
2026-08-01 18:56:44 | INFO | audio_filter_tools.storage | Copying local file /mnt/samsung4t/lost+found/usr/bin/github/A_Main_FreeDark/FreeDark_0003_GuitarPro_Music/TMDownload/Soilwork - Departure Plan.mp3 -> /mnt/samsung4t/lost+found/usr/bin/github/CodexWorkFolder/MusicPrj/Soilwork - Departure Plan.mp3
2026-08-01 18:56:44 | INFO | audio_filter_tools.storage | Copying local file /mnt/samsung4t/lost+found/usr/bin/github/A_Main_FreeDark/FreeDark_0003_GuitarPro_Music/TMDownload/Agathodaimon - Ain t Death Grand.flac -> /mnt/samsung4t/lost+found/usr/bin/github/CodexWorkFolder/MusicPrj/Agathodaimon - Ain t Death Grand.flac
2026-08-01 18:56:44 | INFO | audio_filter_tools.storage | Copying local file /mnt/samsung4t/lost+found/usr/bin/github/A_Main_FreeDark/FreeDark_0003_GuitarPro_Music/TMDownload/Windir - Likbør.mp3 -> /mnt/samsung4t/lost+found/usr/bin/github/CodexWorkFolder/MusicPrj/Windir - Likbør.mp3
2026-08-01 18:56:44 | INFO | audio_filter_tools.storage | Copying local file /mnt/samsung4t/lost+found/usr/bin/github/A_Main_FreeDark/FreeDark_0003_GuitarPro_Music/TMDownload/Windir - Ending.mp3 -> /mnt/samsung4t/lost+found/usr/bin/github/CodexWorkFolder/MusicPrj/Windir - Ending.mp3
2026-08-01 18:56:44 | INFO | audio_filter_tools.storage | Copying local file /mnt/samsung4t/lost+found/usr/bin/github/A_Main_FreeDark/FreeDark_0003_GuitarPro_Music/TMDownload/The Vision Bleak - Metropolis.flac -> /mnt/samsung4t/lost+found/usr/bin/github/CodexWorkFolder/MusicPrj/The Vision Bleak - Metropolis.flac
2026-08-01 18:56:45 | INFO | audio_filter_tools.storage | Copying local file /mnt/samsung4t/lost+found/usr/bin/github/A_Main_FreeDark/FreeDark_0003_GuitarPro_Music/TMDownload/Equilibrium - Der Wassermann.flac -> /mnt/samsung4t/lost+found/usr/bin/github/CodexWorkFolder/MusicPrj/Equilibrium - Der Wassermann.flac
2026-08-01 18:56:45 | INFO | audio_filter_tools.storage | Copying local file /mnt/samsung4t/lost+found/usr/bin/github/A_Main_FreeDark/FreeDark_0003_GuitarPro_Music/TMDownload/Omnium Gatherum - Into Sea.mp3 -> /mnt/samsung4t/lost+found/usr/bin/github/CodexWorkFolder/MusicPrj/Omnium Gatherum - Into Sea.mp3
2026-08-01 18:56:45 | INFO | audio_filter_tools.storage | Copying local file /mnt/samsung4t/lost+found/usr/bin/github/A_Main_FreeDark/FreeDark_0003_GuitarPro_Music/TMDownload/Slumber - Rapture.mp3 -> /mnt/samsung4t/lost+found/usr/bin/github/CodexWorkFolder/MusicPrj/Slumber - Rapture.mp3
2026-08-01 18:56:45 | INFO | audio_filter_tools.storage | Copying local file /mnt/samsung4t/lost+found/usr/bin/github/A_Main_FreeDark/FreeDark_0003_GuitarPro_Music/TMDownload/Equilibrium - Wirtshaus Gaudi.flac -> /mnt/samsung4t/lost+found/usr/bin/github/CodexWorkFolder/MusicPrj/Equilibrium - Wirtshaus Gaudi.flac
2026-08-01 18:56:45 | INFO | audio_filter_tools.storage | Copying local file /mnt/samsung4t/lost+found/usr/bin/github/A_Main_FreeDark/FreeDark_0003_GuitarPro_Music/TMDownload/Equilibrium - Heavy Chill.flac -> /mnt/samsung4t/lost+found/usr/bin/github/CodexWorkFolder/MusicPrj/Equilibrium - Heavy Chill.flac
2026-08-01 18:56:45 | INFO | audio_filter_tools.storage | Copying local file /mnt/samsung4t/lost+found/usr/bin/github/A_Main_FreeDark/FreeDark_0003_GuitarPro_Music/TMDownload/Willie Nelson - The Warm Red Wine (Album Version).mp3 -> /mnt/samsung4t/lost+found/usr/bin/github/CodexWorkFolder/MusicPrj/Willie Nelson - The Warm Red Wine (Album Version).mp3
2026-08-01 18:56:45 | INFO | audio_filter_tools.storage | Copying local file /mnt/samsung4t/lost+found/usr/bin/github/A_Main_FreeDark/FreeDark_0003_GuitarPro_Music/TMDownload/Omnium Gatherum - Shapes And Shades.mp3 -> /mnt/samsung4t/lost+found/usr/bin/github/CodexWorkFolder/MusicPrj/Omnium Gatherum - Shapes And Shades.mp3
2026-08-01 18:56:45 | INFO | audio_filter_tools.storage | Copying local file /mnt/samsung4t/lost+found/usr/bin/github/A_Main_FreeDark/FreeDark_0003_GuitarPro_Music/TMDownload/Gamma Ray - Fire Below.flac -> /mnt/samsung4t/lost+found/usr/bin/github/CodexWorkFolder/MusicPrj/Gamma Ray - Fire Below.flac
2026-08-01 18:56:45 | INFO | audio_filter_tools.storage | Copying local file /mnt/samsung4t/lost+found/usr/bin/github/A_Main_FreeDark/FreeDark_0003_GuitarPro_Music/TMDownload/Daylight Dies - The Line That Divides.mp3 -> /mnt/samsung4t/lost+found/usr/bin/github/CodexWorkFolder/MusicPrj/Daylight Dies - The Line That Divides.mp3
2026-08-01 18:56:45 | INFO | audio_filter_tools.storage | Copying local file /mnt/samsung4t/lost+found/usr/bin/github/A_Main_FreeDark/FreeDark_0003_GuitarPro_Music/TMDownload/Noumena - Unlit.mp3 -> /mnt/samsung4t/lost+found/usr/bin/github/CodexWorkFolder/MusicPrj/Noumena - Unlit.mp3
2026-08-01 18:56:45 | INFO | audio_filter_tools.storage | Copying local file /mnt/samsung4t/lost+found/usr/bin/github/A_Main_FreeDark/FreeDark_0003_GuitarPro_Music/TMDownload/Agathodaimon - The Darkness Inside.flac -> /mnt/samsung4t/lost+found/usr/bin/github/CodexWorkFolder/MusicPrj/Agathodaimon - The Darkness Inside.flac
2026-08-01 18:56:45 | INFO | audio_filter_tools.storage | Copying local file /mnt/samsung4t/lost+found/usr/bin/github/A_Main_FreeDark/FreeDark_0003_GuitarPro_Music/TMDownload/Squarearth_The_River_Flows_FrozenEternal_Tears_of_Sorrow_cove.mp3 -> /mnt/samsung4t/lost+found/usr/bin/github/CodexWorkFolder/MusicPrj/Squarearth_The_River_Flows_FrozenEternal_Tears_of_Sorrow_cove.mp3
2026-08-01 18:56:45 | INFO | audio_filter_tools.storage | Copying local file /mnt/samsung4t/lost+found/usr/bin/github/A_Main_FreeDark/FreeDark_0003_GuitarPro_Music/TMDownload/Dissection - Thorns Of Crimson Death (Live).mp3 -> /mnt/samsung4t/lost+found/usr/bin/github/CodexWorkFolder/MusicPrj/Dissection - Thorns Of Crimson Death (Live).mp3
2026-08-01 18:56:45 | INFO | audio_filter_tools.storage | Copying local file /mnt/samsung4t/lost+found/usr/bin/github/A_Main_FreeDark/FreeDark_0003_GuitarPro_Music/TMDownload/Noumena - Marionettes.mp3 -> /mnt/samsung4t/lost+found/usr/bin/github/CodexWorkFolder/MusicPrj/Noumena - Marionettes.mp3
2026-08-01 18:56:45 | INFO | audio_filter_tools.storage | Copying local file /mnt/samsung4t/lost+found/usr/bin/github/A_Main_FreeDark/FreeDark_0003_GuitarPro_Music/TMDownload/Edguy - Fairytale.flac -> /mnt/samsung4t/lost+found/usr/bin/github/CodexWorkFolder/MusicPrj/Edguy - Fairytale.flac
2026-08-01 18:56:46 | INFO | audio_filter_tools.storage | Copying local file /mnt/samsung4t/lost+found/usr/bin/github/A_Main_FreeDark/FreeDark_0003_GuitarPro_Music/TMDownload/Willie Nelson - A Whiter Shade of Pale.mp3 -> /mnt/samsung4t/lost+found/usr/bin/github/CodexWorkFolder/MusicPrj/Willie Nelson - A Whiter Shade of Pale.mp3
2026-08-01 18:56:46 | INFO | audio_filter_tools.storage | Copying local file /mnt/samsung4t/lost+found/usr/bin/github/A_Main_FreeDark/FreeDark_0003_GuitarPro_Music/TMDownload/Windir - 1184.mp3 -> /mnt/samsung4t/lost+found/usr/bin/github/CodexWorkFolder/MusicPrj/Windir - 1184.mp3
2026-08-01 18:56:46 | INFO | audio_filter_tools.storage | Copying local file /mnt/samsung4t/lost+found/usr/bin/github/A_Main_FreeDark/FreeDark_0003_GuitarPro_Music/TMDownload/Omnium Gatherum - Just Signs.mp3 -> /mnt/samsung4t/lost+found/usr/bin/github/CodexWorkFolder/MusicPrj/Omnium Gatherum - Just Signs.mp3
2026-08-01 18:56:46 | INFO | audio_filter_tools.storage | Copying local file /mnt/samsung4t/lost+found/usr/bin/github/A_Main_FreeDark/FreeDark_0003_GuitarPro_Music/TMDownload/Vern Gosdin - Any Old Miracle.mp3 -> /mnt/samsung4t/lost+found/usr/bin/github/CodexWorkFolder/MusicPrj/Vern Gosdin - Any Old Miracle.mp3
2026-08-01 18:56:46 | INFO | audio_filter_tools.storage | Copying local file /mnt/samsung4t/lost+found/usr/bin/github/A_Main_FreeDark/FreeDark_0003_GuitarPro_Music/TMDownload/Mors Principium Est - The Ghost.mp3 -> /mnt/samsung4t/lost+found/usr/bin/github/CodexWorkFolder/MusicPrj/Mors Principium Est - The Ghost.mp3
2026-08-01 18:56:46 | INFO | audio_filter_tools.storage | Copying local file /mnt/samsung4t/lost+found/usr/bin/github/A_Main_FreeDark/FreeDark_0003_GuitarPro_Music/TMDownload/Dark Tranquillity - The Sun Fired Blanks.mp3 -> /mnt/samsung4t/lost+found/usr/bin/github/CodexWorkFolder/MusicPrj/Dark Tranquillity - The Sun Fired Blanks.mp3
2026-08-01 18:56:46 | INFO | audio_filter_tools.storage | Copying local file /mnt/samsung4t/lost+found/usr/bin/github/A_Main_FreeDark/FreeDark_0003_GuitarPro_Music/TMDownload/Mercenary - Everblack.mp3 -> /mnt/samsung4t/lost+found/usr/bin/github/CodexWorkFolder/MusicPrj/Mercenary - Everblack.mp3
2026-08-01 18:56:46 | INFO | audio_filter_tools.storage | Copying local file /mnt/samsung4t/lost+found/usr/bin/github/A_Main_FreeDark/FreeDark_0003_GuitarPro_Music/TMDownload/Wolfheart - Routa, Pt.2.mp3 -> /mnt/samsung4t/lost+found/usr/bin/github/CodexWorkFolder/MusicPrj/Wolfheart - Routa, Pt.2.mp3
2026-08-01 18:56:46 | INFO | audio_filter_tools.storage | Copying local file /mnt/samsung4t/lost+found/usr/bin/github/A_Main_FreeDark/FreeDark_0003_GuitarPro_Music/TMDownload/Confederate Railroad - Right Track Wrong Train.mp3 -> /mnt/samsung4t/lost+found/usr/bin/github/CodexWorkFolder/MusicPrj/Confederate Railroad - Right Track Wrong Train.mp3
2026-08-01 18:56:46 | INFO | audio_filter_tools.storage | Copying local file /mnt/samsung4t/lost+found/usr/bin/github/A_Main_FreeDark/FreeDark_0003_GuitarPro_Music/TMDownload/07 Omnium Gatherum - Who Could Say.mp3 -> /mnt/samsung4t/lost+found/usr/bin/github/CodexWorkFolder/MusicPrj/07 Omnium Gatherum - Who Could Say.mp3
2026-08-01 18:56:46 | INFO | audio_filter_tools.storage | Copying local file /mnt/samsung4t/lost+found/usr/bin/github/A_Main_FreeDark/FreeDark_0003_GuitarPro_Music/TMDownload/Withering Surface - Majestic Mistress.mp3 -> /mnt/samsung4t/lost+found/usr/bin/github/CodexWorkFolder/MusicPrj/Withering Surface - Majestic Mistress.mp3
2026-08-01 18:56:46 | INFO | audio_filter_tools.storage | Copying local file /mnt/samsung4t/lost+found/usr/bin/github/A_Main_FreeDark/FreeDark_0003_GuitarPro_Music/TMDownload/Wolfheart - The Hunt.mp3 -> /mnt/samsung4t/lost+found/usr/bin/github/CodexWorkFolder/MusicPrj/Wolfheart - The Hunt.mp3
2026-08-01 18:56:46 | INFO | audio_filter_tools.storage | Copying local file /mnt/samsung4t/lost+found/usr/bin/github/A_Main_FreeDark/FreeDark_0003_GuitarPro_Music/TMDownload/Agathodaimon - Decline.flac -> /mnt/samsung4t/lost+found/usr/bin/github/CodexWorkFolder/MusicPrj/Agathodaimon - Decline.flac
2026-08-01 18:56:46 | INFO | audio_filter_tools.storage | Copying local file /mnt/samsung4t/lost+found/usr/bin/github/A_Main_FreeDark/FreeDark_0003_GuitarPro_Music/TMDownload/Mercenary - World Hate Center.mp3 -> /mnt/samsung4t/lost+found/usr/bin/github/CodexWorkFolder/MusicPrj/Mercenary - World Hate Center.mp3
2026-08-01 18:56:47 | INFO | audio_filter_tools.storage | Copying local file /mnt/samsung4t/lost+found/usr/bin/github/A_Main_FreeDark/FreeDark_0003_GuitarPro_Music/TMDownload/Orden Ogan - Farewell.mp3 -> /mnt/samsung4t/lost+found/usr/bin/github/CodexWorkFolder/MusicPrj/Orden Ogan - Farewell.mp3
2026-08-01 18:56:47 | INFO | audio_filter_tools.storage | Copying local file /mnt/samsung4t/lost+found/usr/bin/github/A_Main_FreeDark/FreeDark_0003_GuitarPro_Music/TMDownload/Slumber - Conflict.mp3 -> /mnt/samsung4t/lost+found/usr/bin/github/CodexWorkFolder/MusicPrj/Slumber - Conflict.mp3
2026-08-01 18:56:47 | INFO | audio_filter_tools.storage | Copying local file /mnt/samsung4t/lost+found/usr/bin/github/A_Main_FreeDark/FreeDark_0003_GuitarPro_Music/TMDownload/Omnium Gatherum - Ophidian Sunrise.mp3 -> /mnt/samsung4t/lost+found/usr/bin/github/CodexWorkFolder/MusicPrj/Omnium Gatherum - Ophidian Sunrise.mp3
2026-08-01 18:56:47 | INFO | audio_filter_tools.storage | Copying local file /mnt/samsung4t/lost+found/usr/bin/github/A_Main_FreeDark/FreeDark_0003_GuitarPro_Music/TMDownload/Powerwolf - Fire   Forgive.mp3 -> /mnt/samsung4t/lost+found/usr/bin/github/CodexWorkFolder/MusicPrj/Powerwolf - Fire   Forgive.mp3
2026-08-01 18:56:47 | INFO | audio_filter_tools.storage | Copying local file /mnt/samsung4t/lost+found/usr/bin/github/A_Main_FreeDark/FreeDark_0003_GuitarPro_Music/TMDownload/08 Powerwolf - Night of the Werewolves.mp3 -> /mnt/samsung4t/lost+found/usr/bin/github/CodexWorkFolder/MusicPrj/08 Powerwolf - Night of the Werewolves.mp3
2026-08-01 18:56:47 | INFO | audio_filter_tools.storage | Copying local file /mnt/samsung4t/lost+found/usr/bin/github/A_Main_FreeDark/FreeDark_0003_GuitarPro_Music/TMDownload/Battle Beast - Master of Illusion.mp3 -> /mnt/samsung4t/lost+found/usr/bin/github/CodexWorkFolder/MusicPrj/Battle Beast - Master of Illusion.mp3
2026-08-01 18:56:47 | INFO | audio_filter_tools.storage | Copying local file /mnt/samsung4t/lost+found/usr/bin/github/A_Main_FreeDark/FreeDark_0003_GuitarPro_Music/TMDownload/Windir - Todeswalzer.mp3 -> /mnt/samsung4t/lost+found/usr/bin/github/CodexWorkFolder/MusicPrj/Windir - Todeswalzer.mp3
2026-08-01 18:56:47 | INFO | audio_filter_tools.storage | Copying local file /mnt/samsung4t/lost+found/usr/bin/github/A_Main_FreeDark/FreeDark_0003_GuitarPro_Music/TMDownload/Before the Dawn - Unbroken.mp3 -> /mnt/samsung4t/lost+found/usr/bin/github/CodexWorkFolder/MusicPrj/Before the Dawn - Unbroken.mp3
2026-08-01 18:56:47 | INFO | audio_filter_tools.storage | Copying local file /mnt/samsung4t/lost+found/usr/bin/github/A_Main_FreeDark/FreeDark_0003_GuitarPro_Music/TMDownload/Equilibrium - Blut im Auge.mp3 -> /mnt/samsung4t/lost+found/usr/bin/github/CodexWorkFolder/MusicPrj/Equilibrium - Blut im Auge.mp3
2026-08-01 18:56:47 | INFO | audio_filter_tools.storage | Copying local file /mnt/samsung4t/lost+found/usr/bin/github/A_Main_FreeDark/FreeDark_0003_GuitarPro_Music/TMDownload/Edguy - Pandora s Box.flac -> /mnt/samsung4t/lost+found/usr/bin/github/CodexWorkFolder/MusicPrj/Edguy - Pandora s Box.flac
2026-08-01 18:56:47 | INFO | audio_filter_tools.storage | Copying local file /mnt/samsung4t/lost+found/usr/bin/github/A_Main_FreeDark/FreeDark_0003_GuitarPro_Music/TMDownload/Confederate Railroad - Notorious (Remastered Version).mp3 -> /mnt/samsung4t/lost+found/usr/bin/github/CodexWorkFolder/MusicPrj/Confederate Railroad - Notorious (Remastered Version).mp3
2026-08-01 18:56:47 | INFO | audio_filter_tools.storage | Copying local file /mnt/samsung4t/lost+found/usr/bin/github/A_Main_FreeDark/FreeDark_0003_GuitarPro_Music/TMDownload/Edge Of Sanity - Crimson II, Pt. 11 - Aftermath III.mp3 -> /mnt/samsung4t/lost+found/usr/bin/github/CodexWorkFolder/MusicPrj/Edge Of Sanity - Crimson II, Pt. 11 - Aftermath III.mp3
2026-08-01 18:56:47 | INFO | audio_filter_tools.storage | Copying local file /mnt/samsung4t/lost+found/usr/bin/github/A_Main_FreeDark/FreeDark_0003_GuitarPro_Music/TMDownload/Soilwork - Distortion Sleep.mp3 -> /mnt/samsung4t/lost+found/usr/bin/github/CodexWorkFolder/MusicPrj/Soilwork - Distortion Sleep.mp3
2026-08-01 18:56:47 | INFO | audio_filter_tools.storage | Copying local file /mnt/samsung4t/lost+found/usr/bin/github/A_Main_FreeDark/FreeDark_0003_GuitarPro_Music/TMDownload/Rapture - Raintracks.mp3 -> /mnt/samsung4t/lost+found/usr/bin/github/CodexWorkFolder/MusicPrj/Rapture - Raintracks.mp3
2026-08-01 18:56:47 | INFO | audio_filter_tools.storage | Copying local file /mnt/samsung4t/lost+found/usr/bin/github/A_Main_FreeDark/FreeDark_0003_GuitarPro_Music/TMDownload/Swallow The Sun - Sleepless Swans.mp3 -> /mnt/samsung4t/lost+found/usr/bin/github/CodexWorkFolder/MusicPrj/Swallow The Sun - Sleepless Swans.mp3
2026-08-01 18:56:47 | INFO | audio_filter_tools.storage | Copying local file /mnt/samsung4t/lost+found/usr/bin/github/A_Main_FreeDark/FreeDark_0003_GuitarPro_Music/TMDownload/Noumena - The Dream And The Escape.mp3 -> /mnt/samsung4t/lost+found/usr/bin/github/CodexWorkFolder/MusicPrj/Noumena - The Dream And The Escape.mp3
2026-08-01 18:56:47 | INFO | audio_filter_tools.storage | Copying local file /mnt/samsung4t/lost+found/usr/bin/github/A_Main_FreeDark/FreeDark_0003_GuitarPro_Music/TMDownload/Shade Empire - Sunholy.mp3 -> /mnt/samsung4t/lost+found/usr/bin/github/CodexWorkFolder/MusicPrj/Shade Empire - Sunholy.mp3
2026-08-01 18:56:48 | INFO | audio_filter_tools.storage | Copying local file /mnt/samsung4t/lost+found/usr/bin/github/A_Main_FreeDark/FreeDark_0003_GuitarPro_Music/TMDownload/Swallow The Sun - Under The Waves.mp3 -> /mnt/samsung4t/lost+found/usr/bin/github/CodexWorkFolder/MusicPrj/Swallow The Sun - Under The Waves.mp3
2026-08-01 18:56:48 | INFO | audio_filter_tools.storage | Copying local file /mnt/samsung4t/lost+found/usr/bin/github/A_Main_FreeDark/FreeDark_0003_GuitarPro_Music/TMDownload/Battle Beast - Tempest Of Blades.mp3 -> /mnt/samsung4t/lost+found/usr/bin/github/CodexWorkFolder/MusicPrj/Battle Beast - Tempest Of Blades.mp3
2026-08-01 18:56:48 | INFO | audio_filter_tools.storage | Copying local file /mnt/samsung4t/lost+found/usr/bin/github/A_Main_FreeDark/FreeDark_0003_GuitarPro_Music/TMDownload/Shade Empire - Anti-Life Saviour.mp3 -> /mnt/samsung4t/lost+found/usr/bin/github/CodexWorkFolder/MusicPrj/Shade Empire - Anti-Life Saviour.mp3
2026-08-01 18:56:48 | INFO | audio_filter_tools.storage | Copying local file /mnt/samsung4t/lost+found/usr/bin/github/A_Main_FreeDark/FreeDark_0003_GuitarPro_Music/TMDownload/09 Powerwolf - Venom of Venus.mp3 -> /mnt/samsung4t/lost+found/usr/bin/github/CodexWorkFolder/MusicPrj/09 Powerwolf - Venom of Venus.mp3
2026-08-01 18:56:48 | INFO | audio_filter_tools.storage | Copying local file /mnt/samsung4t/lost+found/usr/bin/github/A_Main_FreeDark/FreeDark_0003_GuitarPro_Music/TMDownload/Shade Empire - Soulslayers.mp3 -> /mnt/samsung4t/lost+found/usr/bin/github/CodexWorkFolder/MusicPrj/Shade Empire - Soulslayers.mp3
2026-08-01 18:56:48 | INFO | audio_filter_tools.storage | Copying local file /mnt/samsung4t/lost+found/usr/bin/github/A_Main_FreeDark/FreeDark_0003_GuitarPro_Music/TMDownload/Dissection - Where Dead Angels Lie.mp3 -> /mnt/samsung4t/lost+found/usr/bin/github/CodexWorkFolder/MusicPrj/Dissection - Where Dead Angels Lie.mp3
2026-08-01 18:56:48 | INFO | audio_filter_tools.storage | Copying local file /mnt/samsung4t/lost+found/usr/bin/github/A_Main_FreeDark/FreeDark_0003_GuitarPro_Music/TMDownload/04 Saturnus - Pilgrimage Of Sorrow.mp3 -> /mnt/samsung4t/lost+found/usr/bin/github/CodexWorkFolder/MusicPrj/04 Saturnus - Pilgrimage Of Sorrow.mp3
2026-08-01 18:56:48 | INFO | audio_filter_tools.storage | Copying local file /mnt/samsung4t/lost+found/usr/bin/github/A_Main_FreeDark/FreeDark_0003_GuitarPro_Music/TMDownload/Mors Principium Est - Eternity s child.mp3 -> /mnt/samsung4t/lost+found/usr/bin/github/CodexWorkFolder/MusicPrj/Mors Principium Est - Eternity s child.mp3
2026-08-01 18:56:48 | INFO | audio_filter_tools.storage | Copying local file /mnt/samsung4t/lost+found/usr/bin/github/A_Main_FreeDark/FreeDark_0003_GuitarPro_Music/TMDownload/Vern Gosdin - Bury Me in a Jukebox.mp3 -> /mnt/samsung4t/lost+found/usr/bin/github/CodexWorkFolder/MusicPrj/Vern Gosdin - Bury Me in a Jukebox.mp3
2026-08-01 18:56:48 | INFO | audio_filter_tools.storage | Copying local file /mnt/samsung4t/lost+found/usr/bin/github/A_Main_FreeDark/FreeDark_0003_GuitarPro_Music/TMDownload/Primal Fear - Hear Me Calling.flac -> /mnt/samsung4t/lost+found/usr/bin/github/CodexWorkFolder/MusicPrj/Primal Fear - Hear Me Calling.flac
2026-08-01 18:56:48 | INFO | audio_filter_tools.storage | Copying local file /mnt/samsung4t/lost+found/usr/bin/github/A_Main_FreeDark/FreeDark_0003_GuitarPro_Music/TMDownload/Dissection - Black Dragon.mp3 -> /mnt/samsung4t/lost+found/usr/bin/github/CodexWorkFolder/MusicPrj/Dissection - Black Dragon.mp3
2026-08-01 18:56:48 | INFO | audio_filter_tools.storage | Copying local file /mnt/samsung4t/lost+found/usr/bin/github/A_Main_FreeDark/FreeDark_0003_GuitarPro_Music/TMDownload/Powerwolf - Demons Are a Girl s Best Friend (Orchestral Vers.mp3 -> /mnt/samsung4t/lost+found/usr/bin/github/CodexWorkFolder/MusicPrj/Powerwolf - Demons Are a Girl s Best Friend (Orchestral Vers.mp3
2026-08-01 18:56:48 | INFO | audio_filter_tools.storage | Copying local file /mnt/samsung4t/lost+found/usr/bin/github/A_Main_FreeDark/FreeDark_0003_GuitarPro_Music/TMDownload/Battle Beast - Die-Hard Warrior.mp3 -> /mnt/samsung4t/lost+found/usr/bin/github/CodexWorkFolder/MusicPrj/Battle Beast - Die-Hard Warrior.mp3
2026-08-01 18:56:48 | INFO | audio_filter_tools.storage | Copying local file /mnt/samsung4t/lost+found/usr/bin/github/A_Main_FreeDark/FreeDark_0003_GuitarPro_Music/TMDownload/Agathodaimon - Cellos for the Insatiable.flac -> /mnt/samsung4t/lost+found/usr/bin/github/CodexWorkFolder/MusicPrj/Agathodaimon - Cellos for the Insatiable.flac
2026-08-01 18:56:48 | INFO | audio_filter_tools.storage | Copying local file /mnt/samsung4t/lost+found/usr/bin/github/A_Main_FreeDark/FreeDark_0003_GuitarPro_Music/TMDownload/Sonata Arctica - Weballergy.mp3 -> /mnt/samsung4t/lost+found/usr/bin/github/CodexWorkFolder/MusicPrj/Sonata Arctica - Weballergy.mp3
2026-08-01 18:56:48 | INFO | audio_filter_tools.storage | Copying local file /mnt/samsung4t/lost+found/usr/bin/github/A_Main_FreeDark/FreeDark_0003_GuitarPro_Music/TMDownload/Willie Nelson - I Wrote This Song For You.mp3 -> /mnt/samsung4t/lost+found/usr/bin/github/CodexWorkFolder/MusicPrj/Willie Nelson - I Wrote This Song For You.mp3
2026-08-01 18:56:48 | INFO | audio_filter_tools.storage | Copying local file /mnt/samsung4t/lost+found/usr/bin/github/A_Main_FreeDark/FreeDark_0003_GuitarPro_Music/TMDownload/Sonata Arctica - FullMoon.mp3 -> /mnt/samsung4t/lost+found/usr/bin/github/CodexWorkFolder/MusicPrj/Sonata Arctica - FullMoon.mp3
2026-08-01 18:56:49 | INFO | audio_filter_tools.storage | Copying local file /mnt/samsung4t/lost+found/usr/bin/github/A_Main_FreeDark/FreeDark_0003_GuitarPro_Music/TMDownload/07 Mors Principium Est - Monster in Me.mp3 -> /mnt/samsung4t/lost+found/usr/bin/github/CodexWorkFolder/MusicPrj/07 Mors Principium Est - Monster in Me.mp3
2026-08-01 18:56:49 | INFO | audio_filter_tools.storage | Copying local file /mnt/samsung4t/lost+found/usr/bin/github/A_Main_FreeDark/FreeDark_0003_GuitarPro_Music/TMDownload/Stonewall Jackson - Leona (5).flac -> /mnt/samsung4t/lost+found/usr/bin/github/CodexWorkFolder/MusicPrj/Stonewall Jackson - Leona (5).flac
2026-08-01 18:56:49 | INFO | audio_filter_tools.storage | Copying local file /mnt/samsung4t/lost+found/usr/bin/github/A_Main_FreeDark/FreeDark_0003_GuitarPro_Music/TMDownload/Edguy - Rise Of The Morning Glory.flac -> /mnt/samsung4t/lost+found/usr/bin/github/CodexWorkFolder/MusicPrj/Edguy - Rise Of The Morning Glory.flac
2026-08-01 18:56:49 | INFO | audio_filter_tools.storage | Copying local file /mnt/samsung4t/lost+found/usr/bin/github/A_Main_FreeDark/FreeDark_0003_GuitarPro_Music/TMDownload/October Tide - Fragile.mp3 -> /mnt/samsung4t/lost+found/usr/bin/github/CodexWorkFolder/MusicPrj/October Tide - Fragile.mp3
2026-08-01 18:56:49 | INFO | audio_filter_tools.storage | Copying local file /mnt/samsung4t/lost+found/usr/bin/github/A_Main_FreeDark/FreeDark_0003_GuitarPro_Music/TMDownload/02 Omnium Gatherum - New Dynamic.mp3 -> /mnt/samsung4t/lost+found/usr/bin/github/CodexWorkFolder/MusicPrj/02 Omnium Gatherum - New Dynamic.mp3
2026-08-01 18:56:49 | INFO | audio_filter_tools.storage | Copying local file /mnt/samsung4t/lost+found/usr/bin/github/A_Main_FreeDark/FreeDark_0003_GuitarPro_Music/TMDownload/Willie Nelson - I ll Try To Do Better Next Time.mp3 -> /mnt/samsung4t/lost+found/usr/bin/github/CodexWorkFolder/MusicPrj/Willie Nelson - I ll Try To Do Better Next Time.mp3
2026-08-01 18:56:49 | INFO | audio_filter_tools.storage | Copying local file /mnt/samsung4t/lost+found/usr/bin/github/A_Main_FreeDark/FreeDark_0003_GuitarPro_Music/TMDownload/05 Powerwolf - Out in the Fields.mp3 -> /mnt/samsung4t/lost+found/usr/bin/github/CodexWorkFolder/MusicPrj/05 Powerwolf - Out in the Fields.mp3
2026-08-01 18:56:49 | INFO | audio_filter_tools.storage | Copying local file /mnt/samsung4t/lost+found/usr/bin/github/A_Main_FreeDark/FreeDark_0003_GuitarPro_Music/TMDownload/Orden Ogan - Vampire in Ghost Town.mp3 -> /mnt/samsung4t/lost+found/usr/bin/github/CodexWorkFolder/MusicPrj/Orden Ogan - Vampire in Ghost Town.mp3
2026-08-01 18:56:49 | INFO | audio_filter_tools.storage | Copying local file /mnt/samsung4t/lost+found/usr/bin/github/A_Main_FreeDark/FreeDark_0003_GuitarPro_Music/TMDownload/Sonata Arctica - Ain t Your Fairytale.mp3 -> /mnt/samsung4t/lost+found/usr/bin/github/CodexWorkFolder/MusicPrj/Sonata Arctica - Ain t Your Fairytale.mp3
2026-08-01 18:56:49 | INFO | audio_filter_tools.storage | Copying local file /mnt/samsung4t/lost+found/usr/bin/github/A_Main_FreeDark/FreeDark_0003_GuitarPro_Music/TMDownload/Mors Principium Est - Summoning the Dark.mp3 -> /mnt/samsung4t/lost+found/usr/bin/github/CodexWorkFolder/MusicPrj/Mors Principium Est - Summoning the Dark.mp3
2026-08-01 18:56:49 | INFO | audio_filter_tools.storage | Copying local file /mnt/samsung4t/lost+found/usr/bin/github/A_Main_FreeDark/FreeDark_0003_GuitarPro_Music/TMDownload/Battle Beast - Beyond the Burning Skies.mp3 -> /mnt/samsung4t/lost+found/usr/bin/github/CodexWorkFolder/MusicPrj/Battle Beast - Beyond the Burning Skies.mp3
2026-08-01 18:56:49 | INFO | audio_filter_tools.storage | Copying local file /mnt/samsung4t/lost+found/usr/bin/github/A_Main_FreeDark/FreeDark_0003_GuitarPro_Music/TMDownload/Eternal Tears of Sorrow - Angelheart, Ravenheart (Act III  S.mp3 -> /mnt/samsung4t/lost+found/usr/bin/github/CodexWorkFolder/MusicPrj/Eternal Tears of Sorrow - Angelheart, Ravenheart (Act III  S.mp3
2026-08-01 18:56:49 | INFO | audio_filter_tools.storage | Copying local file /mnt/samsung4t/lost+found/usr/bin/github/A_Main_FreeDark/FreeDark_0003_GuitarPro_Music/TMDownload/Withering Surface - Forever Fragile.mp3 -> /mnt/samsung4t/lost+found/usr/bin/github/CodexWorkFolder/MusicPrj/Withering Surface - Forever Fragile.mp3
2026-08-01 18:56:49 | INFO | audio_filter_tools.storage | Copying local file /mnt/samsung4t/lost+found/usr/bin/github/A_Main_FreeDark/FreeDark_0003_GuitarPro_Music/TMDownload/Noumena - Fire And Water.mp3 -> /mnt/samsung4t/lost+found/usr/bin/github/CodexWorkFolder/MusicPrj/Noumena - Fire And Water.mp3
2026-08-01 18:56:49 | INFO | audio_filter_tools.storage | Copying local file /mnt/samsung4t/lost+found/usr/bin/github/A_Main_FreeDark/FreeDark_0003_GuitarPro_Music/TMDownload/Falkenbach - Donar s Oak.flac -> /mnt/samsung4t/lost+found/usr/bin/github/CodexWorkFolder/MusicPrj/Falkenbach - Donar s Oak.flac
2026-08-01 18:56:50 | INFO | audio_filter_tools.storage | Copying local file /mnt/samsung4t/lost+found/usr/bin/github/A_Main_FreeDark/FreeDark_0003_GuitarPro_Music/TMDownload/Agathodaimon - Ground Zero.flac -> /mnt/samsung4t/lost+found/usr/bin/github/CodexWorkFolder/MusicPrj/Agathodaimon - Ground Zero.flac
2026-08-01 18:56:50 | INFO | audio_filter_tools.storage | Copying local file /mnt/samsung4t/lost+found/usr/bin/github/A_Main_FreeDark/FreeDark_0003_GuitarPro_Music/TMDownload/Agathodaimon - Bitter End.flac -> /mnt/samsung4t/lost+found/usr/bin/github/CodexWorkFolder/MusicPrj/Agathodaimon - Bitter End.flac
2026-08-01 18:56:50 | INFO | audio_filter_tools.storage | Copying local file /mnt/samsung4t/lost+found/usr/bin/github/A_Main_FreeDark/FreeDark_0003_GuitarPro_Music/TMDownload/Running Wild - The Ghost.flac -> /mnt/samsung4t/lost+found/usr/bin/github/CodexWorkFolder/MusicPrj/Running Wild - The Ghost.flac
2026-08-01 18:56:51 | INFO | audio_filter_tools.storage | Copying local file /mnt/samsung4t/lost+found/usr/bin/github/A_Main_FreeDark/FreeDark_0003_GuitarPro_Music/TMDownload/Powerwolf - Killers with the Cross (Orchestral Version).mp3 -> /mnt/samsung4t/lost+found/usr/bin/github/CodexWorkFolder/MusicPrj/Powerwolf - Killers with the Cross (Orchestral Version).mp3
2026-08-01 18:56:51 | INFO | audio_filter_tools.storage | Copying local file /mnt/samsung4t/lost+found/usr/bin/github/A_Main_FreeDark/FreeDark_0003_GuitarPro_Music/TMDownload/Equilibrium - Tote Heldensagen.flac -> /mnt/samsung4t/lost+found/usr/bin/github/CodexWorkFolder/MusicPrj/Equilibrium - Tote Heldensagen.flac
2026-08-01 18:56:55 | INFO | audio_filter_tools.storage | Copying local file /mnt/samsung4t/lost+found/usr/bin/github/A_Main_FreeDark/FreeDark_0003_GuitarPro_Music/TMDownload/Daylight Dies - Four Corners.mp3 -> /mnt/samsung4t/lost+found/usr/bin/github/CodexWorkFolder/MusicPrj/Daylight Dies - Four Corners.mp3
2026-08-01 18:56:55 | INFO | audio_filter_tools.storage | Copying local file /mnt/samsung4t/lost+found/usr/bin/github/A_Main_FreeDark/FreeDark_0003_GuitarPro_Music/TMDownload/Mors Principium Est - Masquerade.mp3 -> /mnt/samsung4t/lost+found/usr/bin/github/CodexWorkFolder/MusicPrj/Mors Principium Est - Masquerade.mp3
2026-08-01 18:56:55 | INFO | audio_filter_tools.storage | Copying local file /mnt/samsung4t/lost+found/usr/bin/github/A_Main_FreeDark/FreeDark_0003_GuitarPro_Music/TMDownload/Omnium Gatherum - Son s Thoughts.mp3 -> /mnt/samsung4t/lost+found/usr/bin/github/CodexWorkFolder/MusicPrj/Omnium Gatherum - Son s Thoughts.mp3
2026-08-01 18:56:55 | INFO | audio_filter_tools.storage | Copying local file /mnt/samsung4t/lost+found/usr/bin/github/A_Main_FreeDark/FreeDark_0003_GuitarPro_Music/TMDownload/Sonata Arctica - Abandoned, Pleased, Brainwashed, Exploited.mp3 -> /mnt/samsung4t/lost+found/usr/bin/github/CodexWorkFolder/MusicPrj/Sonata Arctica - Abandoned, Pleased, Brainwashed, Exploited.mp3
2026-08-01 18:56:55 | INFO | audio_filter_tools.storage | Copying local file /mnt/samsung4t/lost+found/usr/bin/github/A_Main_FreeDark/FreeDark_0003_GuitarPro_Music/TMDownload/Gamma Ray - Time To Live.flac -> /mnt/samsung4t/lost+found/usr/bin/github/CodexWorkFolder/MusicPrj/Gamma Ray - Time To Live.flac
2026-08-01 18:56:55 | INFO | audio_filter_tools.storage | Copying local file /mnt/samsung4t/lost+found/usr/bin/github/A_Main_FreeDark/FreeDark_0003_GuitarPro_Music/TMDownload/Gamma Ray - To The Metal.flac -> /mnt/samsung4t/lost+found/usr/bin/github/CodexWorkFolder/MusicPrj/Gamma Ray - To The Metal.flac
2026-08-01 18:56:55 | INFO | audio_filter_tools.storage | Copying local file /mnt/samsung4t/lost+found/usr/bin/github/A_Main_FreeDark/FreeDark_0003_GuitarPro_Music/TMDownload/Noumena - King Twisted.mp3 -> /mnt/samsung4t/lost+found/usr/bin/github/CodexWorkFolder/MusicPrj/Noumena - King Twisted.mp3
2026-08-01 18:56:55 | INFO | audio_filter_tools.storage | Copying local file /mnt/samsung4t/lost+found/usr/bin/github/A_Main_FreeDark/FreeDark_0003_GuitarPro_Music/TMDownload/04 Borknagar - Colossus.mp3 -> /mnt/samsung4t/lost+found/usr/bin/github/CodexWorkFolder/MusicPrj/04 Borknagar - Colossus.mp3
2026-08-01 18:56:55 | INFO | audio_filter_tools.storage | Copying local file /mnt/samsung4t/lost+found/usr/bin/github/A_Main_FreeDark/FreeDark_0003_GuitarPro_Music/TMDownload/Agathodaimon - Rebirth.flac -> /mnt/samsung4t/lost+found/usr/bin/github/CodexWorkFolder/MusicPrj/Agathodaimon - Rebirth.flac
2026-08-01 18:56:56 | INFO | audio_filter_tools.storage | Copying local file /mnt/samsung4t/lost+found/usr/bin/github/A_Main_FreeDark/FreeDark_0003_GuitarPro_Music/TMDownload/Wolfheart - Ghost Of Karelia.mp3 -> /mnt/samsung4t/lost+found/usr/bin/github/CodexWorkFolder/MusicPrj/Wolfheart - Ghost Of Karelia.mp3
2026-08-01 18:56:56 | INFO | audio_filter_tools.storage | Copying local file /mnt/samsung4t/lost+found/usr/bin/github/A_Main_FreeDark/FreeDark_0003_GuitarPro_Music/TMDownload/Sonata Arctica - Tallulah.mp3 -> /mnt/samsung4t/lost+found/usr/bin/github/CodexWorkFolder/MusicPrj/Sonata Arctica - Tallulah.mp3
2026-08-01 18:56:56 | INFO | audio_filter_tools.storage | Copying local file /mnt/samsung4t/lost+found/usr/bin/github/A_Main_FreeDark/FreeDark_0003_GuitarPro_Music/TMDownload/Mors Principium Est - Fragile Flesh.mp3 -> /mnt/samsung4t/lost+found/usr/bin/github/CodexWorkFolder/MusicPrj/Mors Principium Est - Fragile Flesh.mp3
2026-08-01 18:56:56 | INFO | audio_filter_tools.storage | Copying local file /mnt/samsung4t/lost+found/usr/bin/github/A_Main_FreeDark/FreeDark_0003_GuitarPro_Music/TMDownload/04_Willie_Nelson_Please_Don't_Tell.mp3 -> /mnt/samsung4t/lost+found/usr/bin/github/CodexWorkFolder/MusicPrj/04_Willie_Nelson_Please_Don't_Tell.mp3
2026-08-01 18:56:56 | INFO | audio_filter_tools.storage | Copying local file /mnt/samsung4t/lost+found/usr/bin/github/A_Main_FreeDark/FreeDark_0003_GuitarPro_Music/TMDownload/Powerwolf - Nochnoi Dozor.mp3 -> /mnt/samsung4t/lost+found/usr/bin/github/CodexWorkFolder/MusicPrj/Powerwolf - Nochnoi Dozor.mp3
2026-08-01 18:56:56 | INFO | audio_filter_tools.storage | Copying local file /mnt/samsung4t/lost+found/usr/bin/github/A_Main_FreeDark/FreeDark_0003_GuitarPro_Music/TMDownload/11 Omnium Gatherum - Cold.mp3 -> /mnt/samsung4t/lost+found/usr/bin/github/CodexWorkFolder/MusicPrj/11 Omnium Gatherum - Cold.mp3
2026-08-01 18:56:56 | INFO | audio_filter_tools.storage | Copying local file /mnt/samsung4t/lost+found/usr/bin/github/A_Main_FreeDark/FreeDark_0003_GuitarPro_Music/TMDownload/Eternal Tears of Sorrow - Dark Alliance.mp3 -> /mnt/samsung4t/lost+found/usr/bin/github/CodexWorkFolder/MusicPrj/Eternal Tears of Sorrow - Dark Alliance.mp3
2026-08-01 18:56:56 | INFO | audio_filter_tools.storage | Copying local file /mnt/samsung4t/lost+found/usr/bin/github/A_Main_FreeDark/FreeDark_0003_GuitarPro_Music/TMDownload/Equilibrium - In Heiligen Hallen.flac -> /mnt/samsung4t/lost+found/usr/bin/github/CodexWorkFolder/MusicPrj/Equilibrium - In Heiligen Hallen.flac
2026-08-01 18:56:56 | INFO | audio_filter_tools.storage | Copying local file /mnt/samsung4t/lost+found/usr/bin/github/A_Main_FreeDark/FreeDark_0003_GuitarPro_Music/TMDownload/Gamma Ray - Heaven or Hell.flac -> /mnt/samsung4t/lost+found/usr/bin/github/CodexWorkFolder/MusicPrj/Gamma Ray - Heaven or Hell.flac
2026-08-01 18:56:56 | INFO | audio_filter_tools.storage | Copying local file /mnt/samsung4t/lost+found/usr/bin/github/A_Main_FreeDark/FreeDark_0003_GuitarPro_Music/TMDownload/Agathodaimon,Vlad_Dracul_Mother_of_All_Gods_Feat_Vlad_Dracul.flac -> /mnt/samsung4t/lost+found/usr/bin/github/CodexWorkFolder/MusicPrj/Agathodaimon,Vlad_Dracul_Mother_of_All_Gods_Feat_Vlad_Dracul.flac
2026-08-01 18:56:56 | INFO | audio_filter_tools.storage | Copying local file /mnt/samsung4t/lost+found/usr/bin/github/A_Main_FreeDark/FreeDark_0003_GuitarPro_Music/TMDownload/Equilibrium - Heiderauche.flac -> /mnt/samsung4t/lost+found/usr/bin/github/CodexWorkFolder/MusicPrj/Equilibrium - Heiderauche.flac
2026-08-01 18:56:56 | INFO | audio_filter_tools.storage | Copying local file /mnt/samsung4t/lost+found/usr/bin/github/A_Main_FreeDark/FreeDark_0003_GuitarPro_Music/TMDownload/October Tide - Coffins Of November.mp3 -> /mnt/samsung4t/lost+found/usr/bin/github/CodexWorkFolder/MusicPrj/October Tide - Coffins Of November.mp3
2026-08-01 18:56:56 | INFO | audio_filter_tools.storage | Copying local file /mnt/samsung4t/lost+found/usr/bin/github/A_Main_FreeDark/FreeDark_0003_GuitarPro_Music/TMDownload/Wolfheart - Veri.mp3 -> /mnt/samsung4t/lost+found/usr/bin/github/CodexWorkFolder/MusicPrj/Wolfheart - Veri.mp3
2026-08-01 18:56:56 | INFO | audio_filter_tools.storage | Copying local file /mnt/samsung4t/lost+found/usr/bin/github/A_Main_FreeDark/FreeDark_0003_GuitarPro_Music/TMDownload/Mors Principium Est - Makso Mita Makso.mp3 -> /mnt/samsung4t/lost+found/usr/bin/github/CodexWorkFolder/MusicPrj/Mors Principium Est - Makso Mita Makso.mp3
2026-08-01 18:56:56 | INFO | audio_filter_tools.storage | Copying local file /mnt/samsung4t/lost+found/usr/bin/github/A_Main_FreeDark/FreeDark_0003_GuitarPro_Music/TMDownload/Gamma Ray - Dethrone Tyranny.flac -> /mnt/samsung4t/lost+found/usr/bin/github/CodexWorkFolder/MusicPrj/Gamma Ray - Dethrone Tyranny.flac
2026-08-01 18:56:56 | INFO | audio_filter_tools.storage | Copying local file /mnt/samsung4t/lost+found/usr/bin/github/A_Main_FreeDark/FreeDark_0003_GuitarPro_Music/TMDownload/Wintersun - The Way of The Fire.mp3 -> /mnt/samsung4t/lost+found/usr/bin/github/CodexWorkFolder/MusicPrj/Wintersun - The Way of The Fire.mp3
2026-08-01 18:56:56 | INFO | audio_filter_tools.storage | Copying local file /mnt/samsung4t/lost+found/usr/bin/github/A_Main_FreeDark/FreeDark_0003_GuitarPro_Music/TMDownload/Battle Beast - Lost in Wars.mp3 -> /mnt/samsung4t/lost+found/usr/bin/github/CodexWorkFolder/MusicPrj/Battle Beast - Lost in Wars.mp3
2026-08-01 18:56:56 | INFO | audio_filter_tools.storage | Copying local file /mnt/samsung4t/lost+found/usr/bin/github/A_Main_FreeDark/FreeDark_0003_GuitarPro_Music/TMDownload/Dawn Of Solace - Dead Air.mp3 -> /mnt/samsung4t/lost+found/usr/bin/github/CodexWorkFolder/MusicPrj/Dawn Of Solace - Dead Air.mp3
2026-08-01 18:56:56 | INFO | audio_filter_tools.storage | Copying local file /mnt/samsung4t/lost+found/usr/bin/github/A_Main_FreeDark/FreeDark_0003_GuitarPro_Music/TMDownload/02. Stonewall Jackson - I Wish I Had a Girl.mp3 -> /mnt/samsung4t/lost+found/usr/bin/github/CodexWorkFolder/MusicPrj/02. Stonewall Jackson - I Wish I Had a Girl.mp3
2026-08-01 18:56:56 | INFO | audio_filter_tools.storage | Copying local file /mnt/samsung4t/lost+found/usr/bin/github/A_Main_FreeDark/FreeDark_0003_GuitarPro_Music/TMDownload/Stonewall Jackson - Leona (8).flac -> /mnt/samsung4t/lost+found/usr/bin/github/CodexWorkFolder/MusicPrj/Stonewall Jackson - Leona (8).flac
2026-08-01 18:56:56 | INFO | audio_filter_tools.storage | Copying local file /mnt/samsung4t/lost+found/usr/bin/github/A_Main_FreeDark/FreeDark_0003_GuitarPro_Music/TMDownload/Agathodaimon - The Ending Of Our Yesterday.mp3 -> /mnt/samsung4t/lost+found/usr/bin/github/CodexWorkFolder/MusicPrj/Agathodaimon - The Ending Of Our Yesterday.mp3
2026-08-01 18:56:56 | INFO | audio_filter_tools.storage | Copying local file /mnt/samsung4t/lost+found/usr/bin/github/A_Main_FreeDark/FreeDark_0003_GuitarPro_Music/TMDownload/09 Powerwolf - Sacramental Sister.mp3 -> /mnt/samsung4t/lost+found/usr/bin/github/CodexWorkFolder/MusicPrj/09 Powerwolf - Sacramental Sister.mp3
2026-08-01 18:56:56 | INFO | audio_filter_tools.storage | Copying local file /mnt/samsung4t/lost+found/usr/bin/github/A_Main_FreeDark/FreeDark_0003_GuitarPro_Music/TMDownload/Scorpions - Bad Boys Running Wild (2015 - Remaster).flac -> /mnt/samsung4t/lost+found/usr/bin/github/CodexWorkFolder/MusicPrj/Scorpions - Bad Boys Running Wild (2015 - Remaster).flac
2026-08-01 18:56:57 | INFO | audio_filter_tools.storage | Copying local file /mnt/samsung4t/lost+found/usr/bin/github/A_Main_FreeDark/FreeDark_0003_GuitarPro_Music/TMDownload/Slumber - Where Nothing Was Left.mp3 -> /mnt/samsung4t/lost+found/usr/bin/github/CodexWorkFolder/MusicPrj/Slumber - Where Nothing Was Left.mp3
2026-08-01 18:56:57 | INFO | audio_filter_tools.storage | Copying local file /mnt/samsung4t/lost+found/usr/bin/github/A_Main_FreeDark/FreeDark_0003_GuitarPro_Music/TMDownload/02 Omnium Gatherum - Gods Go First.mp3 -> /mnt/samsung4t/lost+found/usr/bin/github/CodexWorkFolder/MusicPrj/02 Omnium Gatherum - Gods Go First.mp3
2026-08-01 18:56:57 | INFO | audio_filter_tools.storage | Copying local file /mnt/samsung4t/lost+found/usr/bin/github/A_Main_FreeDark/FreeDark_0003_GuitarPro_Music/TMDownload/Edguy - Two Out of Seven.mp3 -> /mnt/samsung4t/lost+found/usr/bin/github/CodexWorkFolder/MusicPrj/Edguy - Two Out of Seven.mp3
2026-08-01 18:56:57 | INFO | audio_filter_tools.storage | Copying local file /mnt/samsung4t/lost+found/usr/bin/github/A_Main_FreeDark/FreeDark_0003_GuitarPro_Music/TMDownload/October Tide - Ephemeral.mp3 -> /mnt/samsung4t/lost+found/usr/bin/github/CodexWorkFolder/MusicPrj/October Tide - Ephemeral.mp3
2026-08-01 18:56:57 | INFO | audio_filter_tools.storage | Copying local file /mnt/samsung4t/lost+found/usr/bin/github/A_Main_FreeDark/FreeDark_0003_GuitarPro_Music/TMDownload/Noumena - Overture to an End.mp3 -> /mnt/samsung4t/lost+found/usr/bin/github/CodexWorkFolder/MusicPrj/Noumena - Overture to an End.mp3
2026-08-01 18:56:57 | INFO | audio_filter_tools.storage | Copying local file /mnt/samsung4t/lost+found/usr/bin/github/A_Main_FreeDark/FreeDark_0003_GuitarPro_Music/TMDownload/Primal Fear - 2 Minutes To Midnight.flac -> /mnt/samsung4t/lost+found/usr/bin/github/CodexWorkFolder/MusicPrj/Primal Fear - 2 Minutes To Midnight.flac
2026-08-01 18:56:57 | INFO | audio_filter_tools.storage | Copying local file /mnt/samsung4t/lost+found/usr/bin/github/A_Main_FreeDark/FreeDark_0003_GuitarPro_Music/TMDownload/03 Powerwolf - Edge of Thorns.mp3 -> /mnt/samsung4t/lost+found/usr/bin/github/CodexWorkFolder/MusicPrj/03 Powerwolf - Edge of Thorns.mp3
2026-08-01 18:56:57 | INFO | audio_filter_tools.storage | Copying local file /mnt/samsung4t/lost+found/usr/bin/github/A_Main_FreeDark/FreeDark_0003_GuitarPro_Music/TMDownload/Rapture - Misery 24_7.mp3 -> /mnt/samsung4t/lost+found/usr/bin/github/CodexWorkFolder/MusicPrj/Rapture - Misery 24_7.mp3
2026-08-01 18:56:57 | INFO | audio_filter_tools.storage | Copying local file /mnt/samsung4t/lost+found/usr/bin/github/A_Main_FreeDark/FreeDark_0003_GuitarPro_Music/TMDownload/Sonata Arctica - Wolf   Raven.mp3 -> /mnt/samsung4t/lost+found/usr/bin/github/CodexWorkFolder/MusicPrj/Sonata Arctica - Wolf   Raven.mp3
2026-08-01 18:56:57 | INFO | audio_filter_tools.storage | Copying local file /mnt/samsung4t/lost+found/usr/bin/github/A_Main_FreeDark/FreeDark_0003_GuitarPro_Music/TMDownload/Orden Ogan - The Face of Silence.mp3 -> /mnt/samsung4t/lost+found/usr/bin/github/CodexWorkFolder/MusicPrj/Orden Ogan - The Face of Silence.mp3
2026-08-01 18:56:57 | INFO | audio_filter_tools.storage | Copying local file /mnt/samsung4t/lost+found/usr/bin/github/A_Main_FreeDark/FreeDark_0003_GuitarPro_Music/TMDownload/Lake Of Tears - So Fell Autumn Rain.mp3 -> /mnt/samsung4t/lost+found/usr/bin/github/CodexWorkFolder/MusicPrj/Lake Of Tears - So Fell Autumn Rain.mp3
2026-08-01 18:56:57 | INFO | audio_filter_tools.storage | Copying local file /mnt/samsung4t/lost+found/usr/bin/github/A_Main_FreeDark/FreeDark_0003_GuitarPro_Music/TMDownload/Withering Surface - Will She Defy.mp3 -> /mnt/samsung4t/lost+found/usr/bin/github/CodexWorkFolder/MusicPrj/Withering Surface - Will She Defy.mp3
2026-08-01 18:56:57 | INFO | audio_filter_tools.storage | Copying local file /mnt/samsung4t/lost+found/usr/bin/github/A_Main_FreeDark/FreeDark_0003_GuitarPro_Music/TMDownload/Battle Beast - Out on the Streets.mp3 -> /mnt/samsung4t/lost+found/usr/bin/github/CodexWorkFolder/MusicPrj/Battle Beast - Out on the Streets.mp3
2026-08-01 18:56:57 | INFO | audio_filter_tools.storage | Copying local file /mnt/samsung4t/lost+found/usr/bin/github/A_Main_FreeDark/FreeDark_0003_GuitarPro_Music/TMDownload/Running Wild - Prisoner Of Our Time.flac -> /mnt/samsung4t/lost+found/usr/bin/github/CodexWorkFolder/MusicPrj/Running Wild - Prisoner Of Our Time.flac
2026-08-01 18:56:57 | INFO | audio_filter_tools.storage | Copying local file /mnt/samsung4t/lost+found/usr/bin/github/A_Main_FreeDark/FreeDark_0003_GuitarPro_Music/TMDownload/Primal Fear - Save a Prayer.flac -> /mnt/samsung4t/lost+found/usr/bin/github/CodexWorkFolder/MusicPrj/Primal Fear - Save a Prayer.flac
2026-08-01 18:56:57 | INFO | audio_filter_tools.storage | Copying local file /mnt/samsung4t/lost+found/usr/bin/github/A_Main_FreeDark/FreeDark_0003_GuitarPro_Music/TMDownload/Vern Gosdin - If You re Gonna Do Me Wrong (Do It Right).mp3 -> /mnt/samsung4t/lost+found/usr/bin/github/CodexWorkFolder/MusicPrj/Vern Gosdin - If You re Gonna Do Me Wrong (Do It Right).mp3
2026-08-01 18:56:57 | INFO | audio_filter_tools.storage | Copying local file /mnt/samsung4t/lost+found/usr/bin/github/A_Main_FreeDark/FreeDark_0003_GuitarPro_Music/TMDownload/Gamma Ray - Induction.flac -> /mnt/samsung4t/lost+found/usr/bin/github/CodexWorkFolder/MusicPrj/Gamma Ray - Induction.flac
2026-08-01 18:56:57 | INFO | audio_filter_tools.storage | Copying local file /mnt/samsung4t/lost+found/usr/bin/github/A_Main_FreeDark/FreeDark_0003_GuitarPro_Music/TMDownload/Dissection - Maha-Kali.mp3 -> /mnt/samsung4t/lost+found/usr/bin/github/CodexWorkFolder/MusicPrj/Dissection - Maha-Kali.mp3
2026-08-01 18:56:57 | INFO | audio_filter_tools.storage | Copying local file /mnt/samsung4t/lost+found/usr/bin/github/A_Main_FreeDark/FreeDark_0003_GuitarPro_Music/TMDownload/Gamma Ray - Changes.mp3 -> /mnt/samsung4t/lost+found/usr/bin/github/CodexWorkFolder/MusicPrj/Gamma Ray - Changes.mp3
2026-08-01 18:56:57 | INFO | audio_filter_tools.storage | Copying local file /mnt/samsung4t/lost+found/usr/bin/github/A_Main_FreeDark/FreeDark_0003_GuitarPro_Music/TMDownload/Noumena - Totuus.mp3 -> /mnt/samsung4t/lost+found/usr/bin/github/CodexWorkFolder/MusicPrj/Noumena - Totuus.mp3
2026-08-01 18:56:57 | INFO | audio_filter_tools.storage | Copying local file /mnt/samsung4t/lost+found/usr/bin/github/A_Main_FreeDark/FreeDark_0003_GuitarPro_Music/TMDownload/Doro - Light in the Window.mp3 -> /mnt/samsung4t/lost+found/usr/bin/github/CodexWorkFolder/MusicPrj/Doro - Light in the Window.mp3
2026-08-01 18:56:57 | INFO | audio_filter_tools.storage | Copying local file /mnt/samsung4t/lost+found/usr/bin/github/A_Main_FreeDark/FreeDark_0003_GuitarPro_Music/TMDownload/Moonsorrow - Aurinko ja Kuu.mp3 -> /mnt/samsung4t/lost+found/usr/bin/github/CodexWorkFolder/MusicPrj/Moonsorrow - Aurinko ja Kuu.mp3
2026-08-01 18:56:57 | INFO | audio_filter_tools.storage | Copying local file /mnt/samsung4t/lost+found/usr/bin/github/A_Main_FreeDark/FreeDark_0003_GuitarPro_Music/TMDownload/Pretty Maids - Clay (Carpe Diem).mp3 -> /mnt/samsung4t/lost+found/usr/bin/github/CodexWorkFolder/MusicPrj/Pretty Maids - Clay (Carpe Diem).mp3
2026-08-01 18:56:57 | INFO | audio_filter_tools.storage | Copying local file /mnt/samsung4t/lost+found/usr/bin/github/A_Main_FreeDark/FreeDark_0003_GuitarPro_Music/TMDownload/Mors Principium Est - Death Is the Beginning.mp3 -> /mnt/samsung4t/lost+found/usr/bin/github/CodexWorkFolder/MusicPrj/Mors Principium Est - Death Is the Beginning.mp3
2026-08-01 18:56:57 | INFO | audio_filter_tools.storage | Copying local file /mnt/samsung4t/lost+found/usr/bin/github/A_Main_FreeDark/FreeDark_0003_GuitarPro_Music/TMDownload/01 October Tide - 12 Day of Rain.mp3 -> /mnt/samsung4t/lost+found/usr/bin/github/CodexWorkFolder/MusicPrj/01 October Tide - 12 Day of Rain.mp3
2026-08-01 18:56:57 | INFO | audio_filter_tools.storage | Copying local file /mnt/samsung4t/lost+found/usr/bin/github/A_Main_FreeDark/FreeDark_0003_GuitarPro_Music/TMDownload/Equilibrium - Wingthor s Hammer.flac -> /mnt/samsung4t/lost+found/usr/bin/github/CodexWorkFolder/MusicPrj/Equilibrium - Wingthor s Hammer.flac
2026-08-01 18:56:57 | INFO | audio_filter_tools.storage | Copying local file /mnt/samsung4t/lost+found/usr/bin/github/A_Main_FreeDark/FreeDark_0003_GuitarPro_Music/TMDownload/Withering Surface - Inhale the Hyper Pulse.mp3 -> /mnt/samsung4t/lost+found/usr/bin/github/CodexWorkFolder/MusicPrj/Withering Surface - Inhale the Hyper Pulse.mp3
2026-08-01 18:56:57 | INFO | audio_filter_tools.storage | Copying local file /mnt/samsung4t/lost+found/usr/bin/github/A_Main_FreeDark/FreeDark_0003_GuitarPro_Music/TMDownload/02 Omnium Gatherum - Skyline.mp3 -> /mnt/samsung4t/lost+found/usr/bin/github/CodexWorkFolder/MusicPrj/02 Omnium Gatherum - Skyline.mp3
2026-08-01 18:56:58 | INFO | audio_filter_tools.storage | Copying local file /mnt/samsung4t/lost+found/usr/bin/github/A_Main_FreeDark/FreeDark_0003_GuitarPro_Music/TMDownload/Hanging Garden - Sleep Of Ages.mp3 -> /mnt/samsung4t/lost+found/usr/bin/github/CodexWorkFolder/MusicPrj/Hanging Garden - Sleep Of Ages.mp3
2026-08-01 18:56:58 | INFO | audio_filter_tools.storage | Copying local file /mnt/samsung4t/lost+found/usr/bin/github/A_Main_FreeDark/FreeDark_0003_GuitarPro_Music/TMDownload/Noumena - You Dance.mp3 -> /mnt/samsung4t/lost+found/usr/bin/github/CodexWorkFolder/MusicPrj/Noumena - You Dance.mp3
2026-08-01 18:56:58 | INFO | audio_filter_tools.storage | Copying local file /mnt/samsung4t/lost+found/usr/bin/github/A_Main_FreeDark/FreeDark_0003_GuitarPro_Music/TMDownload/Powerwolf - Venom of Venus (Orchestral Version).mp3 -> /mnt/samsung4t/lost+found/usr/bin/github/CodexWorkFolder/MusicPrj/Powerwolf - Venom of Venus (Orchestral Version).mp3
2026-08-01 18:56:58 | INFO | audio_filter_tools.storage | Copying local file /mnt/samsung4t/lost+found/usr/bin/github/A_Main_FreeDark/FreeDark_0003_GuitarPro_Music/TMDownload/07 Powerwolf - Gods of War Arise.mp3 -> /mnt/samsung4t/lost+found/usr/bin/github/CodexWorkFolder/MusicPrj/07 Powerwolf - Gods of War Arise.mp3
2026-08-01 18:56:58 | INFO | audio_filter_tools.storage | Copying local file /mnt/samsung4t/lost+found/usr/bin/github/A_Main_FreeDark/FreeDark_0003_GuitarPro_Music/TMDownload/Mors Principium Est - The Harmony Remains.mp3 -> /mnt/samsung4t/lost+found/usr/bin/github/CodexWorkFolder/MusicPrj/Mors Principium Est - The Harmony Remains.mp3
2026-08-01 18:56:58 | INFO | audio_filter_tools.storage | Copying local file /mnt/samsung4t/lost+found/usr/bin/github/A_Main_FreeDark/FreeDark_0003_GuitarPro_Music/TMDownload/Eternal Tears of Sorrow - Burning Flames  Embrace.mp3 -> /mnt/samsung4t/lost+found/usr/bin/github/CodexWorkFolder/MusicPrj/Eternal Tears of Sorrow - Burning Flames  Embrace.mp3
2026-08-01 18:56:58 | INFO | audio_filter_tools.storage | Copying local file /mnt/samsung4t/lost+found/usr/bin/github/A_Main_FreeDark/FreeDark_0003_GuitarPro_Music/TMDownload/Before the Dawn - Wrath.mp3 -> /mnt/samsung4t/lost+found/usr/bin/github/CodexWorkFolder/MusicPrj/Before the Dawn - Wrath.mp3
2026-08-01 18:56:58 | INFO | audio_filter_tools.storage | Copying local file /mnt/samsung4t/lost+found/usr/bin/github/A_Main_FreeDark/FreeDark_0003_GuitarPro_Music/TMDownload/Equilibrium - Freiflug.flac -> /mnt/samsung4t/lost+found/usr/bin/github/CodexWorkFolder/MusicPrj/Equilibrium - Freiflug.flac
2026-08-01 18:56:58 | INFO | audio_filter_tools.storage | Copying local file /mnt/samsung4t/lost+found/usr/bin/github/A_Main_FreeDark/FreeDark_0003_GuitarPro_Music/TMDownload/Powerwolf - Army of the Night.mp3 -> /mnt/samsung4t/lost+found/usr/bin/github/CodexWorkFolder/MusicPrj/Powerwolf - Army of the Night.mp3
2026-08-01 18:56:58 | INFO | audio_filter_tools.storage | Copying local file /mnt/samsung4t/lost+found/usr/bin/github/A_Main_FreeDark/FreeDark_0003_GuitarPro_Music/TMDownload/Willie Nelson - I Couldn t Believe It Was True.mp3 -> /mnt/samsung4t/lost+found/usr/bin/github/CodexWorkFolder/MusicPrj/Willie Nelson - I Couldn t Believe It Was True.mp3
2026-08-01 18:56:58 | INFO | audio_filter_tools.storage | Copying local file /mnt/samsung4t/lost+found/usr/bin/github/A_Main_FreeDark/FreeDark_0003_GuitarPro_Music/TMDownload/03. Gamma Ray - New World Order (Live).mp3 -> /mnt/samsung4t/lost+found/usr/bin/github/CodexWorkFolder/MusicPrj/03. Gamma Ray - New World Order (Live).mp3
2026-08-01 18:56:58 | INFO | audio_filter_tools.storage | Copying local file /mnt/samsung4t/lost+found/usr/bin/github/A_Main_FreeDark/FreeDark_0003_GuitarPro_Music/TMDownload/Moonsorrow - Tyven.mp3 -> /mnt/samsung4t/lost+found/usr/bin/github/CodexWorkFolder/MusicPrj/Moonsorrow - Tyven.mp3
2026-08-01 18:56:58 | INFO | audio_filter_tools.storage | Copying local file /mnt/samsung4t/lost+found/usr/bin/github/A_Main_FreeDark/FreeDark_0003_GuitarPro_Music/TMDownload/Stonewall Jackson - Leona (3).flac -> /mnt/samsung4t/lost+found/usr/bin/github/CodexWorkFolder/MusicPrj/Stonewall Jackson - Leona (3).flac
2026-08-01 18:56:58 | INFO | audio_filter_tools.storage | Copying local file /mnt/samsung4t/lost+found/usr/bin/github/A_Main_FreeDark/FreeDark_0003_GuitarPro_Music/TMDownload/Windir - Det Som Var Haukareid.mp3 -> /mnt/samsung4t/lost+found/usr/bin/github/CodexWorkFolder/MusicPrj/Windir - Det Som Var Haukareid.mp3
2026-08-01 18:56:58 | INFO | audio_filter_tools.storage | Copying local file /mnt/samsung4t/lost+found/usr/bin/github/A_Main_FreeDark/FreeDark_0003_GuitarPro_Music/TMDownload/Primal Fear - The End Is Near.flac -> /mnt/samsung4t/lost+found/usr/bin/github/CodexWorkFolder/MusicPrj/Primal Fear - The End Is Near.flac
2026-08-01 18:56:58 | INFO | audio_filter_tools.storage | Copying local file /mnt/samsung4t/lost+found/usr/bin/github/A_Main_FreeDark/FreeDark_0003_GuitarPro_Music/TMDownload/Shade Empire - Omega Arcane.mp3 -> /mnt/samsung4t/lost+found/usr/bin/github/CodexWorkFolder/MusicPrj/Shade Empire - Omega Arcane.mp3
2026-08-01 18:56:58 | INFO | audio_filter_tools.storage | Copying local file /mnt/samsung4t/lost+found/usr/bin/github/A_Main_FreeDark/FreeDark_0003_GuitarPro_Music/TMDownload/Moonsorrow - Kuin ikuinen.mp3 -> /mnt/samsung4t/lost+found/usr/bin/github/CodexWorkFolder/MusicPrj/Moonsorrow - Kuin ikuinen.mp3
2026-08-01 18:56:58 | INFO | audio_filter_tools.storage | Copying local file /mnt/samsung4t/lost+found/usr/bin/github/A_Main_FreeDark/FreeDark_0003_GuitarPro_Music/TMDownload/Mors Principium Est - Leader of the Titans.mp3 -> /mnt/samsung4t/lost+found/usr/bin/github/CodexWorkFolder/MusicPrj/Mors Principium Est - Leader of the Titans.mp3
2026-08-01 18:56:58 | INFO | audio_filter_tools.storage | Copying local file /mnt/samsung4t/lost+found/usr/bin/github/A_Main_FreeDark/FreeDark_0003_GuitarPro_Music/TMDownload/Kenny_Chesney_That_Lucky_Old_Sun_Just_Rolls_Around_Heaven_All.mp3 -> /mnt/samsung4t/lost+found/usr/bin/github/CodexWorkFolder/MusicPrj/Kenny_Chesney_That_Lucky_Old_Sun_Just_Rolls_Around_Heaven_All.mp3
2026-08-01 18:56:58 | INFO | audio_filter_tools.storage | Copying local file /mnt/samsung4t/lost+found/usr/bin/github/A_Main_FreeDark/FreeDark_0003_GuitarPro_Music/TMDownload/Battle Beast - Place That We Call Home.mp3 -> /mnt/samsung4t/lost+found/usr/bin/github/CodexWorkFolder/MusicPrj/Battle Beast - Place That We Call Home.mp3
2026-08-01 18:56:58 | INFO | audio_filter_tools.storage | Copying local file /mnt/samsung4t/lost+found/usr/bin/github/A_Main_FreeDark/FreeDark_0003_GuitarPro_Music/TMDownload/Omnium Gatherum - Ammo.mp3 -> /mnt/samsung4t/lost+found/usr/bin/github/CodexWorkFolder/MusicPrj/Omnium Gatherum - Ammo.mp3
2026-08-01 18:56:58 | INFO | audio_filter_tools.storage | Copying local file /mnt/samsung4t/lost+found/usr/bin/github/A_Main_FreeDark/FreeDark_0003_GuitarPro_Music/TMDownload/Mors Principium Est - Altered State Of Consciousness.mp3 -> /mnt/samsung4t/lost+found/usr/bin/github/CodexWorkFolder/MusicPrj/Mors Principium Est - Altered State Of Consciousness.mp3
2026-08-01 18:56:58 | INFO | audio_filter_tools.storage | Copying local file /mnt/samsung4t/lost+found/usr/bin/github/A_Main_FreeDark/FreeDark_0003_GuitarPro_Music/TMDownload/Equilibrium - Nach dem Winter.flac -> /mnt/samsung4t/lost+found/usr/bin/github/CodexWorkFolder/MusicPrj/Equilibrium - Nach dem Winter.flac
2026-08-01 18:56:58 | INFO | audio_filter_tools.storage | Copying local file /mnt/samsung4t/lost+found/usr/bin/github/A_Main_FreeDark/FreeDark_0003_GuitarPro_Music/TMDownload/Battle Beast - Blood Of Heroes.mp3 -> /mnt/samsung4t/lost+found/usr/bin/github/CodexWorkFolder/MusicPrj/Battle Beast - Blood Of Heroes.mp3
2026-08-01 18:56:58 | INFO | audio_filter_tools.storage | Copying local file /mnt/samsung4t/lost+found/usr/bin/github/A_Main_FreeDark/FreeDark_0003_GuitarPro_Music/TMDownload/02_Gamma_Ray_Demonseed_Live_from_the_Final_Studio_Sessions.mp3 -> /mnt/samsung4t/lost+found/usr/bin/github/CodexWorkFolder/MusicPrj/02_Gamma_Ray_Demonseed_Live_from_the_Final_Studio_Sessions.mp3
2026-08-01 18:56:58 | INFO | audio_filter_tools.storage | Copying local file /mnt/samsung4t/lost+found/usr/bin/github/A_Main_FreeDark/FreeDark_0003_GuitarPro_Music/TMDownload/Omnium Gatherum - Foundation.mp3 -> /mnt/samsung4t/lost+found/usr/bin/github/CodexWorkFolder/MusicPrj/Omnium Gatherum - Foundation.mp3
2026-08-01 18:56:58 | INFO | audio_filter_tools.storage | Copying local file /mnt/samsung4t/lost+found/usr/bin/github/A_Main_FreeDark/FreeDark_0003_GuitarPro_Music/TMDownload/07 Powerwolf - Christ & Combat.mp3 -> /mnt/samsung4t/lost+found/usr/bin/github/CodexWorkFolder/MusicPrj/07 Powerwolf - Christ & Combat.mp3
2026-08-01 18:56:58 | INFO | audio_filter_tools.storage | Copying local file /mnt/samsung4t/lost+found/usr/bin/github/A_Main_FreeDark/FreeDark_0003_GuitarPro_Music/TMDownload/Windir - Despot.mp3 -> /mnt/samsung4t/lost+found/usr/bin/github/CodexWorkFolder/MusicPrj/Windir - Despot.mp3
2026-08-01 18:56:58 | INFO | audio_filter_tools.storage | Copying local file /mnt/samsung4t/lost+found/usr/bin/github/A_Main_FreeDark/FreeDark_0003_GuitarPro_Music/TMDownload/Mors Principium Est - Two Steps Away (Re-Recorded 2022).mp3 -> /mnt/samsung4t/lost+found/usr/bin/github/CodexWorkFolder/MusicPrj/Mors Principium Est - Two Steps Away (Re-Recorded 2022).mp3
2026-08-01 18:56:58 | INFO | audio_filter_tools.storage | Copying local file /mnt/samsung4t/lost+found/usr/bin/github/A_Main_FreeDark/FreeDark_0003_GuitarPro_Music/TMDownload/Wolfheart - Resistance.mp3 -> /mnt/samsung4t/lost+found/usr/bin/github/CodexWorkFolder/MusicPrj/Wolfheart - Resistance.mp3
2026-08-01 18:56:58 | INFO | audio_filter_tools.storage | Copying local file /mnt/samsung4t/lost+found/usr/bin/github/A_Main_FreeDark/FreeDark_0003_GuitarPro_Music/TMDownload/October Tide - Deplorable Request.mp3 -> /mnt/samsung4t/lost+found/usr/bin/github/CodexWorkFolder/MusicPrj/October Tide - Deplorable Request.mp3
2026-08-01 18:56:58 | INFO | audio_filter_tools.storage | Copying local file /mnt/samsung4t/lost+found/usr/bin/github/A_Main_FreeDark/FreeDark_0003_GuitarPro_Music/TMDownload/Sonata Arctica - My Land.mp3 -> /mnt/samsung4t/lost+found/usr/bin/github/CodexWorkFolder/MusicPrj/Sonata Arctica - My Land.mp3
2026-08-01 18:56:58 | INFO | audio_filter_tools.storage | Copying local file /mnt/samsung4t/lost+found/usr/bin/github/A_Main_FreeDark/FreeDark_0003_GuitarPro_Music/TMDownload/Agathodaimon - Ne Cheama Pamintul.flac -> /mnt/samsung4t/lost+found/usr/bin/github/CodexWorkFolder/MusicPrj/Agathodaimon - Ne Cheama Pamintul.flac
2026-08-01 18:56:59 | INFO | audio_filter_tools.storage | Copying local file /mnt/samsung4t/lost+found/usr/bin/github/A_Main_FreeDark/FreeDark_0003_GuitarPro_Music/TMDownload/Iron Maiden - The Evil That Men Do.mp3 -> /mnt/samsung4t/lost+found/usr/bin/github/CodexWorkFolder/MusicPrj/Iron Maiden - The Evil That Men Do.mp3
2026-08-01 18:56:59 | INFO | audio_filter_tools.storage | Copying local file /mnt/samsung4t/lost+found/usr/bin/github/A_Main_FreeDark/FreeDark_0003_GuitarPro_Music/TMDownload/Agathodaimon - Time Is the Fire.flac -> /mnt/samsung4t/lost+found/usr/bin/github/CodexWorkFolder/MusicPrj/Agathodaimon - Time Is the Fire.flac
2026-08-01 18:56:59 | INFO | audio_filter_tools.storage | Copying local file /mnt/samsung4t/lost+found/usr/bin/github/A_Main_FreeDark/FreeDark_0003_GuitarPro_Music/TMDownload/Soilwork - Two Lives Worth of Reckoning.mp3 -> /mnt/samsung4t/lost+found/usr/bin/github/CodexWorkFolder/MusicPrj/Soilwork - Two Lives Worth of Reckoning.mp3
2026-08-01 18:56:59 | INFO | audio_filter_tools.storage | Copying local file /mnt/samsung4t/lost+found/usr/bin/github/A_Main_FreeDark/FreeDark_0003_GuitarPro_Music/TMDownload/Gamma Ray - Avalon.flac -> /mnt/samsung4t/lost+found/usr/bin/github/CodexWorkFolder/MusicPrj/Gamma Ray - Avalon.flac
2026-08-01 18:56:59 | INFO | audio_filter_tools.storage | Copying local file /mnt/samsung4t/lost+found/usr/bin/github/A_Main_FreeDark/FreeDark_0003_GuitarPro_Music/TMDownload/Vern Gosdin - Way Down Deep.mp3 -> /mnt/samsung4t/lost+found/usr/bin/github/CodexWorkFolder/MusicPrj/Vern Gosdin - Way Down Deep.mp3
2026-08-01 18:56:59 | INFO | audio_filter_tools.storage | Copying local file /mnt/samsung4t/lost+found/usr/bin/github/A_Main_FreeDark/FreeDark_0003_GuitarPro_Music/TMDownload/03 Powerwolf - Kiss of the Cobra King.mp3 -> /mnt/samsung4t/lost+found/usr/bin/github/CodexWorkFolder/MusicPrj/03 Powerwolf - Kiss of the Cobra King.mp3
2026-08-01 18:56:59 | INFO | audio_filter_tools.storage | Copying local file /mnt/samsung4t/lost+found/usr/bin/github/A_Main_FreeDark/FreeDark_0003_GuitarPro_Music/TMDownload/Swallow The Sun - Servant of Sorrow.mp3 -> /mnt/samsung4t/lost+found/usr/bin/github/CodexWorkFolder/MusicPrj/Swallow The Sun - Servant of Sorrow.mp3
2026-08-01 18:56:59 | INFO | audio_filter_tools.storage | Copying local file /mnt/samsung4t/lost+found/usr/bin/github/A_Main_FreeDark/FreeDark_0003_GuitarPro_Music/TMDownload/Agathodaimon - In My Dreams (Part 2 - in Bitterness).flac -> /mnt/samsung4t/lost+found/usr/bin/github/CodexWorkFolder/MusicPrj/Agathodaimon - In My Dreams (Part 2 - in Bitterness).flac
2026-08-01 18:56:59 | INFO | audio_filter_tools.storage | Copying local file /mnt/samsung4t/lost+found/usr/bin/github/A_Main_FreeDark/FreeDark_0003_GuitarPro_Music/TMDownload/Soilwork - Millionflame.mp3 -> /mnt/samsung4t/lost+found/usr/bin/github/CodexWorkFolder/MusicPrj/Soilwork - Millionflame.mp3
2026-08-01 18:56:59 | INFO | audio_filter_tools.storage | Copying local file /mnt/samsung4t/lost+found/usr/bin/github/A_Main_FreeDark/FreeDark_0003_GuitarPro_Music/TMDownload/Dissection - No Dreams Breed in Breathless Sleep.mp3 -> /mnt/samsung4t/lost+found/usr/bin/github/CodexWorkFolder/MusicPrj/Dissection - No Dreams Breed in Breathless Sleep.mp3
2026-08-01 18:56:59 | INFO | audio_filter_tools.storage | Copying local file /mnt/samsung4t/lost+found/usr/bin/github/A_Main_FreeDark/FreeDark_0003_GuitarPro_Music/TMDownload/Mors Principium Est - Lost in a Starless Aeon.mp3 -> /mnt/samsung4t/lost+found/usr/bin/github/CodexWorkFolder/MusicPrj/Mors Principium Est - Lost in a Starless Aeon.mp3
2026-08-01 18:56:59 | INFO | audio_filter_tools.storage | Copying local file /mnt/samsung4t/lost+found/usr/bin/github/A_Main_FreeDark/FreeDark_0003_GuitarPro_Music/TMDownload/Gamma Ray - Chasing Shadows.flac -> /mnt/samsung4t/lost+found/usr/bin/github/CodexWorkFolder/MusicPrj/Gamma Ray - Chasing Shadows.flac
2026-08-01 18:56:59 | INFO | audio_filter_tools.storage | Copying local file /mnt/samsung4t/lost+found/usr/bin/github/A_Main_FreeDark/FreeDark_0003_GuitarPro_Music/TMDownload/Windir - Ætti Mørkna.mp3 -> /mnt/samsung4t/lost+found/usr/bin/github/CodexWorkFolder/MusicPrj/Windir - Ætti Mørkna.mp3
2026-08-01 18:56:59 | INFO | audio_filter_tools.storage | Copying local file /mnt/samsung4t/lost+found/usr/bin/github/A_Main_FreeDark/FreeDark_0003_GuitarPro_Music/TMDownload/Before the Dawn - Unbreakable.mp3 -> /mnt/samsung4t/lost+found/usr/bin/github/CodexWorkFolder/MusicPrj/Before the Dawn - Unbreakable.mp3
2026-08-01 18:56:59 | INFO | audio_filter_tools.storage | Copying local file /mnt/samsung4t/lost+found/usr/bin/github/A_Main_FreeDark/FreeDark_0003_GuitarPro_Music/TMDownload/Equilibrium - Des Sängers Fluch.flac -> /mnt/samsung4t/lost+found/usr/bin/github/CodexWorkFolder/MusicPrj/Equilibrium - Des Sängers Fluch.flac
2026-08-01 18:56:59 | INFO | audio_filter_tools.storage | Copying local file /mnt/samsung4t/lost+found/usr/bin/github/A_Main_FreeDark/FreeDark_0003_GuitarPro_Music/TMDownload/Stonewall Jackson - Leona (10).flac -> /mnt/samsung4t/lost+found/usr/bin/github/CodexWorkFolder/MusicPrj/Stonewall Jackson - Leona (10).flac
2026-08-01 18:56:59 | INFO | audio_filter_tools.storage | Copying local file /mnt/samsung4t/lost+found/usr/bin/github/A_Main_FreeDark/FreeDark_0003_GuitarPro_Music/TMDownload/Stonewall Jackson - Leona (7).flac -> /mnt/samsung4t/lost+found/usr/bin/github/CodexWorkFolder/MusicPrj/Stonewall Jackson - Leona (7).flac
2026-08-01 18:56:59 | INFO | audio_filter_tools.storage | Copying local file /mnt/samsung4t/lost+found/usr/bin/github/A_Main_FreeDark/FreeDark_0003_GuitarPro_Music/TMDownload/Stonewall Jackson - Leona (6).flac -> /mnt/samsung4t/lost+found/usr/bin/github/CodexWorkFolder/MusicPrj/Stonewall Jackson - Leona (6).flac
2026-08-01 18:56:59 | INFO | audio_filter_tools.storage | Copying local file /mnt/samsung4t/lost+found/usr/bin/github/A_Main_FreeDark/FreeDark_0003_GuitarPro_Music/TMDownload/Orden Ogan - Nothing Remains.mp3 -> /mnt/samsung4t/lost+found/usr/bin/github/CodexWorkFolder/MusicPrj/Orden Ogan - Nothing Remains.mp3
2026-08-01 18:56:59 | INFO | audio_filter_tools.storage | Copying local file /mnt/samsung4t/lost+found/usr/bin/github/A_Main_FreeDark/FreeDark_0003_GuitarPro_Music/TMDownload/Daylight Dies - A Life Less Lived.mp3 -> /mnt/samsung4t/lost+found/usr/bin/github/CodexWorkFolder/MusicPrj/Daylight Dies - A Life Less Lived.mp3
2026-08-01 18:56:59 | INFO | audio_filter_tools.storage | Copying local file /mnt/samsung4t/lost+found/usr/bin/github/A_Main_FreeDark/FreeDark_0003_GuitarPro_Music/TMDownload/Mors Principium Est - The Everlong Night.mp3 -> /mnt/samsung4t/lost+found/usr/bin/github/CodexWorkFolder/MusicPrj/Mors Principium Est - The Everlong Night.mp3
2026-08-01 18:56:59 | INFO | audio_filter_tools.storage | Copying local file /mnt/samsung4t/lost+found/usr/bin/github/A_Main_FreeDark/FreeDark_0003_GuitarPro_Music/TMDownload/Withering Surface - Euphoria.mp3 -> /mnt/samsung4t/lost+found/usr/bin/github/CodexWorkFolder/MusicPrj/Withering Surface - Euphoria.mp3
2026-08-01 18:56:59 | INFO | audio_filter_tools.storage | Copying local file /mnt/samsung4t/lost+found/usr/bin/github/A_Main_FreeDark/FreeDark_0003_GuitarPro_Music/TMDownload/Agathodaimon - The Divine.flac -> /mnt/samsung4t/lost+found/usr/bin/github/CodexWorkFolder/MusicPrj/Agathodaimon - The Divine.flac
2026-08-01 18:57:00 | INFO | audio_filter_tools.storage | Copying local file /mnt/samsung4t/lost+found/usr/bin/github/A_Main_FreeDark/FreeDark_0003_GuitarPro_Music/TMDownload/10 Powerwolf - All You Can Bleed.mp3 -> /mnt/samsung4t/lost+found/usr/bin/github/CodexWorkFolder/MusicPrj/10 Powerwolf - All You Can Bleed.mp3
2026-08-01 18:57:00 | INFO | audio_filter_tools.storage | Copying local file /mnt/samsung4t/lost+found/usr/bin/github/A_Main_FreeDark/FreeDark_0003_GuitarPro_Music/TMDownload/Shade Empire - Traveler Of Unlight.mp3 -> /mnt/samsung4t/lost+found/usr/bin/github/CodexWorkFolder/MusicPrj/Shade Empire - Traveler Of Unlight.mp3
2026-08-01 18:57:00 | INFO | audio_filter_tools.storage | Copying local file /mnt/samsung4t/lost+found/usr/bin/github/A_Main_FreeDark/FreeDark_0003_GuitarPro_Music/TMDownload/Edge Of Sanity - The Sinner and the Sadness.mp3 -> /mnt/samsung4t/lost+found/usr/bin/github/CodexWorkFolder/MusicPrj/Edge Of Sanity - The Sinner and the Sadness.mp3
2026-08-01 18:57:00 | INFO | audio_filter_tools.storage | Copying local file /mnt/samsung4t/lost+found/usr/bin/github/A_Main_FreeDark/FreeDark_0003_GuitarPro_Music/TMDownload/Eternal Tears Of Sorrow - Aurora Borealis.mp3 -> /mnt/samsung4t/lost+found/usr/bin/github/CodexWorkFolder/MusicPrj/Eternal Tears Of Sorrow - Aurora Borealis.mp3
2026-08-01 18:57:00 | INFO | audio_filter_tools.storage | Copying local file /mnt/samsung4t/lost+found/usr/bin/github/A_Main_FreeDark/FreeDark_0003_GuitarPro_Music/TMDownload/Soilwork - Nerve.mp3 -> /mnt/samsung4t/lost+found/usr/bin/github/CodexWorkFolder/MusicPrj/Soilwork - Nerve.mp3
2026-08-01 18:57:00 | INFO | audio_filter_tools.storage | Copying local file /mnt/samsung4t/lost+found/usr/bin/github/A_Main_FreeDark/FreeDark_0003_GuitarPro_Music/TMDownload/Agathodaimon - Ghosts of Greed.flac -> /mnt/samsung4t/lost+found/usr/bin/github/CodexWorkFolder/MusicPrj/Agathodaimon - Ghosts of Greed.flac
2026-08-01 18:57:00 | INFO | audio_filter_tools.storage | Copying local file /mnt/samsung4t/lost+found/usr/bin/github/A_Main_FreeDark/FreeDark_0003_GuitarPro_Music/TMDownload/Running Wild - The Privateer.flac -> /mnt/samsung4t/lost+found/usr/bin/github/CodexWorkFolder/MusicPrj/Running Wild - The Privateer.flac
2026-08-01 18:57:00 | INFO | audio_filter_tools.storage | Copying local file /mnt/samsung4t/lost+found/usr/bin/github/A_Main_FreeDark/FreeDark_0003_GuitarPro_Music/TMDownload/Edge Of Sanity - Of Darksome Origin.mp3 -> /mnt/samsung4t/lost+found/usr/bin/github/CodexWorkFolder/MusicPrj/Edge Of Sanity - Of Darksome Origin.mp3
2026-08-01 18:57:00 | INFO | audio_filter_tools.storage | Copying local file /mnt/samsung4t/lost+found/usr/bin/github/A_Main_FreeDark/FreeDark_0003_GuitarPro_Music/TMDownload/Omnium Gatherum - Rejuvenate!.mp3 -> /mnt/samsung4t/lost+found/usr/bin/github/CodexWorkFolder/MusicPrj/Omnium Gatherum - Rejuvenate!.mp3
2026-08-01 18:57:00 | INFO | audio_filter_tools.storage | Copying local file /mnt/samsung4t/lost+found/usr/bin/github/A_Main_FreeDark/FreeDark_0003_GuitarPro_Music/TMDownload/Equilibrium - Blut Im Auge (acoustic version Sagas).flac -> /mnt/samsung4t/lost+found/usr/bin/github/CodexWorkFolder/MusicPrj/Equilibrium - Blut Im Auge (acoustic version Sagas).flac
2026-08-01 18:57:01 | INFO | audio_filter_tools.storage | Copying local file /mnt/samsung4t/lost+found/usr/bin/github/A_Main_FreeDark/FreeDark_0003_GuitarPro_Music/TMDownload/Noumena - The End Of The Century.mp3 -> /mnt/samsung4t/lost+found/usr/bin/github/CodexWorkFolder/MusicPrj/Noumena - The End Of The Century.mp3
2026-08-01 18:57:01 | INFO | audio_filter_tools.storage | Copying local file /mnt/samsung4t/lost+found/usr/bin/github/A_Main_FreeDark/FreeDark_0003_GuitarPro_Music/TMDownload/07 Edguy - Out of Control (Live).mp3 -> /mnt/samsung4t/lost+found/usr/bin/github/CodexWorkFolder/MusicPrj/07 Edguy - Out of Control (Live).mp3
2026-08-01 18:57:01 | INFO | audio_filter_tools.storage | Copying local file /mnt/samsung4t/lost+found/usr/bin/github/A_Main_FreeDark/FreeDark_0003_GuitarPro_Music/TMDownload/Battle Beast - Familiar Hell.mp3 -> /mnt/samsung4t/lost+found/usr/bin/github/CodexWorkFolder/MusicPrj/Battle Beast - Familiar Hell.mp3
2026-08-01 18:57:01 | INFO | audio_filter_tools.storage | Copying local file /mnt/samsung4t/lost+found/usr/bin/github/A_Main_FreeDark/FreeDark_0003_GuitarPro_Music/TMDownload/Stonewall Jackson - Leona (11).flac -> /mnt/samsung4t/lost+found/usr/bin/github/CodexWorkFolder/MusicPrj/Stonewall Jackson - Leona (11).flac
2026-08-01 18:57:01 | INFO | audio_filter_tools.storage | Copying local file /mnt/samsung4t/lost+found/usr/bin/github/A_Main_FreeDark/FreeDark_0003_GuitarPro_Music/TMDownload/Agathodaimon - Ribbons Requiem  99.flac -> /mnt/samsung4t/lost+found/usr/bin/github/CodexWorkFolder/MusicPrj/Agathodaimon - Ribbons Requiem  99.flac
2026-08-01 18:57:01 | INFO | audio_filter_tools.storage | Copying local file /mnt/samsung4t/lost+found/usr/bin/github/A_Main_FreeDark/FreeDark_0003_GuitarPro_Music/TMDownload/Noumena - Lucid Dreaming.mp3 -> /mnt/samsung4t/lost+found/usr/bin/github/CodexWorkFolder/MusicPrj/Noumena - Lucid Dreaming.mp3
2026-08-01 18:57:01 | INFO | audio_filter_tools.storage | Copying local file /mnt/samsung4t/lost+found/usr/bin/github/A_Main_FreeDark/FreeDark_0003_GuitarPro_Music/TMDownload/Battle Beast - Victory.mp3 -> /mnt/samsung4t/lost+found/usr/bin/github/CodexWorkFolder/MusicPrj/Battle Beast - Victory.mp3
2026-08-01 18:57:01 | INFO | audio_filter_tools.storage | Copying local file /mnt/samsung4t/lost+found/usr/bin/github/A_Main_FreeDark/FreeDark_0003_GuitarPro_Music/TMDownload/Willie Nelson - How Much Does It Cost.mp3 -> /mnt/samsung4t/lost+found/usr/bin/github/CodexWorkFolder/MusicPrj/Willie Nelson - How Much Does It Cost.mp3
2026-08-01 18:57:01 | INFO | audio_filter_tools.storage | Copying local file /mnt/samsung4t/lost+found/usr/bin/github/A_Main_FreeDark/FreeDark_0003_GuitarPro_Music/TMDownload/Gamma Ray - Codemned to Hell.mp3 -> /mnt/samsung4t/lost+found/usr/bin/github/CodexWorkFolder/MusicPrj/Gamma Ray - Codemned to Hell.mp3
2026-08-01 18:57:01 | INFO | audio_filter_tools.storage | Copying local file /mnt/samsung4t/lost+found/usr/bin/github/A_Main_FreeDark/FreeDark_0003_GuitarPro_Music/TMDownload/Equilibrium - Zum Horizont.flac -> /mnt/samsung4t/lost+found/usr/bin/github/CodexWorkFolder/MusicPrj/Equilibrium - Zum Horizont.flac
2026-08-01 18:57:01 | INFO | audio_filter_tools.storage | Copying local file /mnt/samsung4t/lost+found/usr/bin/github/A_Main_FreeDark/FreeDark_0003_GuitarPro_Music/TMDownload/08 Avantasia - Chalice of Agony.mp3 -> /mnt/samsung4t/lost+found/usr/bin/github/CodexWorkFolder/MusicPrj/08 Avantasia - Chalice of Agony.mp3
2026-08-01 18:57:01 | INFO | audio_filter_tools.storage | Copying local file /mnt/samsung4t/lost+found/usr/bin/github/A_Main_FreeDark/FreeDark_0003_GuitarPro_Music/TMDownload/Vern Gosdin - I Can Tell by the Way You Dance (You re Gonna.mp3 -> /mnt/samsung4t/lost+found/usr/bin/github/CodexWorkFolder/MusicPrj/Vern Gosdin - I Can Tell by the Way You Dance (You re Gonna.mp3
2026-08-01 18:57:01 | INFO | audio_filter_tools.storage | Copying local file /mnt/samsung4t/lost+found/usr/bin/github/A_Main_FreeDark/FreeDark_0003_GuitarPro_Music/TMDownload/Kiuas - Kiuassault.mp3 -> /mnt/samsung4t/lost+found/usr/bin/github/CodexWorkFolder/MusicPrj/Kiuas - Kiuassault.mp3
2026-08-01 18:57:01 | INFO | audio_filter_tools.storage | Copying local file /mnt/samsung4t/lost+found/usr/bin/github/A_Main_FreeDark/FreeDark_0003_GuitarPro_Music/TMDownload/Shade Empire - Dawnless Days.mp3 -> /mnt/samsung4t/lost+found/usr/bin/github/CodexWorkFolder/MusicPrj/Shade Empire - Dawnless Days.mp3
2026-08-01 18:57:01 | INFO | audio_filter_tools.storage | Copying local file /mnt/samsung4t/lost+found/usr/bin/github/A_Main_FreeDark/FreeDark_0003_GuitarPro_Music/TMDownload/Equilibrium - Die Prophezeihung.flac -> /mnt/samsung4t/lost+found/usr/bin/github/CodexWorkFolder/MusicPrj/Equilibrium - Die Prophezeihung.flac
2026-08-01 18:57:02 | INFO | audio_filter_tools.storage | Copying local file /mnt/samsung4t/lost+found/usr/bin/github/A_Main_FreeDark/FreeDark_0003_GuitarPro_Music/TMDownload/October Tide - The Custodian Of Science.mp3 -> /mnt/samsung4t/lost+found/usr/bin/github/CodexWorkFolder/MusicPrj/October Tide - The Custodian Of Science.mp3
2026-08-01 18:57:02 | INFO | audio_filter_tools.storage | Copying local file /mnt/samsung4t/lost+found/usr/bin/github/A_Main_FreeDark/FreeDark_0003_GuitarPro_Music/TMDownload/Agathodaimon - An Angel s Funeral.flac -> /mnt/samsung4t/lost+found/usr/bin/github/CodexWorkFolder/MusicPrj/Agathodaimon - An Angel s Funeral.flac
2026-08-01 18:57:02 | INFO | audio_filter_tools.storage | Copying local file /mnt/samsung4t/lost+found/usr/bin/github/A_Main_FreeDark/FreeDark_0003_GuitarPro_Music/TMDownload/Dissection - Beyond the Horizon.mp3 -> /mnt/samsung4t/lost+found/usr/bin/github/CodexWorkFolder/MusicPrj/Dissection - Beyond the Horizon.mp3
2026-08-01 18:57:02 | INFO | audio_filter_tools.storage | Copying local file /mnt/samsung4t/lost+found/usr/bin/github/A_Main_FreeDark/FreeDark_0003_GuitarPro_Music/TMDownload/Dissection - Dark Mother Divine.mp3 -> /mnt/samsung4t/lost+found/usr/bin/github/CodexWorkFolder/MusicPrj/Dissection - Dark Mother Divine.mp3
2026-08-01 18:57:02 | INFO | audio_filter_tools.storage | Copying local file /mnt/samsung4t/lost+found/usr/bin/github/A_Main_FreeDark/FreeDark_0003_GuitarPro_Music/TMDownload/Omnium Gatherum - Wastrel.mp3 -> /mnt/samsung4t/lost+found/usr/bin/github/CodexWorkFolder/MusicPrj/Omnium Gatherum - Wastrel.mp3
2026-08-01 18:57:02 | INFO | audio_filter_tools.storage | Copying local file /mnt/samsung4t/lost+found/usr/bin/github/A_Main_FreeDark/FreeDark_0003_GuitarPro_Music/TMDownload/The Soggy Bottom Boys - In The Jailhouse Now.mp3 -> /mnt/samsung4t/lost+found/usr/bin/github/CodexWorkFolder/MusicPrj/The Soggy Bottom Boys - In The Jailhouse Now.mp3
2026-08-01 18:57:02 | INFO | audio_filter_tools.storage | Copying local file /mnt/samsung4t/lost+found/usr/bin/github/A_Main_FreeDark/FreeDark_0003_GuitarPro_Music/TMDownload/07 Omnium Gatherum - Be the Sky.mp3 -> /mnt/samsung4t/lost+found/usr/bin/github/CodexWorkFolder/MusicPrj/07 Omnium Gatherum - Be the Sky.mp3
2026-08-01 18:57:02 | INFO | audio_filter_tools.storage | Copying local file /mnt/samsung4t/lost+found/usr/bin/github/A_Main_FreeDark/FreeDark_0003_GuitarPro_Music/TMDownload/Edguy - Down To The Devil.mp3 -> /mnt/samsung4t/lost+found/usr/bin/github/CodexWorkFolder/MusicPrj/Edguy - Down To The Devil.mp3
2026-08-01 18:57:02 | INFO | audio_filter_tools.storage | Copying local file /mnt/samsung4t/lost+found/usr/bin/github/A_Main_FreeDark/FreeDark_0003_GuitarPro_Music/TMDownload/Falkenbach - I Svertar Sunna Luihtint.flac -> /mnt/samsung4t/lost+found/usr/bin/github/CodexWorkFolder/MusicPrj/Falkenbach - I Svertar Sunna Luihtint.flac
2026-08-01 18:57:02 | INFO | audio_filter_tools.storage | Copying local file /mnt/samsung4t/lost+found/usr/bin/github/A_Main_FreeDark/FreeDark_0003_GuitarPro_Music/TMDownload/Wolfheart - Aeon Of Cold.mp3 -> /mnt/samsung4t/lost+found/usr/bin/github/CodexWorkFolder/MusicPrj/Wolfheart - Aeon Of Cold.mp3
2026-08-01 18:57:02 | INFO | audio_filter_tools.storage | Copying local file /mnt/samsung4t/lost+found/usr/bin/github/A_Main_FreeDark/FreeDark_0003_GuitarPro_Music/TMDownload/Edguy - Scarlet Rose.flac -> /mnt/samsung4t/lost+found/usr/bin/github/CodexWorkFolder/MusicPrj/Edguy - Scarlet Rose.flac
2026-08-01 18:57:03 | INFO | audio_filter_tools.storage | Copying local file /mnt/samsung4t/lost+found/usr/bin/github/A_Main_FreeDark/FreeDark_0003_GuitarPro_Music/TMDownload/Battle Beast - Enter the Metal World.mp3 -> /mnt/samsung4t/lost+found/usr/bin/github/CodexWorkFolder/MusicPrj/Battle Beast - Enter the Metal World.mp3
2026-08-01 18:57:03 | INFO | audio_filter_tools.storage | Copying local file /mnt/samsung4t/lost+found/usr/bin/github/A_Main_FreeDark/FreeDark_0003_GuitarPro_Music/TMDownload/Orden Ogan - Forlorn and Forsaken.mp3 -> /mnt/samsung4t/lost+found/usr/bin/github/CodexWorkFolder/MusicPrj/Orden Ogan - Forlorn and Forsaken.mp3
2026-08-01 18:57:03 | INFO | audio_filter_tools.storage | Copying local file /mnt/samsung4t/lost+found/usr/bin/github/A_Main_FreeDark/FreeDark_0003_GuitarPro_Music/TMDownload/Soilwork - Follow the Hollow.mp3 -> /mnt/samsung4t/lost+found/usr/bin/github/CodexWorkFolder/MusicPrj/Soilwork - Follow the Hollow.mp3
2026-08-01 18:57:03 | INFO | audio_filter_tools.storage | Copying local file /mnt/samsung4t/lost+found/usr/bin/github/A_Main_FreeDark/FreeDark_0003_GuitarPro_Music/TMDownload/Primal Fear - Jaws of Death.flac -> /mnt/samsung4t/lost+found/usr/bin/github/CodexWorkFolder/MusicPrj/Primal Fear - Jaws of Death.flac
2026-08-01 18:57:03 | INFO | audio_filter_tools.storage | Copying local file /mnt/samsung4t/lost+found/usr/bin/github/A_Main_FreeDark/FreeDark_0003_GuitarPro_Music/TMDownload/Dissection - Nexion 218.mp3 -> /mnt/samsung4t/lost+found/usr/bin/github/CodexWorkFolder/MusicPrj/Dissection - Nexion 218.mp3
2026-08-01 18:57:03 | INFO | audio_filter_tools.storage | Copying local file /mnt/samsung4t/lost+found/usr/bin/github/A_Main_FreeDark/FreeDark_0003_GuitarPro_Music/TMDownload/Gamma Ray - Built A World (European Bonus Track).flac -> /mnt/samsung4t/lost+found/usr/bin/github/CodexWorkFolder/MusicPrj/Gamma Ray - Built A World (European Bonus Track).flac
2026-08-01 18:57:03 | INFO | audio_filter_tools.storage | Copying local file /mnt/samsung4t/lost+found/usr/bin/github/A_Main_FreeDark/FreeDark_0003_GuitarPro_Music/TMDownload/October Tide - Blue Gallery.mp3 -> /mnt/samsung4t/lost+found/usr/bin/github/CodexWorkFolder/MusicPrj/October Tide - Blue Gallery.mp3
2026-08-01 18:57:03 | INFO | audio_filter_tools.storage | Copying local file /mnt/samsung4t/lost+found/usr/bin/github/A_Main_FreeDark/FreeDark_0003_GuitarPro_Music/TMDownload/Noumena - The Doomwatcher.mp3 -> /mnt/samsung4t/lost+found/usr/bin/github/CodexWorkFolder/MusicPrj/Noumena - The Doomwatcher.mp3
2026-08-01 18:57:03 | INFO | audio_filter_tools.storage | Copying local file /mnt/samsung4t/lost+found/usr/bin/github/A_Main_FreeDark/FreeDark_0003_GuitarPro_Music/TMDownload/Windir - The Profound Power.mp3 -> /mnt/samsung4t/lost+found/usr/bin/github/CodexWorkFolder/MusicPrj/Windir - The Profound Power.mp3
2026-08-01 18:57:03 | INFO | audio_filter_tools.storage | Copying local file /mnt/samsung4t/lost+found/usr/bin/github/A_Main_FreeDark/FreeDark_0003_GuitarPro_Music/TMDownload/Doro - Egypt (The Chains Are On).flac -> /mnt/samsung4t/lost+found/usr/bin/github/CodexWorkFolder/MusicPrj/Doro - Egypt (The Chains Are On).flac
2026-08-01 18:57:03 | INFO | audio_filter_tools.storage | Copying local file /mnt/samsung4t/lost+found/usr/bin/github/A_Main_FreeDark/FreeDark_0003_GuitarPro_Music/TMDownload/Willie Nelson - One Step Beyond.mp3 -> /mnt/samsung4t/lost+found/usr/bin/github/CodexWorkFolder/MusicPrj/Willie Nelson - One Step Beyond.mp3
2026-08-01 18:57:03 | INFO | audio_filter_tools.storage | Copying local file /mnt/samsung4t/lost+found/usr/bin/github/A_Main_FreeDark/FreeDark_0003_GuitarPro_Music/TMDownload/Gamma Ray - Seven.flac -> /mnt/samsung4t/lost+found/usr/bin/github/CodexWorkFolder/MusicPrj/Gamma Ray - Seven.flac
2026-08-01 18:57:03 | INFO | audio_filter_tools.storage | Copying local file /mnt/samsung4t/lost+found/usr/bin/github/A_Main_FreeDark/FreeDark_0003_GuitarPro_Music/TMDownload/Windir - Kampen.mp3 -> /mnt/samsung4t/lost+found/usr/bin/github/CodexWorkFolder/MusicPrj/Windir - Kampen.mp3
2026-08-01 18:57:03 | INFO | audio_filter_tools.storage | Copying local file /mnt/samsung4t/lost+found/usr/bin/github/A_Main_FreeDark/FreeDark_0003_GuitarPro_Music/TMDownload/Gamma Ray - Space Eater.mp3 -> /mnt/samsung4t/lost+found/usr/bin/github/CodexWorkFolder/MusicPrj/Gamma Ray - Space Eater.mp3
2026-08-01 18:57:03 | INFO | audio_filter_tools.storage | Copying local file /mnt/samsung4t/lost+found/usr/bin/github/A_Main_FreeDark/FreeDark_0003_GuitarPro_Music/TMDownload/05. Stonewall Jackson - It's Such A Pretty World Today.mp3 -> /mnt/samsung4t/lost+found/usr/bin/github/CodexWorkFolder/MusicPrj/05. Stonewall Jackson - It's Such A Pretty World Today.mp3
2026-08-01 18:57:03 | INFO | audio_filter_tools.storage | Copying local file /mnt/samsung4t/lost+found/usr/bin/github/A_Main_FreeDark/FreeDark_0003_GuitarPro_Music/TMDownload/04 Avantasia - In Quest For.mp3 -> /mnt/samsung4t/lost+found/usr/bin/github/CodexWorkFolder/MusicPrj/04 Avantasia - In Quest For.mp3
2026-08-01 18:57:03 | INFO | audio_filter_tools.storage | Copying local file /mnt/samsung4t/lost+found/usr/bin/github/A_Main_FreeDark/FreeDark_0003_GuitarPro_Music/TMDownload/Windir - Heidra.mp3 -> /mnt/samsung4t/lost+found/usr/bin/github/CodexWorkFolder/MusicPrj/Windir - Heidra.mp3
2026-08-01 18:57:04 | INFO | audio_filter_tools.storage | Copying local file /mnt/samsung4t/lost+found/usr/bin/github/A_Main_FreeDark/FreeDark_0003_GuitarPro_Music/TMDownload/Gamma Ray - My Temple.mp3 -> /mnt/samsung4t/lost+found/usr/bin/github/CodexWorkFolder/MusicPrj/Gamma Ray - My Temple.mp3
2026-08-01 18:57:04 | INFO | audio_filter_tools.storage | Copying local file /mnt/samsung4t/lost+found/usr/bin/github/A_Main_FreeDark/FreeDark_0003_GuitarPro_Music/TMDownload/08 Edguy - Fallen Angels.mp3 -> /mnt/samsung4t/lost+found/usr/bin/github/CodexWorkFolder/MusicPrj/08 Edguy - Fallen Angels.mp3
2026-08-01 18:57:04 | INFO | audio_filter_tools.storage | Copying local file /mnt/samsung4t/lost+found/usr/bin/github/A_Main_FreeDark/FreeDark_0003_GuitarPro_Music/TMDownload/October Tide - Scorned.mp3 -> /mnt/samsung4t/lost+found/usr/bin/github/CodexWorkFolder/MusicPrj/October Tide - Scorned.mp3
2026-08-01 18:57:04 | INFO | audio_filter_tools.storage | Copying local file /mnt/samsung4t/lost+found/usr/bin/github/A_Main_FreeDark/FreeDark_0003_GuitarPro_Music/TMDownload/Doro - Children of the Night.mp3 -> /mnt/samsung4t/lost+found/usr/bin/github/CodexWorkFolder/MusicPrj/Doro - Children of the Night.mp3
2026-08-01 18:57:04 | INFO | audio_filter_tools.storage | Copying local file /mnt/samsung4t/lost+found/usr/bin/github/A_Main_FreeDark/FreeDark_0003_GuitarPro_Music/TMDownload/Orden Ogan - The Lords of the Flies.mp3 -> /mnt/samsung4t/lost+found/usr/bin/github/CodexWorkFolder/MusicPrj/Orden Ogan - The Lords of the Flies.mp3
2026-08-01 18:57:04 | INFO | audio_filter_tools.storage | Copying local file /mnt/samsung4t/lost+found/usr/bin/github/A_Main_FreeDark/FreeDark_0003_GuitarPro_Music/TMDownload/Shade Empire - Profane Radiance.mp3 -> /mnt/samsung4t/lost+found/usr/bin/github/CodexWorkFolder/MusicPrj/Shade Empire - Profane Radiance.mp3
2026-08-01 18:57:04 | INFO | audio_filter_tools.storage | Copying local file /mnt/samsung4t/lost+found/usr/bin/github/A_Main_FreeDark/FreeDark_0003_GuitarPro_Music/TMDownload/Edguy - Sacrifice.mp3 -> /mnt/samsung4t/lost+found/usr/bin/github/CodexWorkFolder/MusicPrj/Edguy - Sacrifice.mp3
2026-08-01 18:57:04 | INFO | audio_filter_tools.storage | Copying local file /mnt/samsung4t/lost+found/usr/bin/github/A_Main_FreeDark/FreeDark_0003_GuitarPro_Music/TMDownload/Soilwork - Light the Torch.mp3 -> /mnt/samsung4t/lost+found/usr/bin/github/CodexWorkFolder/MusicPrj/Soilwork - Light the Torch.mp3
2026-08-01 18:57:04 | INFO | audio_filter_tools.storage | Copying local file /mnt/samsung4t/lost+found/usr/bin/github/A_Main_FreeDark/FreeDark_0003_GuitarPro_Music/TMDownload/02 Borknagar - The Winterway.mp3 -> /mnt/samsung4t/lost+found/usr/bin/github/CodexWorkFolder/MusicPrj/02 Borknagar - The Winterway.mp3
2026-08-01 18:57:04 | INFO | audio_filter_tools.storage | Copying local file /mnt/samsung4t/lost+found/usr/bin/github/A_Main_FreeDark/FreeDark_0003_GuitarPro_Music/TMDownload/11 Mors Principium Est - The Forsaken.mp3 -> /mnt/samsung4t/lost+found/usr/bin/github/CodexWorkFolder/MusicPrj/11 Mors Principium Est - The Forsaken.mp3
2026-08-01 18:57:04 | INFO | audio_filter_tools.storage | Copying local file /mnt/samsung4t/lost+found/usr/bin/github/A_Main_FreeDark/FreeDark_0003_GuitarPro_Music/TMDownload/Equilibrium - Ruf in den Wind.flac -> /mnt/samsung4t/lost+found/usr/bin/github/CodexWorkFolder/MusicPrj/Equilibrium - Ruf in den Wind.flac
2026-08-01 18:57:04 | INFO | audio_filter_tools.storage | Copying local file /mnt/samsung4t/lost+found/usr/bin/github/A_Main_FreeDark/FreeDark_0003_GuitarPro_Music/TMDownload/Sonata Arctica - Fly with the Black Swan.mp3 -> /mnt/samsung4t/lost+found/usr/bin/github/CodexWorkFolder/MusicPrj/Sonata Arctica - Fly with the Black Swan.mp3
2026-08-01 18:57:05 | INFO | audio_filter_tools.storage | Copying local file /mnt/samsung4t/lost+found/usr/bin/github/A_Main_FreeDark/FreeDark_0003_GuitarPro_Music/TMDownload/Battle Beast - Far Far Away.mp3 -> /mnt/samsung4t/lost+found/usr/bin/github/CodexWorkFolder/MusicPrj/Battle Beast - Far Far Away.mp3
2026-08-01 18:57:05 | INFO | audio_filter_tools.storage | Copying local file /mnt/samsung4t/lost+found/usr/bin/github/A_Main_FreeDark/FreeDark_0003_GuitarPro_Music/TMDownload/Primal Fear - Under Your Spell (Version 1999).flac -> /mnt/samsung4t/lost+found/usr/bin/github/CodexWorkFolder/MusicPrj/Primal Fear - Under Your Spell (Version 1999).flac
2026-08-01 18:57:05 | INFO | audio_filter_tools.storage | Copying local file /mnt/samsung4t/lost+found/usr/bin/github/A_Main_FreeDark/FreeDark_0003_GuitarPro_Music/TMDownload/07 Avantasia - Anywhere.mp3 -> /mnt/samsung4t/lost+found/usr/bin/github/CodexWorkFolder/MusicPrj/07 Avantasia - Anywhere.mp3
2026-08-01 18:57:05 | INFO | audio_filter_tools.storage | Copying local file /mnt/samsung4t/lost+found/usr/bin/github/A_Main_FreeDark/FreeDark_0003_GuitarPro_Music/TMDownload/02 Saturnus - Inflame Thy Heart.mp3 -> /mnt/samsung4t/lost+found/usr/bin/github/CodexWorkFolder/MusicPrj/02 Saturnus - Inflame Thy Heart.mp3
2026-08-01 18:57:05 | INFO | audio_filter_tools.storage | Copying local file /mnt/samsung4t/lost+found/usr/bin/github/A_Main_FreeDark/FreeDark_0003_GuitarPro_Music/TMDownload/Gamma Ray - Gardens of the Sinner.flac -> /mnt/samsung4t/lost+found/usr/bin/github/CodexWorkFolder/MusicPrj/Gamma Ray - Gardens of the Sinner.flac
2026-08-01 18:57:05 | INFO | audio_filter_tools.storage | Copying local file /mnt/samsung4t/lost+found/usr/bin/github/A_Main_FreeDark/FreeDark_0003_GuitarPro_Music/TMDownload/Agathodaimon - Back Into The Shadows.flac -> /mnt/samsung4t/lost+found/usr/bin/github/CodexWorkFolder/MusicPrj/Agathodaimon - Back Into The Shadows.flac
2026-08-01 18:57:08 | INFO | audio_filter_tools.storage | Copying local file /mnt/samsung4t/lost+found/usr/bin/github/A_Main_FreeDark/FreeDark_0003_GuitarPro_Music/TMDownload/Dawn Of Solace - Skyline.mp3 -> /mnt/samsung4t/lost+found/usr/bin/github/CodexWorkFolder/MusicPrj/Dawn Of Solace - Skyline.mp3
2026-08-01 18:57:09 | INFO | audio_filter_tools.storage | Copying local file /mnt/samsung4t/lost+found/usr/bin/github/A_Main_FreeDark/FreeDark_0003_GuitarPro_Music/TMDownload/Edge Of Sanity - Tales... (Remaster 2024).mp3 -> /mnt/samsung4t/lost+found/usr/bin/github/CodexWorkFolder/MusicPrj/Edge Of Sanity - Tales... (Remaster 2024).mp3
2026-08-01 18:57:10 | INFO | audio_filter_tools.storage | Copying local file /mnt/samsung4t/lost+found/usr/bin/github/A_Main_FreeDark/FreeDark_0003_GuitarPro_Music/TMDownload/Agathodaimon - Grey Whisper.flac -> /mnt/samsung4t/lost+found/usr/bin/github/CodexWorkFolder/MusicPrj/Agathodaimon - Grey Whisper.flac
2026-08-01 18:57:10 | INFO | audio_filter_tools.storage | Copying local file /mnt/samsung4t/lost+found/usr/bin/github/A_Main_FreeDark/FreeDark_0003_GuitarPro_Music/TMDownload/Edge Of Sanity - Black Tears.mp3 -> /mnt/samsung4t/lost+found/usr/bin/github/CodexWorkFolder/MusicPrj/Edge Of Sanity - Black Tears.mp3
2026-08-01 18:57:10 | INFO | audio_filter_tools.storage | Copying local file /mnt/samsung4t/lost+found/usr/bin/github/A_Main_FreeDark/FreeDark_0003_GuitarPro_Music/TMDownload/Shade Empire - Wanderer.mp3 -> /mnt/samsung4t/lost+found/usr/bin/github/CodexWorkFolder/MusicPrj/Shade Empire - Wanderer.mp3
2026-08-01 18:57:10 | INFO | audio_filter_tools.storage | Copying local file /mnt/samsung4t/lost+found/usr/bin/github/A_Main_FreeDark/FreeDark_0003_GuitarPro_Music/TMDownload/Edguy - Rocket Ride.mp3 -> /mnt/samsung4t/lost+found/usr/bin/github/CodexWorkFolder/MusicPrj/Edguy - Rocket Ride.mp3
2026-08-01 18:57:10 | INFO | audio_filter_tools.storage | Copying local file /mnt/samsung4t/lost+found/usr/bin/github/A_Main_FreeDark/FreeDark_0003_GuitarPro_Music/TMDownload/Gamma Ray - Miracle.flac -> /mnt/samsung4t/lost+found/usr/bin/github/CodexWorkFolder/MusicPrj/Gamma Ray - Miracle.flac
2026-08-01 18:57:10 | INFO | audio_filter_tools.storage | Copying local file /mnt/samsung4t/lost+found/usr/bin/github/A_Main_FreeDark/FreeDark_0003_GuitarPro_Music/TMDownload/Mors Principium Est - March to War.mp3 -> /mnt/samsung4t/lost+found/usr/bin/github/CodexWorkFolder/MusicPrj/Mors Principium Est - March to War.mp3
2026-08-01 18:57:10 | INFO | audio_filter_tools.storage | Copying local file /mnt/samsung4t/lost+found/usr/bin/github/A_Main_FreeDark/FreeDark_0003_GuitarPro_Music/TMDownload/October Tide - Grey Dawn.mp3 -> /mnt/samsung4t/lost+found/usr/bin/github/CodexWorkFolder/MusicPrj/October Tide - Grey Dawn.mp3
2026-08-01 18:57:10 | INFO | audio_filter_tools.storage | Copying local file /mnt/samsung4t/lost+found/usr/bin/github/A_Main_FreeDark/FreeDark_0003_GuitarPro_Music/TMDownload/Gamma Ray - A While in Dreamland.mp3 -> /mnt/samsung4t/lost+found/usr/bin/github/CodexWorkFolder/MusicPrj/Gamma Ray - A While in Dreamland.mp3
2026-08-01 18:57:10 | INFO | audio_filter_tools.storage | Copying local file /mnt/samsung4t/lost+found/usr/bin/github/A_Main_FreeDark/FreeDark_0003_GuitarPro_Music/TMDownload/Equilibrium - Prey.flac -> /mnt/samsung4t/lost+found/usr/bin/github/CodexWorkFolder/MusicPrj/Equilibrium - Prey.flac
2026-08-01 18:57:10 | INFO | audio_filter_tools.storage | Copying local file /mnt/samsung4t/lost+found/usr/bin/github/A_Main_FreeDark/FreeDark_0003_GuitarPro_Music/TMDownload/Equilibrium - Verrat.flac -> /mnt/samsung4t/lost+found/usr/bin/github/CodexWorkFolder/MusicPrj/Equilibrium - Verrat.flac
2026-08-01 18:57:10 | INFO | audio_filter_tools.storage | Copying local file /mnt/samsung4t/lost+found/usr/bin/github/A_Main_FreeDark/FreeDark_0003_GuitarPro_Music/TMDownload/Mors Principium Est - Pure.mp3 -> /mnt/samsung4t/lost+found/usr/bin/github/CodexWorkFolder/MusicPrj/Mors Principium Est - Pure.mp3
2026-08-01 18:57:10 | INFO | audio_filter_tools.storage | Copying local file /mnt/samsung4t/lost+found/usr/bin/github/A_Main_FreeDark/FreeDark_0003_GuitarPro_Music/TMDownload/Edge Of Sanity - Elegy.mp3 -> /mnt/samsung4t/lost+found/usr/bin/github/CodexWorkFolder/MusicPrj/Edge Of Sanity - Elegy.mp3
2026-08-01 18:57:10 | INFO | audio_filter_tools.storage | Copying local file /mnt/samsung4t/lost+found/usr/bin/github/A_Main_FreeDark/FreeDark_0003_GuitarPro_Music/TMDownload/Gamma Ray - Watcher in the Sky (Iron Savior Version).flac -> /mnt/samsung4t/lost+found/usr/bin/github/CodexWorkFolder/MusicPrj/Gamma Ray - Watcher in the Sky (Iron Savior Version).flac
2026-08-01 18:57:10 | INFO | audio_filter_tools.storage | Copying local file /mnt/samsung4t/lost+found/usr/bin/github/A_Main_FreeDark/FreeDark_0003_GuitarPro_Music/TMDownload/17. Stonewall Jackson - Should I Go Home.mp3 -> /mnt/samsung4t/lost+found/usr/bin/github/CodexWorkFolder/MusicPrj/17. Stonewall Jackson - Should I Go Home.mp3
2026-08-01 18:57:10 | INFO | audio_filter_tools.storage | Copying local file /mnt/samsung4t/lost+found/usr/bin/github/A_Main_FreeDark/FreeDark_0003_GuitarPro_Music/TMDownload/Willie Nelson - I Been to Georgia on a Fast Train.mp3 -> /mnt/samsung4t/lost+found/usr/bin/github/CodexWorkFolder/MusicPrj/Willie Nelson - I Been to Georgia on a Fast Train.mp3
2026-08-01 18:57:11 | INFO | audio_filter_tools.storage | Copying local file /mnt/samsung4t/lost+found/usr/bin/github/A_Main_FreeDark/FreeDark_0003_GuitarPro_Music/TMDownload/Running Wild - Highland Glory (The Eternal Fight).flac -> /mnt/samsung4t/lost+found/usr/bin/github/CodexWorkFolder/MusicPrj/Running Wild - Highland Glory (The Eternal Fight).flac
2026-08-01 18:57:11 | INFO | audio_filter_tools.storage | Copying local file /mnt/samsung4t/lost+found/usr/bin/github/A_Main_FreeDark/FreeDark_0003_GuitarPro_Music/TMDownload/Battle Beast - I Want the World... And Everything in It.mp3 -> /mnt/samsung4t/lost+found/usr/bin/github/CodexWorkFolder/MusicPrj/Battle Beast - I Want the World... And Everything in It.mp3
2026-08-01 18:57:11 | INFO | audio_filter_tools.storage | Copying local file /mnt/samsung4t/lost+found/usr/bin/github/A_Main_FreeDark/FreeDark_0003_GuitarPro_Music/TMDownload/Agathodaimon - Feelings.flac -> /mnt/samsung4t/lost+found/usr/bin/github/CodexWorkFolder/MusicPrj/Agathodaimon - Feelings.flac
2026-08-01 18:57:11 | INFO | audio_filter_tools.storage | Copying local file /mnt/samsung4t/lost+found/usr/bin/github/A_Main_FreeDark/FreeDark_0003_GuitarPro_Music/TMDownload/Agathodaimon - Faded Years.flac -> /mnt/samsung4t/lost+found/usr/bin/github/CodexWorkFolder/MusicPrj/Agathodaimon - Faded Years.flac
2026-08-01 18:57:11 | INFO | audio_filter_tools.storage | Copying local file /mnt/samsung4t/lost+found/usr/bin/github/A_Main_FreeDark/FreeDark_0003_GuitarPro_Music/TMDownload/Edguy - All the Clowns.flac -> /mnt/samsung4t/lost+found/usr/bin/github/CodexWorkFolder/MusicPrj/Edguy - All the Clowns.flac
2026-08-01 18:57:11 | INFO | audio_filter_tools.storage | Copying local file /mnt/samsung4t/lost+found/usr/bin/github/A_Main_FreeDark/FreeDark_0003_GuitarPro_Music/TMDownload/Primal Fear - Church of Blood.flac -> /mnt/samsung4t/lost+found/usr/bin/github/CodexWorkFolder/MusicPrj/Primal Fear - Church of Blood.flac
2026-08-01 18:57:11 | INFO | audio_filter_tools.storage | Copying local file /mnt/samsung4t/lost+found/usr/bin/github/A_Main_FreeDark/FreeDark_0003_GuitarPro_Music/TMDownload/October Tide - Watching The Drowners.mp3 -> /mnt/samsung4t/lost+found/usr/bin/github/CodexWorkFolder/MusicPrj/October Tide - Watching The Drowners.mp3
2026-08-01 18:57:11 | INFO | audio_filter_tools.storage | Copying local file /mnt/samsung4t/lost+found/usr/bin/github/A_Main_FreeDark/FreeDark_0003_GuitarPro_Music/TMDownload/Willie Nelson - You Show Me Yours (And I ll Show You Mine).mp3 -> /mnt/samsung4t/lost+found/usr/bin/github/CodexWorkFolder/MusicPrj/Willie Nelson - You Show Me Yours (And I ll Show You Mine).mp3
2026-08-01 18:57:11 | INFO | audio_filter_tools.storage | Copying local file /mnt/samsung4t/lost+found/usr/bin/github/A_Main_FreeDark/FreeDark_0003_GuitarPro_Music/TMDownload/Mors Principium Est - Beyond The Horizon.mp3 -> /mnt/samsung4t/lost+found/usr/bin/github/CodexWorkFolder/MusicPrj/Mors Principium Est - Beyond The Horizon.mp3
2026-08-01 18:57:11 | INFO | audio_filter_tools.storage | Copying local file /mnt/samsung4t/lost+found/usr/bin/github/A_Main_FreeDark/FreeDark_0003_GuitarPro_Music/TMDownload/Edguy - The Devil and the Savant.flac -> /mnt/samsung4t/lost+found/usr/bin/github/CodexWorkFolder/MusicPrj/Edguy - The Devil and the Savant.flac
2026-08-01 18:57:11 | INFO | audio_filter_tools.storage | Copying local file /mnt/samsung4t/lost+found/usr/bin/github/A_Main_FreeDark/FreeDark_0003_GuitarPro_Music/TMDownload/Withering Surface - Pitiful Emblems.mp3 -> /mnt/samsung4t/lost+found/usr/bin/github/CodexWorkFolder/MusicPrj/Withering Surface - Pitiful Emblems.mp3
2026-08-01 18:57:11 | INFO | audio_filter_tools.storage | Copying local file /mnt/samsung4t/lost+found/usr/bin/github/A_Main_FreeDark/FreeDark_0003_GuitarPro_Music/TMDownload/Mercenary - Bloodrush.mp3 -> /mnt/samsung4t/lost+found/usr/bin/github/CodexWorkFolder/MusicPrj/Mercenary - Bloodrush.mp3
2026-08-01 18:57:11 | INFO | audio_filter_tools.storage | Copying local file /mnt/samsung4t/lost+found/usr/bin/github/A_Main_FreeDark/FreeDark_0003_GuitarPro_Music/TMDownload/Eternal Tears Of Sorrow - Coronach.mp3 -> /mnt/samsung4t/lost+found/usr/bin/github/CodexWorkFolder/MusicPrj/Eternal Tears Of Sorrow - Coronach.mp3
2026-08-01 18:57:11 | INFO | audio_filter_tools.storage | Copying local file /mnt/samsung4t/lost+found/usr/bin/github/A_Main_FreeDark/FreeDark_0003_GuitarPro_Music/TMDownload/Battle Beast - Steelbound.mp3 -> /mnt/samsung4t/lost+found/usr/bin/github/CodexWorkFolder/MusicPrj/Battle Beast - Steelbound.mp3
2026-08-01 18:57:11 | INFO | audio_filter_tools.storage | Copying local file /mnt/samsung4t/lost+found/usr/bin/github/A_Main_FreeDark/FreeDark_0003_GuitarPro_Music/TMDownload/Eternal Tears Of Sorrow - Fall Of Man.mp3 -> /mnt/samsung4t/lost+found/usr/bin/github/CodexWorkFolder/MusicPrj/Eternal Tears Of Sorrow - Fall Of Man.mp3
2026-08-01 18:57:11 | INFO | audio_filter_tools.storage | Copying local file /mnt/samsung4t/lost+found/usr/bin/github/A_Main_FreeDark/FreeDark_0003_GuitarPro_Music/TMDownload/Dawn Of Solace - I Am Chaos, I Am Destruction.mp3 -> /mnt/samsung4t/lost+found/usr/bin/github/CodexWorkFolder/MusicPrj/Dawn Of Solace - I Am Chaos, I Am Destruction.mp3
2026-08-01 18:57:11 | INFO | audio_filter_tools.storage | Copying local file /mnt/samsung4t/lost+found/usr/bin/github/A_Main_FreeDark/FreeDark_0003_GuitarPro_Music/TMDownload/Primal Fear - Breaker.flac -> /mnt/samsung4t/lost+found/usr/bin/github/CodexWorkFolder/MusicPrj/Primal Fear - Breaker.flac
2026-08-01 18:57:11 | INFO | audio_filter_tools.storage | Copying local file /mnt/samsung4t/lost+found/usr/bin/github/A_Main_FreeDark/FreeDark_0003_GuitarPro_Music/TMDownload/Ricky Skaggs - Highway 40 Blues (Album Version).mp3 -> /mnt/samsung4t/lost+found/usr/bin/github/CodexWorkFolder/MusicPrj/Ricky Skaggs - Highway 40 Blues (Album Version).mp3
2026-08-01 18:57:11 | INFO | audio_filter_tools.storage | Copying local file /mnt/samsung4t/lost+found/usr/bin/github/A_Main_FreeDark/FreeDark_0003_GuitarPro_Music/TMDownload/Sonata Arctica - The Cage.mp3 -> /mnt/samsung4t/lost+found/usr/bin/github/CodexWorkFolder/MusicPrj/Sonata Arctica - The Cage.mp3
2026-08-01 18:57:11 | INFO | audio_filter_tools.storage | Copying local file /mnt/samsung4t/lost+found/usr/bin/github/A_Main_FreeDark/FreeDark_0003_GuitarPro_Music/TMDownload/Agathodaimon - Heliopolis.flac -> /mnt/samsung4t/lost+found/usr/bin/github/CodexWorkFolder/MusicPrj/Agathodaimon - Heliopolis.flac
2026-08-01 18:57:11 | INFO | audio_filter_tools.storage | Copying local file /mnt/samsung4t/lost+found/usr/bin/github/A_Main_FreeDark/FreeDark_0003_GuitarPro_Music/TMDownload/Battle Beast - Angel Cry.mp3 -> /mnt/samsung4t/lost+found/usr/bin/github/CodexWorkFolder/MusicPrj/Battle Beast - Angel Cry.mp3
2026-08-01 18:57:11 | INFO | audio_filter_tools.storage | Copying local file /mnt/samsung4t/lost+found/usr/bin/github/A_Main_FreeDark/FreeDark_0003_GuitarPro_Music/TMDownload/Lake of Tears - Making Evenings (Live).mp3 -> /mnt/samsung4t/lost+found/usr/bin/github/CodexWorkFolder/MusicPrj/Lake of Tears - Making Evenings (Live).mp3
2026-08-01 18:57:11 | INFO | audio_filter_tools.storage | Copying local file /mnt/samsung4t/lost+found/usr/bin/github/A_Main_FreeDark/FreeDark_0003_GuitarPro_Music/TMDownload/Gamma Ray - Spiritual Dictator.mp3 -> /mnt/samsung4t/lost+found/usr/bin/github/CodexWorkFolder/MusicPrj/Gamma Ray - Spiritual Dictator.mp3
2026-08-01 18:57:11 | INFO | audio_filter_tools.storage | Copying local file /mnt/samsung4t/lost+found/usr/bin/github/A_Main_FreeDark/FreeDark_0003_GuitarPro_Music/TMDownload/Edguy - Vain Glory Opera.mp3 -> /mnt/samsung4t/lost+found/usr/bin/github/CodexWorkFolder/MusicPrj/Edguy - Vain Glory Opera.mp3
2026-08-01 18:57:12 | INFO | audio_filter_tools.storage | Copying local file /mnt/samsung4t/lost+found/usr/bin/github/A_Main_FreeDark/FreeDark_0003_GuitarPro_Music/TMDownload/Mors Principium Est - Monuments.mp3 -> /mnt/samsung4t/lost+found/usr/bin/github/CodexWorkFolder/MusicPrj/Mors Principium Est - Monuments.mp3
2026-08-01 18:57:12 | INFO | audio_filter_tools.storage | Copying local file /mnt/samsung4t/lost+found/usr/bin/github/A_Main_FreeDark/FreeDark_0003_GuitarPro_Music/TMDownload/Willie Nelson - I m Not Trying To Forget You Anymore (Album.mp3 -> /mnt/samsung4t/lost+found/usr/bin/github/CodexWorkFolder/MusicPrj/Willie Nelson - I m Not Trying To Forget You Anymore (Album.mp3
2026-08-01 18:57:12 | INFO | audio_filter_tools.storage | Copying local file /mnt/samsung4t/lost+found/usr/bin/github/A_Main_FreeDark/FreeDark_0003_GuitarPro_Music/TMDownload/Dissection - Soulreaper (Live).mp3 -> /mnt/samsung4t/lost+found/usr/bin/github/CodexWorkFolder/MusicPrj/Dissection - Soulreaper (Live).mp3
2026-08-01 18:57:12 | INFO | audio_filter_tools.storage | Copying local file /mnt/samsung4t/lost+found/usr/bin/github/A_Main_FreeDark/FreeDark_0003_GuitarPro_Music/TMDownload/Mercenary - Dead.Com.mp3 -> /mnt/samsung4t/lost+found/usr/bin/github/CodexWorkFolder/MusicPrj/Mercenary - Dead.Com.mp3
2026-08-01 18:57:12 | INFO | audio_filter_tools.storage | Copying local file /mnt/samsung4t/lost+found/usr/bin/github/A_Main_FreeDark/FreeDark_0003_GuitarPro_Music/TMDownload/Vern Gosdin - Is It Raining at Your House.mp3 -> /mnt/samsung4t/lost+found/usr/bin/github/CodexWorkFolder/MusicPrj/Vern Gosdin - Is It Raining at Your House.mp3
2026-08-01 18:57:12 | INFO | audio_filter_tools.storage | Copying local file /mnt/samsung4t/lost+found/usr/bin/github/A_Main_FreeDark/FreeDark_0003_GuitarPro_Music/TMDownload/Wolfheart - Abyss.mp3 -> /mnt/samsung4t/lost+found/usr/bin/github/CodexWorkFolder/MusicPrj/Wolfheart - Abyss.mp3
2026-08-01 18:57:12 | INFO | audio_filter_tools.storage | Copying local file /mnt/samsung4t/lost+found/usr/bin/github/A_Main_FreeDark/FreeDark_0003_GuitarPro_Music/TMDownload/Agathodaimon - Amongst the Vultures.flac -> /mnt/samsung4t/lost+found/usr/bin/github/CodexWorkFolder/MusicPrj/Agathodaimon - Amongst the Vultures.flac
2026-08-01 18:57:12 | INFO | audio_filter_tools.storage | Copying local file /mnt/samsung4t/lost+found/usr/bin/github/A_Main_FreeDark/FreeDark_0003_GuitarPro_Music/TMDownload/Mors Principium Est - In my words.mp3 -> /mnt/samsung4t/lost+found/usr/bin/github/CodexWorkFolder/MusicPrj/Mors Principium Est - In my words.mp3
2026-08-01 18:57:12 | INFO | audio_filter_tools.storage | Copying local file /mnt/samsung4t/lost+found/usr/bin/github/A_Main_FreeDark/FreeDark_0003_GuitarPro_Music/TMDownload/October Tide - I know why I m cold.mp3 -> /mnt/samsung4t/lost+found/usr/bin/github/CodexWorkFolder/MusicPrj/October Tide - I know why I m cold.mp3
2026-08-01 18:57:12 | INFO | audio_filter_tools.storage | Copying local file /mnt/samsung4t/lost+found/usr/bin/github/A_Main_FreeDark/FreeDark_0003_GuitarPro_Music/TMDownload/Gamma Ray - Time For Deliverance.flac -> /mnt/samsung4t/lost+found/usr/bin/github/CodexWorkFolder/MusicPrj/Gamma Ray - Time For Deliverance.flac
2026-08-01 18:57:12 | INFO | audio_filter_tools.storage | Copying local file /mnt/samsung4t/lost+found/usr/bin/github/A_Main_FreeDark/FreeDark_0003_GuitarPro_Music/TMDownload/Gamma Ray - The Silence.flac -> /mnt/samsung4t/lost+found/usr/bin/github/CodexWorkFolder/MusicPrj/Gamma Ray - The Silence.flac
2026-08-01 18:57:12 | INFO | audio_filter_tools.storage | Copying local file /mnt/samsung4t/lost+found/usr/bin/github/A_Main_FreeDark/FreeDark_0003_GuitarPro_Music/TMDownload/Before the Dawn - Cross to Bear.mp3 -> /mnt/samsung4t/lost+found/usr/bin/github/CodexWorkFolder/MusicPrj/Before the Dawn - Cross to Bear.mp3
2026-08-01 18:57:12 | INFO | audio_filter_tools.storage | Copying local file /mnt/samsung4t/lost+found/usr/bin/github/A_Main_FreeDark/FreeDark_0003_GuitarPro_Music/TMDownload/Willie Nelson - Heaven Is Closed.mp3 -> /mnt/samsung4t/lost+found/usr/bin/github/CodexWorkFolder/MusicPrj/Willie Nelson - Heaven Is Closed.mp3
2026-08-01 18:57:12 | INFO | audio_filter_tools.storage | Copying local file /mnt/samsung4t/lost+found/usr/bin/github/A_Main_FreeDark/FreeDark_0003_GuitarPro_Music/TMDownload/Orden Ogan - Angels War.mp3 -> /mnt/samsung4t/lost+found/usr/bin/github/CodexWorkFolder/MusicPrj/Orden Ogan - Angels War.mp3
2026-08-01 18:57:12 | INFO | audio_filter_tools.storage | Copying local file /mnt/samsung4t/lost+found/usr/bin/github/A_Main_FreeDark/FreeDark_0003_GuitarPro_Music/TMDownload/Edguy - Walk on Fighting.mp3 -> /mnt/samsung4t/lost+found/usr/bin/github/CodexWorkFolder/MusicPrj/Edguy - Walk on Fighting.mp3
2026-08-01 18:57:12 | INFO | audio_filter_tools.storage | Copying local file /mnt/samsung4t/lost+found/usr/bin/github/A_Main_FreeDark/FreeDark_0003_GuitarPro_Music/TMDownload/Gamma_Ray_Man_on_a_Mission_Live_1995_Remastered_2017_Rema.flac -> /mnt/samsung4t/lost+found/usr/bin/github/CodexWorkFolder/MusicPrj/Gamma_Ray_Man_on_a_Mission_Live_1995_Remastered_2017_Rema.flac
2026-08-01 18:57:12 | INFO | audio_filter_tools.storage | Copying local file /mnt/samsung4t/lost+found/usr/bin/github/A_Main_FreeDark/FreeDark_0003_GuitarPro_Music/TMDownload/Shade Empire - Chemical God.mp3 -> /mnt/samsung4t/lost+found/usr/bin/github/CodexWorkFolder/MusicPrj/Shade Empire - Chemical God.mp3
2026-08-01 18:57:12 | INFO | audio_filter_tools.storage | Copying local file /mnt/samsung4t/lost+found/usr/bin/github/A_Main_FreeDark/FreeDark_0003_GuitarPro_Music/TMDownload/Confederate Railroad - Between The Rainbows And The Rain.mp3 -> /mnt/samsung4t/lost+found/usr/bin/github/CodexWorkFolder/MusicPrj/Confederate Railroad - Between The Rainbows And The Rain.mp3
2026-08-01 18:57:12 | INFO | audio_filter_tools.storage | Copying local file /mnt/samsung4t/lost+found/usr/bin/github/A_Main_FreeDark/FreeDark_0003_GuitarPro_Music/TMDownload/Windir - On the Mountain of Goats.mp3 -> /mnt/samsung4t/lost+found/usr/bin/github/CodexWorkFolder/MusicPrj/Windir - On the Mountain of Goats.mp3
2026-08-01 18:57:12 | INFO | audio_filter_tools.storage | Copying local file /mnt/samsung4t/lost+found/usr/bin/github/A_Main_FreeDark/FreeDark_0003_GuitarPro_Music/TMDownload/Withering Surface - Exit Sculpture.mp3 -> /mnt/samsung4t/lost+found/usr/bin/github/CodexWorkFolder/MusicPrj/Withering Surface - Exit Sculpture.mp3
2026-08-01 18:57:12 | INFO | audio_filter_tools.storage | Copying local file /mnt/samsung4t/lost+found/usr/bin/github/A_Main_FreeDark/FreeDark_0003_GuitarPro_Music/TMDownload/Gamma Ray - Farewell.flac -> /mnt/samsung4t/lost+found/usr/bin/github/CodexWorkFolder/MusicPrj/Gamma Ray - Farewell.flac
2026-08-01 18:57:12 | INFO | audio_filter_tools.storage | Copying local file /mnt/samsung4t/lost+found/usr/bin/github/A_Main_FreeDark/FreeDark_0003_GuitarPro_Music/TMDownload/Eternal Tears of Sorrow - Tears of Autumn Rain.mp3 -> /mnt/samsung4t/lost+found/usr/bin/github/CodexWorkFolder/MusicPrj/Eternal Tears of Sorrow - Tears of Autumn Rain.mp3
2026-08-01 18:57:12 | INFO | audio_filter_tools.storage | Copying local file /mnt/samsung4t/lost+found/usr/bin/github/A_Main_FreeDark/FreeDark_0003_GuitarPro_Music/TMDownload/Mors Principium Est - Another creation.mp3 -> /mnt/samsung4t/lost+found/usr/bin/github/CodexWorkFolder/MusicPrj/Mors Principium Est - Another creation.mp3
2026-08-01 18:57:12 | INFO | audio_filter_tools.storage | Copying local file /mnt/samsung4t/lost+found/usr/bin/github/A_Main_FreeDark/FreeDark_0003_GuitarPro_Music/TMDownload/Battle Beast - Iron Hand.mp3 -> /mnt/samsung4t/lost+found/usr/bin/github/CodexWorkFolder/MusicPrj/Battle Beast - Iron Hand.mp3
2026-08-01 18:57:12 | INFO | audio_filter_tools.storage | Copying local file /mnt/samsung4t/lost+found/usr/bin/github/A_Main_FreeDark/FreeDark_0003_GuitarPro_Music/TMDownload/Withering Surface - Whorebride (Live - Bonus Track).mp3 -> /mnt/samsung4t/lost+found/usr/bin/github/CodexWorkFolder/MusicPrj/Withering Surface - Whorebride (Live - Bonus Track).mp3
2026-08-01 18:57:12 | INFO | audio_filter_tools.storage | Copying local file /mnt/samsung4t/lost+found/usr/bin/github/A_Main_FreeDark/FreeDark_0003_GuitarPro_Music/TMDownload/Edguy - We don t need a hero.mp3 -> /mnt/samsung4t/lost+found/usr/bin/github/CodexWorkFolder/MusicPrj/Edguy - We don t need a hero.mp3
2026-08-01 18:57:12 | INFO | audio_filter_tools.storage | Copying local file /mnt/samsung4t/lost+found/usr/bin/github/A_Main_FreeDark/FreeDark_0003_GuitarPro_Music/TMDownload/01_Stonewall_Jackson_The_Minute_Men_Are_Turning_In_Their_Graves.mp3 -> /mnt/samsung4t/lost+found/usr/bin/github/CodexWorkFolder/MusicPrj/01_Stonewall_Jackson_The_Minute_Men_Are_Turning_In_Their_Graves.mp3
2026-08-01 18:57:12 | INFO | audio_filter_tools.storage | Copying local file /mnt/samsung4t/lost+found/usr/bin/github/A_Main_FreeDark/FreeDark_0003_GuitarPro_Music/TMDownload/Sonata Arctica - Last Drop Falls.mp3 -> /mnt/samsung4t/lost+found/usr/bin/github/CodexWorkFolder/MusicPrj/Sonata Arctica - Last Drop Falls.mp3
2026-08-01 18:57:12 | INFO | audio_filter_tools.storage | Copying local file /mnt/samsung4t/lost+found/usr/bin/github/A_Main_FreeDark/FreeDark_0003_GuitarPro_Music/TMDownload/Beast In Black - Killed by Death.mp3 -> /mnt/samsung4t/lost+found/usr/bin/github/CodexWorkFolder/MusicPrj/Beast In Black - Killed by Death.mp3
2026-08-01 18:57:13 | INFO | audio_filter_tools.storage | Copying local file /mnt/samsung4t/lost+found/usr/bin/github/A_Main_FreeDark/FreeDark_0003_GuitarPro_Music/TMDownload/October Tide - In Hopeless Pursuit.mp3 -> /mnt/samsung4t/lost+found/usr/bin/github/CodexWorkFolder/MusicPrj/October Tide - In Hopeless Pursuit.mp3
2026-08-01 18:57:13 | INFO | audio_filter_tools.storage | Copying local file /mnt/samsung4t/lost+found/usr/bin/github/A_Main_FreeDark/FreeDark_0003_GuitarPro_Music/TMDownload/Omnium Gatherum - The Frontline.mp3 -> /mnt/samsung4t/lost+found/usr/bin/github/CodexWorkFolder/MusicPrj/Omnium Gatherum - The Frontline.mp3
2026-08-01 18:57:13 | INFO | audio_filter_tools.storage | Copying local file /mnt/samsung4t/lost+found/usr/bin/github/A_Main_FreeDark/FreeDark_0003_GuitarPro_Music/TMDownload/Edge Of Sanity - Crimson II, Pt. 8 - Disintegration.mp3 -> /mnt/samsung4t/lost+found/usr/bin/github/CodexWorkFolder/MusicPrj/Edge Of Sanity - Crimson II, Pt. 8 - Disintegration.mp3
2026-08-01 18:57:13 | INFO | audio_filter_tools.storage | Copying local file /mnt/samsung4t/lost+found/usr/bin/github/A_Main_FreeDark/FreeDark_0003_GuitarPro_Music/TMDownload/02 Daylight Dies - I Wait.mp3 -> /mnt/samsung4t/lost+found/usr/bin/github/CodexWorkFolder/MusicPrj/02 Daylight Dies - I Wait.mp3
2026-08-01 18:57:13 | INFO | audio_filter_tools.storage | Copying local file /mnt/samsung4t/lost+found/usr/bin/github/A_Main_FreeDark/FreeDark_0003_GuitarPro_Music/TMDownload/Empyrium - Many Moons Ago.mp3 -> /mnt/samsung4t/lost+found/usr/bin/github/CodexWorkFolder/MusicPrj/Empyrium - Many Moons Ago.mp3
2026-08-01 18:57:13 | INFO | audio_filter_tools.storage | Copying local file /mnt/samsung4t/lost+found/usr/bin/github/A_Main_FreeDark/FreeDark_0003_GuitarPro_Music/TMDownload/Battle Beast - Eye of the Storm.mp3 -> /mnt/samsung4t/lost+found/usr/bin/github/CodexWorkFolder/MusicPrj/Battle Beast - Eye of the Storm.mp3
2026-08-01 18:57:13 | INFO | audio_filter_tools.storage | Copying local file /mnt/samsung4t/lost+found/usr/bin/github/A_Main_FreeDark/FreeDark_0003_GuitarPro_Music/TMDownload/Mors Principium Est - In Sleep There is Peace.mp3 -> /mnt/samsung4t/lost+found/usr/bin/github/CodexWorkFolder/MusicPrj/Mors Principium Est - In Sleep There is Peace.mp3
2026-08-01 18:57:13 | INFO | audio_filter_tools.storage | Copying local file /mnt/samsung4t/lost+found/usr/bin/github/A_Main_FreeDark/FreeDark_0003_GuitarPro_Music/TMDownload/Withering Surface - Fading Mask.mp3 -> /mnt/samsung4t/lost+found/usr/bin/github/CodexWorkFolder/MusicPrj/Withering Surface - Fading Mask.mp3
2026-08-01 18:57:13 | INFO | audio_filter_tools.storage | Copying local file /mnt/samsung4t/lost+found/usr/bin/github/A_Main_FreeDark/FreeDark_0003_GuitarPro_Music/TMDownload/Willie Nelson - A Penny for Your Thoughts.mp3 -> /mnt/samsung4t/lost+found/usr/bin/github/CodexWorkFolder/MusicPrj/Willie Nelson - A Penny for Your Thoughts.mp3
2026-08-01 18:57:13 | INFO | audio_filter_tools.storage | Copying local file /mnt/samsung4t/lost+found/usr/bin/github/A_Main_FreeDark/FreeDark_0003_GuitarPro_Music/TMDownload/Mors Principium Est - Into the Dark.mp3 -> /mnt/samsung4t/lost+found/usr/bin/github/CodexWorkFolder/MusicPrj/Mors Principium Est - Into the Dark.mp3
2026-08-01 18:57:13 | INFO | audio_filter_tools.storage | Copying local file /mnt/samsung4t/lost+found/usr/bin/github/A_Main_FreeDark/FreeDark_0003_GuitarPro_Music/TMDownload/Eternal Tears of Sorrow - Baptized By The Blood Of Angels.mp3 -> /mnt/samsung4t/lost+found/usr/bin/github/CodexWorkFolder/MusicPrj/Eternal Tears of Sorrow - Baptized By The Blood Of Angels.mp3
2026-08-01 18:57:13 | INFO | audio_filter_tools.storage | Copying local file /mnt/samsung4t/lost+found/usr/bin/github/A_Main_FreeDark/FreeDark_0003_GuitarPro_Music/TMDownload/Mors Principium Est - Rebirth.mp3 -> /mnt/samsung4t/lost+found/usr/bin/github/CodexWorkFolder/MusicPrj/Mors Principium Est - Rebirth.mp3
2026-08-01 18:57:13 | INFO | audio_filter_tools.storage | Copying local file /mnt/samsung4t/lost+found/usr/bin/github/A_Main_FreeDark/FreeDark_0003_GuitarPro_Music/TMDownload/07 Draconian - Bloodflower.mp3 -> /mnt/samsung4t/lost+found/usr/bin/github/CodexWorkFolder/MusicPrj/07 Draconian - Bloodflower.mp3
2026-08-01 18:57:13 | INFO | audio_filter_tools.storage | Copying local file /mnt/samsung4t/lost+found/usr/bin/github/A_Main_FreeDark/FreeDark_0003_GuitarPro_Music/TMDownload/Tennessee Ernie Ford - Stonewall Jackson s Way (2).flac -> /mnt/samsung4t/lost+found/usr/bin/github/CodexWorkFolder/MusicPrj/Tennessee Ernie Ford - Stonewall Jackson s Way (2).flac
2026-08-01 18:57:13 | INFO | audio_filter_tools.storage | Copying local file /mnt/samsung4t/lost+found/usr/bin/github/A_Main_FreeDark/FreeDark_0003_GuitarPro_Music/TMDownload/Omnium Gatherum - Frontiers.mp3 -> /mnt/samsung4t/lost+found/usr/bin/github/CodexWorkFolder/MusicPrj/Omnium Gatherum - Frontiers.mp3
2026-08-01 18:57:13 | INFO | audio_filter_tools.storage | Copying local file /mnt/samsung4t/lost+found/usr/bin/github/A_Main_FreeDark/FreeDark_0003_GuitarPro_Music/TMDownload/02 Powerwolf - Dead Until Dark.mp3 -> /mnt/samsung4t/lost+found/usr/bin/github/CodexWorkFolder/MusicPrj/02 Powerwolf - Dead Until Dark.mp3
2026-08-01 18:57:13 | INFO | audio_filter_tools.storage | Copying local file /mnt/samsung4t/lost+found/usr/bin/github/A_Main_FreeDark/FreeDark_0003_GuitarPro_Music/TMDownload/Agathodaimon - Light Reborn.flac -> /mnt/samsung4t/lost+found/usr/bin/github/CodexWorkFolder/MusicPrj/Agathodaimon - Light Reborn.flac
2026-08-01 18:57:13 | INFO | audio_filter_tools.storage | Copying local file /mnt/samsung4t/lost+found/usr/bin/github/A_Main_FreeDark/FreeDark_0003_GuitarPro_Music/TMDownload/Before the Dawn - Disappear.mp3 -> /mnt/samsung4t/lost+found/usr/bin/github/CodexWorkFolder/MusicPrj/Before the Dawn - Disappear.mp3
2026-08-01 18:57:13 | INFO | audio_filter_tools.storage | Copying local file /mnt/samsung4t/lost+found/usr/bin/github/A_Main_FreeDark/FreeDark_0003_GuitarPro_Music/TMDownload/Daylight Dies - Cathedral.mp3 -> /mnt/samsung4t/lost+found/usr/bin/github/CodexWorkFolder/MusicPrj/Daylight Dies - Cathedral.mp3
2026-08-01 18:57:13 | INFO | audio_filter_tools.storage | Copying local file /mnt/samsung4t/lost+found/usr/bin/github/A_Main_FreeDark/FreeDark_0003_GuitarPro_Music/TMDownload/Omnium Gatherum - Planet Scale.mp3 -> /mnt/samsung4t/lost+found/usr/bin/github/CodexWorkFolder/MusicPrj/Omnium Gatherum - Planet Scale.mp3
2026-08-01 18:57:13 | INFO | audio_filter_tools.storage | Copying local file /mnt/samsung4t/lost+found/usr/bin/github/A_Main_FreeDark/FreeDark_0003_GuitarPro_Music/TMDownload/Vern Gosdin - Nickels and Dimes and Love.mp3 -> /mnt/samsung4t/lost+found/usr/bin/github/CodexWorkFolder/MusicPrj/Vern Gosdin - Nickels and Dimes and Love.mp3
2026-08-01 18:57:13 | INFO | audio_filter_tools.storage | Copying local file /mnt/samsung4t/lost+found/usr/bin/github/A_Main_FreeDark/FreeDark_0003_GuitarPro_Music/TMDownload/rejected/Confederate Railroad - When You Leave That Way You Can Never (1).mp3 -> /mnt/samsung4t/lost+found/usr/bin/github/CodexWorkFolder/MusicPrj/rejected/Confederate Railroad - When You Leave That Way You Can Never (1).mp3
2026-08-01 18:57:13 | INFO | audio_filter_tools.storage | Copying local file /mnt/samsung4t/lost+found/usr/bin/github/A_Main_FreeDark/FreeDark_0003_GuitarPro_Music/TMDownload/rejected/Edge Of Sanity - Crimson II, Pt. 10 - Aftermath II (1).mp3 -> /mnt/samsung4t/lost+found/usr/bin/github/CodexWorkFolder/MusicPrj/rejected/Edge Of Sanity - Crimson II, Pt. 10 - Aftermath II (1).mp3
2026-08-01 18:57:13 | INFO | audio_filter_tools.operations | Merged 1077 files, skipped 120 duplicates
2026-08-01 18:57:13 | INFO | audio_filter_tools.app | Merge complete: 1077 merged, 120 skipped duplicates
2026-08-01 19:00:24 | INFO | audio_filter_tools.app | Scanning merge target and source folders...
2026-08-01 19:00:28 | INFO | audio_filter_tools.app | Merging songs...
2026-08-01 19:00:28 | INFO | audio_filter_tools.operations | Merged 0 files, skipped 1197 duplicates
2026-08-01 19:00:28 | INFO | audio_filter_tools.app | Merge complete: 0 merged, 1197 skipped duplicates
2026-08-01 19:08:26 | INFO | audio_filter_tools.app | Starting Audio Filter Tools
2026-08-01 19:11:42 | INFO | audio_filter_tools.app | Starting Audio Filter Tools
2026-08-01 19:21:29 | INFO | audio_filter_tools.app | Starting Audio Filter Tools
2026-08-01 19:21:47 | INFO | audio_filter_tools.app | Scanning folder for internal cleanup...
2026-08-01 19:21:56 | INFO | audio_filter_tools.app | Cleaning internal duplicates...
2026-08-01 19:21:56 | INFO | audio_filter_tools.storage | Deleting local file: /mnt/samsung4t/lost+found/usr/bin/github/CodexWorkFolder/MusicPrj/Agathodaimon - Alone in the Dark (Death Angel s Shadow) (1).flac
2026-08-01 19:21:56 | INFO | audio_filter_tools.storage | Deleting local file: /mnt/samsung4t/lost+found/usr/bin/github/CodexWorkFolder/MusicPrj/The Vision Bleak - The Drama of the Wicked (1).flac
2026-08-01 19:21:56 | INFO | audio_filter_tools.storage | Deleting local file: /mnt/samsung4t/lost+found/usr/bin/github/CodexWorkFolder/MusicPrj/Tennessee Ernie Ford - Stonewall Jackson s Way (3).flac
2026-08-01 19:21:56 | INFO | audio_filter_tools.storage | Deleting local file: /mnt/samsung4t/lost+found/usr/bin/github/CodexWorkFolder/MusicPrj/Stonewall Jackson - Leona (4).flac
2026-08-01 19:21:56 | INFO | audio_filter_tools.storage | Deleting local file: /mnt/samsung4t/lost+found/usr/bin/github/CodexWorkFolder/MusicPrj/The Vision Bleak - The Drama of the Wicked (2).flac
2026-08-01 19:21:56 | INFO | audio_filter_tools.storage | Deleting local file: /mnt/samsung4t/lost+found/usr/bin/github/CodexWorkFolder/MusicPrj/Stonewall Jackson - Leona (9).flac
2026-08-01 19:21:56 | INFO | audio_filter_tools.storage | Deleting local file: /mnt/samsung4t/lost+found/usr/bin/github/CodexWorkFolder/MusicPrj/Tennessee Ernie Ford - Stonewall Jackson s Way (4).flac
2026-08-01 19:21:56 | INFO | audio_filter_tools.storage | Deleting local file: /mnt/samsung4t/lost+found/usr/bin/github/CodexWorkFolder/MusicPrj/Tennessee Ernie Ford - Stonewall Jackson s Way (1).flac
2026-08-01 19:21:56 | INFO | audio_filter_tools.storage | Deleting local file: /mnt/samsung4t/lost+found/usr/bin/github/CodexWorkFolder/MusicPrj/Stonewall Jackson - Leona (1).flac
2026-08-01 19:21:56 | INFO | audio_filter_tools.storage | Deleting local file: /mnt/samsung4t/lost+found/usr/bin/github/CodexWorkFolder/MusicPrj/Stonewall Jackson - Leona (2).flac
2026-08-01 19:21:56 | INFO | audio_filter_tools.storage | Deleting local file: /mnt/samsung4t/lost+found/usr/bin/github/CodexWorkFolder/MusicPrj/Equilibrium - Katharsis (Instrumental) (1).flac
2026-08-01 19:21:56 | INFO | audio_filter_tools.storage | Deleting local file: /mnt/samsung4t/lost+found/usr/bin/github/CodexWorkFolder/MusicPrj/Stonewall Jackson - Leona (5).flac
2026-08-01 19:21:56 | INFO | audio_filter_tools.storage | Deleting local file: /mnt/samsung4t/lost+found/usr/bin/github/CodexWorkFolder/MusicPrj/Stonewall Jackson - Leona (8).flac
2026-08-01 19:21:56 | INFO | audio_filter_tools.storage | Deleting local file: /mnt/samsung4t/lost+found/usr/bin/github/CodexWorkFolder/MusicPrj/Stonewall Jackson - Leona (3).flac
2026-08-01 19:21:56 | INFO | audio_filter_tools.storage | Deleting local file: /mnt/samsung4t/lost+found/usr/bin/github/CodexWorkFolder/MusicPrj/Stonewall Jackson - Leona (10).flac
2026-08-01 19:21:56 | INFO | audio_filter_tools.storage | Deleting local file: /mnt/samsung4t/lost+found/usr/bin/github/CodexWorkFolder/MusicPrj/Stonewall Jackson - Leona (7).flac
2026-08-01 19:21:56 | INFO | audio_filter_tools.storage | Deleting local file: /mnt/samsung4t/lost+found/usr/bin/github/CodexWorkFolder/MusicPrj/Stonewall Jackson - Leona (6).flac
2026-08-01 19:21:56 | INFO | audio_filter_tools.storage | Deleting local file: /mnt/samsung4t/lost+found/usr/bin/github/CodexWorkFolder/MusicPrj/Stonewall Jackson - Leona (11).flac
2026-08-01 19:21:56 | INFO | audio_filter_tools.storage | Deleting local file: /mnt/samsung4t/lost+found/usr/bin/github/CodexWorkFolder/MusicPrj/Tennessee Ernie Ford - Stonewall Jackson s Way (2).flac
2026-08-01 19:21:56 | INFO | audio_filter_tools.storage | Deleting local file: /mnt/samsung4t/lost+found/usr/bin/github/CodexWorkFolder/MusicPrj/rejected/Confederate Railroad - When You Leave That Way You Can Never (1).mp3
2026-08-01 19:21:56 | INFO | audio_filter_tools.storage | Deleting local file: /mnt/samsung4t/lost+found/usr/bin/github/CodexWorkFolder/MusicPrj/rejected/Edge Of Sanity - Crimson II, Pt. 10 - Aftermath II (1).mp3
2026-08-01 19:21:56 | INFO | audio_filter_tools.storage | Deleting local file: /mnt/samsung4t/lost+found/usr/bin/github/CodexWorkFolder/MusicPrj/MP3Files_New/Music_N/01_Roots_Country_Folk/Classic_Country/Louis_Armstrong_with_Gordon_Jenkins_Orchestra_And_Choir_That_L (1).opus
2026-08-01 19:21:56 | INFO | audio_filter_tools.storage | Deleting local file: /mnt/samsung4t/lost+found/usr/bin/github/CodexWorkFolder/MusicPrj/MP3Files_New/Music_N/08_Japanese_Audio/Anime_OST/Fuga Ronto - Journey Unknown (1).opus
2026-08-01 19:21:56 | INFO | audio_filter_tools.storage | Deleting local file: /mnt/samsung4t/lost+found/usr/bin/github/CodexWorkFolder/MusicPrj/Music_Sean/Metal/小雨乐队 - 暗夜之灵 (2018).opus
2026-08-01 19:21:56 | INFO | audio_filter_tools.storage | Deleting local file: /mnt/samsung4t/lost+found/usr/bin/github/CodexWorkFolder/MusicPrj/MP3Files_New/Music_N/02_Classic_Rock/60s_70s_Legends/The Animals - House Of The Rising Sun.opus
2026-08-01 19:21:56 | INFO | audio_filter_tools.storage | Deleting local file: /mnt/samsung4t/lost+found/usr/bin/github/CodexWorkFolder/MusicPrj/MP3Files_New/Music_N/01_Roots_Country_Folk/Folk_SingerSongwriter/Bob Dylan - Blowin  in the Wind.opus
2026-08-01 19:21:56 | INFO | audio_filter_tools.storage | Deleting local file: /mnt/samsung4t/lost+found/usr/bin/github/CodexWorkFolder/MusicPrj/MP3Files_New/Music_N/04_HardRock_HeavyMetal/Hard_Rock_Classic/Ozzy Osbourne - Crazy Train.opus
2026-08-01 19:21:56 | INFO | audio_filter_tools.storage | Deleting local file: /mnt/samsung4t/lost+found/usr/bin/github/CodexWorkFolder/MusicPrj/MP3Files_New/Music_N/04_HardRock_HeavyMetal/Heavy_Power_Metal/Dream Theater - The Spirit Carries On.opus
2026-08-01 19:21:56 | INFO | audio_filter_tools.storage | Deleting local file: /mnt/samsung4t/lost+found/usr/bin/github/CodexWorkFolder/MusicPrj/MP3Files_New/Music_N/04_HardRock_HeavyMetal/Instrumental_Shred/Joe Satriani - Crushing Day.opus
2026-08-01 19:21:56 | INFO | audio_filter_tools.storage | Deleting local file: /mnt/samsung4t/lost+found/usr/bin/github/CodexWorkFolder/MusicPrj/Music_Sean/Classic-Rock&&Popular/The Cure - Lovesong .opus
2026-08-01 19:21:56 | INFO | audio_filter_tools.storage | Deleting local file: /mnt/samsung4t/lost+found/usr/bin/github/CodexWorkFolder/MusicPrj/Music_Sean/Metal/Cradle of Filth - Nymphetamine Fix.opus
2026-08-01 19:21:56 | INFO | audio_filter_tools.storage | Deleting local file: /mnt/samsung4t/lost+found/usr/bin/github/CodexWorkFolder/MusicPrj/Music_Sean/Hard&Grunge&Rocking/Aerosmith -  Angel.opus
2026-08-01 19:21:56 | INFO | audio_filter_tools.storage | Renaming local file /mnt/samsung4t/lost+found/usr/bin/github/CodexWorkFolder/MusicPrj/03 Saturnus - Descending.mp3 -> /mnt/samsung4t/lost+found/usr/bin/github/CodexWorkFolder/MusicPrj/Saturnus - Descending.mp3
2026-08-01 19:21:56 | INFO | audio_filter_tools.storage | Renaming local file /mnt/samsung4t/lost+found/usr/bin/github/CodexWorkFolder/MusicPrj/06 - Edguy - Avantasia (Live).mp3 -> /mnt/samsung4t/lost+found/usr/bin/github/CodexWorkFolder/MusicPrj/Edguy - Avantasia (Live).mp3
2026-08-01 19:21:56 | INFO | audio_filter_tools.storage | Renaming local file /mnt/samsung4t/lost+found/usr/bin/github/CodexWorkFolder/MusicPrj/02 - Falkenbach - Wulfarweijd.mp3 -> /mnt/samsung4t/lost+found/usr/bin/github/CodexWorkFolder/MusicPrj/Falkenbach - Wulfarweijd.mp3
2026-08-01 19:21:56 | INFO | audio_filter_tools.storage | Renaming local file /mnt/samsung4t/lost+found/usr/bin/github/CodexWorkFolder/MusicPrj/12 Avantasia - Sign of the Cross.mp3 -> /mnt/samsung4t/lost+found/usr/bin/github/CodexWorkFolder/MusicPrj/Avantasia - Sign of the Cross.mp3
2026-08-01 19:21:56 | INFO | audio_filter_tools.storage | Renaming local file /mnt/samsung4t/lost+found/usr/bin/github/CodexWorkFolder/MusicPrj/05. Stonewall Jackson - Pick Me Up On Your Way Down.mp3 -> /mnt/samsung4t/lost+found/usr/bin/github/CodexWorkFolder/MusicPrj/Stonewall Jackson - Pick Me Up On Your Way Down.mp3
2026-08-01 19:21:56 | INFO | audio_filter_tools.storage | Renaming local file /mnt/samsung4t/lost+found/usr/bin/github/CodexWorkFolder/MusicPrj/01 Insomnium - Valediction.mp3 -> /mnt/samsung4t/lost+found/usr/bin/github/CodexWorkFolder/MusicPrj/Insomnium - Valediction.mp3
2026-08-01 19:21:56 | INFO | audio_filter_tools.storage | Renaming local file /mnt/samsung4t/lost+found/usr/bin/github/CodexWorkFolder/MusicPrj/10 Powerwolf - Die, Die, Crucify.mp3 -> /mnt/samsung4t/lost+found/usr/bin/github/CodexWorkFolder/MusicPrj/Powerwolf - Die, Die, Crucify.mp3
2026-08-01 19:21:56 | INFO | audio_filter_tools.storage | Renaming local file /mnt/samsung4t/lost+found/usr/bin/github/CodexWorkFolder/MusicPrj/03. Stonewall Jackson - Joy to the World.mp3 -> /mnt/samsung4t/lost+found/usr/bin/github/CodexWorkFolder/MusicPrj/Stonewall Jackson - Joy to the World.mp3
2026-08-01 19:21:56 | INFO | audio_filter_tools.storage | Renaming local file /mnt/samsung4t/lost+found/usr/bin/github/CodexWorkFolder/MusicPrj/03 Before the Dawn - Deathstar.mp3 -> /mnt/samsung4t/lost+found/usr/bin/github/CodexWorkFolder/MusicPrj/Before the Dawn - Deathstar.mp3
2026-08-01 19:21:56 | INFO | audio_filter_tools.storage | Renaming local file /mnt/samsung4t/lost+found/usr/bin/github/CodexWorkFolder/MusicPrj/05 Borknagar - To Mount and Rove.mp3 -> /mnt/samsung4t/lost+found/usr/bin/github/CodexWorkFolder/MusicPrj/Borknagar - To Mount and Rove.mp3
2026-08-01 19:21:56 | INFO | audio_filter_tools.storage | Renaming local file /mnt/samsung4t/lost+found/usr/bin/github/CodexWorkFolder/MusicPrj/06 Edguy - The Pharaoh.mp3 -> /mnt/samsung4t/lost+found/usr/bin/github/CodexWorkFolder/MusicPrj/Edguy - The Pharaoh.mp3
2026-08-01 19:21:56 | INFO | audio_filter_tools.storage | Renaming local file /mnt/samsung4t/lost+found/usr/bin/github/CodexWorkFolder/MusicPrj/07 Borknagar - Noctilucent.mp3 -> /mnt/samsung4t/lost+found/usr/bin/github/CodexWorkFolder/MusicPrj/Borknagar - Noctilucent.mp3
2026-08-01 19:21:56 | INFO | audio_filter_tools.storage | Renaming local file /mnt/samsung4t/lost+found/usr/bin/github/CodexWorkFolder/MusicPrj/02. Equilibrium - Was lange währt.mp3 -> /mnt/samsung4t/lost+found/usr/bin/github/CodexWorkFolder/MusicPrj/Equilibrium - Was lange währt.mp3
2026-08-01 19:21:56 | INFO | audio_filter_tools.storage | Renaming local file /mnt/samsung4t/lost+found/usr/bin/github/CodexWorkFolder/MusicPrj/06 Omnium Gatherum - The Fearless Entity.mp3 -> /mnt/samsung4t/lost+found/usr/bin/github/CodexWorkFolder/MusicPrj/Omnium Gatherum - The Fearless Entity.mp3
2026-08-01 19:21:56 | INFO | audio_filter_tools.storage | Renaming local file /mnt/samsung4t/lost+found/usr/bin/github/CodexWorkFolder/MusicPrj/18. Stonewall Jackson - Old Showboat.mp3 -> /mnt/samsung4t/lost+found/usr/bin/github/CodexWorkFolder/MusicPrj/Stonewall Jackson - Old Showboat.mp3
2026-08-01 19:21:56 | INFO | audio_filter_tools.storage | Renaming local file /mnt/samsung4t/lost+found/usr/bin/github/CodexWorkFolder/MusicPrj/08. Running Wild - Freewind Rider.mp3 -> /mnt/samsung4t/lost+found/usr/bin/github/CodexWorkFolder/MusicPrj/Running Wild - Freewind Rider.mp3
2026-08-01 19:21:56 | INFO | audio_filter_tools.storage | Renaming local file /mnt/samsung4t/lost+found/usr/bin/github/CodexWorkFolder/MusicPrj/02_Stonewall_Jackson_Come_On_Home_And_Have_Your_Next_Affair_With.mp3 -> /mnt/samsung4t/lost+found/usr/bin/github/CodexWorkFolder/MusicPrj/Stonewall_Jackson_Come_On_Home_And_Have_Your_Next_Affair_With.mp3
2026-08-01 19:21:56 | INFO | audio_filter_tools.storage | Renaming local file /mnt/samsung4t/lost+found/usr/bin/github/CodexWorkFolder/MusicPrj/15_The_Highwaymen_City_of_New_Orleans.mp3 -> /mnt/samsung4t/lost+found/usr/bin/github/CodexWorkFolder/MusicPrj/The_Highwaymen_City_of_New_Orleans.mp3
2026-08-01 19:21:56 | INFO | audio_filter_tools.storage | Renaming local file /mnt/samsung4t/lost+found/usr/bin/github/CodexWorkFolder/MusicPrj/02. Gamma Ray - Gardens Of The Sinner (Live).mp3 -> /mnt/samsung4t/lost+found/usr/bin/github/CodexWorkFolder/MusicPrj/Gamma Ray - Gardens Of The Sinner (Live).mp3
2026-08-01 19:21:56 | INFO | audio_filter_tools.storage | Renaming local file /mnt/samsung4t/lost+found/usr/bin/github/CodexWorkFolder/MusicPrj/03 - Equilibrium - Katharsis.mp3 -> /mnt/samsung4t/lost+found/usr/bin/github/CodexWorkFolder/MusicPrj/Equilibrium - Katharsis.mp3
2026-08-01 19:21:56 | INFO | audio_filter_tools.storage | Renaming local file /mnt/samsung4t/lost+found/usr/bin/github/CodexWorkFolder/MusicPrj/06 Powerwolf - Higher Than Heaven.mp3 -> /mnt/samsung4t/lost+found/usr/bin/github/CodexWorkFolder/MusicPrj/Powerwolf - Higher Than Heaven.mp3
2026-08-01 19:21:56 | INFO | audio_filter_tools.storage | Renaming local file /mnt/samsung4t/lost+found/usr/bin/github/CodexWorkFolder/MusicPrj/01 - Falkenbach - Heathen Foray.mp3 -> /mnt/samsung4t/lost+found/usr/bin/github/CodexWorkFolder/MusicPrj/Falkenbach - Heathen Foray.mp3
2026-08-01 19:21:56 | INFO | audio_filter_tools.storage | Renaming local file /mnt/samsung4t/lost+found/usr/bin/github/CodexWorkFolder/MusicPrj/04 - Edguy - Holy Water.mp3 -> /mnt/samsung4t/lost+found/usr/bin/github/CodexWorkFolder/MusicPrj/Edguy - Holy Water.mp3
2026-08-01 19:21:56 | INFO | audio_filter_tools.storage | Renaming local file /mnt/samsung4t/lost+found/usr/bin/github/CodexWorkFolder/MusicPrj/09 Powerwolf - Headless Cross.mp3 -> /mnt/samsung4t/lost+found/usr/bin/github/CodexWorkFolder/MusicPrj/Powerwolf - Headless Cross.mp3
2026-08-01 19:21:56 | INFO | audio_filter_tools.storage | Renaming local file /mnt/samsung4t/lost+found/usr/bin/github/CodexWorkFolder/MusicPrj/09 Omnium Gatherum - These Grey Heavens.mp3 -> /mnt/samsung4t/lost+found/usr/bin/github/CodexWorkFolder/MusicPrj/Omnium Gatherum - These Grey Heavens.mp3
2026-08-01 19:21:56 | INFO | audio_filter_tools.storage | Renaming local file /mnt/samsung4t/lost+found/usr/bin/github/CodexWorkFolder/MusicPrj/14 - Agathodaimon - Alone in the Dark.mp3 -> /mnt/samsung4t/lost+found/usr/bin/github/CodexWorkFolder/MusicPrj/Agathodaimon - Alone in the Dark.mp3
2026-08-01 19:21:56 | INFO | audio_filter_tools.storage | Renaming local file /mnt/samsung4t/lost+found/usr/bin/github/CodexWorkFolder/MusicPrj/01 Gates of Ishtar - Wounds (remastered 2016).mp3 -> /mnt/samsung4t/lost+found/usr/bin/github/CodexWorkFolder/MusicPrj/Gates of Ishtar - Wounds (remastered 2016).mp3
2026-08-01 19:21:56 | INFO | audio_filter_tools.storage | Renaming local file /mnt/samsung4t/lost+found/usr/bin/github/CodexWorkFolder/MusicPrj/04 Swallow The Sun - Heartstrings Shattering.mp3 -> /mnt/samsung4t/lost+found/usr/bin/github/CodexWorkFolder/MusicPrj/Swallow The Sun - Heartstrings Shattering.mp3
2026-08-01 19:21:56 | INFO | audio_filter_tools.storage | Renaming local file /mnt/samsung4t/lost+found/usr/bin/github/CodexWorkFolder/MusicPrj/04 Mors Principium Est - We Are the Sleep.mp3 -> /mnt/samsung4t/lost+found/usr/bin/github/CodexWorkFolder/MusicPrj/Mors Principium Est - We Are the Sleep.mp3
2026-08-01 19:21:56 | INFO | audio_filter_tools.storage | Renaming local file /mnt/samsung4t/lost+found/usr/bin/github/CodexWorkFolder/MusicPrj/06. Gamma Ray - Blood Religion (Live).mp3 -> /mnt/samsung4t/lost+found/usr/bin/github/CodexWorkFolder/MusicPrj/Gamma Ray - Blood Religion (Live).mp3
2026-08-01 19:21:56 | INFO | audio_filter_tools.storage | Renaming local file /mnt/samsung4t/lost+found/usr/bin/github/CodexWorkFolder/MusicPrj/05 Omnium Gatherum - Over the Battlefield.mp3 -> /mnt/samsung4t/lost+found/usr/bin/github/CodexWorkFolder/MusicPrj/Omnium Gatherum - Over the Battlefield.mp3
2026-08-01 19:21:56 | INFO | audio_filter_tools.storage | Renaming local file /mnt/samsung4t/lost+found/usr/bin/github/CodexWorkFolder/MusicPrj/04 Omnium Gatherum - Nightwalkers.mp3 -> /mnt/samsung4t/lost+found/usr/bin/github/CodexWorkFolder/MusicPrj/Omnium Gatherum - Nightwalkers.mp3
2026-08-01 19:21:56 | INFO | audio_filter_tools.storage | Renaming local file /mnt/samsung4t/lost+found/usr/bin/github/CodexWorkFolder/MusicPrj/04. Equilibrium - Heimat.mp3 -> /mnt/samsung4t/lost+found/usr/bin/github/CodexWorkFolder/MusicPrj/Equilibrium - Heimat.mp3
2026-08-01 19:21:56 | INFO | audio_filter_tools.storage | Renaming local file /mnt/samsung4t/lost+found/usr/bin/github/CodexWorkFolder/MusicPrj/07. Primal Fear - Bleed for Me (By Primal Fear).mp3 -> /mnt/samsung4t/lost+found/usr/bin/github/CodexWorkFolder/MusicPrj/Primal Fear - Bleed for Me (By Primal Fear).mp3
2026-08-01 19:21:56 | INFO | audio_filter_tools.storage | Renaming local file /mnt/samsung4t/lost+found/usr/bin/github/CodexWorkFolder/MusicPrj/11 Powerwolf - Fist by Fist (Sacralize or Strike).mp3 -> /mnt/samsung4t/lost+found/usr/bin/github/CodexWorkFolder/MusicPrj/Powerwolf - Fist by Fist (Sacralize or Strike).mp3
2026-08-01 19:21:56 | INFO | audio_filter_tools.storage | Renaming local file /mnt/samsung4t/lost+found/usr/bin/github/CodexWorkFolder/MusicPrj/02 Windir - Arntor, A Warrior.mp3 -> /mnt/samsung4t/lost+found/usr/bin/github/CodexWorkFolder/MusicPrj/Windir - Arntor, A Warrior.mp3
2026-08-01 19:21:56 | INFO | audio_filter_tools.storage | Renaming local file /mnt/samsung4t/lost+found/usr/bin/github/CodexWorkFolder/MusicPrj/03 - Edguy - Key to My Fate.mp3 -> /mnt/samsung4t/lost+found/usr/bin/github/CodexWorkFolder/MusicPrj/Edguy - Key to My Fate.mp3
2026-08-01 19:21:56 | INFO | audio_filter_tools.storage | Renaming local file /mnt/samsung4t/lost+found/usr/bin/github/CodexWorkFolder/MusicPrj/08_Stonewall_Jackson_I_Can't_Help_It_If_I'm_Still_In_Love_With_You.mp3 -> /mnt/samsung4t/lost+found/usr/bin/github/CodexWorkFolder/MusicPrj/Stonewall_Jackson_I_Can't_Help_It_If_I'm_Still_In_Love_With_You.mp3
2026-08-01 19:21:56 | INFO | audio_filter_tools.storage | Renaming local file /mnt/samsung4t/lost+found/usr/bin/github/CodexWorkFolder/MusicPrj/05 Omnium Gatherum - Formidable.mp3 -> /mnt/samsung4t/lost+found/usr/bin/github/CodexWorkFolder/MusicPrj/Omnium Gatherum - Formidable.mp3
2026-08-01 19:21:56 | INFO | audio_filter_tools.storage | Renaming local file /mnt/samsung4t/lost+found/usr/bin/github/CodexWorkFolder/MusicPrj/01 - Edguy - Mysteria.mp3 -> /mnt/samsung4t/lost+found/usr/bin/github/CodexWorkFolder/MusicPrj/Edguy - Mysteria.mp3
2026-08-01 19:21:56 | INFO | audio_filter_tools.storage | Renaming local file /mnt/samsung4t/lost+found/usr/bin/github/CodexWorkFolder/MusicPrj/02 - Edguy - The Piper Never Dies.mp3 -> /mnt/samsung4t/lost+found/usr/bin/github/CodexWorkFolder/MusicPrj/Edguy - The Piper Never Dies.mp3
2026-08-01 19:21:56 | INFO | audio_filter_tools.storage | Renaming local file /mnt/samsung4t/lost+found/usr/bin/github/CodexWorkFolder/MusicPrj/02 Battle Beast - Out Of Control.mp3 -> /mnt/samsung4t/lost+found/usr/bin/github/CodexWorkFolder/MusicPrj/Battle Beast - Out Of Control.mp3
2026-08-01 19:21:56 | INFO | audio_filter_tools.storage | Renaming local file /mnt/samsung4t/lost+found/usr/bin/github/CodexWorkFolder/MusicPrj/10 Omnium Gatherum - White Palace.mp3 -> /mnt/samsung4t/lost+found/usr/bin/github/CodexWorkFolder/MusicPrj/Omnium Gatherum - White Palace.mp3
2026-08-01 19:21:56 | INFO | audio_filter_tools.storage | Renaming local file /mnt/samsung4t/lost+found/usr/bin/github/CodexWorkFolder/MusicPrj/04. The Vision Bleak - A Romance with the Grave.mp3 -> /mnt/samsung4t/lost+found/usr/bin/github/CodexWorkFolder/MusicPrj/The Vision Bleak - A Romance with the Grave.mp3
2026-08-01 19:21:56 | INFO | audio_filter_tools.storage | Renaming local file /mnt/samsung4t/lost+found/usr/bin/github/CodexWorkFolder/MusicPrj/16_Blind_Guardian_Don't_Talk_to_Strangers_Remastered_2007.mp3 -> /mnt/samsung4t/lost+found/usr/bin/github/CodexWorkFolder/MusicPrj/Blind_Guardian_Don't_Talk_to_Strangers_Remastered_2007.mp3
2026-08-01 19:21:56 | INFO | audio_filter_tools.storage | Renaming local file /mnt/samsung4t/lost+found/usr/bin/github/CodexWorkFolder/MusicPrj/01 Omnium Gatherum - Luoto.mp3 -> /mnt/samsung4t/lost+found/usr/bin/github/CodexWorkFolder/MusicPrj/Omnium Gatherum - Luoto.mp3
2026-08-01 19:21:56 | INFO | audio_filter_tools.storage | Renaming local file /mnt/samsung4t/lost+found/usr/bin/github/CodexWorkFolder/MusicPrj/03 Swallow The Sun - Rooms and Shadows.mp3 -> /mnt/samsung4t/lost+found/usr/bin/github/CodexWorkFolder/MusicPrj/Swallow The Sun - Rooms and Shadows.mp3
2026-08-01 19:21:56 | INFO | audio_filter_tools.storage | Renaming local file /mnt/samsung4t/lost+found/usr/bin/github/CodexWorkFolder/MusicPrj/09 Borknagar - The Spirit Of Nature.mp3 -> /mnt/samsung4t/lost+found/usr/bin/github/CodexWorkFolder/MusicPrj/Borknagar - The Spirit Of Nature.mp3
2026-08-01 19:21:56 | INFO | audio_filter_tools.storage | Renaming local file /mnt/samsung4t/lost+found/usr/bin/github/CodexWorkFolder/MusicPrj/05 Powerwolf - We Are the Wild.mp3 -> /mnt/samsung4t/lost+found/usr/bin/github/CodexWorkFolder/MusicPrj/Powerwolf - We Are the Wild.mp3
2026-08-01 19:21:56 | INFO | audio_filter_tools.storage | Renaming local file /mnt/samsung4t/lost+found/usr/bin/github/CodexWorkFolder/MusicPrj/09 Omnium Gatherum - Living in Me.mp3 -> /mnt/samsung4t/lost+found/usr/bin/github/CodexWorkFolder/MusicPrj/Omnium Gatherum - Living in Me.mp3
2026-08-01 19:21:56 | INFO | audio_filter_tools.storage | Renaming local file /mnt/samsung4t/lost+found/usr/bin/github/CodexWorkFolder/MusicPrj/04 Powerwolf - Murder at Midnight.mp3 -> /mnt/samsung4t/lost+found/usr/bin/github/CodexWorkFolder/MusicPrj/Powerwolf - Murder at Midnight.mp3
2026-08-01 19:21:56 | INFO | audio_filter_tools.storage | Renaming local file /mnt/samsung4t/lost+found/usr/bin/github/CodexWorkFolder/MusicPrj/06 Powerwolf - Shot in the Dark.mp3 -> /mnt/samsung4t/lost+found/usr/bin/github/CodexWorkFolder/MusicPrj/Powerwolf - Shot in the Dark.mp3
2026-08-01 19:21:56 | INFO | audio_filter_tools.storage | Renaming local file /mnt/samsung4t/lost+found/usr/bin/github/CodexWorkFolder/MusicPrj/06 Omnium Gatherum - The Sonic Sign.mp3 -> /mnt/samsung4t/lost+found/usr/bin/github/CodexWorkFolder/MusicPrj/Omnium Gatherum - The Sonic Sign.mp3
2026-08-01 19:21:56 | INFO | audio_filter_tools.storage | Renaming local file /mnt/samsung4t/lost+found/usr/bin/github/CodexWorkFolder/MusicPrj/03 Borknagar - Om Hundrede Aar Er Alting Glemt.mp3 -> /mnt/samsung4t/lost+found/usr/bin/github/CodexWorkFolder/MusicPrj/Borknagar - Om Hundrede Aar Er Alting Glemt.mp3
2026-08-01 19:21:56 | INFO | audio_filter_tools.storage | Renaming local file /mnt/samsung4t/lost+found/usr/bin/github/CodexWorkFolder/MusicPrj/03 - Doro - Last Day Of My Life.mp3 -> /mnt/samsung4t/lost+found/usr/bin/github/CodexWorkFolder/MusicPrj/Doro - Last Day Of My Life.mp3
2026-08-01 19:21:56 | INFO | audio_filter_tools.storage | Renaming local file /mnt/samsung4t/lost+found/usr/bin/github/CodexWorkFolder/MusicPrj/10. Stonewall Jackson - I Love You Because.mp3 -> /mnt/samsung4t/lost+found/usr/bin/github/CodexWorkFolder/MusicPrj/Stonewall Jackson - I Love You Because.mp3
2026-08-01 19:21:56 | INFO | audio_filter_tools.storage | Renaming local file /mnt/samsung4t/lost+found/usr/bin/github/CodexWorkFolder/MusicPrj/03 Dark Tranquillity - Forward Momentum.mp3 -> /mnt/samsung4t/lost+found/usr/bin/github/CodexWorkFolder/MusicPrj/Dark Tranquillity - Forward Momentum.mp3
2026-08-01 19:21:56 | INFO | audio_filter_tools.storage | Renaming local file /mnt/samsung4t/lost+found/usr/bin/github/CodexWorkFolder/MusicPrj/03 Edguy - The Headless Game.mp3 -> /mnt/samsung4t/lost+found/usr/bin/github/CodexWorkFolder/MusicPrj/Edguy - The Headless Game.mp3
2026-08-01 19:21:56 | INFO | audio_filter_tools.storage | Renaming local file /mnt/samsung4t/lost+found/usr/bin/github/CodexWorkFolder/MusicPrj/04 Omnium Gatherum - Rest in Your Heart.mp3 -> /mnt/samsung4t/lost+found/usr/bin/github/CodexWorkFolder/MusicPrj/Omnium Gatherum - Rest in Your Heart.mp3
2026-08-01 19:21:56 | INFO | audio_filter_tools.storage | Renaming local file /mnt/samsung4t/lost+found/usr/bin/github/CodexWorkFolder/MusicPrj/01 Avantasia - The Seven Angels.mp3 -> /mnt/samsung4t/lost+found/usr/bin/github/CodexWorkFolder/MusicPrj/Avantasia - The Seven Angels.mp3
2026-08-01 19:21:56 | INFO | audio_filter_tools.storage | Renaming local file /mnt/samsung4t/lost+found/usr/bin/github/CodexWorkFolder/MusicPrj/07. Stonewall Jackson - Push the Panic Button.mp3 -> /mnt/samsung4t/lost+found/usr/bin/github/CodexWorkFolder/MusicPrj/Stonewall Jackson - Push the Panic Button.mp3
2026-08-01 19:21:56 | INFO | audio_filter_tools.storage | Renaming local file /mnt/samsung4t/lost+found/usr/bin/github/CodexWorkFolder/MusicPrj/10 Dissection - Internal Fire.mp3 -> /mnt/samsung4t/lost+found/usr/bin/github/CodexWorkFolder/MusicPrj/Dissection - Internal Fire.mp3
2026-08-01 19:21:56 | INFO | audio_filter_tools.storage | Renaming local file /mnt/samsung4t/lost+found/usr/bin/github/CodexWorkFolder/MusicPrj/05 Borknagar - Wild Father's Heart.mp3 -> /mnt/samsung4t/lost+found/usr/bin/github/CodexWorkFolder/MusicPrj/Borknagar - Wild Father's Heart.mp3
2026-08-01 19:21:56 | INFO | audio_filter_tools.storage | Renaming local file /mnt/samsung4t/lost+found/usr/bin/github/CodexWorkFolder/MusicPrj/07 Shade Empire - Embrace the Gods of Suffering.mp3 -> /mnt/samsung4t/lost+found/usr/bin/github/CodexWorkFolder/MusicPrj/Shade Empire - Embrace the Gods of Suffering.mp3
2026-08-01 19:21:56 | INFO | audio_filter_tools.storage | Renaming local file /mnt/samsung4t/lost+found/usr/bin/github/CodexWorkFolder/MusicPrj/01_Stonewall_Jackson_I'm_Just_An_Old_Chunk_Of_Coal_But_I'm_Gonna.mp3 -> /mnt/samsung4t/lost+found/usr/bin/github/CodexWorkFolder/MusicPrj/Stonewall_Jackson_I'm_Just_An_Old_Chunk_Of_Coal_But_I'm_Gonna.mp3
2026-08-01 19:21:56 | INFO | audio_filter_tools.storage | Renaming local file /mnt/samsung4t/lost+found/usr/bin/github/CodexWorkFolder/MusicPrj/10 Omnium Gatherum - Storm Front.mp3 -> /mnt/samsung4t/lost+found/usr/bin/github/CodexWorkFolder/MusicPrj/Omnium Gatherum - Storm Front.mp3
2026-08-01 19:21:56 | INFO | audio_filter_tools.storage | Renaming local file /mnt/samsung4t/lost+found/usr/bin/github/CodexWorkFolder/MusicPrj/02 Borknagar - Gods of My World.mp3 -> /mnt/samsung4t/lost+found/usr/bin/github/CodexWorkFolder/MusicPrj/Borknagar - Gods of My World.mp3
2026-08-01 19:21:56 | INFO | audio_filter_tools.storage | Renaming local file /mnt/samsung4t/lost+found/usr/bin/github/CodexWorkFolder/MusicPrj/08 Powerwolf - The Sacrament of Sin.mp3 -> /mnt/samsung4t/lost+found/usr/bin/github/CodexWorkFolder/MusicPrj/Powerwolf - The Sacrament of Sin.mp3
2026-08-01 19:21:56 | INFO | audio_filter_tools.storage | Renaming local file /mnt/samsung4t/lost+found/usr/bin/github/CodexWorkFolder/MusicPrj/03 Saturnus - Empty Handed.mp3 -> /mnt/samsung4t/lost+found/usr/bin/github/CodexWorkFolder/MusicPrj/Saturnus - Empty Handed.mp3
2026-08-01 19:21:56 | INFO | audio_filter_tools.storage | Renaming local file /mnt/samsung4t/lost+found/usr/bin/github/CodexWorkFolder/MusicPrj/02_Gamma_Ray_Empathy_Live_from_the_Final_Studio_Sessions.mp3 -> /mnt/samsung4t/lost+found/usr/bin/github/CodexWorkFolder/MusicPrj/Gamma_Ray_Empathy_Live_from_the_Final_Studio_Sessions.mp3
2026-08-01 19:21:56 | INFO | audio_filter_tools.storage | Renaming local file /mnt/samsung4t/lost+found/usr/bin/github/CodexWorkFolder/MusicPrj/08. Running Wild - Lead Or Gold.mp3 -> /mnt/samsung4t/lost+found/usr/bin/github/CodexWorkFolder/MusicPrj/Running Wild - Lead Or Gold.mp3
2026-08-01 19:21:56 | INFO | audio_filter_tools.storage | Renaming local file /mnt/samsung4t/lost+found/usr/bin/github/CodexWorkFolder/MusicPrj/05 Powerwolf - Demons & Diamonds.mp3 -> /mnt/samsung4t/lost+found/usr/bin/github/CodexWorkFolder/MusicPrj/Powerwolf - Demons & Diamonds.mp3
2026-08-01 19:21:56 | INFO | audio_filter_tools.storage | Renaming local file /mnt/samsung4t/lost+found/usr/bin/github/CodexWorkFolder/MusicPrj/03 Dark Tranquillity - Terminus (Where Death is Most Alive).mp3 -> /mnt/samsung4t/lost+found/usr/bin/github/CodexWorkFolder/MusicPrj/Dark Tranquillity - Terminus (Where Death is Most Alive).mp3
2026-08-01 19:21:56 | INFO | audio_filter_tools.storage | Renaming local file /mnt/samsung4t/lost+found/usr/bin/github/CodexWorkFolder/MusicPrj/01 Orden Ogan - Gunman.mp3 -> /mnt/samsung4t/lost+found/usr/bin/github/CodexWorkFolder/MusicPrj/Orden Ogan - Gunman.mp3
2026-08-01 19:21:56 | INFO | audio_filter_tools.storage | Renaming local file /mnt/samsung4t/lost+found/usr/bin/github/CodexWorkFolder/MusicPrj/05 Swallow The Sun - Silhouettes.mp3 -> /mnt/samsung4t/lost+found/usr/bin/github/CodexWorkFolder/MusicPrj/Swallow The Sun - Silhouettes.mp3
2026-08-01 19:21:56 | INFO | audio_filter_tools.storage | Renaming local file /mnt/samsung4t/lost+found/usr/bin/github/CodexWorkFolder/MusicPrj/02. Running Wild - Whirlwind (Rerecorded _ Version 2003).mp3 -> /mnt/samsung4t/lost+found/usr/bin/github/CodexWorkFolder/MusicPrj/Running Wild - Whirlwind (Rerecorded _ Version 2003).mp3
2026-08-01 19:21:56 | INFO | audio_filter_tools.storage | Renaming local file /mnt/samsung4t/lost+found/usr/bin/github/CodexWorkFolder/MusicPrj/09. Stonewall Jackson - Why I'm Walkin'.mp3 -> /mnt/samsung4t/lost+found/usr/bin/github/CodexWorkFolder/MusicPrj/Stonewall Jackson - Why I'm Walkin'.mp3
2026-08-01 19:21:56 | INFO | audio_filter_tools.storage | Renaming local file /mnt/samsung4t/lost+found/usr/bin/github/CodexWorkFolder/MusicPrj/04_Stonewall_Jackson_Have_I_Told_You_Lately_That_I_Love_You_.mp3 -> /mnt/samsung4t/lost+found/usr/bin/github/CodexWorkFolder/MusicPrj/Stonewall_Jackson_Have_I_Told_You_Lately_That_I_Love_You_.mp3
2026-08-01 19:21:56 | INFO | audio_filter_tools.storage | Renaming local file /mnt/samsung4t/lost+found/usr/bin/github/CodexWorkFolder/MusicPrj/04 Powerwolf - Power and Glory.mp3 -> /mnt/samsung4t/lost+found/usr/bin/github/CodexWorkFolder/MusicPrj/Powerwolf - Power and Glory.mp3
2026-08-01 19:21:56 | INFO | audio_filter_tools.storage | Renaming local file /mnt/samsung4t/lost+found/usr/bin/github/CodexWorkFolder/MusicPrj/08 Borknagar - The Dawn of the End.mp3 -> /mnt/samsung4t/lost+found/usr/bin/github/CodexWorkFolder/MusicPrj/Borknagar - The Dawn of the End.mp3
2026-08-01 19:21:56 | INFO | audio_filter_tools.storage | Renaming local file /mnt/samsung4t/lost+found/usr/bin/github/CodexWorkFolder/MusicPrj/05. Stonewall Jackson - Fraulein.mp3 -> /mnt/samsung4t/lost+found/usr/bin/github/CodexWorkFolder/MusicPrj/Stonewall Jackson - Fraulein.mp3
2026-08-01 19:21:56 | INFO | audio_filter_tools.storage | Renaming local file /mnt/samsung4t/lost+found/usr/bin/github/CodexWorkFolder/MusicPrj/11 Omnium Gatherum - Subdivisions (Bonus Track).mp3 -> /mnt/samsung4t/lost+found/usr/bin/github/CodexWorkFolder/MusicPrj/Omnium Gatherum - Subdivisions (Bonus Track).mp3
2026-08-01 19:21:56 | INFO | audio_filter_tools.storage | Renaming local file /mnt/samsung4t/lost+found/usr/bin/github/CodexWorkFolder/MusicPrj/06. Running Wild - Fight The Fire Of Hate.mp3 -> /mnt/samsung4t/lost+found/usr/bin/github/CodexWorkFolder/MusicPrj/Running Wild - Fight The Fire Of Hate.mp3
2026-08-01 19:21:56 | INFO | audio_filter_tools.storage | Renaming local file /mnt/samsung4t/lost+found/usr/bin/github/CodexWorkFolder/MusicPrj/08 Powerwolf - Sanctus Dominus.mp3 -> /mnt/samsung4t/lost+found/usr/bin/github/CodexWorkFolder/MusicPrj/Powerwolf - Sanctus Dominus.mp3
2026-08-01 19:21:56 | INFO | audio_filter_tools.storage | Renaming local file /mnt/samsung4t/lost+found/usr/bin/github/CodexWorkFolder/MusicPrj/03 Omnium Gatherum - In the Rim.mp3 -> /mnt/samsung4t/lost+found/usr/bin/github/CodexWorkFolder/MusicPrj/Omnium Gatherum - In the Rim.mp3
2026-08-01 19:21:56 | INFO | audio_filter_tools.storage | Renaming local file /mnt/samsung4t/lost+found/usr/bin/github/CodexWorkFolder/MusicPrj/11 Powerwolf - Last of the Living Dead.mp3 -> /mnt/samsung4t/lost+found/usr/bin/github/CodexWorkFolder/MusicPrj/Powerwolf - Last of the Living Dead.mp3
2026-08-01 19:21:56 | INFO | audio_filter_tools.storage | Renaming local file /mnt/samsung4t/lost+found/usr/bin/github/CodexWorkFolder/MusicPrj/05. Gamma Ray - Fight (Live).mp3 -> /mnt/samsung4t/lost+found/usr/bin/github/CodexWorkFolder/MusicPrj/Gamma Ray - Fight (Live).mp3
2026-08-01 19:21:56 | INFO | audio_filter_tools.storage | Renaming local file /mnt/samsung4t/lost+found/usr/bin/github/CodexWorkFolder/MusicPrj/04. Gamma Ray - Man On A Mission (Live).mp3 -> /mnt/samsung4t/lost+found/usr/bin/github/CodexWorkFolder/MusicPrj/Gamma Ray - Man On A Mission (Live).mp3
2026-08-01 19:21:56 | INFO | audio_filter_tools.storage | Renaming local file /mnt/samsung4t/lost+found/usr/bin/github/CodexWorkFolder/MusicPrj/04 Borknagar - A Tale of Pagan Tongue.mp3 -> /mnt/samsung4t/lost+found/usr/bin/github/CodexWorkFolder/MusicPrj/Borknagar - A Tale of Pagan Tongue.mp3
2026-08-01 19:21:56 | INFO | audio_filter_tools.storage | Renaming local file /mnt/samsung4t/lost+found/usr/bin/github/CodexWorkFolder/MusicPrj/04 October Tide - Sightless.mp3 -> /mnt/samsung4t/lost+found/usr/bin/github/CodexWorkFolder/MusicPrj/October Tide - Sightless.mp3
2026-08-01 19:21:56 | INFO | audio_filter_tools.storage | Renaming local file /mnt/samsung4t/lost+found/usr/bin/github/CodexWorkFolder/MusicPrj/06 Mors Principium Est - I Am War.mp3 -> /mnt/samsung4t/lost+found/usr/bin/github/CodexWorkFolder/MusicPrj/Mors Principium Est - I Am War.mp3
2026-08-01 19:21:56 | INFO | audio_filter_tools.storage | Renaming local file /mnt/samsung4t/lost+found/usr/bin/github/CodexWorkFolder/MusicPrj/08 Omnium Gatherum - The Unknowing.mp3 -> /mnt/samsung4t/lost+found/usr/bin/github/CodexWorkFolder/MusicPrj/Omnium Gatherum - The Unknowing.mp3
2026-08-01 19:21:56 | INFO | audio_filter_tools.storage | Renaming local file /mnt/samsung4t/lost+found/usr/bin/github/CodexWorkFolder/MusicPrj/03 Borknagar - Cold Runs the River.mp3 -> /mnt/samsung4t/lost+found/usr/bin/github/CodexWorkFolder/MusicPrj/Borknagar - Cold Runs the River.mp3
2026-08-01 19:21:56 | INFO | audio_filter_tools.storage | Renaming local file /mnt/samsung4t/lost+found/usr/bin/github/CodexWorkFolder/MusicPrj/01 - Edguy - Robin Hood.mp3 -> /mnt/samsung4t/lost+found/usr/bin/github/CodexWorkFolder/MusicPrj/Edguy - Robin Hood.mp3
2026-08-01 19:21:56 | INFO | audio_filter_tools.storage | Renaming local file /mnt/samsung4t/lost+found/usr/bin/github/CodexWorkFolder/MusicPrj/02 Borknagar - The Presence Is Ominous.mp3 -> /mnt/samsung4t/lost+found/usr/bin/github/CodexWorkFolder/MusicPrj/Borknagar - The Presence Is Ominous.mp3
2026-08-01 19:21:56 | INFO | audio_filter_tools.storage | Renaming local file /mnt/samsung4t/lost+found/usr/bin/github/CodexWorkFolder/MusicPrj/05 - Doro - I'll Be Holding On.mp3 -> /mnt/samsung4t/lost+found/usr/bin/github/CodexWorkFolder/MusicPrj/Doro - I'll Be Holding On.mp3
2026-08-01 19:21:56 | INFO | audio_filter_tools.storage | Renaming local file /mnt/samsung4t/lost+found/usr/bin/github/CodexWorkFolder/MusicPrj/07 Omnium Gatherum - Who Could Say.mp3 -> /mnt/samsung4t/lost+found/usr/bin/github/CodexWorkFolder/MusicPrj/Omnium Gatherum - Who Could Say.mp3
2026-08-01 19:21:56 | INFO | audio_filter_tools.storage | Renaming local file /mnt/samsung4t/lost+found/usr/bin/github/CodexWorkFolder/MusicPrj/08 Powerwolf - Night of the Werewolves.mp3 -> /mnt/samsung4t/lost+found/usr/bin/github/CodexWorkFolder/MusicPrj/Powerwolf - Night of the Werewolves.mp3
2026-08-01 19:21:56 | INFO | audio_filter_tools.storage | Renaming local file /mnt/samsung4t/lost+found/usr/bin/github/CodexWorkFolder/MusicPrj/09 Powerwolf - Venom of Venus.mp3 -> /mnt/samsung4t/lost+found/usr/bin/github/CodexWorkFolder/MusicPrj/Powerwolf - Venom of Venus.mp3
2026-08-01 19:21:56 | INFO | audio_filter_tools.storage | Renaming local file /mnt/samsung4t/lost+found/usr/bin/github/CodexWorkFolder/MusicPrj/04 Saturnus - Pilgrimage Of Sorrow.mp3 -> /mnt/samsung4t/lost+found/usr/bin/github/CodexWorkFolder/MusicPrj/Saturnus - Pilgrimage Of Sorrow.mp3
2026-08-01 19:21:56 | INFO | audio_filter_tools.storage | Renaming local file /mnt/samsung4t/lost+found/usr/bin/github/CodexWorkFolder/MusicPrj/07 Mors Principium Est - Monster in Me.mp3 -> /mnt/samsung4t/lost+found/usr/bin/github/CodexWorkFolder/MusicPrj/Mors Principium Est - Monster in Me.mp3
2026-08-01 19:21:56 | INFO | audio_filter_tools.storage | Renaming local file /mnt/samsung4t/lost+found/usr/bin/github/CodexWorkFolder/MusicPrj/02 Omnium Gatherum - New Dynamic.mp3 -> /mnt/samsung4t/lost+found/usr/bin/github/CodexWorkFolder/MusicPrj/Omnium Gatherum - New Dynamic.mp3
2026-08-01 19:21:56 | INFO | audio_filter_tools.storage | Renaming local file /mnt/samsung4t/lost+found/usr/bin/github/CodexWorkFolder/MusicPrj/05 Powerwolf - Out in the Fields.mp3 -> /mnt/samsung4t/lost+found/usr/bin/github/CodexWorkFolder/MusicPrj/Powerwolf - Out in the Fields.mp3
2026-08-01 19:21:56 | INFO | audio_filter_tools.storage | Renaming local file /mnt/samsung4t/lost+found/usr/bin/github/CodexWorkFolder/MusicPrj/04 Borknagar - Colossus.mp3 -> /mnt/samsung4t/lost+found/usr/bin/github/CodexWorkFolder/MusicPrj/Borknagar - Colossus.mp3
2026-08-01 19:21:56 | INFO | audio_filter_tools.storage | Renaming local file /mnt/samsung4t/lost+found/usr/bin/github/CodexWorkFolder/MusicPrj/04_Willie_Nelson_Please_Don't_Tell.mp3 -> /mnt/samsung4t/lost+found/usr/bin/github/CodexWorkFolder/MusicPrj/Willie_Nelson_Please_Don't_Tell.mp3
2026-08-01 19:21:56 | INFO | audio_filter_tools.storage | Renaming local file /mnt/samsung4t/lost+found/usr/bin/github/CodexWorkFolder/MusicPrj/11 Omnium Gatherum - Cold.mp3 -> /mnt/samsung4t/lost+found/usr/bin/github/CodexWorkFolder/MusicPrj/Omnium Gatherum - Cold.mp3
2026-08-01 19:21:56 | INFO | audio_filter_tools.storage | Renaming local file /mnt/samsung4t/lost+found/usr/bin/github/CodexWorkFolder/MusicPrj/02. Stonewall Jackson - I Wish I Had a Girl.mp3 -> /mnt/samsung4t/lost+found/usr/bin/github/CodexWorkFolder/MusicPrj/Stonewall Jackson - I Wish I Had a Girl.mp3
2026-08-01 19:21:56 | INFO | audio_filter_tools.storage | Renaming local file /mnt/samsung4t/lost+found/usr/bin/github/CodexWorkFolder/MusicPrj/09 Powerwolf - Sacramental Sister.mp3 -> /mnt/samsung4t/lost+found/usr/bin/github/CodexWorkFolder/MusicPrj/Powerwolf - Sacramental Sister.mp3
2026-08-01 19:21:56 | INFO | audio_filter_tools.storage | Renaming local file /mnt/samsung4t/lost+found/usr/bin/github/CodexWorkFolder/MusicPrj/02 Omnium Gatherum - Gods Go First.mp3 -> /mnt/samsung4t/lost+found/usr/bin/github/CodexWorkFolder/MusicPrj/Omnium Gatherum - Gods Go First.mp3
2026-08-01 19:21:56 | INFO | audio_filter_tools.storage | Renaming local file /mnt/samsung4t/lost+found/usr/bin/github/CodexWorkFolder/MusicPrj/03 Powerwolf - Edge of Thorns.mp3 -> /mnt/samsung4t/lost+found/usr/bin/github/CodexWorkFolder/MusicPrj/Powerwolf - Edge of Thorns.mp3
2026-08-01 19:21:56 | INFO | audio_filter_tools.storage | Renaming local file /mnt/samsung4t/lost+found/usr/bin/github/CodexWorkFolder/MusicPrj/01 October Tide - 12 Day of Rain.mp3 -> /mnt/samsung4t/lost+found/usr/bin/github/CodexWorkFolder/MusicPrj/October Tide - 12 Day of Rain.mp3
2026-08-01 19:21:56 | INFO | audio_filter_tools.storage | Renaming local file /mnt/samsung4t/lost+found/usr/bin/github/CodexWorkFolder/MusicPrj/02 Omnium Gatherum - Skyline.mp3 -> /mnt/samsung4t/lost+found/usr/bin/github/CodexWorkFolder/MusicPrj/Omnium Gatherum - Skyline.mp3
2026-08-01 19:21:56 | INFO | audio_filter_tools.storage | Renaming local file /mnt/samsung4t/lost+found/usr/bin/github/CodexWorkFolder/MusicPrj/07 Powerwolf - Gods of War Arise.mp3 -> /mnt/samsung4t/lost+found/usr/bin/github/CodexWorkFolder/MusicPrj/Powerwolf - Gods of War Arise.mp3
2026-08-01 19:21:56 | INFO | audio_filter_tools.storage | Renaming local file /mnt/samsung4t/lost+found/usr/bin/github/CodexWorkFolder/MusicPrj/03. Gamma Ray - New World Order (Live).mp3 -> /mnt/samsung4t/lost+found/usr/bin/github/CodexWorkFolder/MusicPrj/Gamma Ray - New World Order (Live).mp3
2026-08-01 19:21:56 | INFO | audio_filter_tools.storage | Renaming local file /mnt/samsung4t/lost+found/usr/bin/github/CodexWorkFolder/MusicPrj/02_Gamma_Ray_Demonseed_Live_from_the_Final_Studio_Sessions.mp3 -> /mnt/samsung4t/lost+found/usr/bin/github/CodexWorkFolder/MusicPrj/Gamma_Ray_Demonseed_Live_from_the_Final_Studio_Sessions.mp3
2026-08-01 19:21:56 | INFO | audio_filter_tools.storage | Renaming local file /mnt/samsung4t/lost+found/usr/bin/github/CodexWorkFolder/MusicPrj/07 Powerwolf - Christ & Combat.mp3 -> /mnt/samsung4t/lost+found/usr/bin/github/CodexWorkFolder/MusicPrj/Powerwolf - Christ & Combat.mp3
2026-08-01 19:21:56 | INFO | audio_filter_tools.storage | Renaming local file /mnt/samsung4t/lost+found/usr/bin/github/CodexWorkFolder/MusicPrj/03 Powerwolf - Kiss of the Cobra King.mp3 -> /mnt/samsung4t/lost+found/usr/bin/github/CodexWorkFolder/MusicPrj/Powerwolf - Kiss of the Cobra King.mp3
2026-08-01 19:21:56 | INFO | audio_filter_tools.storage | Renaming local file /mnt/samsung4t/lost+found/usr/bin/github/CodexWorkFolder/MusicPrj/10 Powerwolf - All You Can Bleed.mp3 -> /mnt/samsung4t/lost+found/usr/bin/github/CodexWorkFolder/MusicPrj/Powerwolf - All You Can Bleed.mp3
2026-08-01 19:21:56 | INFO | audio_filter_tools.storage | Renaming local file /mnt/samsung4t/lost+found/usr/bin/github/CodexWorkFolder/MusicPrj/07 Edguy - Out of Control (Live).mp3 -> /mnt/samsung4t/lost+found/usr/bin/github/CodexWorkFolder/MusicPrj/Edguy - Out of Control (Live).mp3
2026-08-01 19:21:56 | INFO | audio_filter_tools.storage | Renaming local file /mnt/samsung4t/lost+found/usr/bin/github/CodexWorkFolder/MusicPrj/08 Avantasia - Chalice of Agony.mp3 -> /mnt/samsung4t/lost+found/usr/bin/github/CodexWorkFolder/MusicPrj/Avantasia - Chalice of Agony.mp3
2026-08-01 19:21:56 | INFO | audio_filter_tools.storage | Renaming local file /mnt/samsung4t/lost+found/usr/bin/github/CodexWorkFolder/MusicPrj/07 Omnium Gatherum - Be the Sky.mp3 -> /mnt/samsung4t/lost+found/usr/bin/github/CodexWorkFolder/MusicPrj/Omnium Gatherum - Be the Sky.mp3
2026-08-01 19:21:57 | INFO | audio_filter_tools.storage | Renaming local file /mnt/samsung4t/lost+found/usr/bin/github/CodexWorkFolder/MusicPrj/05. Stonewall Jackson - It's Such A Pretty World Today.mp3 -> /mnt/samsung4t/lost+found/usr/bin/github/CodexWorkFolder/MusicPrj/Stonewall Jackson - It's Such A Pretty World Today.mp3
2026-08-01 19:21:57 | INFO | audio_filter_tools.storage | Renaming local file /mnt/samsung4t/lost+found/usr/bin/github/CodexWorkFolder/MusicPrj/04 Avantasia - In Quest For.mp3 -> /mnt/samsung4t/lost+found/usr/bin/github/CodexWorkFolder/MusicPrj/Avantasia - In Quest For.mp3
2026-08-01 19:21:57 | INFO | audio_filter_tools.storage | Renaming local file /mnt/samsung4t/lost+found/usr/bin/github/CodexWorkFolder/MusicPrj/08 Edguy - Fallen Angels.mp3 -> /mnt/samsung4t/lost+found/usr/bin/github/CodexWorkFolder/MusicPrj/Edguy - Fallen Angels.mp3
2026-08-01 19:21:57 | INFO | audio_filter_tools.storage | Renaming local file /mnt/samsung4t/lost+found/usr/bin/github/CodexWorkFolder/MusicPrj/02 Borknagar - The Winterway.mp3 -> /mnt/samsung4t/lost+found/usr/bin/github/CodexWorkFolder/MusicPrj/Borknagar - The Winterway.mp3
2026-08-01 19:21:57 | INFO | audio_filter_tools.storage | Renaming local file /mnt/samsung4t/lost+found/usr/bin/github/CodexWorkFolder/MusicPrj/11 Mors Principium Est - The Forsaken.mp3 -> /mnt/samsung4t/lost+found/usr/bin/github/CodexWorkFolder/MusicPrj/Mors Principium Est - The Forsaken.mp3
2026-08-01 19:21:57 | INFO | audio_filter_tools.storage | Renaming local file /mnt/samsung4t/lost+found/usr/bin/github/CodexWorkFolder/MusicPrj/07 Avantasia - Anywhere.mp3 -> /mnt/samsung4t/lost+found/usr/bin/github/CodexWorkFolder/MusicPrj/Avantasia - Anywhere.mp3
2026-08-01 19:21:57 | INFO | audio_filter_tools.storage | Renaming local file /mnt/samsung4t/lost+found/usr/bin/github/CodexWorkFolder/MusicPrj/02 Saturnus - Inflame Thy Heart.mp3 -> /mnt/samsung4t/lost+found/usr/bin/github/CodexWorkFolder/MusicPrj/Saturnus - Inflame Thy Heart.mp3
2026-08-01 19:21:57 | INFO | audio_filter_tools.storage | Renaming local file /mnt/samsung4t/lost+found/usr/bin/github/CodexWorkFolder/MusicPrj/17. Stonewall Jackson - Should I Go Home.mp3 -> /mnt/samsung4t/lost+found/usr/bin/github/CodexWorkFolder/MusicPrj/Stonewall Jackson - Should I Go Home.mp3
2026-08-01 19:21:57 | INFO | audio_filter_tools.storage | Renaming local file /mnt/samsung4t/lost+found/usr/bin/github/CodexWorkFolder/MusicPrj/01_Stonewall_Jackson_The_Minute_Men_Are_Turning_In_Their_Graves.mp3 -> /mnt/samsung4t/lost+found/usr/bin/github/CodexWorkFolder/MusicPrj/Stonewall_Jackson_The_Minute_Men_Are_Turning_In_Their_Graves.mp3
2026-08-01 19:21:57 | INFO | audio_filter_tools.storage | Renaming local file /mnt/samsung4t/lost+found/usr/bin/github/CodexWorkFolder/MusicPrj/02 Daylight Dies - I Wait.mp3 -> /mnt/samsung4t/lost+found/usr/bin/github/CodexWorkFolder/MusicPrj/Daylight Dies - I Wait.mp3
2026-08-01 19:21:57 | INFO | audio_filter_tools.storage | Renaming local file /mnt/samsung4t/lost+found/usr/bin/github/CodexWorkFolder/MusicPrj/07 Draconian - Bloodflower.mp3 -> /mnt/samsung4t/lost+found/usr/bin/github/CodexWorkFolder/MusicPrj/Draconian - Bloodflower.mp3
2026-08-01 19:21:57 | INFO | audio_filter_tools.storage | Renaming local file /mnt/samsung4t/lost+found/usr/bin/github/CodexWorkFolder/MusicPrj/02 Powerwolf - Dead Until Dark.mp3 -> /mnt/samsung4t/lost+found/usr/bin/github/CodexWorkFolder/MusicPrj/Powerwolf - Dead Until Dark.mp3
2026-08-01 19:21:57 | INFO | audio_filter_tools.storage | Renaming local file /mnt/samsung4t/lost+found/usr/bin/github/CodexWorkFolder/MusicPrj/MP3Files_New/Music_N/08_Japanese_Audio/Anime_OST/1779208778496804_871225a145d8c81820a5ee9c5e816482_flac_vuutv=qZKvj.opus -> /mnt/samsung4t/lost+found/usr/bin/github/CodexWorkFolder/MusicPrj/MP3Files_New/Music_N/08_Japanese_Audio/Anime_OST/871225a145d8c81820a5ee9c5e816482_flac_vuutv=qZKvj.opus
2026-08-01 19:21:57 | INFO | audio_filter_tools.storage | Renaming local file /mnt/samsung4t/lost+found/usr/bin/github/CodexWorkFolder/MusicPrj/MP3Files_New/Music_N/08_Japanese_Audio/J_Pop_Rock/10-FEET - 第ゼロ感 (Movie Ver.).opus -> /mnt/samsung4t/lost+found/usr/bin/github/CodexWorkFolder/MusicPrj/MP3Files_New/Music_N/08_Japanese_Audio/J_Pop_Rock/FEET - 第ゼロ感 (Movie Ver.).opus
2026-08-01 19:21:57 | INFO | audio_filter_tools.storage | Renaming local file /mnt/samsung4t/lost+found/usr/bin/github/CodexWorkFolder/MusicPrj/Music_Sean/Classic-Rock&&Popular/421 Billy Joel - Piano Man.opus -> /mnt/samsung4t/lost+found/usr/bin/github/CodexWorkFolder/MusicPrj/Music_Sean/Classic-Rock&&Popular/Billy Joel - Piano Man.opus
2026-08-01 19:21:57 | INFO | audio_filter_tools.storage | Renaming local file /mnt/samsung4t/lost+found/usr/bin/github/CodexWorkFolder/MusicPrj/Music_Sean/Classic-Rock&&Popular/Percy Sledge - When A Man Loves A Woman .opus -> /mnt/samsung4t/lost+found/usr/bin/github/CodexWorkFolder/MusicPrj/Music_Sean/Classic-Rock&&Popular/Percy Sledge - When A Man Loves A Woman.opus
2026-08-01 19:21:57 | INFO | audio_filter_tools.storage | Renaming local file /mnt/samsung4t/lost+found/usr/bin/github/CodexWorkFolder/MusicPrj/Music_Sean/Classic-Rock&&Popular/Queen&David Bowie - Under Pressure .opus -> /mnt/samsung4t/lost+found/usr/bin/github/CodexWorkFolder/MusicPrj/Music_Sean/Classic-Rock&&Popular/Queen&David Bowie - Under Pressure.opus
2026-08-01 19:21:57 | INFO | audio_filter_tools.storage | Renaming local file /mnt/samsung4t/lost+found/usr/bin/github/CodexWorkFolder/MusicPrj/Music_Sean/Country&Original-Sound/Bob Dylan - Key West .opus -> /mnt/samsung4t/lost+found/usr/bin/github/CodexWorkFolder/MusicPrj/Music_Sean/Country&Original-Sound/Bob Dylan - Key West.opus
2026-08-01 19:21:57 | INFO | audio_filter_tools.storage | Renaming local file /mnt/samsung4t/lost+found/usr/bin/github/CodexWorkFolder/MusicPrj/Music_Sean/Country&Original-Sound/Don Williams - Say It Again .opus -> /mnt/samsung4t/lost+found/usr/bin/github/CodexWorkFolder/MusicPrj/Music_Sean/Country&Original-Sound/Don Williams - Say It Again.opus
2026-08-01 19:21:57 | INFO | audio_filter_tools.storage | Renaming local file /mnt/samsung4t/lost+found/usr/bin/github/CodexWorkFolder/MusicPrj/Music_Sean/Country&Original-Sound/Don Williams - Some Broken Hearts Never Mend .opus -> /mnt/samsung4t/lost+found/usr/bin/github/CodexWorkFolder/MusicPrj/Music_Sean/Country&Original-Sound/Don Williams - Some Broken Hearts Never Mend.opus
2026-08-01 19:21:57 | INFO | audio_filter_tools.storage | Renaming local file /mnt/samsung4t/lost+found/usr/bin/github/CodexWorkFolder/MusicPrj/Music_Sean/Country&Original-Sound/30 days.opus -> /mnt/samsung4t/lost+found/usr/bin/github/CodexWorkFolder/MusicPrj/Music_Sean/Country&Original-Sound/days.opus
2026-08-01 19:21:57 | INFO | audio_filter_tools.storage | Renaming local file /mnt/samsung4t/lost+found/usr/bin/github/CodexWorkFolder/MusicPrj/Music_Sean/Country&Original-Sound/Mark Knopfler - Old        .opus -> /mnt/samsung4t/lost+found/usr/bin/github/CodexWorkFolder/MusicPrj/Music_Sean/Country&Original-Sound/Mark Knopfler - Old.opus
2026-08-01 19:21:57 | INFO | audio_filter_tools.storage | Renaming local file /mnt/samsung4t/lost+found/usr/bin/github/CodexWorkFolder/MusicPrj/Music_Sean/Country&Original-Sound/Bob Dylan - All I Really Want To Do .opus -> /mnt/samsung4t/lost+found/usr/bin/github/CodexWorkFolder/MusicPrj/Music_Sean/Country&Original-Sound/Bob Dylan - All I Really Want To Do.opus
2026-08-01 19:21:57 | INFO | audio_filter_tools.storage | Renaming local file /mnt/samsung4t/lost+found/usr/bin/github/CodexWorkFolder/MusicPrj/Music_Sean/Country&Original-Sound/Bob Dylan - Tryin' to Get to Heaven .opus -> /mnt/samsung4t/lost+found/usr/bin/github/CodexWorkFolder/MusicPrj/Music_Sean/Country&Original-Sound/Bob Dylan - Tryin' to Get to Heaven.opus
2026-08-01 19:21:57 | INFO | audio_filter_tools.storage | Renaming local file /mnt/samsung4t/lost+found/usr/bin/github/CodexWorkFolder/MusicPrj/Music_Sean/Country&Original-Sound/Ed Bruce - The Bartender .opus -> /mnt/samsung4t/lost+found/usr/bin/github/CodexWorkFolder/MusicPrj/Music_Sean/Country&Original-Sound/Ed Bruce - The Bartender.opus
2026-08-01 19:21:57 | INFO | audio_filter_tools.storage | Renaming local file /mnt/samsung4t/lost+found/usr/bin/github/CodexWorkFolder/MusicPrj/Music_Sean/Country&Original-Sound/Eagles - Lyin' Eyes .opus -> /mnt/samsung4t/lost+found/usr/bin/github/CodexWorkFolder/MusicPrj/Music_Sean/Country&Original-Sound/Eagles - Lyin' Eyes.opus
2026-08-01 19:21:57 | INFO | audio_filter_tools.storage | Renaming local file /mnt/samsung4t/lost+found/usr/bin/github/CodexWorkFolder/MusicPrj/Music_Sean/Country&Original-Sound/Don Williams -  Love Me Tonight .opus -> /mnt/samsung4t/lost+found/usr/bin/github/CodexWorkFolder/MusicPrj/Music_Sean/Country&Original-Sound/Don Williams -  Love Me Tonight.opus
2026-08-01 19:21:57 | INFO | audio_filter_tools.storage | Renaming local file /mnt/samsung4t/lost+found/usr/bin/github/CodexWorkFolder/MusicPrj/Music_Sean/Country&Original-Sound/Bob Dylan - Red River Shore .opus -> /mnt/samsung4t/lost+found/usr/bin/github/CodexWorkFolder/MusicPrj/Music_Sean/Country&Original-Sound/Bob Dylan - Red River Shore.opus
2026-08-01 19:21:57 | INFO | audio_filter_tools.storage | Renaming local file /mnt/samsung4t/lost+found/usr/bin/github/CodexWorkFolder/MusicPrj/Music_Sean/Country&Original-Sound/Ed Bruce - The Outlaw .opus -> /mnt/samsung4t/lost+found/usr/bin/github/CodexWorkFolder/MusicPrj/Music_Sean/Country&Original-Sound/Ed Bruce - The Outlaw.opus
2026-08-01 19:21:57 | INFO | audio_filter_tools.storage | Renaming local file /mnt/samsung4t/lost+found/usr/bin/github/CodexWorkFolder/MusicPrj/Music_Sean/Country&Original-Sound/Tom Waits - Little Trip To Heaven .opus -> /mnt/samsung4t/lost+found/usr/bin/github/CodexWorkFolder/MusicPrj/Music_Sean/Country&Original-Sound/Tom Waits - Little Trip To Heaven.opus
2026-08-01 19:21:57 | INFO | audio_filter_tools.storage | Renaming local file /mnt/samsung4t/lost+found/usr/bin/github/CodexWorkFolder/MusicPrj/Music_Sean/Country&Original-Sound/Tom Waits - Old Shoes .opus -> /mnt/samsung4t/lost+found/usr/bin/github/CodexWorkFolder/MusicPrj/Music_Sean/Country&Original-Sound/Tom Waits - Old Shoes.opus
2026-08-01 19:21:57 | INFO | audio_filter_tools.storage | Renaming local file /mnt/samsung4t/lost+found/usr/bin/github/CodexWorkFolder/MusicPrj/Music_Sean/Country&Original-Sound/Bob Dylan - Standing in the Doorway .opus -> /mnt/samsung4t/lost+found/usr/bin/github/CodexWorkFolder/MusicPrj/Music_Sean/Country&Original-Sound/Bob Dylan - Standing in the Doorway.opus
2026-08-01 19:21:57 | INFO | audio_filter_tools.storage | Renaming local file /mnt/samsung4t/lost+found/usr/bin/github/CodexWorkFolder/MusicPrj/Music_Sean/Country&Original-Sound/Fleetwood Mac - Never Forget .opus -> /mnt/samsung4t/lost+found/usr/bin/github/CodexWorkFolder/MusicPrj/Music_Sean/Country&Original-Sound/Fleetwood Mac - Never Forget.opus
2026-08-01 19:21:57 | INFO | audio_filter_tools.storage | Renaming local file /mnt/samsung4t/lost+found/usr/bin/github/CodexWorkFolder/MusicPrj/Music_Sean/Country&Original-Sound/Fleetwood Mac - Honey Hi .opus -> /mnt/samsung4t/lost+found/usr/bin/github/CodexWorkFolder/MusicPrj/Music_Sean/Country&Original-Sound/Fleetwood Mac - Honey Hi.opus
2026-08-01 19:21:57 | INFO | audio_filter_tools.storage | Renaming local file /mnt/samsung4t/lost+found/usr/bin/github/CodexWorkFolder/MusicPrj/Music_Sean/Metal/Galneryus - ACROSS THE RAINBOW .opus -> /mnt/samsung4t/lost+found/usr/bin/github/CodexWorkFolder/MusicPrj/Music_Sean/Metal/Galneryus - ACROSS THE RAINBOW.opus
2026-08-01 19:21:57 | INFO | audio_filter_tools.storage | Renaming local file /mnt/samsung4t/lost+found/usr/bin/github/CodexWorkFolder/MusicPrj/Music_Sean/Metal/Eluveitie - Origins .opus -> /mnt/samsung4t/lost+found/usr/bin/github/CodexWorkFolder/MusicPrj/Music_Sean/Metal/Eluveitie - Origins.opus
2026-08-01 19:21:57 | INFO | audio_filter_tools.storage | Renaming local file /mnt/samsung4t/lost+found/usr/bin/github/CodexWorkFolder/MusicPrj/Music_Sean/Metal/Norther - Final Countdown .opus -> /mnt/samsung4t/lost+found/usr/bin/github/CodexWorkFolder/MusicPrj/Music_Sean/Metal/Norther - Final Countdown.opus
2026-08-01 19:21:57 | INFO | audio_filter_tools.storage | Renaming local file /mnt/samsung4t/lost+found/usr/bin/github/CodexWorkFolder/MusicPrj/Music_Sean/Metal/Helloween - Eagle Fly Free .opus -> /mnt/samsung4t/lost+found/usr/bin/github/CodexWorkFolder/MusicPrj/Music_Sean/Metal/Helloween - Eagle Fly Free.opus
2026-08-01 19:21:57 | INFO | audio_filter_tools.storage | Renaming local file /mnt/samsung4t/lost+found/usr/bin/github/CodexWorkFolder/MusicPrj/Music_Sean/Metal/Dio - Egypt .opus -> /mnt/samsung4t/lost+found/usr/bin/github/CodexWorkFolder/MusicPrj/Music_Sean/Metal/Dio - Egypt.opus
2026-08-01 19:21:57 | INFO | audio_filter_tools.storage | Renaming local file /mnt/samsung4t/lost+found/usr/bin/github/CodexWorkFolder/MusicPrj/Music_Sean/Metal/Helloween - Where The Rain Grows .opus -> /mnt/samsung4t/lost+found/usr/bin/github/CodexWorkFolder/MusicPrj/Music_Sean/Metal/Helloween - Where The Rain Grows.opus
2026-08-01 19:21:57 | INFO | audio_filter_tools.storage | Renaming local file /mnt/samsung4t/lost+found/usr/bin/github/CodexWorkFolder/MusicPrj/Music_Sean/Metal/Helloween - Dr. Stein .opus -> /mnt/samsung4t/lost+found/usr/bin/github/CodexWorkFolder/MusicPrj/Music_Sean/Metal/Helloween - Dr. Stein.opus
2026-08-01 19:21:57 | INFO | audio_filter_tools.storage | Renaming local file /mnt/samsung4t/lost+found/usr/bin/github/CodexWorkFolder/MusicPrj/Music_Sean/Metal/Helloween - Universe .opus -> /mnt/samsung4t/lost+found/usr/bin/github/CodexWorkFolder/MusicPrj/Music_Sean/Metal/Helloween - Universe.opus
2026-08-01 19:21:57 | INFO | audio_filter_tools.storage | Renaming local file /mnt/samsung4t/lost+found/usr/bin/github/CodexWorkFolder/MusicPrj/Music_Sean/Metal/Helloween - The Keeper's Trilogy .opus -> /mnt/samsung4t/lost+found/usr/bin/github/CodexWorkFolder/MusicPrj/Music_Sean/Metal/Helloween - The Keeper's Trilogy.opus
2026-08-01 19:21:57 | INFO | audio_filter_tools.storage | Renaming local file /mnt/samsung4t/lost+found/usr/bin/github/CodexWorkFolder/MusicPrj/Music_Sean/Metal/Galneryus - departure ! .opus -> /mnt/samsung4t/lost+found/usr/bin/github/CodexWorkFolder/MusicPrj/Music_Sean/Metal/Galneryus - departure !.opus
2026-08-01 19:21:57 | INFO | audio_filter_tools.storage | Renaming local file /mnt/samsung4t/lost+found/usr/bin/github/CodexWorkFolder/MusicPrj/Music_Sean/Hard&Grunge&Rocking/Ozzy Osbourne - Revelation .opus -> /mnt/samsung4t/lost+found/usr/bin/github/CodexWorkFolder/MusicPrj/Music_Sean/Hard&Grunge&Rocking/Ozzy Osbourne - Revelation.opus
2026-08-01 19:21:57 | INFO | audio_filter_tools.storage | Renaming local file /mnt/samsung4t/lost+found/usr/bin/github/CodexWorkFolder/MusicPrj/Music_Sean/Blues&Reggae&Funky&Jazz/05 51st Anniversary.opus -> /mnt/samsung4t/lost+found/usr/bin/github/CodexWorkFolder/MusicPrj/Music_Sean/Blues&Reggae&Funky&Jazz/51st Anniversary.opus
2026-08-01 19:21:57 | INFO | audio_filter_tools.storage | Renaming local file /mnt/samsung4t/lost+found/usr/bin/github/CodexWorkFolder/MusicPrj/Music_Sean/Blues&Reggae&Funky&Jazz/Bob Dylan - Mississippi .opus -> /mnt/samsung4t/lost+found/usr/bin/github/CodexWorkFolder/MusicPrj/Music_Sean/Blues&Reggae&Funky&Jazz/Bob Dylan - Mississippi.opus
2026-08-01 19:21:57 | INFO | audio_filter_tools.storage | Renaming local file /mnt/samsung4t/lost+found/usr/bin/github/CodexWorkFolder/MusicPrj/Music_Sean/Blues&Reggae&Funky&Jazz/Fleetwood Mac - Think About Me  .opus -> /mnt/samsung4t/lost+found/usr/bin/github/CodexWorkFolder/MusicPrj/Music_Sean/Blues&Reggae&Funky&Jazz/Fleetwood Mac - Think About Me.opus
2026-08-01 19:21:57 | INFO | audio_filter_tools.storage | Renaming local file /mnt/samsung4t/lost+found/usr/bin/github/CodexWorkFolder/MusicPrj/Music_Sean/Blues&Reggae&Funky&Jazz/07 Stone Free.opus -> /mnt/samsung4t/lost+found/usr/bin/github/CodexWorkFolder/MusicPrj/Music_Sean/Blues&Reggae&Funky&Jazz/Stone Free.opus
2026-08-01 19:21:57 | INFO | audio_filter_tools.storage | Renaming local file /mnt/samsung4t/lost+found/usr/bin/github/CodexWorkFolder/MusicPrj/Music_Sean/Blues&Reggae&Funky&Jazz/06 Hey Joe.opus -> /mnt/samsung4t/lost+found/usr/bin/github/CodexWorkFolder/MusicPrj/Music_Sean/Blues&Reggae&Funky&Jazz/Hey Joe.opus
2026-08-01 19:21:57 | INFO | audio_filter_tools.storage | Renaming local file /mnt/samsung4t/lost+found/usr/bin/github/CodexWorkFolder/MusicPrj/Music_Sean/Chinese/盘尼西林 - New Boy .opus -> /mnt/samsung4t/lost+found/usr/bin/github/CodexWorkFolder/MusicPrj/Music_Sean/Chinese/盘尼西林 - New Boy.opus
2026-08-01 19:21:57 | INFO | audio_filter_tools.storage | Renaming local file /mnt/samsung4t/lost+found/usr/bin/github/CodexWorkFolder/MusicPrj/Music_Sean/Chinese/1_本地生活- Local Life(小样demo).opus -> /mnt/samsung4t/lost+found/usr/bin/github/CodexWorkFolder/MusicPrj/Music_Sean/Chinese/本地生活- Local Life(小样demo).opus
2026-08-01 19:21:57 | INFO | audio_filter_tools.storage | Renaming local file /mnt/samsung4t/lost+found/usr/bin/github/CodexWorkFolder/MusicPrj/Music_Sean/Chinese/腰乐队 - 在宁静的水坑路 .opus -> /mnt/samsung4t/lost+found/usr/bin/github/CodexWorkFolder/MusicPrj/Music_Sean/Chinese/腰乐队 - 在宁静的水坑路.opus
2026-08-01 19:21:57 | INFO | audio_filter_tools.storage | Renaming local file /mnt/samsung4t/lost+found/usr/bin/github/CodexWorkFolder/MusicPrj/Music_Sean/Chinese/腰乐队 - 公路之光 .opus -> /mnt/samsung4t/lost+found/usr/bin/github/CodexWorkFolder/MusicPrj/Music_Sean/Chinese/腰乐队 - 公路之光.opus
2026-08-01 19:21:57 | INFO | audio_filter_tools.operations | Cleaned internal duplicates: deleted 32, renamed 175, skipped renames 0
2026-08-01 19:21:57 | INFO | audio_filter_tools.app | Internal cleanup complete: 32 deleted, 175 renamed
2026-08-01 19:27:03 | INFO | audio_filter_tools.app | Starting Audio Filter Tools
2026-08-01 19:29:21 | INFO | audio_filter_tools.app | Starting Audio Filter Tools
2026-08-01 19:29:44 | INFO | audio_filter_tools.app | Starting Audio Filter Tools
2026-08-03 14:52:58 | INFO | audio_filter_tools.app | Starting Audio Filter Tools
2026-08-03 14:58:22 | INFO | audio_filter_tools.app | Scanning folders for differences...
2026-08-03 14:59:35 | INFO | audio_filter_tools.app | Starting Audio Filter Tools
2026-08-03 14:59:52 | INFO | audio_filter_tools.app | Scanning folders for differences...
